# Melodia Real-Time 3D Mesh: SM_Fabric_Cloth_Drape.obj
v -1.2000 1.2000 0.1000
v -1.1400 1.2000 0.1584
v -1.0800 1.2000 0.2135
v -1.0200 1.2000 0.2624
v -0.9600 1.2000 0.3023
v -0.9000 1.2000 0.3310
v -0.8400 1.2000 0.3469
v -0.7800 1.2000 0.3492
v -0.7200 1.2000 0.3378
v -0.6600 1.2000 0.3132
v -0.6000 1.2000 0.2768
v -0.5400 1.2000 0.2306
v -0.4800 1.2000 0.1773
v -0.4200 1.2000 0.1196
v -0.3600 1.2000 0.0609
v -0.3000 1.2000 0.0043
v -0.2400 1.2000 -0.0469
v -0.1800 1.2000 -0.0901
v -0.1200 1.2000 -0.1228
v -0.0600 1.2000 -0.1431
v 0.0000 1.2000 -0.1500
v 0.0600 1.2000 -0.1431
v 0.1200 1.2000 -0.1228
v 0.1800 1.2000 -0.0901
v 0.2400 1.2000 -0.0469
v 0.3000 1.2000 0.0043
v 0.3600 1.2000 0.0609
v 0.4200 1.2000 0.1196
v 0.4800 1.2000 0.1773
v 0.5400 1.2000 0.2306
v 0.6000 1.2000 0.2768
v 0.6600 1.2000 0.3132
v 0.7200 1.2000 0.3378
v 0.7800 1.2000 0.3492
v 0.8400 1.2000 0.3469
v 0.9000 1.2000 0.3310
v 0.9600 1.2000 0.3023
v 1.0200 1.2000 0.2624
v 1.0800 1.2000 0.2135
v 1.1400 1.2000 0.1584
v 1.2000 1.2000 0.1000
v -1.2000 1.1400 0.0988
v -1.1400 1.1400 0.1567
v -1.0800 1.1400 0.2114
v -1.0200 1.1400 0.2599
v -0.9600 1.1400 0.2995
v -0.9000 1.1400 0.3280
v -0.8400 1.1400 0.3438
v -0.7800 1.1400 0.3461
v -0.7200 1.1400 0.3347
v -0.6600 1.1400 0.3103
v -0.6000 1.1400 0.2742
v -0.5400 1.1400 0.2284
v -0.4800 1.1400 0.1754
v -0.4200 1.1400 0.1182
v -0.3600 1.1400 0.0600
v -0.3000 1.1400 0.0038
v -0.2400 1.1400 -0.0471
v -0.1800 1.1400 -0.0899
v -0.1200 1.1400 -0.1223
v -0.0600 1.1400 -0.1425
v 0.0000 1.1400 -0.1494
v 0.0600 1.1400 -0.1425
v 0.1200 1.1400 -0.1223
v 0.1800 1.1400 -0.0899
v 0.2400 1.1400 -0.0471
v 0.3000 1.1400 0.0038
v 0.3600 1.1400 0.0600
v 0.4200 1.1400 0.1182
v 0.4800 1.1400 0.1754
v 0.5400 1.1400 0.2284
v 0.6000 1.1400 0.2742
v 0.6600 1.1400 0.3103
v 0.7200 1.1400 0.3347
v 0.7800 1.1400 0.3461
v 0.8400 1.1400 0.3438
v 0.9000 1.1400 0.3280
v 0.9600 1.1400 0.2995
v 1.0200 1.1400 0.2599
v 1.0800 1.1400 0.2114
v 1.1400 1.1400 0.1567
v 1.2000 1.1400 0.0988
v -1.2000 1.0800 0.0951
v -1.1400 1.0800 0.1526
v -1.0800 1.0800 0.2069
v -1.0200 1.0800 0.2550
v -0.9600 1.0800 0.2943
v -0.9000 1.0800 0.3226
v -0.8400 1.0800 0.3383
v -0.7800 1.0800 0.3406
v -0.7200 1.0800 0.3293
v -0.6600 1.0800 0.3051
v -0.6000 1.0800 0.2692
v -0.5400 1.0800 0.2238
v -0.4800 1.0800 0.1712
v -0.4200 1.0800 0.1144
v -0.3600 1.0800 0.0566
v -0.3000 1.0800 0.0009
v -0.2400 1.0800 -0.0496
v -0.1800 1.0800 -0.0921
v -0.1200 1.0800 -0.1243
v -0.0600 1.0800 -0.1443
v 0.0000 1.0800 -0.1511
v 0.0600 1.0800 -0.1443
v 0.1200 1.0800 -0.1243
v 0.1800 1.0800 -0.0921
v 0.2400 1.0800 -0.0496
v 0.3000 1.0800 0.0009
v 0.3600 1.0800 0.0566
v 0.4200 1.0800 0.1144
v 0.4800 1.0800 0.1712
v 0.5400 1.0800 0.2238
v 0.6000 1.0800 0.2692
v 0.6600 1.0800 0.3051
v 0.7200 1.0800 0.3293
v 0.7800 1.0800 0.3406
v 0.8400 1.0800 0.3383
v 0.9000 1.0800 0.3226
v 0.9600 1.0800 0.2943
v 1.0200 1.0800 0.2550
v 1.0800 1.0800 0.2069
v 1.1400 1.0800 0.1526
v 1.2000 1.0800 0.0951
v -1.2000 1.0200 0.0891
v -1.1400 1.0200 0.1461
v -1.0800 1.0200 0.2000
v -1.0200 1.0200 0.2478
v -0.9600 1.0200 0.2868
v -0.9000 1.0200 0.3149
v -0.8400 1.0200 0.3305
v -0.7800 1.0200 0.3327
v -0.7200 1.0200 0.3215
v -0.6600 1.0200 0.2975
v -0.6000 1.0200 0.2619
v -0.5400 1.0200 0.2168
v -0.4800 1.0200 0.1646
v -0.4200 1.0200 0.1083
v -0.3600 1.0200 0.0509
v -0.3000 1.0200 -0.0044
v -0.2400 1.0200 -0.0545
v -0.1800 1.0200 -0.0967
v -0.1200 1.0200 -0.1286
v -0.0600 1.0200 -0.1485
v 0.0000 1.0200 -0.1553
v 0.0600 1.0200 -0.1485
v 0.1200 1.0200 -0.1286
v 0.1800 1.0200 -0.0967
v 0.2400 1.0200 -0.0545
v 0.3000 1.0200 -0.0044
v 0.3600 1.0200 0.0509
v 0.4200 1.0200 0.1083
v 0.4800 1.0200 0.1646
v 0.5400 1.0200 0.2168
v 0.6000 1.0200 0.2619
v 0.6600 1.0200 0.2975
v 0.7200 1.0200 0.3215
v 0.7800 1.0200 0.3327
v 0.8400 1.0200 0.3305
v 0.9000 1.0200 0.3149
v 0.9600 1.0200 0.2868
v 1.0200 1.0200 0.2478
v 1.0800 1.0200 0.2000
v 1.1400 1.0200 0.1461
v 1.2000 1.0200 0.0891
v -1.2000 0.9600 0.0809
v -1.1400 0.9600 0.1375
v -1.0800 0.9600 0.1910
v -1.0200 0.9600 0.2384
v -0.9600 0.9600 0.2771
v -0.9000 0.9600 0.3049
v -0.8400 0.9600 0.3204
v -0.7800 0.9600 0.3227
v -0.7200 0.9600 0.3115
v -0.6600 0.9600 0.2877
v -0.6000 0.9600 0.2524
v -0.5400 0.9600 0.2076
v -0.4800 0.9600 0.1558
v -0.4200 0.9600 0.0999
v -0.3600 0.9600 0.0430
v -0.3000 0.9600 -0.0119
v -0.2400 0.9600 -0.0616
v -0.1800 0.9600 -0.1035
v -0.1200 0.9600 -0.1352
v -0.0600 0.9600 -0.1549
v 0.0000 0.9600 -0.1616
v 0.0600 0.9600 -0.1549
v 0.1200 0.9600 -0.1352
v 0.1800 0.9600 -0.1035
v 0.2400 0.9600 -0.0616
v 0.3000 0.9600 -0.0119
v 0.3600 0.9600 0.0430
v 0.4200 0.9600 0.0999
v 0.4800 0.9600 0.1558
v 0.5400 0.9600 0.2076
v 0.6000 0.9600 0.2524
v 0.6600 0.9600 0.2877
v 0.7200 0.9600 0.3115
v 0.7800 0.9600 0.3227
v 0.8400 0.9600 0.3204
v 0.9000 0.9600 0.3049
v 0.9600 0.9600 0.2771
v 1.0200 0.9600 0.2384
v 1.0800 0.9600 0.1910
v 1.1400 0.9600 0.1375
v 1.2000 0.9600 0.0809
v -1.2000 0.9000 0.0707
v -1.1400 0.9000 0.1269
v -1.0800 0.9000 0.1800
v -1.0200 0.9000 0.2270
v -0.9600 0.9000 0.2654
v -0.9000 0.9000 0.2930
v -0.8400 0.9000 0.3084
v -0.7800 0.9000 0.3106
v -0.7200 0.9000 0.2996
v -0.6600 0.9000 0.2759
v -0.6000 0.9000 0.2409
v -0.5400 0.9000 0.1964
v -0.4800 0.9000 0.1451
v -0.4200 0.9000 0.0896
v -0.3600 0.9000 0.0331
v -0.3000 0.9000 -0.0214
v -0.2400 0.9000 -0.0707
v -0.1800 0.9000 -0.1123
v -0.1200 0.9000 -0.1437
v -0.0600 0.9000 -0.1633
v 0.0000 0.9000 -0.1699
v 0.0600 0.9000 -0.1633
v 0.1200 0.9000 -0.1437
v 0.1800 0.9000 -0.1123
v 0.2400 0.9000 -0.0707
v 0.3000 0.9000 -0.0214
v 0.3600 0.9000 0.0331
v 0.4200 0.9000 0.0896
v 0.4800 0.9000 0.1451
v 0.5400 0.9000 0.1964
v 0.6000 0.9000 0.2409
v 0.6600 0.9000 0.2759
v 0.7200 0.9000 0.2996
v 0.7800 0.9000 0.3106
v 0.8400 0.9000 0.3084
v 0.9000 0.9000 0.2930
v 0.9600 0.9000 0.2654
v 1.0200 0.9000 0.2270
v 1.0800 0.9000 0.1800
v 1.1400 0.9000 0.1269
v 1.2000 0.9000 0.0707
v -1.2000 0.8400 0.0588
v -1.1400 0.8400 0.1145
v -1.0800 0.8400 0.1672
v -1.0200 0.8400 0.2138
v -0.9600 0.8400 0.2519
v -0.9000 0.8400 0.2794
v -0.8400 0.8400 0.2946
v -0.7800 0.8400 0.2968
v -0.7200 0.8400 0.2858
v -0.6600 0.8400 0.2623
v -0.6000 0.8400 0.2276
v -0.5400 0.8400 0.1835
v -0.4800 0.8400 0.1326
v -0.4200 0.8400 0.0775
v -0.3600 0.8400 0.0214
v -0.3000 0.8400 -0.0326
v -0.2400 0.8400 -0.0816
v -0.1800 0.8400 -0.1228
v -0.1200 0.8400 -0.1539
v -0.0600 0.8400 -0.1734
v 0.0000 0.8400 -0.1800
v 0.0600 0.8400 -0.1734
v 0.1200 0.8400 -0.1539
v 0.1800 0.8400 -0.1228
v 0.2400 0.8400 -0.0816
v 0.3000 0.8400 -0.0326
v 0.3600 0.8400 0.0214
v 0.4200 0.8400 0.0775
v 0.4800 0.8400 0.1326
v 0.5400 0.8400 0.1835
v 0.6000 0.8400 0.2276
v 0.6600 0.8400 0.2623
v 0.7200 0.8400 0.2858
v 0.7800 0.8400 0.2968
v 0.8400 0.8400 0.2946
v 0.9000 0.8400 0.2794
v 0.9600 0.8400 0.2519
v 1.0200 0.8400 0.2138
v 1.0800 0.8400 0.1672
v 1.1400 0.8400 0.1145
v 1.2000 0.8400 0.0588
v -1.2000 0.7800 0.0454
v -1.1400 0.7800 0.1007
v -1.0800 0.7800 0.1529
v -1.0200 0.7800 0.1992
v -0.9600 0.7800 0.2370
v -0.9000 0.7800 0.2642
v -0.8400 0.7800 0.2794
v -0.7800 0.7800 0.2815
v -0.7200 0.7800 0.2707
v -0.6600 0.7800 0.2474
v -0.6000 0.7800 0.2129
v -0.5400 0.7800 0.1692
v -0.4800 0.7800 0.1186
v -0.4200 0.7800 0.0640
v -0.3600 0.7800 0.0083
v -0.3000 0.7800 -0.0452
v -0.2400 0.7800 -0.0938
v -0.1800 0.7800 -0.1347
v -0.1200 0.7800 -0.1657
v -0.0600 0.7800 -0.1849
v 0.0000 0.7800 -0.1915
v 0.0600 0.7800 -0.1849
v 0.1200 0.7800 -0.1657
v 0.1800 0.7800 -0.1347
v 0.2400 0.7800 -0.0938
v 0.3000 0.7800 -0.0452
v 0.3600 0.7800 0.0083
v 0.4200 0.7800 0.0640
v 0.4800 0.7800 0.1186
v 0.5400 0.7800 0.1692
v 0.6000 0.7800 0.2129
v 0.6600 0.7800 0.2474
v 0.7200 0.7800 0.2707
v 0.7800 0.7800 0.2815
v 0.8400 0.7800 0.2794
v 0.9000 0.7800 0.2642
v 0.9600 0.7800 0.2370
v 1.0200 0.7800 0.1992
v 1.0800 0.7800 0.1529
v 1.1400 0.7800 0.1007
v 1.2000 0.7800 0.0454
v -1.2000 0.7200 0.0309
v -1.1400 0.7200 0.0858
v -1.0800 0.7200 0.1376
v -1.0200 0.7200 0.1835
v -0.9600 0.7200 0.2210
v -0.9000 0.7200 0.2480
v -0.8400 0.7200 0.2630
v -0.7800 0.7200 0.2652
v -0.7200 0.7200 0.2544
v -0.6600 0.7200 0.2313
v -0.6000 0.7200 0.1971
v -0.5400 0.7200 0.1537
v -0.4800 0.7200 0.1035
v -0.4200 0.7200 0.0493
v -0.3600 0.7200 -0.0059
v -0.3000 0.7200 -0.0590
v -0.2400 0.7200 -0.1072
v -0.1800 0.7200 -0.1478
v -0.1200 0.7200 -0.1785
v -0.0600 0.7200 -0.1976
v 0.0000 0.7200 -0.2041
v 0.0600 0.7200 -0.1976
v 0.1200 0.7200 -0.1785
v 0.1800 0.7200 -0.1478
v 0.2400 0.7200 -0.1072
v 0.3000 0.7200 -0.0590
v 0.3600 0.7200 -0.0059
v 0.4200 0.7200 0.0493
v 0.4800 0.7200 0.1035
v 0.5400 0.7200 0.1537
v 0.6000 0.7200 0.1971
v 0.6600 0.7200 0.2313
v 0.7200 0.7200 0.2544
v 0.7800 0.7200 0.2652
v 0.8400 0.7200 0.2630
v 0.9000 0.7200 0.2480
v 0.9600 0.7200 0.2210
v 1.0200 0.7200 0.1835
v 1.0800 0.7200 0.1376
v 1.1400 0.7200 0.0858
v 1.2000 0.7200 0.0309
v -1.2000 0.6600 0.0156
v -1.1400 0.6600 0.0701
v -1.0800 0.6600 0.1215
v -1.0200 0.6600 0.1670
v -0.9600 0.6600 0.2042
v -0.9000 0.6600 0.2310
v -0.8400 0.6600 0.2459
v -0.7800 0.6600 0.2480
v -0.7200 0.6600 0.2374
v -0.6600 0.6600 0.2144
v -0.6000 0.6600 0.1805
v -0.5400 0.6600 0.1375
v -0.4800 0.6600 0.0877
v -0.4200 0.6600 0.0339
v -0.3600 0.6600 -0.0208
v -0.3000 0.6600 -0.0736
v -0.2400 0.6600 -0.1214
v -0.1800 0.6600 -0.1616
v -0.1200 0.6600 -0.1921
v -0.0600 0.6600 -0.2110
v 0.0000 0.6600 -0.2175
v 0.0600 0.6600 -0.2110
v 0.1200 0.6600 -0.1921
v 0.1800 0.6600 -0.1616
v 0.2400 0.6600 -0.1214
v 0.3000 0.6600 -0.0736
v 0.3600 0.6600 -0.0208
v 0.4200 0.6600 0.0339
v 0.4800 0.6600 0.0877
v 0.5400 0.6600 0.1375
v 0.6000 0.6600 0.1805
v 0.6600 0.6600 0.2144
v 0.7200 0.6600 0.2374
v 0.7800 0.6600 0.2480
v 0.8400 0.6600 0.2459
v 0.9000 0.6600 0.2310
v 0.9600 0.6600 0.2042
v 1.0200 0.6600 0.1670
v 1.0800 0.6600 0.1215
v 1.1400 0.6600 0.0701
v 1.2000 0.6600 0.0156
v -1.2000 0.6000 0.0000
v -1.1400 0.6000 0.0540
v -1.0800 0.6000 0.1050
v -1.0200 0.6000 0.1502
v -0.9600 0.6000 0.1871
v -0.9000 0.6000 0.2136
v -0.8400 0.6000 0.2284
v -0.7800 0.6000 0.2305
v -0.7200 0.6000 0.2199
v -0.6600 0.6000 0.1972
v -0.6000 0.6000 0.1635
v -0.5400 0.6000 0.1208
v -0.4800 0.6000 0.0715
v -0.4200 0.6000 0.0181
v -0.3600 0.6000 -0.0362
v -0.3000 0.6000 -0.0885
v -0.2400 0.6000 -0.1359
v -0.1800 0.6000 -0.1758
v -0.1200 0.6000 -0.2060
v -0.0600 0.6000 -0.2249
v 0.0000 0.6000 -0.2313
v 0.0600 0.6000 -0.2249
v 0.1200 0.6000 -0.2060
v 0.1800 0.6000 -0.1758
v 0.2400 0.6000 -0.1359
v 0.3000 0.6000 -0.0885
v 0.3600 0.6000 -0.0362
v 0.4200 0.6000 0.0181
v 0.4800 0.6000 0.0715
v 0.5400 0.6000 0.1208
v 0.6000 0.6000 0.1635
v 0.6600 0.6000 0.1972
v 0.7200 0.6000 0.2199
v 0.7800 0.6000 0.2305
v 0.8400 0.6000 0.2284
v 0.9000 0.6000 0.2136
v 0.9600 0.6000 0.1871
v 1.0200 0.6000 0.1502
v 1.0800 0.6000 0.1050
v 1.1400 0.6000 0.0540
v 1.2000 0.6000 0.0000
v -1.2000 0.5400 -0.0156
v -1.1400 0.5400 0.0379
v -1.0800 0.5400 0.0885
v -1.0200 0.5400 0.1333
v -0.9600 0.5400 0.1699
v -0.9000 0.5400 0.1963
v -0.8400 0.5400 0.2109
v -0.7800 0.5400 0.2130
v -0.7200 0.5400 0.2025
v -0.6600 0.5400 0.1799
v -0.6000 0.5400 0.1465
v -0.5400 0.5400 0.1042
v -0.4800 0.5400 0.0552
v -0.4200 0.5400 0.0024
v -0.3600 0.5400 -0.0515
v -0.3000 0.5400 -0.1034
v -0.2400 0.5400 -0.1505
v -0.1800 0.5400 -0.1901
v -0.1200 0.5400 -0.2200
v -0.0600 0.5400 -0.2387
v 0.0000 0.5400 -0.2450
v 0.0600 0.5400 -0.2387
v 0.1200 0.5400 -0.2200
v 0.1800 0.5400 -0.1901
v 0.2400 0.5400 -0.1505
v 0.3000 0.5400 -0.1034
v 0.3600 0.5400 -0.0515
v 0.4200 0.5400 0.0024
v 0.4800 0.5400 0.0552
v 0.5400 0.5400 0.1042
v 0.6000 0.5400 0.1465
v 0.6600 0.5400 0.1799
v 0.7200 0.5400 0.2025
v 0.7800 0.5400 0.2130
v 0.8400 0.5400 0.2109
v 0.9000 0.5400 0.1963
v 0.9600 0.5400 0.1699
v 1.0200 0.5400 0.1333
v 1.0800 0.5400 0.0885
v 1.1400 0.5400 0.0379
v 1.2000 0.5400 -0.0156
v -1.2000 0.4800 -0.0309
v -1.1400 0.4800 0.0222
v -1.0800 0.4800 0.0724
v -1.0200 0.4800 0.1168
v -0.9600 0.4800 0.1531
v -0.9000 0.4800 0.1793
v -0.8400 0.4800 0.1938
v -0.7800 0.4800 0.1959
v -0.7200 0.4800 0.1855
v -0.6600 0.4800 0.1631
v -0.6000 0.4800 0.1300
v -0.5400 0.4800 0.0880
v -0.4800 0.4800 0.0394
v -0.4200 0.4800 -0.0131
v -0.3600 0.4800 -0.0665
v -0.3000 0.4800 -0.1180
v -0.2400 0.4800 -0.1646
v -0.1800 0.4800 -0.2039
v -0.1200 0.4800 -0.2336
v -0.0600 0.4800 -0.2521
v 0.0000 0.4800 -0.2584
v 0.0600 0.4800 -0.2521
v 0.1200 0.4800 -0.2336
v 0.1800 0.4800 -0.2039
v 0.2400 0.4800 -0.1646
v 0.3000 0.4800 -0.1180
v 0.3600 0.4800 -0.0665
v 0.4200 0.4800 -0.0131
v 0.4800 0.4800 0.0394
v 0.5400 0.4800 0.0880
v 0.6000 0.4800 0.1300
v 0.6600 0.4800 0.1631
v 0.7200 0.4800 0.1855
v 0.7800 0.4800 0.1959
v 0.8400 0.4800 0.1938
v 0.9000 0.4800 0.1793
v 0.9600 0.4800 0.1531
v 1.0200 0.4800 0.1168
v 1.0800 0.4800 0.0724
v 1.1400 0.4800 0.0222
v 1.2000 0.4800 -0.0309
v -1.2000 0.4200 -0.0454
v -1.1400 0.4200 0.0073
v -1.0800 0.4200 0.0570
v -1.0200 0.4200 0.1011
v -0.9600 0.4200 0.1371
v -0.9000 0.4200 0.1631
v -0.8400 0.4200 0.1774
v -0.7800 0.4200 0.1795
v -0.7200 0.4200 0.1692
v -0.6600 0.4200 0.1470
v -0.6000 0.4200 0.1141
v -0.5400 0.4200 0.0725
v -0.4800 0.4200 0.0243
v -0.4200 0.4200 -0.0277
v -0.3600 0.4200 -0.0807
v -0.3000 0.4200 -0.1317
v -0.2400 0.4200 -0.1780
v -0.1800 0.4200 -0.2170
v -0.1200 0.4200 -0.2464
v -0.0600 0.4200 -0.2648
v 0.0000 0.4200 -0.2710
v 0.0600 0.4200 -0.2648
v 0.1200 0.4200 -0.2464
v 0.1800 0.4200 -0.2170
v 0.2400 0.4200 -0.1780
v 0.3000 0.4200 -0.1317
v 0.3600 0.4200 -0.0807
v 0.4200 0.4200 -0.0277
v 0.4800 0.4200 0.0243
v 0.5400 0.4200 0.0725
v 0.6000 0.4200 0.1141
v 0.6600 0.4200 0.1470
v 0.7200 0.4200 0.1692
v 0.7800 0.4200 0.1795
v 0.8400 0.4200 0.1774
v 0.9000 0.4200 0.1631
v 0.9600 0.4200 0.1371
v 1.0200 0.4200 0.1011
v 1.0800 0.4200 0.0570
v 1.1400 0.4200 0.0073
v 1.2000 0.4200 -0.0454
v -1.2000 0.3600 -0.0588
v -1.1400 0.3600 -0.0065
v -1.0800 0.3600 0.0428
v -1.0200 0.3600 0.0865
v -0.9600 0.3600 0.1222
v -0.9000 0.3600 0.1479
v -0.8400 0.3600 0.1622
v -0.7800 0.3600 0.1643
v -0.7200 0.3600 0.1540
v -0.6600 0.3600 0.1320
v -0.6000 0.3600 0.0994
v -0.5400 0.3600 0.0581
v -0.4800 0.3600 0.0104
v -0.4200 0.3600 -0.0412
v -0.3600 0.3600 -0.0938
v -0.3000 0.3600 -0.1444
v -0.2400 0.3600 -0.1903
v -0.1800 0.3600 -0.2289
v -0.1200 0.3600 -0.2581
v -0.0600 0.3600 -0.2763
v 0.0000 0.3600 -0.2825
v 0.0600 0.3600 -0.2763
v 0.1200 0.3600 -0.2581
v 0.1800 0.3600 -0.2289
v 0.2400 0.3600 -0.1903
v 0.3000 0.3600 -0.1444
v 0.3600 0.3600 -0.0938
v 0.4200 0.3600 -0.0412
v 0.4800 0.3600 0.0104
v 0.5400 0.3600 0.0581
v 0.6000 0.3600 0.0994
v 0.6600 0.3600 0.1320
v 0.7200 0.3600 0.1540
v 0.7800 0.3600 0.1643
v 0.8400 0.3600 0.1622
v 0.9000 0.3600 0.1479
v 0.9600 0.3600 0.1222
v 1.0200 0.3600 0.0865
v 1.0800 0.3600 0.0428
v 1.1400 0.3600 -0.0065
v 1.2000 0.3600 -0.0588
v -1.2000 0.3000 -0.0707
v -1.1400 0.3000 -0.0189
v -1.0800 0.3000 0.0300
v -1.0200 0.3000 0.0734
v -0.9600 0.3000 0.1088
v -0.9000 0.3000 0.1343
v -0.8400 0.3000 0.1484
v -0.7800 0.3000 0.1505
v -0.7200 0.3000 0.1403
v -0.6600 0.3000 0.1185
v -0.6000 0.3000 0.0862
v -0.5400 0.3000 0.0452
v -0.4800 0.3000 -0.0021
v -0.4200 0.3000 -0.0533
v -0.3600 0.3000 -0.1054
v -0.3000 0.3000 -0.1556
v -0.2400 0.3000 -0.2011
v -0.1800 0.3000 -0.2394
v -0.1200 0.3000 -0.2684
v -0.0600 0.3000 -0.2865
v 0.0000 0.3000 -0.2926
v 0.0600 0.3000 -0.2865
v 0.1200 0.3000 -0.2684
v 0.1800 0.3000 -0.2394
v 0.2400 0.3000 -0.2011
v 0.3000 0.3000 -0.1556
v 0.3600 0.3000 -0.1054
v 0.4200 0.3000 -0.0533
v 0.4800 0.3000 -0.0021
v 0.5400 0.3000 0.0452
v 0.6000 0.3000 0.0862
v 0.6600 0.3000 0.1185
v 0.7200 0.3000 0.1403
v 0.7800 0.3000 0.1505
v 0.8400 0.3000 0.1484
v 0.9000 0.3000 0.1343
v 0.9600 0.3000 0.1088
v 1.0200 0.3000 0.0734
v 1.0800 0.3000 0.0300
v 1.1400 0.3000 -0.0189
v 1.2000 0.3000 -0.0707
v -1.2000 0.2400 -0.0809
v -1.1400 0.2400 -0.0295
v -1.0800 0.2400 0.0190
v -1.0200 0.2400 0.0620
v -0.9600 0.2400 0.0971
v -0.9000 0.2400 0.1224
v -0.8400 0.2400 0.1364
v -0.7800 0.2400 0.1384
v -0.7200 0.2400 0.1283
v -0.6600 0.2400 0.1067
v -0.6000 0.2400 0.0747
v -0.5400 0.2400 0.0340
v -0.4800 0.2400 -0.0129
v -0.4200 0.2400 -0.0636
v -0.3600 0.2400 -0.1153
v -0.3000 0.2400 -0.1651
v -0.2400 0.2400 -0.2102
v -0.1800 0.2400 -0.2482
v -0.1200 0.2400 -0.2769
v -0.0600 0.2400 -0.2948
v 0.0000 0.2400 -0.3009
v 0.0600 0.2400 -0.2948
v 0.1200 0.2400 -0.2769
v 0.1800 0.2400 -0.2482
v 0.2400 0.2400 -0.2102
v 0.3000 0.2400 -0.1651
v 0.3600 0.2400 -0.1153
v 0.4200 0.2400 -0.0636
v 0.4800 0.2400 -0.0129
v 0.5400 0.2400 0.0340
v 0.6000 0.2400 0.0747
v 0.6600 0.2400 0.1067
v 0.7200 0.2400 0.1283
v 0.7800 0.2400 0.1384
v 0.8400 0.2400 0.1364
v 0.9000 0.2400 0.1224
v 0.9600 0.2400 0.0971
v 1.0200 0.2400 0.0620
v 1.0800 0.2400 0.0190
v 1.1400 0.2400 -0.0295
v 1.2000 0.2400 -0.0809
v -1.2000 0.1800 -0.0891
v -1.1400 0.1800 -0.0382
v -1.0800 0.1800 0.0099
v -1.0200 0.1800 0.0526
v -0.9600 0.1800 0.0874
v -0.9000 0.1800 0.1124
v -0.8400 0.1800 0.1263
v -0.7800 0.1800 0.1284
v -0.7200 0.1800 0.1183
v -0.6600 0.1800 0.0969
v -0.6000 0.1800 0.0651
v -0.5400 0.1800 0.0249
v -0.4800 0.1800 -0.0217
v -0.4200 0.1800 -0.0720
v -0.3600 0.1800 -0.1232
v -0.3000 0.1800 -0.1726
v -0.2400 0.1800 -0.2173
v -0.1800 0.1800 -0.2550
v -0.1200 0.1800 -0.2835
v -0.0600 0.1800 -0.3012
v 0.0000 0.1800 -0.3072
v 0.0600 0.1800 -0.3012
v 0.1200 0.1800 -0.2835
v 0.1800 0.1800 -0.2550
v 0.2400 0.1800 -0.2173
v 0.3000 0.1800 -0.1726
v 0.3600 0.1800 -0.1232
v 0.4200 0.1800 -0.0720
v 0.4800 0.1800 -0.0217
v 0.5400 0.1800 0.0249
v 0.6000 0.1800 0.0651
v 0.6600 0.1800 0.0969
v 0.7200 0.1800 0.1183
v 0.7800 0.1800 0.1284
v 0.8400 0.1800 0.1263
v 0.9000 0.1800 0.1124
v 0.9600 0.1800 0.0874
v 1.0200 0.1800 0.0526
v 1.0800 0.1800 0.0099
v 1.1400 0.1800 -0.0382
v 1.2000 0.1800 -0.0891
v -1.2000 0.1200 -0.0951
v -1.1400 0.1200 -0.0446
v -1.0800 0.1200 0.0031
v -1.0200 0.1200 0.0453
v -0.9600 0.1200 0.0798
v -0.9000 0.1200 0.1047
v -0.8400 0.1200 0.1185
v -0.7800 0.1200 0.1205
v -0.7200 0.1200 0.1106
v -0.6600 0.1200 0.0893
v -0.6000 0.1200 0.0578
v -0.5400 0.1200 0.0179
v -0.4800 0.1200 -0.0283
v -0.4200 0.1200 -0.0781
v -0.3600 0.1200 -0.1289
v -0.3000 0.1200 -0.1779
v -0.2400 0.1200 -0.2222
v -0.1800 0.1200 -0.2595
v -0.1200 0.1200 -0.2878
v -0.0600 0.1200 -0.3054
v 0.0000 0.1200 -0.3114
v 0.0600 0.1200 -0.3054
v 0.1200 0.1200 -0.2878
v 0.1800 0.1200 -0.2595
v 0.2400 0.1200 -0.2222
v 0.3000 0.1200 -0.1779
v 0.3600 0.1200 -0.1289
v 0.4200 0.1200 -0.0781
v 0.4800 0.1200 -0.0283
v 0.5400 0.1200 0.0179
v 0.6000 0.1200 0.0578
v 0.6600 0.1200 0.0893
v 0.7200 0.1200 0.1106
v 0.7800 0.1200 0.1205
v 0.8400 0.1200 0.1185
v 0.9000 0.1200 0.1047
v 0.9600 0.1200 0.0798
v 1.0200 0.1200 0.0453
v 1.0800 0.1200 0.0031
v 1.1400 0.1200 -0.0446
v 1.2000 0.1200 -0.0951
v -1.2000 0.0600 -0.0988
v -1.1400 0.0600 -0.0487
v -1.0800 0.0600 -0.0014
v -1.0200 0.0600 0.0405
v -0.9600 0.0600 0.0747
v -0.9000 0.0600 0.0993
v -0.8400 0.0600 0.1130
v -0.7800 0.0600 0.1149
v -0.7200 0.0600 0.1051
v -0.6600 0.0600 0.0840
v -0.6000 0.0600 0.0528
v -0.5400 0.0600 0.0132
v -0.4800 0.0600 -0.0325
v -0.4200 0.0600 -0.0819
v -0.3600 0.0600 -0.1323
v -0.3000 0.0600 -0.1808
v -0.2400 0.0600 -0.2248
v -0.1800 0.0600 -0.2618
v -0.1200 0.0600 -0.2898
v -0.0600 0.0600 -0.3072
v 0.0000 0.0600 -0.3131
v 0.0600 0.0600 -0.3072
v 0.1200 0.0600 -0.2898
v 0.1800 0.0600 -0.2618
v 0.2400 0.0600 -0.2248
v 0.3000 0.0600 -0.1808
v 0.3600 0.0600 -0.1323
v 0.4200 0.0600 -0.0819
v 0.4800 0.0600 -0.0325
v 0.5400 0.0600 0.0132
v 0.6000 0.0600 0.0528
v 0.6600 0.0600 0.0840
v 0.7200 0.0600 0.1051
v 0.7800 0.0600 0.1149
v 0.8400 0.0600 0.1130
v 0.9000 0.0600 0.0993
v 0.9600 0.0600 0.0747
v 1.0200 0.0600 0.0405
v 1.0800 0.0600 -0.0014
v 1.1400 0.0600 -0.0487
v 1.2000 0.0600 -0.0988
v -1.2000 0.0000 -0.1000
v -1.1400 0.0000 -0.0504
v -1.0800 0.0000 -0.0035
v -1.0200 0.0000 0.0380
v -0.9600 0.0000 0.0719
v -0.9000 0.0000 0.0963
v -0.8400 0.0000 0.1099
v -0.7800 0.0000 0.1118
v -0.7200 0.0000 0.1021
v -0.6600 0.0000 0.0812
v -0.6000 0.0000 0.0503
v -0.5400 0.0000 0.0110
v -0.4800 0.0000 -0.0343
v -0.4200 0.0000 -0.0833
v -0.3600 0.0000 -0.1332
v -0.3000 0.0000 -0.1813
v -0.2400 0.0000 -0.2249
v -0.1800 0.0000 -0.2616
v -0.1200 0.0000 -0.2893
v -0.0600 0.0000 -0.3066
v 0.0000 0.0000 -0.3125
v 0.0600 0.0000 -0.3066
v 0.1200 0.0000 -0.2893
v 0.1800 0.0000 -0.2616
v 0.2400 0.0000 -0.2249
v 0.3000 0.0000 -0.1813
v 0.3600 0.0000 -0.1332
v 0.4200 0.0000 -0.0833
v 0.4800 0.0000 -0.0343
v 0.5400 0.0000 0.0110
v 0.6000 0.0000 0.0503
v 0.6600 0.0000 0.0812
v 0.7200 0.0000 0.1021
v 0.7800 0.0000 0.1118
v 0.8400 0.0000 0.1099
v 0.9000 0.0000 0.0963
v 0.9600 0.0000 0.0719
v 1.0200 0.0000 0.0380
v 1.0800 0.0000 -0.0035
v 1.1400 0.0000 -0.0504
v 1.2000 0.0000 -0.1000
v -1.2000 -0.0600 -0.0988
v -1.1400 -0.0600 -0.0496
v -1.0800 -0.0600 -0.0031
v -1.0200 -0.0600 0.0380
v -0.9600 -0.0600 0.0716
v -0.9000 -0.0600 0.0958
v -0.8400 -0.0600 0.1093
v -0.7800 -0.0600 0.1112
v -0.7200 -0.0600 0.1015
v -0.6600 -0.0600 0.0808
v -0.6000 -0.0600 0.0502
v -0.5400 -0.0600 0.0113
v -0.4800 -0.0600 -0.0337
v -0.4200 -0.0600 -0.0822
v -0.3600 -0.0600 -0.1317
v -0.3000 -0.0600 -0.1794
v -0.2400 -0.0600 -0.2226
v -0.1800 -0.0600 -0.2589
v -0.1200 -0.0600 -0.2864
v -0.0600 -0.0600 -0.3036
v 0.0000 -0.0600 -0.3094
v 0.0600 -0.0600 -0.3036
v 0.1200 -0.0600 -0.2864
v 0.1800 -0.0600 -0.2589
v 0.2400 -0.0600 -0.2226
v 0.3000 -0.0600 -0.1794
v 0.3600 -0.0600 -0.1317
v 0.4200 -0.0600 -0.0822
v 0.4800 -0.0600 -0.0337
v 0.5400 -0.0600 0.0113
v 0.6000 -0.0600 0.0502
v 0.6600 -0.0600 0.0808
v 0.7200 -0.0600 0.1015
v 0.7800 -0.0600 0.1112
v 0.8400 -0.0600 0.1093
v 0.9000 -0.0600 0.0958
v 0.9600 -0.0600 0.0716
v 1.0200 -0.0600 0.0380
v 1.0800 -0.0600 -0.0031
v 1.1400 -0.0600 -0.0496
v 1.2000 -0.0600 -0.0988
v -1.2000 -0.1200 -0.0951
v -1.1400 -0.1200 -0.0464
v -1.0800 -0.1200 -0.0003
v -1.0200 -0.1200 0.0405
v -0.9600 -0.1200 0.0738
v -0.9000 -0.1200 0.0978
v -0.8400 -0.1200 0.1111
v -0.7800 -0.1200 0.1130
v -0.7200 -0.1200 0.1034
v -0.6600 -0.1200 0.0829
v -0.6000 -0.1200 0.0525
v -0.5400 -0.1200 0.0140
v -0.4800 -0.1200 -0.0306
v -0.4200 -0.1200 -0.0787
v -0.3600 -0.1200 -0.1278
v -0.3000 -0.1200 -0.1750
v -0.2400 -0.1200 -0.2178
v -0.1800 -0.1200 -0.2538
v -0.1200 -0.1200 -0.2811
v -0.0600 -0.1200 -0.2981
v 0.0000 -0.1200 -0.3039
v 0.0600 -0.1200 -0.2981
v 0.1200 -0.1200 -0.2811
v 0.1800 -0.1200 -0.2538
v 0.2400 -0.1200 -0.2178
v 0.3000 -0.1200 -0.1750
v 0.3600 -0.1200 -0.1278
v 0.4200 -0.1200 -0.0787
v 0.4800 -0.1200 -0.0306
v 0.5400 -0.1200 0.0140
v 0.6000 -0.1200 0.0525
v 0.6600 -0.1200 0.0829
v 0.7200 -0.1200 0.1034
v 0.7800 -0.1200 0.1130
v 0.8400 -0.1200 0.1111
v 0.9000 -0.1200 0.0978
v 0.9600 -0.1200 0.0738
v 1.0200 -0.1200 0.0405
v 1.0800 -0.1200 -0.0003
v 1.1400 -0.1200 -0.0464
v 1.2000 -0.1200 -0.0951
v -1.2000 -0.1800 -0.0891
v -1.1400 -0.1800 -0.0408
v -1.0800 -0.1800 0.0048
v -1.0200 -0.1800 0.0453
v -0.9600 -0.1800 0.0783
v -0.9000 -0.1800 0.1020
v -0.8400 -0.1800 0.1152
v -0.7800 -0.1800 0.1171
v -0.7200 -0.1800 0.1076
v -0.6600 -0.1800 0.0873
v -0.6000 -0.1800 0.0572
v -0.5400 -0.1800 0.0190
v -0.4800 -0.1800 -0.0252
v -0.4200 -0.1800 -0.0729
v -0.3600 -0.1800 -0.1215
v -0.3000 -0.1800 -0.1683
v -0.2400 -0.1800 -0.2107
v -0.1800 -0.1800 -0.2464
v -0.1200 -0.1800 -0.2734
v -0.0600 -0.1800 -0.2903
v 0.0000 -0.1800 -0.2960
v 0.0600 -0.1800 -0.2903
v 0.1200 -0.1800 -0.2734
v 0.1800 -0.1800 -0.2464
v 0.2400 -0.1800 -0.2107
v 0.3000 -0.1800 -0.1683
v 0.3600 -0.1800 -0.1215
v 0.4200 -0.1800 -0.0729
v 0.4800 -0.1800 -0.0252
v 0.5400 -0.1800 0.0190
v 0.6000 -0.1800 0.0572
v 0.6600 -0.1800 0.0873
v 0.7200 -0.1800 0.1076
v 0.7800 -0.1800 0.1171
v 0.8400 -0.1800 0.1152
v 0.9000 -0.1800 0.1020
v 0.9600 -0.1800 0.0783
v 1.0200 -0.1800 0.0453
v 1.0800 -0.1800 0.0048
v 1.1400 -0.1800 -0.0408
v 1.2000 -0.1800 -0.0891
v -1.2000 -0.2400 -0.0809
v -1.1400 -0.2400 -0.0330
v -1.0800 -0.2400 0.0122
v -1.0200 -0.2400 0.0522
v -0.9600 -0.2400 0.0849
v -0.9000 -0.2400 0.1085
v -0.8400 -0.2400 0.1216
v -0.7800 -0.2400 0.1235
v -0.7200 -0.2400 0.1141
v -0.6600 -0.2400 0.0939
v -0.6000 -0.2400 0.0641
v -0.5400 -0.2400 0.0262
v -0.4800 -0.2400 -0.0176
v -0.4200 -0.2400 -0.0648
v -0.3600 -0.2400 -0.1130
v -0.3000 -0.2400 -0.1594
v -0.2400 -0.2400 -0.2014
v -0.1800 -0.2400 -0.2368
v -0.1200 -0.2400 -0.2636
v -0.0600 -0.2400 -0.2802
v 0.0000 -0.2400 -0.2859
v 0.0600 -0.2400 -0.2802
v 0.1200 -0.2400 -0.2636
v 0.1800 -0.2400 -0.2368
v 0.2400 -0.2400 -0.2014
v 0.3000 -0.2400 -0.1594
v 0.3600 -0.2400 -0.1130
v 0.4200 -0.2400 -0.0648
v 0.4800 -0.2400 -0.0176
v 0.5400 -0.2400 0.0262
v 0.6000 -0.2400 0.0641
v 0.6600 -0.2400 0.0939
v 0.7200 -0.2400 0.1141
v 0.7800 -0.2400 0.1235
v 0.8400 -0.2400 0.1216
v 0.9000 -0.2400 0.1085
v 0.9600 -0.2400 0.0849
v 1.0200 -0.2400 0.0522
v 1.0800 -0.2400 0.0122
v 1.1400 -0.2400 -0.0330
v 1.2000 -0.2400 -0.0809
v -1.2000 -0.3000 -0.0707
v -1.1400 -0.3000 -0.0233
v -1.0800 -0.3000 0.0215
v -1.0200 -0.3000 0.0612
v -0.9600 -0.3000 0.0936
v -0.9000 -0.3000 0.1170
v -0.8400 -0.3000 0.1299
v -0.7800 -0.3000 0.1318
v -0.7200 -0.3000 0.1225
v -0.6600 -0.3000 0.1025
v -0.6000 -0.3000 0.0729
v -0.5400 -0.3000 0.0354
v -0.4800 -0.3000 -0.0079
v -0.4200 -0.3000 -0.0548
v -0.3600 -0.3000 -0.1025
v -0.3000 -0.3000 -0.1484
v -0.2400 -0.3000 -0.1901
v -0.1800 -0.3000 -0.2252
v -0.1200 -0.3000 -0.2517
v -0.0600 -0.3000 -0.2682
v 0.0000 -0.3000 -0.2738
v 0.0600 -0.3000 -0.2682
v 0.1200 -0.3000 -0.2517
v 0.1800 -0.3000 -0.2252
v 0.2400 -0.3000 -0.1901
v 0.3000 -0.3000 -0.1484
v 0.3600 -0.3000 -0.1025
v 0.4200 -0.3000 -0.0548
v 0.4800 -0.3000 -0.0079
v 0.5400 -0.3000 0.0354
v 0.6000 -0.3000 0.0729
v 0.6600 -0.3000 0.1025
v 0.7200 -0.3000 0.1225
v 0.7800 -0.3000 0.1318
v 0.8400 -0.3000 0.1299
v 0.9000 -0.3000 0.1170
v 0.9600 -0.3000 0.0936
v 1.0200 -0.3000 0.0612
v 1.0800 -0.3000 0.0215
v 1.1400 -0.3000 -0.0233
v 1.2000 -0.3000 -0.0707
v -1.2000 -0.3600 -0.0588
v -1.1400 -0.3600 -0.0118
v -1.0800 -0.3600 0.0326
v -1.0200 -0.3600 0.0719
v -0.9600 -0.3600 0.1040
v -0.9000 -0.3600 0.1272
v -0.8400 -0.3600 0.1400
v -0.7800 -0.3600 0.1419
v -0.7200 -0.3600 0.1326
v -0.6600 -0.3600 0.1128
v -0.6000 -0.3600 0.0835
v -0.5400 -0.3600 0.0464
v -0.4800 -0.3600 0.0034
v -0.4200 -0.3600 -0.0430
v -0.3600 -0.3600 -0.0903
v -0.3000 -0.3600 -0.1358
v -0.2400 -0.3600 -0.1771
v -0.1800 -0.3600 -0.2118
v -0.1200 -0.3600 -0.2381
v -0.0600 -0.3600 -0.2545
v 0.0000 -0.3600 -0.2600
v 0.0600 -0.3600 -0.2545
v 0.1200 -0.3600 -0.2381
v 0.1800 -0.3600 -0.2118
v 0.2400 -0.3600 -0.1771
v 0.3000 -0.3600 -0.1358
v 0.3600 -0.3600 -0.0903
v 0.4200 -0.3600 -0.0430
v 0.4800 -0.3600 0.0034
v 0.5400 -0.3600 0.0464
v 0.6000 -0.3600 0.0835
v 0.6600 -0.3600 0.1128
v 0.7200 -0.3600 0.1326
v 0.7800 -0.3600 0.1419
v 0.8400 -0.3600 0.1400
v 0.9000 -0.3600 0.1272
v 0.9600 -0.3600 0.1040
v 1.0200 -0.3600 0.0719
v 1.0800 -0.3600 0.0326
v 1.1400 -0.3600 -0.0118
v 1.2000 -0.3600 -0.0588
v -1.2000 -0.4200 -0.0454
v -1.1400 -0.4200 0.0011
v -1.0800 -0.4200 0.0451
v -1.0200 -0.4200 0.0841
v -0.9600 -0.4200 0.1159
v -0.9000 -0.4200 0.1388
v -0.8400 -0.4200 0.1515
v -0.7800 -0.4200 0.1534
v -0.7200 -0.4200 0.1442
v -0.6600 -0.4200 0.1246
v -0.6000 -0.4200 0.0956
v -0.5400 -0.4200 0.0588
v -0.4800 -0.4200 0.0162
v -0.4200 -0.4200 -0.0298
v -0.3600 -0.4200 -0.0766
v -0.3000 -0.4200 -0.1217
v -0.2400 -0.4200 -0.1626
v -0.1800 -0.4200 -0.1970
v -0.1200 -0.4200 -0.2230
v -0.0600 -0.4200 -0.2393
v 0.0000 -0.4200 -0.2448
v 0.0600 -0.4200 -0.2393
v 0.1200 -0.4200 -0.2230
v 0.1800 -0.4200 -0.1970
v 0.2400 -0.4200 -0.1626
v 0.3000 -0.4200 -0.1217
v 0.3600 -0.4200 -0.0766
v 0.4200 -0.4200 -0.0298
v 0.4800 -0.4200 0.0162
v 0.5400 -0.4200 0.0588
v 0.6000 -0.4200 0.0956
v 0.6600 -0.4200 0.1246
v 0.7200 -0.4200 0.1442
v 0.7800 -0.4200 0.1534
v 0.8400 -0.4200 0.1515
v 0.9000 -0.4200 0.1388
v 0.9600 -0.4200 0.1159
v 1.0200 -0.4200 0.0841
v 1.0800 -0.4200 0.0451
v 1.1400 -0.4200 0.0011
v 1.2000 -0.4200 -0.0454
v -1.2000 -0.4800 -0.0309
v -1.1400 -0.4800 0.0152
v -1.0800 -0.4800 0.0588
v -1.0200 -0.4800 0.0974
v -0.9600 -0.4800 0.1289
v -0.9000 -0.4800 0.1516
v -0.8400 -0.4800 0.1642
v -0.7800 -0.4800 0.1660
v -0.7200 -0.4800 0.1569
v -0.6600 -0.4800 0.1375
v -0.6000 -0.4800 0.1088
v -0.5400 -0.4800 0.0723
v -0.4800 -0.4800 0.0301
v -0.4200 -0.4800 -0.0154
v -0.3600 -0.4800 -0.0618
v -0.3000 -0.4800 -0.1065
v -0.2400 -0.4800 -0.1470
v -0.1800 -0.4800 -0.1811
v -0.1200 -0.4800 -0.2069
v -0.0600 -0.4800 -0.2229
v 0.0000 -0.4800 -0.2284
v 0.0600 -0.4800 -0.2229
v 0.1200 -0.4800 -0.2069
v 0.1800 -0.4800 -0.1811
v 0.2400 -0.4800 -0.1470
v 0.3000 -0.4800 -0.1065
v 0.3600 -0.4800 -0.0618
v 0.4200 -0.4800 -0.0154
v 0.4800 -0.4800 0.0301
v 0.5400 -0.4800 0.0723
v 0.6000 -0.4800 0.1088
v 0.6600 -0.4800 0.1375
v 0.7200 -0.4800 0.1569
v 0.7800 -0.4800 0.1660
v 0.8400 -0.4800 0.1642
v 0.9000 -0.4800 0.1516
v 0.9600 -0.4800 0.1289
v 1.0200 -0.4800 0.0974
v 1.0800 -0.4800 0.0588
v 1.1400 -0.4800 0.0152
v 1.2000 -0.4800 -0.0309
v -1.2000 -0.5400 -0.0156
v -1.1400 -0.5400 0.0300
v -1.0800 -0.5400 0.0732
v -1.0200 -0.5400 0.1114
v -0.9600 -0.5400 0.1426
v -0.9000 -0.5400 0.1651
v -0.8400 -0.5400 0.1776
v -0.7800 -0.5400 0.1794
v -0.7200 -0.5400 0.1704
v -0.6600 -0.5400 0.1512
v -0.6000 -0.5400 0.1227
v -0.5400 -0.5400 0.0866
v -0.4800 -0.5400 0.0448
v -0.4200 -0.5400 -0.0003
v -0.3600 -0.5400 -0.0462
v -0.3000 -0.5400 -0.0905
v -0.2400 -0.5400 -0.1306
v -0.1800 -0.5400 -0.1644
v -0.1200 -0.5400 -0.1899
v -0.0600 -0.5400 -0.2059
v 0.0000 -0.5400 -0.2113
v 0.0600 -0.5400 -0.2059
v 0.1200 -0.5400 -0.1899
v 0.1800 -0.5400 -0.1644
v 0.2400 -0.5400 -0.1306
v 0.3000 -0.5400 -0.0905
v 0.3600 -0.5400 -0.0462
v 0.4200 -0.5400 -0.0003
v 0.4800 -0.5400 0.0448
v 0.5400 -0.5400 0.0866
v 0.6000 -0.5400 0.1227
v 0.6600 -0.5400 0.1512
v 0.7200 -0.5400 0.1704
v 0.7800 -0.5400 0.1794
v 0.8400 -0.5400 0.1776
v 0.9000 -0.5400 0.1651
v 0.9600 -0.5400 0.1426
v 1.0200 -0.5400 0.1114
v 1.0800 -0.5400 0.0732
v 1.1400 -0.5400 0.0300
v 1.2000 -0.5400 -0.0156
v -1.2000 -0.6000 -0.0000
v -1.1400 -0.6000 0.0452
v -1.0800 -0.6000 0.0880
v -1.0200 -0.6000 0.1258
v -0.9600 -0.6000 0.1567
v -0.9000 -0.6000 0.1790
v -0.8400 -0.6000 0.1914
v -0.7800 -0.6000 0.1932
v -0.7200 -0.6000 0.1843
v -0.6600 -0.6000 0.1652
v -0.6000 -0.6000 0.1370
v -0.5400 -0.6000 0.1012
v -0.4800 -0.6000 0.0599
v -0.4200 -0.6000 0.0152
v -0.3600 -0.6000 -0.0303
v -0.3000 -0.6000 -0.0741
v -0.2400 -0.6000 -0.1139
v -0.1800 -0.6000 -0.1473
v -0.1200 -0.6000 -0.1726
v -0.0600 -0.6000 -0.1884
v 0.0000 -0.6000 -0.1938
v 0.0600 -0.6000 -0.1884
v 0.1200 -0.6000 -0.1726
v 0.1800 -0.6000 -0.1473
v 0.2400 -0.6000 -0.1139
v 0.3000 -0.6000 -0.0741
v 0.3600 -0.6000 -0.0303
v 0.4200 -0.6000 0.0152
v 0.4800 -0.6000 0.0599
v 0.5400 -0.6000 0.1012
v 0.6000 -0.6000 0.1370
v 0.6600 -0.6000 0.1652
v 0.7200 -0.6000 0.1843
v 0.7800 -0.6000 0.1932
v 0.8400 -0.6000 0.1914
v 0.9000 -0.6000 0.1790
v 0.9600 -0.6000 0.1567
v 1.0200 -0.6000 0.1258
v 1.0800 -0.6000 0.0880
v 1.1400 -0.6000 0.0452
v 1.2000 -0.6000 0.0000
v -1.2000 -0.6600 0.0156
v -1.1400 -0.6600 0.0604
v -1.0800 -0.6600 0.1028
v -1.0200 -0.6600 0.1403
v -0.9600 -0.6600 0.1709
v -0.9000 -0.6600 0.1929
v -0.8400 -0.6600 0.2052
v -0.7800 -0.6600 0.2069
v -0.7200 -0.6600 0.1981
v -0.6600 -0.6600 0.1792
v -0.6000 -0.6600 0.1513
v -0.5400 -0.6600 0.1159
v -0.4800 -0.6600 0.0749
v -0.4200 -0.6600 0.0307
v -0.3600 -0.6600 -0.0144
v -0.3000 -0.6600 -0.0578
v -0.2400 -0.6600 -0.0971
v -0.1800 -0.6600 -0.1303
v -0.1200 -0.6600 -0.1553
v -0.0600 -0.6600 -0.1709
v 0.0000 -0.6600 -0.1762
v 0.0600 -0.6600 -0.1709
v 0.1200 -0.6600 -0.1553
v 0.1800 -0.6600 -0.1303
v 0.2400 -0.6600 -0.0971
v 0.3000 -0.6600 -0.0578
v 0.3600 -0.6600 -0.0144
v 0.4200 -0.6600 0.0307
v 0.4800 -0.6600 0.0749
v 0.5400 -0.6600 0.1159
v 0.6000 -0.6600 0.1513
v 0.6600 -0.6600 0.1792
v 0.7200 -0.6600 0.1981
v 0.7800 -0.6600 0.2069
v 0.8400 -0.6600 0.2052
v 0.9000 -0.6600 0.1929
v 0.9600 -0.6600 0.1709
v 1.0200 -0.6600 0.1403
v 1.0800 -0.6600 0.1028
v 1.1400 -0.6600 0.0604
v 1.2000 -0.6600 0.0156
v -1.2000 -0.7200 0.0309
v -1.1400 -0.7200 0.0753
v -1.0800 -0.7200 0.1172
v -1.0200 -0.7200 0.1543
v -0.9600 -0.7200 0.1846
v -0.9000 -0.7200 0.2064
v -0.8400 -0.7200 0.2186
v -0.7800 -0.7200 0.2203
v -0.7200 -0.7200 0.2116
v -0.6600 -0.7200 0.1929
v -0.6000 -0.7200 0.1653
v -0.5400 -0.7200 0.1302
v -0.4800 -0.7200 0.0896
v -0.4200 -0.7200 0.0458
v -0.3600 -0.7200 0.0012
v -0.3000 -0.7200 -0.0418
v -0.2400 -0.7200 -0.0808
v -0.1800 -0.7200 -0.1136
v -0.1200 -0.7200 -0.1384
v -0.0600 -0.7200 -0.1538
v 0.0000 -0.7200 -0.1591
v 0.0600 -0.7200 -0.1538
v 0.1200 -0.7200 -0.1384
v 0.1800 -0.7200 -0.1136
v 0.2400 -0.7200 -0.0808
v 0.3000 -0.7200 -0.0418
v 0.3600 -0.7200 0.0012
v 0.4200 -0.7200 0.0458
v 0.4800 -0.7200 0.0896
v 0.5400 -0.7200 0.1302
v 0.6000 -0.7200 0.1653
v 0.6600 -0.7200 0.1929
v 0.7200 -0.7200 0.2116
v 0.7800 -0.7200 0.2203
v 0.8400 -0.7200 0.2186
v 0.9000 -0.7200 0.2064
v 0.9600 -0.7200 0.1846
v 1.0200 -0.7200 0.1543
v 1.0800 -0.7200 0.1172
v 1.1400 -0.7200 0.0753
v 1.2000 -0.7200 0.0309
v -1.2000 -0.7800 0.0454
v -1.1400 -0.7800 0.0893
v -1.0800 -0.7800 0.1308
v -1.0200 -0.7800 0.1676
v -0.9600 -0.7800 0.1976
v -0.9000 -0.7800 0.2192
v -0.8400 -0.7800 0.2312
v -0.7800 -0.7800 0.2329
v -0.7200 -0.7800 0.2243
v -0.6600 -0.7800 0.2058
v -0.6000 -0.7800 0.1784
v -0.5400 -0.7800 0.1437
v -0.4800 -0.7800 0.1035
v -0.4200 -0.7800 0.0602
v -0.3600 -0.7800 0.0160
v -0.3000 -0.7800 -0.0266
v -0.2400 -0.7800 -0.0652
v -0.1800 -0.7800 -0.0977
v -0.1200 -0.7800 -0.1222
v -0.0600 -0.7800 -0.1375
v 0.0000 -0.7800 -0.1427
v 0.0600 -0.7800 -0.1375
v 0.1200 -0.7800 -0.1222
v 0.1800 -0.7800 -0.0977
v 0.2400 -0.7800 -0.0652
v 0.3000 -0.7800 -0.0266
v 0.3600 -0.7800 0.0160
v 0.4200 -0.7800 0.0602
v 0.4800 -0.7800 0.1035
v 0.5400 -0.7800 0.1437
v 0.6000 -0.7800 0.1784
v 0.6600 -0.7800 0.2058
v 0.7200 -0.7800 0.2243
v 0.7800 -0.7800 0.2329
v 0.8400 -0.7800 0.2312
v 0.9000 -0.7800 0.2192
v 0.9600 -0.7800 0.1976
v 1.0200 -0.7800 0.1676
v 1.0800 -0.7800 0.1308
v 1.1400 -0.7800 0.0893
v 1.2000 -0.7800 0.0454
v -1.2000 -0.8400 0.0588
v -1.1400 -0.8400 0.1023
v -1.0800 -0.8400 0.1433
v -1.0200 -0.8400 0.1797
v -0.9600 -0.8400 0.2095
v -0.9000 -0.8400 0.2309
v -0.8400 -0.8400 0.2427
v -0.7800 -0.8400 0.2445
v -0.7200 -0.8400 0.2359
v -0.6600 -0.8400 0.2176
v -0.6000 -0.8400 0.1905
v -0.5400 -0.8400 0.1561
v -0.4800 -0.8400 0.1163
v -0.4200 -0.8400 0.0734
v -0.3600 -0.8400 0.0296
v -0.3000 -0.8400 -0.0125
v -0.2400 -0.8400 -0.0507
v -0.1800 -0.8400 -0.0828
v -0.1200 -0.8400 -0.1072
v -0.0600 -0.8400 -0.1223
v 0.0000 -0.8400 -0.1275
v 0.0600 -0.8400 -0.1223
v 0.1200 -0.8400 -0.1072
v 0.1800 -0.8400 -0.0828
v 0.2400 -0.8400 -0.0507
v 0.3000 -0.8400 -0.0125
v 0.3600 -0.8400 0.0296
v 0.4200 -0.8400 0.0734
v 0.4800 -0.8400 0.1163
v 0.5400 -0.8400 0.1561
v 0.6000 -0.8400 0.1905
v 0.6600 -0.8400 0.2176
v 0.7200 -0.8400 0.2359
v 0.7800 -0.8400 0.2445
v 0.8400 -0.8400 0.2427
v 0.9000 -0.8400 0.2309
v 0.9600 -0.8400 0.2095
v 1.0200 -0.8400 0.1797
v 1.0800 -0.8400 0.1433
v 1.1400 -0.8400 0.1023
v 1.2000 -0.8400 0.0588
v -1.2000 -0.9000 0.0707
v -1.1400 -0.9000 0.1138
v -1.0800 -0.9000 0.1544
v -1.0200 -0.9000 0.1905
v -0.9600 -0.9000 0.2199
v -0.9000 -0.9000 0.2411
v -0.8400 -0.9000 0.2528
v -0.7800 -0.9000 0.2545
v -0.7200 -0.9000 0.2461
v -0.6600 -0.9000 0.2279
v -0.6000 -0.9000 0.2011
v -0.5400 -0.9000 0.1670
v -0.4800 -0.9000 0.1277
v -0.4200 -0.9000 0.0852
v -0.3600 -0.9000 0.0419
v -0.3000 -0.9000 0.0002
v -0.2400 -0.9000 -0.0377
v -0.1800 -0.9000 -0.0695
v -0.1200 -0.9000 -0.0936
v -0.0600 -0.9000 -0.1086
v 0.0000 -0.9000 -0.1137
v 0.0600 -0.9000 -0.1086
v 0.1200 -0.9000 -0.0936
v 0.1800 -0.9000 -0.0695
v 0.2400 -0.9000 -0.0377
v 0.3000 -0.9000 0.0002
v 0.3600 -0.9000 0.0419
v 0.4200 -0.9000 0.0852
v 0.4800 -0.9000 0.1277
v 0.5400 -0.9000 0.1670
v 0.6000 -0.9000 0.2011
v 0.6600 -0.9000 0.2279
v 0.7200 -0.9000 0.2461
v 0.7800 -0.9000 0.2545
v 0.8400 -0.9000 0.2528
v 0.9000 -0.9000 0.2411
v 0.9600 -0.9000 0.2199
v 1.0200 -0.9000 0.1905
v 1.0800 -0.9000 0.1544
v 1.1400 -0.9000 0.1138
v 1.2000 -0.9000 0.0707
v -1.2000 -0.9600 0.0809
v -1.1400 -0.9600 0.1235
v -1.0800 -0.9600 0.1638
v -1.0200 -0.9600 0.1994
v -0.9600 -0.9600 0.2285
v -0.9000 -0.9600 0.2495
v -0.8400 -0.9600 0.2612
v -0.7800 -0.9600 0.2628
v -0.7200 -0.9600 0.2545
v -0.6600 -0.9600 0.2365
v -0.6000 -0.9600 0.2099
v -0.5400 -0.9600 0.1763
v -0.4800 -0.9600 0.1373
v -0.4200 -0.9600 0.0952
v -0.3600 -0.9600 0.0524
v -0.3000 -0.9600 0.0111
v -0.2400 -0.9600 -0.0264
v -0.1800 -0.9600 -0.0579
v -0.1200 -0.9600 -0.0817
v -0.0600 -0.9600 -0.0966
v 0.0000 -0.9600 -0.1016
v 0.0600 -0.9600 -0.0966
v 0.1200 -0.9600 -0.0817
v 0.1800 -0.9600 -0.0579
v 0.2400 -0.9600 -0.0264
v 0.3000 -0.9600 0.0111
v 0.3600 -0.9600 0.0524
v 0.4200 -0.9600 0.0952
v 0.4800 -0.9600 0.1373
v 0.5400 -0.9600 0.1763
v 0.6000 -0.9600 0.2099
v 0.6600 -0.9600 0.2365
v 0.7200 -0.9600 0.2545
v 0.7800 -0.9600 0.2628
v 0.8400 -0.9600 0.2612
v 0.9000 -0.9600 0.2495
v 0.9600 -0.9600 0.2285
v 1.0200 -0.9600 0.1994
v 1.0800 -0.9600 0.1638
v 1.1400 -0.9600 0.1235
v 1.2000 -0.9600 0.0809
v -1.2000 -1.0200 0.0891
v -1.1400 -1.0200 0.1313
v -1.0800 -1.0200 0.1711
v -1.0200 -1.0200 0.2064
v -0.9600 -1.0200 0.2352
v -0.9000 -1.0200 0.2560
v -0.8400 -1.0200 0.2675
v -0.7800 -1.0200 0.2692
v -0.7200 -1.0200 0.2609
v -0.6600 -1.0200 0.2431
v -0.6000 -1.0200 0.2168
v -0.5400 -1.0200 0.1835
v -0.4800 -1.0200 0.1449
v -0.4200 -1.0200 0.1033
v -0.3600 -1.0200 0.0608
v -0.3000 -1.0200 0.0200
v -0.2400 -1.0200 -0.0171
v -0.1800 -1.0200 -0.0482
v -0.1200 -1.0200 -0.0718
v -0.0600 -1.0200 -0.0865
v 0.0000 -1.0200 -0.0915
v 0.0600 -1.0200 -0.0865
v 0.1200 -1.0200 -0.0718
v 0.1800 -1.0200 -0.0482
v 0.2400 -1.0200 -0.0171
v 0.3000 -1.0200 0.0200
v 0.3600 -1.0200 0.0608
v 0.4200 -1.0200 0.1033
v 0.4800 -1.0200 0.1449
v 0.5400 -1.0200 0.1835
v 0.6000 -1.0200 0.2168
v 0.6600 -1.0200 0.2431
v 0.7200 -1.0200 0.2609
v 0.7800 -1.0200 0.2692
v 0.8400 -1.0200 0.2675
v 0.9000 -1.0200 0.2560
v 0.9600 -1.0200 0.2352
v 1.0200 -1.0200 0.2064
v 1.0800 -1.0200 0.1711
v 1.1400 -1.0200 0.1313
v 1.2000 -1.0200 0.0891
v -1.2000 -1.0800 0.0951
v -1.1400 -1.0800 0.1368
v -1.0800 -1.0800 0.1763
v -1.0200 -1.0800 0.2112
v -0.9600 -1.0800 0.2397
v -0.9000 -1.0800 0.2602
v -0.8400 -1.0800 0.2717
v -0.7800 -1.0800 0.2733
v -0.7200 -1.0800 0.2651
v -0.6600 -1.0800 0.2475
v -0.6000 -1.0800 0.2215
v -0.5400 -1.0800 0.1885
v -0.4800 -1.0800 0.1503
v -0.4200 -1.0800 0.1091
v -0.3600 -1.0800 0.0671
v -0.3000 -1.0800 0.0267
v -0.2400 -1.0800 -0.0100
v -0.1800 -1.0800 -0.0408
v -0.1200 -1.0800 -0.0642
v -0.0600 -1.0800 -0.0787
v 0.0000 -1.0800 -0.0836
v 0.0600 -1.0800 -0.0787
v 0.1200 -1.0800 -0.0642
v 0.1800 -1.0800 -0.0408
v 0.2400 -1.0800 -0.0100
v 0.3000 -1.0800 0.0267
v 0.3600 -1.0800 0.0671
v 0.4200 -1.0800 0.1091
v 0.4800 -1.0800 0.1503
v 0.5400 -1.0800 0.1885
v 0.6000 -1.0800 0.2215
v 0.6600 -1.0800 0.2475
v 0.7200 -1.0800 0.2651
v 0.7800 -1.0800 0.2733
v 0.8400 -1.0800 0.2717
v 0.9000 -1.0800 0.2602
v 0.9600 -1.0800 0.2397
v 1.0200 -1.0800 0.2112
v 1.0800 -1.0800 0.1763
v 1.1400 -1.0800 0.1368
v 1.2000 -1.0800 0.0951
v -1.2000 -1.1400 0.0988
v -1.1400 -1.1400 0.1401
v -1.0800 -1.1400 0.1791
v -1.0200 -1.1400 0.2136
v -0.9600 -1.1400 0.2419
v -0.9000 -1.1400 0.2622
v -0.8400 -1.1400 0.2735
v -0.7800 -1.1400 0.2751
v -0.7200 -1.1400 0.2670
v -0.6600 -1.1400 0.2496
v -0.6000 -1.1400 0.2238
v -0.5400 -1.1400 0.1912
v -0.4800 -1.1400 0.1534
v -0.4200 -1.1400 0.1126
v -0.3600 -1.1400 0.0711
v -0.3000 -1.1400 0.0311
v -0.2400 -1.1400 -0.0052
v -0.1800 -1.1400 -0.0357
v -0.1200 -1.1400 -0.0588
v -0.0600 -1.1400 -0.0732
v 0.0000 -1.1400 -0.0781
v 0.0600 -1.1400 -0.0732
v 0.1200 -1.1400 -0.0588
v 0.1800 -1.1400 -0.0357
v 0.2400 -1.1400 -0.0052
v 0.3000 -1.1400 0.0311
v 0.3600 -1.1400 0.0711
v 0.4200 -1.1400 0.1126
v 0.4800 -1.1400 0.1534
v 0.5400 -1.1400 0.1912
v 0.6000 -1.1400 0.2238
v 0.6600 -1.1400 0.2496
v 0.7200 -1.1400 0.2670
v 0.7800 -1.1400 0.2751
v 0.8400 -1.1400 0.2735
v 0.9000 -1.1400 0.2622
v 0.9600 -1.1400 0.2419
v 1.0200 -1.1400 0.2136
v 1.0800 -1.1400 0.1791
v 1.1400 -1.1400 0.1401
v 1.2000 -1.1400 0.0988
v -1.2000 -1.2000 0.1000
v -1.1400 -1.2000 0.1409
v -1.0800 -1.2000 0.1794
v -1.0200 -1.2000 0.2137
v -0.9600 -1.2000 0.2416
v -0.9000 -1.2000 0.2617
v -0.8400 -1.2000 0.2728
v -0.7800 -1.2000 0.2745
v -0.7200 -1.2000 0.2664
v -0.6600 -1.2000 0.2492
v -0.6000 -1.2000 0.2237
v -0.5400 -1.2000 0.1914
v -0.4800 -1.2000 0.1541
v -0.4200 -1.2000 0.1137
v -0.3600 -1.2000 0.0726
v -0.3000 -1.2000 0.0330
v -0.2400 -1.2000 -0.0029
v -0.1800 -1.2000 -0.0331
v -0.1200 -1.2000 -0.0559
v -0.0600 -1.2000 -0.0702
v 0.0000 -1.2000 -0.0750
v 0.0600 -1.2000 -0.0702
v 0.1200 -1.2000 -0.0559
v 0.1800 -1.2000 -0.0331
v 0.2400 -1.2000 -0.0029
v 0.3000 -1.2000 0.0330
v 0.3600 -1.2000 0.0726
v 0.4200 -1.2000 0.1137
v 0.4800 -1.2000 0.1541
v 0.5400 -1.2000 0.1914
v 0.6000 -1.2000 0.2237
v 0.6600 -1.2000 0.2492
v 0.7200 -1.2000 0.2664
v 0.7800 -1.2000 0.2745
v 0.8400 -1.2000 0.2728
v 0.9000 -1.2000 0.2617
v 0.9600 -1.2000 0.2416
v 1.0200 -1.2000 0.2137
v 1.0800 -1.2000 0.1794
v 1.1400 -1.2000 0.1409
v 1.2000 -1.2000 0.1000
vt 0.0000 0.0000
vt 0.0250 0.0000
vt 0.0500 0.0000
vt 0.0750 0.0000
vt 0.1000 0.0000
vt 0.1250 0.0000
vt 0.1500 0.0000
vt 0.1750 0.0000
vt 0.2000 0.0000
vt 0.2250 0.0000
vt 0.2500 0.0000
vt 0.2750 0.0000
vt 0.3000 0.0000
vt 0.3250 0.0000
vt 0.3500 0.0000
vt 0.3750 0.0000
vt 0.4000 0.0000
vt 0.4250 0.0000
vt 0.4500 0.0000
vt 0.4750 0.0000
vt 0.5000 0.0000
vt 0.5250 0.0000
vt 0.5500 0.0000
vt 0.5750 0.0000
vt 0.6000 0.0000
vt 0.6250 0.0000
vt 0.6500 0.0000
vt 0.6750 0.0000
vt 0.7000 0.0000
vt 0.7250 0.0000
vt 0.7500 0.0000
vt 0.7750 0.0000
vt 0.8000 0.0000
vt 0.8250 0.0000
vt 0.8500 0.0000
vt 0.8750 0.0000
vt 0.9000 0.0000
vt 0.9250 0.0000
vt 0.9500 0.0000
vt 0.9750 0.0000
vt 1.0000 0.0000
vt 0.0000 0.0250
vt 0.0250 0.0250
vt 0.0500 0.0250
vt 0.0750 0.0250
vt 0.1000 0.0250
vt 0.1250 0.0250
vt 0.1500 0.0250
vt 0.1750 0.0250
vt 0.2000 0.0250
vt 0.2250 0.0250
vt 0.2500 0.0250
vt 0.2750 0.0250
vt 0.3000 0.0250
vt 0.3250 0.0250
vt 0.3500 0.0250
vt 0.3750 0.0250
vt 0.4000 0.0250
vt 0.4250 0.0250
vt 0.4500 0.0250
vt 0.4750 0.0250
vt 0.5000 0.0250
vt 0.5250 0.0250
vt 0.5500 0.0250
vt 0.5750 0.0250
vt 0.6000 0.0250
vt 0.6250 0.0250
vt 0.6500 0.0250
vt 0.6750 0.0250
vt 0.7000 0.0250
vt 0.7250 0.0250
vt 0.7500 0.0250
vt 0.7750 0.0250
vt 0.8000 0.0250
vt 0.8250 0.0250
vt 0.8500 0.0250
vt 0.8750 0.0250
vt 0.9000 0.0250
vt 0.9250 0.0250
vt 0.9500 0.0250
vt 0.9750 0.0250
vt 1.0000 0.0250
vt 0.0000 0.0500
vt 0.0250 0.0500
vt 0.0500 0.0500
vt 0.0750 0.0500
vt 0.1000 0.0500
vt 0.1250 0.0500
vt 0.1500 0.0500
vt 0.1750 0.0500
vt 0.2000 0.0500
vt 0.2250 0.0500
vt 0.2500 0.0500
vt 0.2750 0.0500
vt 0.3000 0.0500
vt 0.3250 0.0500
vt 0.3500 0.0500
vt 0.3750 0.0500
vt 0.4000 0.0500
vt 0.4250 0.0500
vt 0.4500 0.0500
vt 0.4750 0.0500
vt 0.5000 0.0500
vt 0.5250 0.0500
vt 0.5500 0.0500
vt 0.5750 0.0500
vt 0.6000 0.0500
vt 0.6250 0.0500
vt 0.6500 0.0500
vt 0.6750 0.0500
vt 0.7000 0.0500
vt 0.7250 0.0500
vt 0.7500 0.0500
vt 0.7750 0.0500
vt 0.8000 0.0500
vt 0.8250 0.0500
vt 0.8500 0.0500
vt 0.8750 0.0500
vt 0.9000 0.0500
vt 0.9250 0.0500
vt 0.9500 0.0500
vt 0.9750 0.0500
vt 1.0000 0.0500
vt 0.0000 0.0750
vt 0.0250 0.0750
vt 0.0500 0.0750
vt 0.0750 0.0750
vt 0.1000 0.0750
vt 0.1250 0.0750
vt 0.1500 0.0750
vt 0.1750 0.0750
vt 0.2000 0.0750
vt 0.2250 0.0750
vt 0.2500 0.0750
vt 0.2750 0.0750
vt 0.3000 0.0750
vt 0.3250 0.0750
vt 0.3500 0.0750
vt 0.3750 0.0750
vt 0.4000 0.0750
vt 0.4250 0.0750
vt 0.4500 0.0750
vt 0.4750 0.0750
vt 0.5000 0.0750
vt 0.5250 0.0750
vt 0.5500 0.0750
vt 0.5750 0.0750
vt 0.6000 0.0750
vt 0.6250 0.0750
vt 0.6500 0.0750
vt 0.6750 0.0750
vt 0.7000 0.0750
vt 0.7250 0.0750
vt 0.7500 0.0750
vt 0.7750 0.0750
vt 0.8000 0.0750
vt 0.8250 0.0750
vt 0.8500 0.0750
vt 0.8750 0.0750
vt 0.9000 0.0750
vt 0.9250 0.0750
vt 0.9500 0.0750
vt 0.9750 0.0750
vt 1.0000 0.0750
vt 0.0000 0.1000
vt 0.0250 0.1000
vt 0.0500 0.1000
vt 0.0750 0.1000
vt 0.1000 0.1000
vt 0.1250 0.1000
vt 0.1500 0.1000
vt 0.1750 0.1000
vt 0.2000 0.1000
vt 0.2250 0.1000
vt 0.2500 0.1000
vt 0.2750 0.1000
vt 0.3000 0.1000
vt 0.3250 0.1000
vt 0.3500 0.1000
vt 0.3750 0.1000
vt 0.4000 0.1000
vt 0.4250 0.1000
vt 0.4500 0.1000
vt 0.4750 0.1000
vt 0.5000 0.1000
vt 0.5250 0.1000
vt 0.5500 0.1000
vt 0.5750 0.1000
vt 0.6000 0.1000
vt 0.6250 0.1000
vt 0.6500 0.1000
vt 0.6750 0.1000
vt 0.7000 0.1000
vt 0.7250 0.1000
vt 0.7500 0.1000
vt 0.7750 0.1000
vt 0.8000 0.1000
vt 0.8250 0.1000
vt 0.8500 0.1000
vt 0.8750 0.1000
vt 0.9000 0.1000
vt 0.9250 0.1000
vt 0.9500 0.1000
vt 0.9750 0.1000
vt 1.0000 0.1000
vt 0.0000 0.1250
vt 0.0250 0.1250
vt 0.0500 0.1250
vt 0.0750 0.1250
vt 0.1000 0.1250
vt 0.1250 0.1250
vt 0.1500 0.1250
vt 0.1750 0.1250
vt 0.2000 0.1250
vt 0.2250 0.1250
vt 0.2500 0.1250
vt 0.2750 0.1250
vt 0.3000 0.1250
vt 0.3250 0.1250
vt 0.3500 0.1250
vt 0.3750 0.1250
vt 0.4000 0.1250
vt 0.4250 0.1250
vt 0.4500 0.1250
vt 0.4750 0.1250
vt 0.5000 0.1250
vt 0.5250 0.1250
vt 0.5500 0.1250
vt 0.5750 0.1250
vt 0.6000 0.1250
vt 0.6250 0.1250
vt 0.6500 0.1250
vt 0.6750 0.1250
vt 0.7000 0.1250
vt 0.7250 0.1250
vt 0.7500 0.1250
vt 0.7750 0.1250
vt 0.8000 0.1250
vt 0.8250 0.1250
vt 0.8500 0.1250
vt 0.8750 0.1250
vt 0.9000 0.1250
vt 0.9250 0.1250
vt 0.9500 0.1250
vt 0.9750 0.1250
vt 1.0000 0.1250
vt 0.0000 0.1500
vt 0.0250 0.1500
vt 0.0500 0.1500
vt 0.0750 0.1500
vt 0.1000 0.1500
vt 0.1250 0.1500
vt 0.1500 0.1500
vt 0.1750 0.1500
vt 0.2000 0.1500
vt 0.2250 0.1500
vt 0.2500 0.1500
vt 0.2750 0.1500
vt 0.3000 0.1500
vt 0.3250 0.1500
vt 0.3500 0.1500
vt 0.3750 0.1500
vt 0.4000 0.1500
vt 0.4250 0.1500
vt 0.4500 0.1500
vt 0.4750 0.1500
vt 0.5000 0.1500
vt 0.5250 0.1500
vt 0.5500 0.1500
vt 0.5750 0.1500
vt 0.6000 0.1500
vt 0.6250 0.1500
vt 0.6500 0.1500
vt 0.6750 0.1500
vt 0.7000 0.1500
vt 0.7250 0.1500
vt 0.7500 0.1500
vt 0.7750 0.1500
vt 0.8000 0.1500
vt 0.8250 0.1500
vt 0.8500 0.1500
vt 0.8750 0.1500
vt 0.9000 0.1500
vt 0.9250 0.1500
vt 0.9500 0.1500
vt 0.9750 0.1500
vt 1.0000 0.1500
vt 0.0000 0.1750
vt 0.0250 0.1750
vt 0.0500 0.1750
vt 0.0750 0.1750
vt 0.1000 0.1750
vt 0.1250 0.1750
vt 0.1500 0.1750
vt 0.1750 0.1750
vt 0.2000 0.1750
vt 0.2250 0.1750
vt 0.2500 0.1750
vt 0.2750 0.1750
vt 0.3000 0.1750
vt 0.3250 0.1750
vt 0.3500 0.1750
vt 0.3750 0.1750
vt 0.4000 0.1750
vt 0.4250 0.1750
vt 0.4500 0.1750
vt 0.4750 0.1750
vt 0.5000 0.1750
vt 0.5250 0.1750
vt 0.5500 0.1750
vt 0.5750 0.1750
vt 0.6000 0.1750
vt 0.6250 0.1750
vt 0.6500 0.1750
vt 0.6750 0.1750
vt 0.7000 0.1750
vt 0.7250 0.1750
vt 0.7500 0.1750
vt 0.7750 0.1750
vt 0.8000 0.1750
vt 0.8250 0.1750
vt 0.8500 0.1750
vt 0.8750 0.1750
vt 0.9000 0.1750
vt 0.9250 0.1750
vt 0.9500 0.1750
vt 0.9750 0.1750
vt 1.0000 0.1750
vt 0.0000 0.2000
vt 0.0250 0.2000
vt 0.0500 0.2000
vt 0.0750 0.2000
vt 0.1000 0.2000
vt 0.1250 0.2000
vt 0.1500 0.2000
vt 0.1750 0.2000
vt 0.2000 0.2000
vt 0.2250 0.2000
vt 0.2500 0.2000
vt 0.2750 0.2000
vt 0.3000 0.2000
vt 0.3250 0.2000
vt 0.3500 0.2000
vt 0.3750 0.2000
vt 0.4000 0.2000
vt 0.4250 0.2000
vt 0.4500 0.2000
vt 0.4750 0.2000
vt 0.5000 0.2000
vt 0.5250 0.2000
vt 0.5500 0.2000
vt 0.5750 0.2000
vt 0.6000 0.2000
vt 0.6250 0.2000
vt 0.6500 0.2000
vt 0.6750 0.2000
vt 0.7000 0.2000
vt 0.7250 0.2000
vt 0.7500 0.2000
vt 0.7750 0.2000
vt 0.8000 0.2000
vt 0.8250 0.2000
vt 0.8500 0.2000
vt 0.8750 0.2000
vt 0.9000 0.2000
vt 0.9250 0.2000
vt 0.9500 0.2000
vt 0.9750 0.2000
vt 1.0000 0.2000
vt 0.0000 0.2250
vt 0.0250 0.2250
vt 0.0500 0.2250
vt 0.0750 0.2250
vt 0.1000 0.2250
vt 0.1250 0.2250
vt 0.1500 0.2250
vt 0.1750 0.2250
vt 0.2000 0.2250
vt 0.2250 0.2250
vt 0.2500 0.2250
vt 0.2750 0.2250
vt 0.3000 0.2250
vt 0.3250 0.2250
vt 0.3500 0.2250
vt 0.3750 0.2250
vt 0.4000 0.2250
vt 0.4250 0.2250
vt 0.4500 0.2250
vt 0.4750 0.2250
vt 0.5000 0.2250
vt 0.5250 0.2250
vt 0.5500 0.2250
vt 0.5750 0.2250
vt 0.6000 0.2250
vt 0.6250 0.2250
vt 0.6500 0.2250
vt 0.6750 0.2250
vt 0.7000 0.2250
vt 0.7250 0.2250
vt 0.7500 0.2250
vt 0.7750 0.2250
vt 0.8000 0.2250
vt 0.8250 0.2250
vt 0.8500 0.2250
vt 0.8750 0.2250
vt 0.9000 0.2250
vt 0.9250 0.2250
vt 0.9500 0.2250
vt 0.9750 0.2250
vt 1.0000 0.2250
vt 0.0000 0.2500
vt 0.0250 0.2500
vt 0.0500 0.2500
vt 0.0750 0.2500
vt 0.1000 0.2500
vt 0.1250 0.2500
vt 0.1500 0.2500
vt 0.1750 0.2500
vt 0.2000 0.2500
vt 0.2250 0.2500
vt 0.2500 0.2500
vt 0.2750 0.2500
vt 0.3000 0.2500
vt 0.3250 0.2500
vt 0.3500 0.2500
vt 0.3750 0.2500
vt 0.4000 0.2500
vt 0.4250 0.2500
vt 0.4500 0.2500
vt 0.4750 0.2500
vt 0.5000 0.2500
vt 0.5250 0.2500
vt 0.5500 0.2500
vt 0.5750 0.2500
vt 0.6000 0.2500
vt 0.6250 0.2500
vt 0.6500 0.2500
vt 0.6750 0.2500
vt 0.7000 0.2500
vt 0.7250 0.2500
vt 0.7500 0.2500
vt 0.7750 0.2500
vt 0.8000 0.2500
vt 0.8250 0.2500
vt 0.8500 0.2500
vt 0.8750 0.2500
vt 0.9000 0.2500
vt 0.9250 0.2500
vt 0.9500 0.2500
vt 0.9750 0.2500
vt 1.0000 0.2500
vt 0.0000 0.2750
vt 0.0250 0.2750
vt 0.0500 0.2750
vt 0.0750 0.2750
vt 0.1000 0.2750
vt 0.1250 0.2750
vt 0.1500 0.2750
vt 0.1750 0.2750
vt 0.2000 0.2750
vt 0.2250 0.2750
vt 0.2500 0.2750
vt 0.2750 0.2750
vt 0.3000 0.2750
vt 0.3250 0.2750
vt 0.3500 0.2750
vt 0.3750 0.2750
vt 0.4000 0.2750
vt 0.4250 0.2750
vt 0.4500 0.2750
vt 0.4750 0.2750
vt 0.5000 0.2750
vt 0.5250 0.2750
vt 0.5500 0.2750
vt 0.5750 0.2750
vt 0.6000 0.2750
vt 0.6250 0.2750
vt 0.6500 0.2750
vt 0.6750 0.2750
vt 0.7000 0.2750
vt 0.7250 0.2750
vt 0.7500 0.2750
vt 0.7750 0.2750
vt 0.8000 0.2750
vt 0.8250 0.2750
vt 0.8500 0.2750
vt 0.8750 0.2750
vt 0.9000 0.2750
vt 0.9250 0.2750
vt 0.9500 0.2750
vt 0.9750 0.2750
vt 1.0000 0.2750
vt 0.0000 0.3000
vt 0.0250 0.3000
vt 0.0500 0.3000
vt 0.0750 0.3000
vt 0.1000 0.3000
vt 0.1250 0.3000
vt 0.1500 0.3000
vt 0.1750 0.3000
vt 0.2000 0.3000
vt 0.2250 0.3000
vt 0.2500 0.3000
vt 0.2750 0.3000
vt 0.3000 0.3000
vt 0.3250 0.3000
vt 0.3500 0.3000
vt 0.3750 0.3000
vt 0.4000 0.3000
vt 0.4250 0.3000
vt 0.4500 0.3000
vt 0.4750 0.3000
vt 0.5000 0.3000
vt 0.5250 0.3000
vt 0.5500 0.3000
vt 0.5750 0.3000
vt 0.6000 0.3000
vt 0.6250 0.3000
vt 0.6500 0.3000
vt 0.6750 0.3000
vt 0.7000 0.3000
vt 0.7250 0.3000
vt 0.7500 0.3000
vt 0.7750 0.3000
vt 0.8000 0.3000
vt 0.8250 0.3000
vt 0.8500 0.3000
vt 0.8750 0.3000
vt 0.9000 0.3000
vt 0.9250 0.3000
vt 0.9500 0.3000
vt 0.9750 0.3000
vt 1.0000 0.3000
vt 0.0000 0.3250
vt 0.0250 0.3250
vt 0.0500 0.3250
vt 0.0750 0.3250
vt 0.1000 0.3250
vt 0.1250 0.3250
vt 0.1500 0.3250
vt 0.1750 0.3250
vt 0.2000 0.3250
vt 0.2250 0.3250
vt 0.2500 0.3250
vt 0.2750 0.3250
vt 0.3000 0.3250
vt 0.3250 0.3250
vt 0.3500 0.3250
vt 0.3750 0.3250
vt 0.4000 0.3250
vt 0.4250 0.3250
vt 0.4500 0.3250
vt 0.4750 0.3250
vt 0.5000 0.3250
vt 0.5250 0.3250
vt 0.5500 0.3250
vt 0.5750 0.3250
vt 0.6000 0.3250
vt 0.6250 0.3250
vt 0.6500 0.3250
vt 0.6750 0.3250
vt 0.7000 0.3250
vt 0.7250 0.3250
vt 0.7500 0.3250
vt 0.7750 0.3250
vt 0.8000 0.3250
vt 0.8250 0.3250
vt 0.8500 0.3250
vt 0.8750 0.3250
vt 0.9000 0.3250
vt 0.9250 0.3250
vt 0.9500 0.3250
vt 0.9750 0.3250
vt 1.0000 0.3250
vt 0.0000 0.3500
vt 0.0250 0.3500
vt 0.0500 0.3500
vt 0.0750 0.3500
vt 0.1000 0.3500
vt 0.1250 0.3500
vt 0.1500 0.3500
vt 0.1750 0.3500
vt 0.2000 0.3500
vt 0.2250 0.3500
vt 0.2500 0.3500
vt 0.2750 0.3500
vt 0.3000 0.3500
vt 0.3250 0.3500
vt 0.3500 0.3500
vt 0.3750 0.3500
vt 0.4000 0.3500
vt 0.4250 0.3500
vt 0.4500 0.3500
vt 0.4750 0.3500
vt 0.5000 0.3500
vt 0.5250 0.3500
vt 0.5500 0.3500
vt 0.5750 0.3500
vt 0.6000 0.3500
vt 0.6250 0.3500
vt 0.6500 0.3500
vt 0.6750 0.3500
vt 0.7000 0.3500
vt 0.7250 0.3500
vt 0.7500 0.3500
vt 0.7750 0.3500
vt 0.8000 0.3500
vt 0.8250 0.3500
vt 0.8500 0.3500
vt 0.8750 0.3500
vt 0.9000 0.3500
vt 0.9250 0.3500
vt 0.9500 0.3500
vt 0.9750 0.3500
vt 1.0000 0.3500
vt 0.0000 0.3750
vt 0.0250 0.3750
vt 0.0500 0.3750
vt 0.0750 0.3750
vt 0.1000 0.3750
vt 0.1250 0.3750
vt 0.1500 0.3750
vt 0.1750 0.3750
vt 0.2000 0.3750
vt 0.2250 0.3750
vt 0.2500 0.3750
vt 0.2750 0.3750
vt 0.3000 0.3750
vt 0.3250 0.3750
vt 0.3500 0.3750
vt 0.3750 0.3750
vt 0.4000 0.3750
vt 0.4250 0.3750
vt 0.4500 0.3750
vt 0.4750 0.3750
vt 0.5000 0.3750
vt 0.5250 0.3750
vt 0.5500 0.3750
vt 0.5750 0.3750
vt 0.6000 0.3750
vt 0.6250 0.3750
vt 0.6500 0.3750
vt 0.6750 0.3750
vt 0.7000 0.3750
vt 0.7250 0.3750
vt 0.7500 0.3750
vt 0.7750 0.3750
vt 0.8000 0.3750
vt 0.8250 0.3750
vt 0.8500 0.3750
vt 0.8750 0.3750
vt 0.9000 0.3750
vt 0.9250 0.3750
vt 0.9500 0.3750
vt 0.9750 0.3750
vt 1.0000 0.3750
vt 0.0000 0.4000
vt 0.0250 0.4000
vt 0.0500 0.4000
vt 0.0750 0.4000
vt 0.1000 0.4000
vt 0.1250 0.4000
vt 0.1500 0.4000
vt 0.1750 0.4000
vt 0.2000 0.4000
vt 0.2250 0.4000
vt 0.2500 0.4000
vt 0.2750 0.4000
vt 0.3000 0.4000
vt 0.3250 0.4000
vt 0.3500 0.4000
vt 0.3750 0.4000
vt 0.4000 0.4000
vt 0.4250 0.4000
vt 0.4500 0.4000
vt 0.4750 0.4000
vt 0.5000 0.4000
vt 0.5250 0.4000
vt 0.5500 0.4000
vt 0.5750 0.4000
vt 0.6000 0.4000
vt 0.6250 0.4000
vt 0.6500 0.4000
vt 0.6750 0.4000
vt 0.7000 0.4000
vt 0.7250 0.4000
vt 0.7500 0.4000
vt 0.7750 0.4000
vt 0.8000 0.4000
vt 0.8250 0.4000
vt 0.8500 0.4000
vt 0.8750 0.4000
vt 0.9000 0.4000
vt 0.9250 0.4000
vt 0.9500 0.4000
vt 0.9750 0.4000
vt 1.0000 0.4000
vt 0.0000 0.4250
vt 0.0250 0.4250
vt 0.0500 0.4250
vt 0.0750 0.4250
vt 0.1000 0.4250
vt 0.1250 0.4250
vt 0.1500 0.4250
vt 0.1750 0.4250
vt 0.2000 0.4250
vt 0.2250 0.4250
vt 0.2500 0.4250
vt 0.2750 0.4250
vt 0.3000 0.4250
vt 0.3250 0.4250
vt 0.3500 0.4250
vt 0.3750 0.4250
vt 0.4000 0.4250
vt 0.4250 0.4250
vt 0.4500 0.4250
vt 0.4750 0.4250
vt 0.5000 0.4250
vt 0.5250 0.4250
vt 0.5500 0.4250
vt 0.5750 0.4250
vt 0.6000 0.4250
vt 0.6250 0.4250
vt 0.6500 0.4250
vt 0.6750 0.4250
vt 0.7000 0.4250
vt 0.7250 0.4250
vt 0.7500 0.4250
vt 0.7750 0.4250
vt 0.8000 0.4250
vt 0.8250 0.4250
vt 0.8500 0.4250
vt 0.8750 0.4250
vt 0.9000 0.4250
vt 0.9250 0.4250
vt 0.9500 0.4250
vt 0.9750 0.4250
vt 1.0000 0.4250
vt 0.0000 0.4500
vt 0.0250 0.4500
vt 0.0500 0.4500
vt 0.0750 0.4500
vt 0.1000 0.4500
vt 0.1250 0.4500
vt 0.1500 0.4500
vt 0.1750 0.4500
vt 0.2000 0.4500
vt 0.2250 0.4500
vt 0.2500 0.4500
vt 0.2750 0.4500
vt 0.3000 0.4500
vt 0.3250 0.4500
vt 0.3500 0.4500
vt 0.3750 0.4500
vt 0.4000 0.4500
vt 0.4250 0.4500
vt 0.4500 0.4500
vt 0.4750 0.4500
vt 0.5000 0.4500
vt 0.5250 0.4500
vt 0.5500 0.4500
vt 0.5750 0.4500
vt 0.6000 0.4500
vt 0.6250 0.4500
vt 0.6500 0.4500
vt 0.6750 0.4500
vt 0.7000 0.4500
vt 0.7250 0.4500
vt 0.7500 0.4500
vt 0.7750 0.4500
vt 0.8000 0.4500
vt 0.8250 0.4500
vt 0.8500 0.4500
vt 0.8750 0.4500
vt 0.9000 0.4500
vt 0.9250 0.4500
vt 0.9500 0.4500
vt 0.9750 0.4500
vt 1.0000 0.4500
vt 0.0000 0.4750
vt 0.0250 0.4750
vt 0.0500 0.4750
vt 0.0750 0.4750
vt 0.1000 0.4750
vt 0.1250 0.4750
vt 0.1500 0.4750
vt 0.1750 0.4750
vt 0.2000 0.4750
vt 0.2250 0.4750
vt 0.2500 0.4750
vt 0.2750 0.4750
vt 0.3000 0.4750
vt 0.3250 0.4750
vt 0.3500 0.4750
vt 0.3750 0.4750
vt 0.4000 0.4750
vt 0.4250 0.4750
vt 0.4500 0.4750
vt 0.4750 0.4750
vt 0.5000 0.4750
vt 0.5250 0.4750
vt 0.5500 0.4750
vt 0.5750 0.4750
vt 0.6000 0.4750
vt 0.6250 0.4750
vt 0.6500 0.4750
vt 0.6750 0.4750
vt 0.7000 0.4750
vt 0.7250 0.4750
vt 0.7500 0.4750
vt 0.7750 0.4750
vt 0.8000 0.4750
vt 0.8250 0.4750
vt 0.8500 0.4750
vt 0.8750 0.4750
vt 0.9000 0.4750
vt 0.9250 0.4750
vt 0.9500 0.4750
vt 0.9750 0.4750
vt 1.0000 0.4750
vt 0.0000 0.5000
vt 0.0250 0.5000
vt 0.0500 0.5000
vt 0.0750 0.5000
vt 0.1000 0.5000
vt 0.1250 0.5000
vt 0.1500 0.5000
vt 0.1750 0.5000
vt 0.2000 0.5000
vt 0.2250 0.5000
vt 0.2500 0.5000
vt 0.2750 0.5000
vt 0.3000 0.5000
vt 0.3250 0.5000
vt 0.3500 0.5000
vt 0.3750 0.5000
vt 0.4000 0.5000
vt 0.4250 0.5000
vt 0.4500 0.5000
vt 0.4750 0.5000
vt 0.5000 0.5000
vt 0.5250 0.5000
vt 0.5500 0.5000
vt 0.5750 0.5000
vt 0.6000 0.5000
vt 0.6250 0.5000
vt 0.6500 0.5000
vt 0.6750 0.5000
vt 0.7000 0.5000
vt 0.7250 0.5000
vt 0.7500 0.5000
vt 0.7750 0.5000
vt 0.8000 0.5000
vt 0.8250 0.5000
vt 0.8500 0.5000
vt 0.8750 0.5000
vt 0.9000 0.5000
vt 0.9250 0.5000
vt 0.9500 0.5000
vt 0.9750 0.5000
vt 1.0000 0.5000
vt 0.0000 0.5250
vt 0.0250 0.5250
vt 0.0500 0.5250
vt 0.0750 0.5250
vt 0.1000 0.5250
vt 0.1250 0.5250
vt 0.1500 0.5250
vt 0.1750 0.5250
vt 0.2000 0.5250
vt 0.2250 0.5250
vt 0.2500 0.5250
vt 0.2750 0.5250
vt 0.3000 0.5250
vt 0.3250 0.5250
vt 0.3500 0.5250
vt 0.3750 0.5250
vt 0.4000 0.5250
vt 0.4250 0.5250
vt 0.4500 0.5250
vt 0.4750 0.5250
vt 0.5000 0.5250
vt 0.5250 0.5250
vt 0.5500 0.5250
vt 0.5750 0.5250
vt 0.6000 0.5250
vt 0.6250 0.5250
vt 0.6500 0.5250
vt 0.6750 0.5250
vt 0.7000 0.5250
vt 0.7250 0.5250
vt 0.7500 0.5250
vt 0.7750 0.5250
vt 0.8000 0.5250
vt 0.8250 0.5250
vt 0.8500 0.5250
vt 0.8750 0.5250
vt 0.9000 0.5250
vt 0.9250 0.5250
vt 0.9500 0.5250
vt 0.9750 0.5250
vt 1.0000 0.5250
vt 0.0000 0.5500
vt 0.0250 0.5500
vt 0.0500 0.5500
vt 0.0750 0.5500
vt 0.1000 0.5500
vt 0.1250 0.5500
vt 0.1500 0.5500
vt 0.1750 0.5500
vt 0.2000 0.5500
vt 0.2250 0.5500
vt 0.2500 0.5500
vt 0.2750 0.5500
vt 0.3000 0.5500
vt 0.3250 0.5500
vt 0.3500 0.5500
vt 0.3750 0.5500
vt 0.4000 0.5500
vt 0.4250 0.5500
vt 0.4500 0.5500
vt 0.4750 0.5500
vt 0.5000 0.5500
vt 0.5250 0.5500
vt 0.5500 0.5500
vt 0.5750 0.5500
vt 0.6000 0.5500
vt 0.6250 0.5500
vt 0.6500 0.5500
vt 0.6750 0.5500
vt 0.7000 0.5500
vt 0.7250 0.5500
vt 0.7500 0.5500
vt 0.7750 0.5500
vt 0.8000 0.5500
vt 0.8250 0.5500
vt 0.8500 0.5500
vt 0.8750 0.5500
vt 0.9000 0.5500
vt 0.9250 0.5500
vt 0.9500 0.5500
vt 0.9750 0.5500
vt 1.0000 0.5500
vt 0.0000 0.5750
vt 0.0250 0.5750
vt 0.0500 0.5750
vt 0.0750 0.5750
vt 0.1000 0.5750
vt 0.1250 0.5750
vt 0.1500 0.5750
vt 0.1750 0.5750
vt 0.2000 0.5750
vt 0.2250 0.5750
vt 0.2500 0.5750
vt 0.2750 0.5750
vt 0.3000 0.5750
vt 0.3250 0.5750
vt 0.3500 0.5750
vt 0.3750 0.5750
vt 0.4000 0.5750
vt 0.4250 0.5750
vt 0.4500 0.5750
vt 0.4750 0.5750
vt 0.5000 0.5750
vt 0.5250 0.5750
vt 0.5500 0.5750
vt 0.5750 0.5750
vt 0.6000 0.5750
vt 0.6250 0.5750
vt 0.6500 0.5750
vt 0.6750 0.5750
vt 0.7000 0.5750
vt 0.7250 0.5750
vt 0.7500 0.5750
vt 0.7750 0.5750
vt 0.8000 0.5750
vt 0.8250 0.5750
vt 0.8500 0.5750
vt 0.8750 0.5750
vt 0.9000 0.5750
vt 0.9250 0.5750
vt 0.9500 0.5750
vt 0.9750 0.5750
vt 1.0000 0.5750
vt 0.0000 0.6000
vt 0.0250 0.6000
vt 0.0500 0.6000
vt 0.0750 0.6000
vt 0.1000 0.6000
vt 0.1250 0.6000
vt 0.1500 0.6000
vt 0.1750 0.6000
vt 0.2000 0.6000
vt 0.2250 0.6000
vt 0.2500 0.6000
vt 0.2750 0.6000
vt 0.3000 0.6000
vt 0.3250 0.6000
vt 0.3500 0.6000
vt 0.3750 0.6000
vt 0.4000 0.6000
vt 0.4250 0.6000
vt 0.4500 0.6000
vt 0.4750 0.6000
vt 0.5000 0.6000
vt 0.5250 0.6000
vt 0.5500 0.6000
vt 0.5750 0.6000
vt 0.6000 0.6000
vt 0.6250 0.6000
vt 0.6500 0.6000
vt 0.6750 0.6000
vt 0.7000 0.6000
vt 0.7250 0.6000
vt 0.7500 0.6000
vt 0.7750 0.6000
vt 0.8000 0.6000
vt 0.8250 0.6000
vt 0.8500 0.6000
vt 0.8750 0.6000
vt 0.9000 0.6000
vt 0.9250 0.6000
vt 0.9500 0.6000
vt 0.9750 0.6000
vt 1.0000 0.6000
vt 0.0000 0.6250
vt 0.0250 0.6250
vt 0.0500 0.6250
vt 0.0750 0.6250
vt 0.1000 0.6250
vt 0.1250 0.6250
vt 0.1500 0.6250
vt 0.1750 0.6250
vt 0.2000 0.6250
vt 0.2250 0.6250
vt 0.2500 0.6250
vt 0.2750 0.6250
vt 0.3000 0.6250
vt 0.3250 0.6250
vt 0.3500 0.6250
vt 0.3750 0.6250
vt 0.4000 0.6250
vt 0.4250 0.6250
vt 0.4500 0.6250
vt 0.4750 0.6250
vt 0.5000 0.6250
vt 0.5250 0.6250
vt 0.5500 0.6250
vt 0.5750 0.6250
vt 0.6000 0.6250
vt 0.6250 0.6250
vt 0.6500 0.6250
vt 0.6750 0.6250
vt 0.7000 0.6250
vt 0.7250 0.6250
vt 0.7500 0.6250
vt 0.7750 0.6250
vt 0.8000 0.6250
vt 0.8250 0.6250
vt 0.8500 0.6250
vt 0.8750 0.6250
vt 0.9000 0.6250
vt 0.9250 0.6250
vt 0.9500 0.6250
vt 0.9750 0.6250
vt 1.0000 0.6250
vt 0.0000 0.6500
vt 0.0250 0.6500
vt 0.0500 0.6500
vt 0.0750 0.6500
vt 0.1000 0.6500
vt 0.1250 0.6500
vt 0.1500 0.6500
vt 0.1750 0.6500
vt 0.2000 0.6500
vt 0.2250 0.6500
vt 0.2500 0.6500
vt 0.2750 0.6500
vt 0.3000 0.6500
vt 0.3250 0.6500
vt 0.3500 0.6500
vt 0.3750 0.6500
vt 0.4000 0.6500
vt 0.4250 0.6500
vt 0.4500 0.6500
vt 0.4750 0.6500
vt 0.5000 0.6500
vt 0.5250 0.6500
vt 0.5500 0.6500
vt 0.5750 0.6500
vt 0.6000 0.6500
vt 0.6250 0.6500
vt 0.6500 0.6500
vt 0.6750 0.6500
vt 0.7000 0.6500
vt 0.7250 0.6500
vt 0.7500 0.6500
vt 0.7750 0.6500
vt 0.8000 0.6500
vt 0.8250 0.6500
vt 0.8500 0.6500
vt 0.8750 0.6500
vt 0.9000 0.6500
vt 0.9250 0.6500
vt 0.9500 0.6500
vt 0.9750 0.6500
vt 1.0000 0.6500
vt 0.0000 0.6750
vt 0.0250 0.6750
vt 0.0500 0.6750
vt 0.0750 0.6750
vt 0.1000 0.6750
vt 0.1250 0.6750
vt 0.1500 0.6750
vt 0.1750 0.6750
vt 0.2000 0.6750
vt 0.2250 0.6750
vt 0.2500 0.6750
vt 0.2750 0.6750
vt 0.3000 0.6750
vt 0.3250 0.6750
vt 0.3500 0.6750
vt 0.3750 0.6750
vt 0.4000 0.6750
vt 0.4250 0.6750
vt 0.4500 0.6750
vt 0.4750 0.6750
vt 0.5000 0.6750
vt 0.5250 0.6750
vt 0.5500 0.6750
vt 0.5750 0.6750
vt 0.6000 0.6750
vt 0.6250 0.6750
vt 0.6500 0.6750
vt 0.6750 0.6750
vt 0.7000 0.6750
vt 0.7250 0.6750
vt 0.7500 0.6750
vt 0.7750 0.6750
vt 0.8000 0.6750
vt 0.8250 0.6750
vt 0.8500 0.6750
vt 0.8750 0.6750
vt 0.9000 0.6750
vt 0.9250 0.6750
vt 0.9500 0.6750
vt 0.9750 0.6750
vt 1.0000 0.6750
vt 0.0000 0.7000
vt 0.0250 0.7000
vt 0.0500 0.7000
vt 0.0750 0.7000
vt 0.1000 0.7000
vt 0.1250 0.7000
vt 0.1500 0.7000
vt 0.1750 0.7000
vt 0.2000 0.7000
vt 0.2250 0.7000
vt 0.2500 0.7000
vt 0.2750 0.7000
vt 0.3000 0.7000
vt 0.3250 0.7000
vt 0.3500 0.7000
vt 0.3750 0.7000
vt 0.4000 0.7000
vt 0.4250 0.7000
vt 0.4500 0.7000
vt 0.4750 0.7000
vt 0.5000 0.7000
vt 0.5250 0.7000
vt 0.5500 0.7000
vt 0.5750 0.7000
vt 0.6000 0.7000
vt 0.6250 0.7000
vt 0.6500 0.7000
vt 0.6750 0.7000
vt 0.7000 0.7000
vt 0.7250 0.7000
vt 0.7500 0.7000
vt 0.7750 0.7000
vt 0.8000 0.7000
vt 0.8250 0.7000
vt 0.8500 0.7000
vt 0.8750 0.7000
vt 0.9000 0.7000
vt 0.9250 0.7000
vt 0.9500 0.7000
vt 0.9750 0.7000
vt 1.0000 0.7000
vt 0.0000 0.7250
vt 0.0250 0.7250
vt 0.0500 0.7250
vt 0.0750 0.7250
vt 0.1000 0.7250
vt 0.1250 0.7250
vt 0.1500 0.7250
vt 0.1750 0.7250
vt 0.2000 0.7250
vt 0.2250 0.7250
vt 0.2500 0.7250
vt 0.2750 0.7250
vt 0.3000 0.7250
vt 0.3250 0.7250
vt 0.3500 0.7250
vt 0.3750 0.7250
vt 0.4000 0.7250
vt 0.4250 0.7250
vt 0.4500 0.7250
vt 0.4750 0.7250
vt 0.5000 0.7250
vt 0.5250 0.7250
vt 0.5500 0.7250
vt 0.5750 0.7250
vt 0.6000 0.7250
vt 0.6250 0.7250
vt 0.6500 0.7250
vt 0.6750 0.7250
vt 0.7000 0.7250
vt 0.7250 0.7250
vt 0.7500 0.7250
vt 0.7750 0.7250
vt 0.8000 0.7250
vt 0.8250 0.7250
vt 0.8500 0.7250
vt 0.8750 0.7250
vt 0.9000 0.7250
vt 0.9250 0.7250
vt 0.9500 0.7250
vt 0.9750 0.7250
vt 1.0000 0.7250
vt 0.0000 0.7500
vt 0.0250 0.7500
vt 0.0500 0.7500
vt 0.0750 0.7500
vt 0.1000 0.7500
vt 0.1250 0.7500
vt 0.1500 0.7500
vt 0.1750 0.7500
vt 0.2000 0.7500
vt 0.2250 0.7500
vt 0.2500 0.7500
vt 0.2750 0.7500
vt 0.3000 0.7500
vt 0.3250 0.7500
vt 0.3500 0.7500
vt 0.3750 0.7500
vt 0.4000 0.7500
vt 0.4250 0.7500
vt 0.4500 0.7500
vt 0.4750 0.7500
vt 0.5000 0.7500
vt 0.5250 0.7500
vt 0.5500 0.7500
vt 0.5750 0.7500
vt 0.6000 0.7500
vt 0.6250 0.7500
vt 0.6500 0.7500
vt 0.6750 0.7500
vt 0.7000 0.7500
vt 0.7250 0.7500
vt 0.7500 0.7500
vt 0.7750 0.7500
vt 0.8000 0.7500
vt 0.8250 0.7500
vt 0.8500 0.7500
vt 0.8750 0.7500
vt 0.9000 0.7500
vt 0.9250 0.7500
vt 0.9500 0.7500
vt 0.9750 0.7500
vt 1.0000 0.7500
vt 0.0000 0.7750
vt 0.0250 0.7750
vt 0.0500 0.7750
vt 0.0750 0.7750
vt 0.1000 0.7750
vt 0.1250 0.7750
vt 0.1500 0.7750
vt 0.1750 0.7750
vt 0.2000 0.7750
vt 0.2250 0.7750
vt 0.2500 0.7750
vt 0.2750 0.7750
vt 0.3000 0.7750
vt 0.3250 0.7750
vt 0.3500 0.7750
vt 0.3750 0.7750
vt 0.4000 0.7750
vt 0.4250 0.7750
vt 0.4500 0.7750
vt 0.4750 0.7750
vt 0.5000 0.7750
vt 0.5250 0.7750
vt 0.5500 0.7750
vt 0.5750 0.7750
vt 0.6000 0.7750
vt 0.6250 0.7750
vt 0.6500 0.7750
vt 0.6750 0.7750
vt 0.7000 0.7750
vt 0.7250 0.7750
vt 0.7500 0.7750
vt 0.7750 0.7750
vt 0.8000 0.7750
vt 0.8250 0.7750
vt 0.8500 0.7750
vt 0.8750 0.7750
vt 0.9000 0.7750
vt 0.9250 0.7750
vt 0.9500 0.7750
vt 0.9750 0.7750
vt 1.0000 0.7750
vt 0.0000 0.8000
vt 0.0250 0.8000
vt 0.0500 0.8000
vt 0.0750 0.8000
vt 0.1000 0.8000
vt 0.1250 0.8000
vt 0.1500 0.8000
vt 0.1750 0.8000
vt 0.2000 0.8000
vt 0.2250 0.8000
vt 0.2500 0.8000
vt 0.2750 0.8000
vt 0.3000 0.8000
vt 0.3250 0.8000
vt 0.3500 0.8000
vt 0.3750 0.8000
vt 0.4000 0.8000
vt 0.4250 0.8000
vt 0.4500 0.8000
vt 0.4750 0.8000
vt 0.5000 0.8000
vt 0.5250 0.8000
vt 0.5500 0.8000
vt 0.5750 0.8000
vt 0.6000 0.8000
vt 0.6250 0.8000
vt 0.6500 0.8000
vt 0.6750 0.8000
vt 0.7000 0.8000
vt 0.7250 0.8000
vt 0.7500 0.8000
vt 0.7750 0.8000
vt 0.8000 0.8000
vt 0.8250 0.8000
vt 0.8500 0.8000
vt 0.8750 0.8000
vt 0.9000 0.8000
vt 0.9250 0.8000
vt 0.9500 0.8000
vt 0.9750 0.8000
vt 1.0000 0.8000
vt 0.0000 0.8250
vt 0.0250 0.8250
vt 0.0500 0.8250
vt 0.0750 0.8250
vt 0.1000 0.8250
vt 0.1250 0.8250
vt 0.1500 0.8250
vt 0.1750 0.8250
vt 0.2000 0.8250
vt 0.2250 0.8250
vt 0.2500 0.8250
vt 0.2750 0.8250
vt 0.3000 0.8250
vt 0.3250 0.8250
vt 0.3500 0.8250
vt 0.3750 0.8250
vt 0.4000 0.8250
vt 0.4250 0.8250
vt 0.4500 0.8250
vt 0.4750 0.8250
vt 0.5000 0.8250
vt 0.5250 0.8250
vt 0.5500 0.8250
vt 0.5750 0.8250
vt 0.6000 0.8250
vt 0.6250 0.8250
vt 0.6500 0.8250
vt 0.6750 0.8250
vt 0.7000 0.8250
vt 0.7250 0.8250
vt 0.7500 0.8250
vt 0.7750 0.8250
vt 0.8000 0.8250
vt 0.8250 0.8250
vt 0.8500 0.8250
vt 0.8750 0.8250
vt 0.9000 0.8250
vt 0.9250 0.8250
vt 0.9500 0.8250
vt 0.9750 0.8250
vt 1.0000 0.8250
vt 0.0000 0.8500
vt 0.0250 0.8500
vt 0.0500 0.8500
vt 0.0750 0.8500
vt 0.1000 0.8500
vt 0.1250 0.8500
vt 0.1500 0.8500
vt 0.1750 0.8500
vt 0.2000 0.8500
vt 0.2250 0.8500
vt 0.2500 0.8500
vt 0.2750 0.8500
vt 0.3000 0.8500
vt 0.3250 0.8500
vt 0.3500 0.8500
vt 0.3750 0.8500
vt 0.4000 0.8500
vt 0.4250 0.8500
vt 0.4500 0.8500
vt 0.4750 0.8500
vt 0.5000 0.8500
vt 0.5250 0.8500
vt 0.5500 0.8500
vt 0.5750 0.8500
vt 0.6000 0.8500
vt 0.6250 0.8500
vt 0.6500 0.8500
vt 0.6750 0.8500
vt 0.7000 0.8500
vt 0.7250 0.8500
vt 0.7500 0.8500
vt 0.7750 0.8500
vt 0.8000 0.8500
vt 0.8250 0.8500
vt 0.8500 0.8500
vt 0.8750 0.8500
vt 0.9000 0.8500
vt 0.9250 0.8500
vt 0.9500 0.8500
vt 0.9750 0.8500
vt 1.0000 0.8500
vt 0.0000 0.8750
vt 0.0250 0.8750
vt 0.0500 0.8750
vt 0.0750 0.8750
vt 0.1000 0.8750
vt 0.1250 0.8750
vt 0.1500 0.8750
vt 0.1750 0.8750
vt 0.2000 0.8750
vt 0.2250 0.8750
vt 0.2500 0.8750
vt 0.2750 0.8750
vt 0.3000 0.8750
vt 0.3250 0.8750
vt 0.3500 0.8750
vt 0.3750 0.8750
vt 0.4000 0.8750
vt 0.4250 0.8750
vt 0.4500 0.8750
vt 0.4750 0.8750
vt 0.5000 0.8750
vt 0.5250 0.8750
vt 0.5500 0.8750
vt 0.5750 0.8750
vt 0.6000 0.8750
vt 0.6250 0.8750
vt 0.6500 0.8750
vt 0.6750 0.8750
vt 0.7000 0.8750
vt 0.7250 0.8750
vt 0.7500 0.8750
vt 0.7750 0.8750
vt 0.8000 0.8750
vt 0.8250 0.8750
vt 0.8500 0.8750
vt 0.8750 0.8750
vt 0.9000 0.8750
vt 0.9250 0.8750
vt 0.9500 0.8750
vt 0.9750 0.8750
vt 1.0000 0.8750
vt 0.0000 0.9000
vt 0.0250 0.9000
vt 0.0500 0.9000
vt 0.0750 0.9000
vt 0.1000 0.9000
vt 0.1250 0.9000
vt 0.1500 0.9000
vt 0.1750 0.9000
vt 0.2000 0.9000
vt 0.2250 0.9000
vt 0.2500 0.9000
vt 0.2750 0.9000
vt 0.3000 0.9000
vt 0.3250 0.9000
vt 0.3500 0.9000
vt 0.3750 0.9000
vt 0.4000 0.9000
vt 0.4250 0.9000
vt 0.4500 0.9000
vt 0.4750 0.9000
vt 0.5000 0.9000
vt 0.5250 0.9000
vt 0.5500 0.9000
vt 0.5750 0.9000
vt 0.6000 0.9000
vt 0.6250 0.9000
vt 0.6500 0.9000
vt 0.6750 0.9000
vt 0.7000 0.9000
vt 0.7250 0.9000
vt 0.7500 0.9000
vt 0.7750 0.9000
vt 0.8000 0.9000
vt 0.8250 0.9000
vt 0.8500 0.9000
vt 0.8750 0.9000
vt 0.9000 0.9000
vt 0.9250 0.9000
vt 0.9500 0.9000
vt 0.9750 0.9000
vt 1.0000 0.9000
vt 0.0000 0.9250
vt 0.0250 0.9250
vt 0.0500 0.9250
vt 0.0750 0.9250
vt 0.1000 0.9250
vt 0.1250 0.9250
vt 0.1500 0.9250
vt 0.1750 0.9250
vt 0.2000 0.9250
vt 0.2250 0.9250
vt 0.2500 0.9250
vt 0.2750 0.9250
vt 0.3000 0.9250
vt 0.3250 0.9250
vt 0.3500 0.9250
vt 0.3750 0.9250
vt 0.4000 0.9250
vt 0.4250 0.9250
vt 0.4500 0.9250
vt 0.4750 0.9250
vt 0.5000 0.9250
vt 0.5250 0.9250
vt 0.5500 0.9250
vt 0.5750 0.9250
vt 0.6000 0.9250
vt 0.6250 0.9250
vt 0.6500 0.9250
vt 0.6750 0.9250
vt 0.7000 0.9250
vt 0.7250 0.9250
vt 0.7500 0.9250
vt 0.7750 0.9250
vt 0.8000 0.9250
vt 0.8250 0.9250
vt 0.8500 0.9250
vt 0.8750 0.9250
vt 0.9000 0.9250
vt 0.9250 0.9250
vt 0.9500 0.9250
vt 0.9750 0.9250
vt 1.0000 0.9250
vt 0.0000 0.9500
vt 0.0250 0.9500
vt 0.0500 0.9500
vt 0.0750 0.9500
vt 0.1000 0.9500
vt 0.1250 0.9500
vt 0.1500 0.9500
vt 0.1750 0.9500
vt 0.2000 0.9500
vt 0.2250 0.9500
vt 0.2500 0.9500
vt 0.2750 0.9500
vt 0.3000 0.9500
vt 0.3250 0.9500
vt 0.3500 0.9500
vt 0.3750 0.9500
vt 0.4000 0.9500
vt 0.4250 0.9500
vt 0.4500 0.9500
vt 0.4750 0.9500
vt 0.5000 0.9500
vt 0.5250 0.9500
vt 0.5500 0.9500
vt 0.5750 0.9500
vt 0.6000 0.9500
vt 0.6250 0.9500
vt 0.6500 0.9500
vt 0.6750 0.9500
vt 0.7000 0.9500
vt 0.7250 0.9500
vt 0.7500 0.9500
vt 0.7750 0.9500
vt 0.8000 0.9500
vt 0.8250 0.9500
vt 0.8500 0.9500
vt 0.8750 0.9500
vt 0.9000 0.9500
vt 0.9250 0.9500
vt 0.9500 0.9500
vt 0.9750 0.9500
vt 1.0000 0.9500
vt 0.0000 0.9750
vt 0.0250 0.9750
vt 0.0500 0.9750
vt 0.0750 0.9750
vt 0.1000 0.9750
vt 0.1250 0.9750
vt 0.1500 0.9750
vt 0.1750 0.9750
vt 0.2000 0.9750
vt 0.2250 0.9750
vt 0.2500 0.9750
vt 0.2750 0.9750
vt 0.3000 0.9750
vt 0.3250 0.9750
vt 0.3500 0.9750
vt 0.3750 0.9750
vt 0.4000 0.9750
vt 0.4250 0.9750
vt 0.4500 0.9750
vt 0.4750 0.9750
vt 0.5000 0.9750
vt 0.5250 0.9750
vt 0.5500 0.9750
vt 0.5750 0.9750
vt 0.6000 0.9750
vt 0.6250 0.9750
vt 0.6500 0.9750
vt 0.6750 0.9750
vt 0.7000 0.9750
vt 0.7250 0.9750
vt 0.7500 0.9750
vt 0.7750 0.9750
vt 0.8000 0.9750
vt 0.8250 0.9750
vt 0.8500 0.9750
vt 0.8750 0.9750
vt 0.9000 0.9750
vt 0.9250 0.9750
vt 0.9500 0.9750
vt 0.9750 0.9750
vt 1.0000 0.9750
vt 0.0000 1.0000
vt 0.0250 1.0000
vt 0.0500 1.0000
vt 0.0750 1.0000
vt 0.1000 1.0000
vt 0.1250 1.0000
vt 0.1500 1.0000
vt 0.1750 1.0000
vt 0.2000 1.0000
vt 0.2250 1.0000
vt 0.2500 1.0000
vt 0.2750 1.0000
vt 0.3000 1.0000
vt 0.3250 1.0000
vt 0.3500 1.0000
vt 0.3750 1.0000
vt 0.4000 1.0000
vt 0.4250 1.0000
vt 0.4500 1.0000
vt 0.4750 1.0000
vt 0.5000 1.0000
vt 0.5250 1.0000
vt 0.5500 1.0000
vt 0.5750 1.0000
vt 0.6000 1.0000
vt 0.6250 1.0000
vt 0.6500 1.0000
vt 0.6750 1.0000
vt 0.7000 1.0000
vt 0.7250 1.0000
vt 0.7500 1.0000
vt 0.7750 1.0000
vt 0.8000 1.0000
vt 0.8250 1.0000
vt 0.8500 1.0000
vt 0.8750 1.0000
vt 0.9000 1.0000
vt 0.9250 1.0000
vt 0.9500 1.0000
vt 0.9750 1.0000
vt 1.0000 1.0000
vn -0.9205 0.0000 0.3907
vn -0.9165 0.0000 0.4000
vn -0.9028 0.0000 0.4300
vn -0.8732 0.0000 0.4874
vn -0.8107 0.0000 0.5854
vn -0.6697 0.0000 0.7427
vn -0.3458 0.0000 0.9383
vn 0.1818 0.0000 0.9833
vn 0.5886 0.0000 0.8084
vn 0.7762 0.0000 0.6305
vn 0.8574 0.0000 0.5146
vn 0.8952 0.0000 0.4456
vn 0.9132 0.0000 0.4075
vn 0.9201 0.0000 0.3917
vn 0.9188 0.0000 0.3948
vn 0.9087 0.0000 0.4174
vn 0.8855 0.0000 0.4646
vn 0.8371 0.0000 0.5470
vn 0.7305 0.0000 0.6829
vn 0.4819 0.0000 0.8762
vn 0.0000 0.0000 1.0000
vn -0.4819 0.0000 0.8762
vn -0.7305 0.0000 0.6829
vn -0.8371 0.0000 0.5470
vn -0.8855 0.0000 0.4646
vn -0.9087 0.0000 0.4174
vn -0.9188 0.0000 0.3948
vn -0.9201 0.0000 0.3917
vn -0.9132 0.0000 0.4075
vn -0.8952 0.0000 0.4456
vn -0.8574 0.0000 0.5146
vn -0.7762 0.0000 0.6305
vn -0.5886 0.0000 0.8084
vn -0.1818 0.0000 0.9833
vn 0.3458 0.0000 0.9383
vn 0.6697 0.0000 0.7427
vn 0.8107 0.0000 0.5854
vn 0.8732 0.0000 0.4874
vn 0.9028 0.0000 0.4300
vn 0.9165 0.0000 0.4000
vn 0.9205 0.0000 0.3907
vn -0.9198 0.0384 0.3904
vn -0.9158 0.0393 0.3997
vn -0.9020 0.0422 0.4297
vn -0.8722 0.0478 0.4868
vn -0.8094 0.0574 0.5844
vn -0.6679 0.0728 0.7407
vn -0.3444 0.0918 0.9343
vn 0.1809 0.0962 0.9788
vn 0.5868 0.0792 0.8059
vn 0.7747 0.0619 0.6293
vn 0.8563 0.0505 0.5140
vn 0.8944 0.0438 0.4452
vn 0.9125 0.0400 0.4072
vn 0.9194 0.0385 0.3914
vn 0.9181 0.0388 0.3945
vn 0.9079 0.0410 0.4171
vn 0.8846 0.0456 0.4641
vn 0.8359 0.0537 0.5463
vn 0.7289 0.0670 0.6814
vn 0.4802 0.0858 0.8730
vn 0.0000 0.0978 0.9952
vn -0.4802 0.0858 0.8730
vn -0.7289 0.0670 0.6814
vn -0.8359 0.0537 0.5463
vn -0.8846 0.0456 0.4641
vn -0.9079 0.0410 0.4171
vn -0.9181 0.0388 0.3945
vn -0.9194 0.0385 0.3914
vn -0.9125 0.0400 0.4072
vn -0.8944 0.0438 0.4452
vn -0.8563 0.0505 0.5140
vn -0.7747 0.0619 0.6293
vn -0.5868 0.0792 0.8059
vn -0.1809 0.0962 0.9788
vn 0.3444 0.0918 0.9343
vn 0.6679 0.0728 0.7407
vn 0.8094 0.0574 0.5844
vn 0.8722 0.0478 0.4868
vn 0.9020 0.0422 0.4297
vn 0.9158 0.0393 0.3997
vn 0.9198 0.0384 0.3904
vn -0.9179 0.0756 0.3896
vn -0.9138 0.0774 0.3988
vn -0.8997 0.0832 0.4285
vn -0.8693 0.0942 0.4852
vn -0.8056 0.1129 0.5817
vn -0.6628 0.1427 0.7351
vn -0.3402 0.1792 0.9231
vn 0.1786 0.1875 0.9659
vn 0.5815 0.1551 0.7986
vn 0.7704 0.1215 0.6258
vn 0.8532 0.0994 0.5121
vn 0.8919 0.0862 0.4440
vn 0.9104 0.0789 0.4062
vn 0.9174 0.0758 0.3906
vn 0.9161 0.0764 0.3936
vn 0.9057 0.0808 0.4161
vn 0.8820 0.0898 0.4627
vn 0.8324 0.1056 0.5440
vn 0.7242 0.1314 0.6770
vn 0.4751 0.1677 0.8638
vn 0.0000 0.1906 0.9817
vn -0.4751 0.1677 0.8638
vn -0.7242 0.1314 0.6770
vn -0.8324 0.1056 0.5440
vn -0.8820 0.0898 0.4627
vn -0.9057 0.0808 0.4161
vn -0.9161 0.0764 0.3936
vn -0.9174 0.0758 0.3906
vn -0.9104 0.0789 0.4062
vn -0.8919 0.0862 0.4440
vn -0.8532 0.0994 0.5121
vn -0.7704 0.1215 0.6258
vn -0.5815 0.1551 0.7986
vn -0.1786 0.1875 0.9659
vn 0.3402 0.1792 0.9231
vn 0.6628 0.1427 0.7351
vn 0.8056 0.1129 0.5817
vn 0.8693 0.0942 0.4852
vn 0.8997 0.0832 0.4285
vn 0.9138 0.0774 0.3988
vn 0.9179 0.0756 0.3896
vn -0.9149 0.1108 0.3883
vn -0.9106 0.1134 0.3974
vn -0.8961 0.1218 0.4268
vn -0.8649 0.1377 0.4827
vn -0.7997 0.1647 0.5774
vn -0.6551 0.2072 0.7265
vn -0.3341 0.2585 0.9064
vn 0.1750 0.2701 0.9468
vn 0.5736 0.2247 0.7877
vn 0.7639 0.1770 0.6205
vn 0.8483 0.1452 0.5092
vn 0.8881 0.1261 0.4421
vn 0.9071 0.1155 0.4048
vn 0.9144 0.1110 0.3893
vn 0.9130 0.1119 0.3923
vn 0.9023 0.1182 0.4145
vn 0.8779 0.1314 0.4605
vn 0.8271 0.1542 0.5405
vn 0.7170 0.1912 0.6703
vn 0.4676 0.2425 0.8501
vn 0.0000 0.2743 0.9616
vn -0.4676 0.2425 0.8501
vn -0.7170 0.1912 0.6703
vn -0.8271 0.1542 0.5405
vn -0.8779 0.1314 0.4605
vn -0.9023 0.1182 0.4145
vn -0.9130 0.1119 0.3923
vn -0.9144 0.1110 0.3893
vn -0.9071 0.1155 0.4048
vn -0.8881 0.1261 0.4421
vn -0.8483 0.1452 0.5092
vn -0.7639 0.1770 0.6205
vn -0.5736 0.2247 0.7877
vn -0.1750 0.2701 0.9468
vn 0.3341 0.2585 0.9064
vn 0.6551 0.2072 0.7265
vn 0.7997 0.1647 0.5774
vn 0.8649 0.1377 0.4827
vn 0.8961 0.1218 0.4268
vn 0.9106 0.1134 0.3974
vn 0.9149 0.1108 0.3883
vn -0.9111 0.1428 0.3867
vn -0.9067 0.1462 0.3957
vn -0.8916 0.1569 0.4247
vn -0.8594 0.1771 0.4797
vn -0.7924 0.2113 0.5722
vn -0.6458 0.2645 0.7162
vn -0.3268 0.3274 0.8866
vn 0.1709 0.3414 0.9243
vn 0.5640 0.2861 0.7746
vn 0.7560 0.2268 0.6141
vn 0.8423 0.1867 0.5056
vn 0.8833 0.1624 0.4397
vn 0.9030 0.1488 0.4030
vn 0.9106 0.1432 0.3877
vn 0.9092 0.1443 0.3907
vn 0.8981 0.1524 0.4126
vn 0.8728 0.1691 0.4579
vn 0.8205 0.1980 0.5362
vn 0.7083 0.2446 0.6622
vn 0.4585 0.3079 0.8336
vn 0.0000 0.3464 0.9381
vn -0.4585 0.3079 0.8336
vn -0.7083 0.2446 0.6622
vn -0.8205 0.1980 0.5362
vn -0.8728 0.1691 0.4579
vn -0.8981 0.1524 0.4126
vn -0.9092 0.1443 0.3907
vn -0.9106 0.1432 0.3877
vn -0.9030 0.1488 0.4030
vn -0.8833 0.1624 0.4397
vn -0.8423 0.1867 0.5056
vn -0.7560 0.2268 0.6141
vn -0.5640 0.2861 0.7746
vn -0.1709 0.3414 0.9243
vn 0.3268 0.3274 0.8866
vn 0.6458 0.2645 0.7162
vn 0.7924 0.2113 0.5722
vn 0.8594 0.1771 0.4797
vn 0.8916 0.1569 0.4247
vn 0.9067 0.1462 0.3957
vn 0.9111 0.1428 0.3867
vn -0.9070 0.1710 0.3849
vn -0.9024 0.1750 0.3939
vn -0.8868 0.1877 0.4224
vn -0.8534 0.2116 0.4763
vn -0.7846 0.2517 0.5666
vn -0.6359 0.3133 0.7053
vn -0.3192 0.3848 0.8661
vn 0.1666 0.4003 0.9011
vn 0.5540 0.3380 0.7608
vn 0.7474 0.2697 0.6071
vn 0.8358 0.2229 0.5017
vn 0.8782 0.1942 0.4371
vn 0.8986 0.1782 0.4010
vn 0.9065 0.1715 0.3859
vn 0.9050 0.1728 0.3889
vn 0.8935 0.1824 0.4104
vn 0.8673 0.2021 0.4550
vn 0.8134 0.2362 0.5316
vn 0.6990 0.2903 0.6535
vn 0.4491 0.3628 0.8165
vn 0.0000 0.4060 0.9139
vn -0.4491 0.3628 0.8165
vn -0.6990 0.2903 0.6535
vn -0.8134 0.2362 0.5316
vn -0.8673 0.2021 0.4550
vn -0.8935 0.1824 0.4104
vn -0.9050 0.1728 0.3889
vn -0.9065 0.1715 0.3859
vn -0.8986 0.1782 0.4010
vn -0.8782 0.1942 0.4371
vn -0.8358 0.2229 0.5017
vn -0.7474 0.2697 0.6071
vn -0.5540 0.3380 0.7608
vn -0.1666 0.4003 0.9011
vn 0.3192 0.3848 0.8661
vn 0.6359 0.3133 0.7053
vn 0.7846 0.2517 0.5666
vn 0.8534 0.2116 0.4763
vn 0.8868 0.1877 0.4224
vn 0.9024 0.1750 0.3939
vn 0.9070 0.1710 0.3849
vn -0.9029 0.1948 0.3832
vn -0.8981 0.1993 0.3920
vn -0.8820 0.2136 0.4201
vn -0.8476 0.2405 0.4731
vn -0.7771 0.2852 0.5611
vn -0.6265 0.3532 0.6948
vn -0.3122 0.4305 0.8469
vn 0.1626 0.4471 0.8796
vn 0.5444 0.3801 0.7477
vn 0.7392 0.3052 0.6004
vn 0.8295 0.2531 0.4979
vn 0.8731 0.2209 0.4346
vn 0.8942 0.2028 0.3990
vn 0.9024 0.1953 0.3842
vn 0.9008 0.1968 0.3871
vn 0.8889 0.2076 0.4083
vn 0.8618 0.2298 0.4521
vn 0.8065 0.2679 0.5270
vn 0.6901 0.3279 0.6451
vn 0.4403 0.4069 0.8004
vn 0.0000 0.4531 0.8914
vn -0.4403 0.4069 0.8004
vn -0.6901 0.3279 0.6451
vn -0.8065 0.2679 0.5270
vn -0.8618 0.2298 0.4521
vn -0.8889 0.2076 0.4083
vn -0.9008 0.1968 0.3871
vn -0.9024 0.1953 0.3842
vn -0.8942 0.2028 0.3990
vn -0.8731 0.2209 0.4346
vn -0.8295 0.2531 0.4979
vn -0.7392 0.3052 0.6004
vn -0.5444 0.3801 0.7477
vn -0.1626 0.4471 0.8796
vn 0.3122 0.4305 0.8469
vn 0.6265 0.3532 0.6948
vn 0.7771 0.2852 0.5611
vn 0.8476 0.2405 0.4731
vn 0.8820 0.2136 0.4201
vn 0.8981 0.1993 0.3920
vn 0.9029 0.1948 0.3832
vn -0.8993 0.2137 0.3817
vn -0.8943 0.2185 0.3904
vn -0.8777 0.2341 0.4181
vn -0.8424 0.2632 0.4702
vn -0.7704 0.3114 0.5563
vn -0.6183 0.3839 0.6858
vn -0.3062 0.4650 0.8307
vn 0.1592 0.4823 0.8614
vn 0.5362 0.4123 0.7365
vn 0.7319 0.3328 0.5945
vn 0.8239 0.2768 0.4945
vn 0.8686 0.2421 0.4324
vn 0.8903 0.2224 0.3973
vn 0.8987 0.2142 0.3826
vn 0.8971 0.2158 0.3855
vn 0.8849 0.2276 0.4065
vn 0.8570 0.2517 0.4496
vn 0.8004 0.2928 0.5231
vn 0.6823 0.3571 0.6379
vn 0.4327 0.4404 0.7867
vn 0.0000 0.4885 0.8726
vn -0.4327 0.4404 0.7867
vn -0.6823 0.3571 0.6379
vn -0.8004 0.2928 0.5231
vn -0.8570 0.2517 0.4496
vn -0.8849 0.2276 0.4065
vn -0.8971 0.2158 0.3855
vn -0.8987 0.2142 0.3826
vn -0.8903 0.2224 0.3973
vn -0.8686 0.2421 0.4324
vn -0.8239 0.2768 0.4945
vn -0.7319 0.3328 0.5945
vn -0.5362 0.4123 0.7365
vn -0.1592 0.4823 0.8614
vn 0.3062 0.4650 0.8307
vn 0.6183 0.3839 0.6858
vn 0.7704 0.3114 0.5563
vn 0.8424 0.2632 0.4702
vn 0.8777 0.2341 0.4181
vn 0.8943 0.2185 0.3904
vn 0.8993 0.2137 0.3817
vn -0.8964 0.2273 0.3805
vn -0.8914 0.2325 0.3891
vn -0.8744 0.2489 0.4165
vn -0.8384 0.2796 0.4679
vn -0.7653 0.3302 0.5526
vn -0.6121 0.4056 0.6788
vn -0.3017 0.4891 0.8184
vn 0.1567 0.5066 0.8478
vn 0.5300 0.4350 0.7279
vn 0.7264 0.3526 0.5900
vn 0.8195 0.2939 0.4919
vn 0.8651 0.2573 0.4306
vn 0.8873 0.2366 0.3959
vn 0.8959 0.2279 0.3814
vn 0.8942 0.2296 0.3842
vn 0.8817 0.2420 0.4050
vn 0.8533 0.2675 0.4476
vn 0.7957 0.3107 0.5200
vn 0.6764 0.3778 0.6323
vn 0.4270 0.4639 0.7762
vn 0.0000 0.5130 0.8584
vn -0.4270 0.4639 0.7762
vn -0.6764 0.3778 0.6323
vn -0.7957 0.3107 0.5200
vn -0.8533 0.2675 0.4476
vn -0.8817 0.2420 0.4050
vn -0.8942 0.2296 0.3842
vn -0.8959 0.2279 0.3814
vn -0.8873 0.2366 0.3959
vn -0.8651 0.2573 0.4306
vn -0.8195 0.2939 0.4919
vn -0.7264 0.3526 0.5900
vn -0.5300 0.4350 0.7279
vn -0.1567 0.5066 0.8478
vn 0.3017 0.4891 0.8184
vn 0.6121 0.4056 0.6788
vn 0.7653 0.3302 0.5526
vn 0.8384 0.2796 0.4679
vn 0.8744 0.2489 0.4165
vn 0.8914 0.2325 0.3891
vn 0.8964 0.2273 0.3805
vn -0.8946 0.2356 0.3797
vn -0.8895 0.2409 0.3882
vn -0.8723 0.2578 0.4155
vn -0.8358 0.2895 0.4665
vn -0.7620 0.3415 0.5502
vn -0.6082 0.4186 0.6745
vn -0.2989 0.5032 0.8108
vn 0.1552 0.5209 0.8394
vn 0.5261 0.4484 0.7226
vn 0.7228 0.3644 0.5871
vn 0.8168 0.3042 0.4902
vn 0.8628 0.2665 0.4295
vn 0.8853 0.2452 0.3951
vn 0.8941 0.2362 0.3806
vn 0.8924 0.2380 0.3835
vn 0.8797 0.2508 0.4041
vn 0.8509 0.2770 0.4464
vn 0.7927 0.3215 0.5180
vn 0.6726 0.3902 0.6288
vn 0.4234 0.4777 0.7698
vn 0.0000 0.5273 0.8497
vn -0.4234 0.4777 0.7698
vn -0.6726 0.3902 0.6288
vn -0.7927 0.3215 0.5180
vn -0.8509 0.2770 0.4464
vn -0.8797 0.2508 0.4041
vn -0.8924 0.2380 0.3835
vn -0.8941 0.2362 0.3806
vn -0.8853 0.2452 0.3951
vn -0.8628 0.2665 0.4295
vn -0.8168 0.3042 0.4902
vn -0.7228 0.3644 0.5871
vn -0.5261 0.4484 0.7226
vn -0.1552 0.5209 0.8394
vn 0.2989 0.5032 0.8108
vn 0.6082 0.4186 0.6745
vn 0.7620 0.3415 0.5502
vn 0.8358 0.2895 0.4665
vn 0.8723 0.2578 0.4155
vn 0.8895 0.2409 0.3882
vn 0.8946 0.2356 0.3797
vn -0.8940 0.2384 0.3794
vn -0.8889 0.2438 0.3880
vn -0.8716 0.2608 0.4151
vn -0.8349 0.2928 0.4660
vn -0.7609 0.3452 0.5494
vn -0.6068 0.4229 0.6730
vn -0.2979 0.5079 0.8083
vn 0.1546 0.5256 0.8365
vn 0.5248 0.4529 0.7208
vn 0.7216 0.3683 0.5862
vn 0.8158 0.3077 0.4897
vn 0.8621 0.2696 0.4291
vn 0.8847 0.2480 0.3948
vn 0.8934 0.2390 0.3804
vn 0.8917 0.2408 0.3832
vn 0.8790 0.2537 0.4038
vn 0.8501 0.2802 0.4459
vn 0.7916 0.3251 0.5173
vn 0.6713 0.3943 0.6276
vn 0.4222 0.4823 0.7676
vn 0.0000 0.5320 0.8467
vn -0.4222 0.4823 0.7676
vn -0.6713 0.3943 0.6276
vn -0.7916 0.3251 0.5173
vn -0.8501 0.2802 0.4459
vn -0.8790 0.2537 0.4038
vn -0.8917 0.2408 0.3832
vn -0.8934 0.2390 0.3804
vn -0.8847 0.2480 0.3948
vn -0.8621 0.2696 0.4291
vn -0.8158 0.3077 0.4897
vn -0.7216 0.3683 0.5862
vn -0.5248 0.4529 0.7208
vn -0.1546 0.5256 0.8365
vn 0.2979 0.5079 0.8083
vn 0.6068 0.4229 0.6730
vn 0.7609 0.3452 0.5494
vn 0.8349 0.2928 0.4660
vn 0.8716 0.2608 0.4151
vn 0.8889 0.2438 0.3880
vn 0.8940 0.2384 0.3794
vn -0.8946 0.2356 0.3797
vn -0.8895 0.2409 0.3882
vn -0.8723 0.2578 0.4155
vn -0.8358 0.2895 0.4665
vn -0.7620 0.3415 0.5502
vn -0.6082 0.4186 0.6745
vn -0.2989 0.5032 0.8108
vn 0.1552 0.5209 0.8394
vn 0.5261 0.4484 0.7226
vn 0.7228 0.3644 0.5871
vn 0.8168 0.3042 0.4902
vn 0.8628 0.2665 0.4295
vn 0.8853 0.2452 0.3951
vn 0.8941 0.2362 0.3806
vn 0.8924 0.2380 0.3835
vn 0.8797 0.2508 0.4041
vn 0.8509 0.2770 0.4464
vn 0.7927 0.3215 0.5180
vn 0.6726 0.3902 0.6288
vn 0.4234 0.4777 0.7698
vn 0.0000 0.5273 0.8497
vn -0.4234 0.4777 0.7698
vn -0.6726 0.3902 0.6288
vn -0.7927 0.3215 0.5180
vn -0.8509 0.2770 0.4464
vn -0.8797 0.2508 0.4041
vn -0.8924 0.2380 0.3835
vn -0.8941 0.2362 0.3806
vn -0.8853 0.2452 0.3951
vn -0.8628 0.2665 0.4295
vn -0.8168 0.3042 0.4902
vn -0.7228 0.3644 0.5871
vn -0.5261 0.4484 0.7226
vn -0.1552 0.5209 0.8394
vn 0.2989 0.5032 0.8108
vn 0.6082 0.4186 0.6745
vn 0.7620 0.3415 0.5502
vn 0.8358 0.2895 0.4665
vn 0.8723 0.2578 0.4155
vn 0.8895 0.2409 0.3882
vn 0.8946 0.2356 0.3797
vn -0.8964 0.2273 0.3805
vn -0.8914 0.2325 0.3891
vn -0.8744 0.2489 0.4165
vn -0.8384 0.2796 0.4679
vn -0.7653 0.3302 0.5526
vn -0.6121 0.4056 0.6788
vn -0.3017 0.4891 0.8184
vn 0.1567 0.5066 0.8478
vn 0.5300 0.4350 0.7279
vn 0.7264 0.3526 0.5900
vn 0.8195 0.2939 0.4919
vn 0.8651 0.2573 0.4306
vn 0.8873 0.2366 0.3959
vn 0.8959 0.2279 0.3814
vn 0.8942 0.2296 0.3842
vn 0.8817 0.2420 0.4050
vn 0.8533 0.2675 0.4476
vn 0.7957 0.3107 0.5200
vn 0.6764 0.3778 0.6323
vn 0.4270 0.4639 0.7762
vn 0.0000 0.5130 0.8584
vn -0.4270 0.4639 0.7762
vn -0.6764 0.3778 0.6323
vn -0.7957 0.3107 0.5200
vn -0.8533 0.2675 0.4476
vn -0.8817 0.2420 0.4050
vn -0.8942 0.2296 0.3842
vn -0.8959 0.2279 0.3814
vn -0.8873 0.2366 0.3959
vn -0.8651 0.2573 0.4306
vn -0.8195 0.2939 0.4919
vn -0.7264 0.3526 0.5900
vn -0.5300 0.4350 0.7279
vn -0.1567 0.5066 0.8478
vn 0.3017 0.4891 0.8184
vn 0.6121 0.4056 0.6788
vn 0.7653 0.3302 0.5526
vn 0.8384 0.2796 0.4679
vn 0.8744 0.2489 0.4165
vn 0.8914 0.2325 0.3891
vn 0.8964 0.2273 0.3805
vn -0.8993 0.2137 0.3817
vn -0.8943 0.2185 0.3904
vn -0.8777 0.2341 0.4181
vn -0.8424 0.2632 0.4702
vn -0.7704 0.3114 0.5563
vn -0.6183 0.3839 0.6858
vn -0.3062 0.4650 0.8307
vn 0.1592 0.4823 0.8614
vn 0.5362 0.4123 0.7365
vn 0.7319 0.3328 0.5945
vn 0.8239 0.2768 0.4945
vn 0.8686 0.2421 0.4324
vn 0.8903 0.2224 0.3973
vn 0.8987 0.2142 0.3826
vn 0.8971 0.2158 0.3855
vn 0.8849 0.2276 0.4065
vn 0.8570 0.2517 0.4496
vn 0.8004 0.2928 0.5231
vn 0.6823 0.3571 0.6379
vn 0.4327 0.4404 0.7867
vn 0.0000 0.4885 0.8726
vn -0.4327 0.4404 0.7867
vn -0.6823 0.3571 0.6379
vn -0.8004 0.2928 0.5231
vn -0.8570 0.2517 0.4496
vn -0.8849 0.2276 0.4065
vn -0.8971 0.2158 0.3855
vn -0.8987 0.2142 0.3826
vn -0.8903 0.2224 0.3973
vn -0.8686 0.2421 0.4324
vn -0.8239 0.2768 0.4945
vn -0.7319 0.3328 0.5945
vn -0.5362 0.4123 0.7365
vn -0.1592 0.4823 0.8614
vn 0.3062 0.4650 0.8307
vn 0.6183 0.3839 0.6858
vn 0.7704 0.3114 0.5563
vn 0.8424 0.2632 0.4702
vn 0.8777 0.2341 0.4181
vn 0.8943 0.2185 0.3904
vn 0.8993 0.2137 0.3817
vn -0.9029 0.1948 0.3832
vn -0.8981 0.1993 0.3920
vn -0.8820 0.2136 0.4201
vn -0.8476 0.2405 0.4731
vn -0.7771 0.2852 0.5611
vn -0.6265 0.3532 0.6948
vn -0.3122 0.4305 0.8469
vn 0.1626 0.4471 0.8796
vn 0.5444 0.3801 0.7477
vn 0.7392 0.3052 0.6004
vn 0.8295 0.2531 0.4979
vn 0.8731 0.2209 0.4346
vn 0.8942 0.2028 0.3990
vn 0.9024 0.1953 0.3842
vn 0.9008 0.1968 0.3871
vn 0.8889 0.2076 0.4083
vn 0.8618 0.2298 0.4521
vn 0.8065 0.2679 0.5270
vn 0.6901 0.3279 0.6451
vn 0.4403 0.4069 0.8004
vn 0.0000 0.4531 0.8914
vn -0.4403 0.4069 0.8004
vn -0.6901 0.3279 0.6451
vn -0.8065 0.2679 0.5270
vn -0.8618 0.2298 0.4521
vn -0.8889 0.2076 0.4083
vn -0.9008 0.1968 0.3871
vn -0.9024 0.1953 0.3842
vn -0.8942 0.2028 0.3990
vn -0.8731 0.2209 0.4346
vn -0.8295 0.2531 0.4979
vn -0.7392 0.3052 0.6004
vn -0.5444 0.3801 0.7477
vn -0.1626 0.4471 0.8796
vn 0.3122 0.4305 0.8469
vn 0.6265 0.3532 0.6948
vn 0.7771 0.2852 0.5611
vn 0.8476 0.2405 0.4731
vn 0.8820 0.2136 0.4201
vn 0.8981 0.1993 0.3920
vn 0.9029 0.1948 0.3832
vn -0.9070 0.1710 0.3849
vn -0.9024 0.1750 0.3939
vn -0.8868 0.1877 0.4224
vn -0.8534 0.2116 0.4763
vn -0.7846 0.2517 0.5666
vn -0.6359 0.3133 0.7053
vn -0.3192 0.3848 0.8661
vn 0.1666 0.4003 0.9011
vn 0.5540 0.3380 0.7608
vn 0.7474 0.2697 0.6071
vn 0.8358 0.2229 0.5017
vn 0.8782 0.1942 0.4371
vn 0.8986 0.1782 0.4010
vn 0.9065 0.1715 0.3859
vn 0.9050 0.1728 0.3889
vn 0.8935 0.1824 0.4104
vn 0.8673 0.2021 0.4550
vn 0.8134 0.2362 0.5316
vn 0.6990 0.2903 0.6535
vn 0.4491 0.3628 0.8165
vn 0.0000 0.4060 0.9139
vn -0.4491 0.3628 0.8165
vn -0.6990 0.2903 0.6535
vn -0.8134 0.2362 0.5316
vn -0.8673 0.2021 0.4550
vn -0.8935 0.1824 0.4104
vn -0.9050 0.1728 0.3889
vn -0.9065 0.1715 0.3859
vn -0.8986 0.1782 0.4010
vn -0.8782 0.1942 0.4371
vn -0.8358 0.2229 0.5017
vn -0.7474 0.2697 0.6071
vn -0.5540 0.3380 0.7608
vn -0.1666 0.4003 0.9011
vn 0.3192 0.3848 0.8661
vn 0.6359 0.3133 0.7053
vn 0.7846 0.2517 0.5666
vn 0.8534 0.2116 0.4763
vn 0.8868 0.1877 0.4224
vn 0.9024 0.1750 0.3939
vn 0.9070 0.1710 0.3849
vn -0.9111 0.1428 0.3867
vn -0.9067 0.1462 0.3957
vn -0.8916 0.1569 0.4247
vn -0.8594 0.1771 0.4797
vn -0.7924 0.2113 0.5722
vn -0.6458 0.2645 0.7162
vn -0.3268 0.3274 0.8866
vn 0.1709 0.3414 0.9243
vn 0.5640 0.2861 0.7746
vn 0.7560 0.2268 0.6141
vn 0.8423 0.1867 0.5056
vn 0.8833 0.1624 0.4397
vn 0.9030 0.1488 0.4030
vn 0.9106 0.1432 0.3877
vn 0.9092 0.1443 0.3907
vn 0.8981 0.1524 0.4126
vn 0.8728 0.1691 0.4579
vn 0.8205 0.1980 0.5362
vn 0.7083 0.2446 0.6622
vn 0.4585 0.3079 0.8336
vn 0.0000 0.3464 0.9381
vn -0.4585 0.3079 0.8336
vn -0.7083 0.2446 0.6622
vn -0.8205 0.1980 0.5362
vn -0.8728 0.1691 0.4579
vn -0.8981 0.1524 0.4126
vn -0.9092 0.1443 0.3907
vn -0.9106 0.1432 0.3877
vn -0.9030 0.1488 0.4030
vn -0.8833 0.1624 0.4397
vn -0.8423 0.1867 0.5056
vn -0.7560 0.2268 0.6141
vn -0.5640 0.2861 0.7746
vn -0.1709 0.3414 0.9243
vn 0.3268 0.3274 0.8866
vn 0.6458 0.2645 0.7162
vn 0.7924 0.2113 0.5722
vn 0.8594 0.1771 0.4797
vn 0.8916 0.1569 0.4247
vn 0.9067 0.1462 0.3957
vn 0.9111 0.1428 0.3867
vn -0.9149 0.1108 0.3883
vn -0.9106 0.1134 0.3974
vn -0.8961 0.1218 0.4268
vn -0.8649 0.1377 0.4827
vn -0.7997 0.1647 0.5774
vn -0.6551 0.2072 0.7265
vn -0.3341 0.2585 0.9064
vn 0.1750 0.2701 0.9468
vn 0.5736 0.2247 0.7877
vn 0.7639 0.1770 0.6205
vn 0.8483 0.1452 0.5092
vn 0.8881 0.1261 0.4421
vn 0.9071 0.1155 0.4048
vn 0.9144 0.1110 0.3893
vn 0.9130 0.1119 0.3923
vn 0.9023 0.1182 0.4145
vn 0.8779 0.1314 0.4605
vn 0.8271 0.1542 0.5405
vn 0.7170 0.1912 0.6703
vn 0.4676 0.2425 0.8501
vn 0.0000 0.2743 0.9616
vn -0.4676 0.2425 0.8501
vn -0.7170 0.1912 0.6703
vn -0.8271 0.1542 0.5405
vn -0.8779 0.1314 0.4605
vn -0.9023 0.1182 0.4145
vn -0.9130 0.1119 0.3923
vn -0.9144 0.1110 0.3893
vn -0.9071 0.1155 0.4048
vn -0.8881 0.1261 0.4421
vn -0.8483 0.1452 0.5092
vn -0.7639 0.1770 0.6205
vn -0.5736 0.2247 0.7877
vn -0.1750 0.2701 0.9468
vn 0.3341 0.2585 0.9064
vn 0.6551 0.2072 0.7265
vn 0.7997 0.1647 0.5774
vn 0.8649 0.1377 0.4827
vn 0.8961 0.1218 0.4268
vn 0.9106 0.1134 0.3974
vn 0.9149 0.1108 0.3883
vn -0.9179 0.0756 0.3896
vn -0.9138 0.0774 0.3988
vn -0.8997 0.0832 0.4285
vn -0.8693 0.0942 0.4852
vn -0.8056 0.1129 0.5817
vn -0.6628 0.1427 0.7351
vn -0.3402 0.1792 0.9231
vn 0.1786 0.1875 0.9659
vn 0.5815 0.1551 0.7986
vn 0.7704 0.1215 0.6258
vn 0.8532 0.0994 0.5121
vn 0.8919 0.0862 0.4440
vn 0.9104 0.0789 0.4062
vn 0.9174 0.0758 0.3906
vn 0.9161 0.0764 0.3936
vn 0.9057 0.0808 0.4161
vn 0.8820 0.0898 0.4627
vn 0.8324 0.1056 0.5440
vn 0.7242 0.1314 0.6770
vn 0.4751 0.1677 0.8638
vn 0.0000 0.1906 0.9817
vn -0.4751 0.1677 0.8638
vn -0.7242 0.1314 0.6770
vn -0.8324 0.1056 0.5440
vn -0.8820 0.0898 0.4627
vn -0.9057 0.0808 0.4161
vn -0.9161 0.0764 0.3936
vn -0.9174 0.0758 0.3906
vn -0.9104 0.0789 0.4062
vn -0.8919 0.0862 0.4440
vn -0.8532 0.0994 0.5121
vn -0.7704 0.1215 0.6258
vn -0.5815 0.1551 0.7986
vn -0.1786 0.1875 0.9659
vn 0.3402 0.1792 0.9231
vn 0.6628 0.1427 0.7351
vn 0.8056 0.1129 0.5817
vn 0.8693 0.0942 0.4852
vn 0.8997 0.0832 0.4285
vn 0.9138 0.0774 0.3988
vn 0.9179 0.0756 0.3896
vn -0.9198 0.0384 0.3904
vn -0.9158 0.0393 0.3997
vn -0.9020 0.0422 0.4297
vn -0.8722 0.0478 0.4868
vn -0.8094 0.0574 0.5844
vn -0.6679 0.0728 0.7407
vn -0.3444 0.0918 0.9343
vn 0.1809 0.0962 0.9788
vn 0.5868 0.0792 0.8059
vn 0.7747 0.0619 0.6293
vn 0.8563 0.0505 0.5140
vn 0.8944 0.0438 0.4452
vn 0.9125 0.0400 0.4072
vn 0.9194 0.0385 0.3914
vn 0.9181 0.0388 0.3945
vn 0.9079 0.0410 0.4171
vn 0.8846 0.0456 0.4641
vn 0.8359 0.0537 0.5463
vn 0.7289 0.0670 0.6814
vn 0.4802 0.0858 0.8730
vn 0.0000 0.0978 0.9952
vn -0.4802 0.0858 0.8730
vn -0.7289 0.0670 0.6814
vn -0.8359 0.0537 0.5463
vn -0.8846 0.0456 0.4641
vn -0.9079 0.0410 0.4171
vn -0.9181 0.0388 0.3945
vn -0.9194 0.0385 0.3914
vn -0.9125 0.0400 0.4072
vn -0.8944 0.0438 0.4452
vn -0.8563 0.0505 0.5140
vn -0.7747 0.0619 0.6293
vn -0.5868 0.0792 0.8059
vn -0.1809 0.0962 0.9788
vn 0.3444 0.0918 0.9343
vn 0.6679 0.0728 0.7407
vn 0.8094 0.0574 0.5844
vn 0.8722 0.0478 0.4868
vn 0.9020 0.0422 0.4297
vn 0.9158 0.0393 0.3997
vn 0.9198 0.0384 0.3904
vn -0.9205 0.0000 0.3907
vn -0.9165 0.0000 0.4000
vn -0.9028 0.0000 0.4300
vn -0.8732 0.0000 0.4874
vn -0.8107 0.0000 0.5854
vn -0.6697 0.0000 0.7427
vn -0.3458 0.0000 0.9383
vn 0.1818 0.0000 0.9833
vn 0.5886 0.0000 0.8084
vn 0.7762 0.0000 0.6305
vn 0.8574 0.0000 0.5146
vn 0.8952 0.0000 0.4456
vn 0.9132 0.0000 0.4075
vn 0.9201 0.0000 0.3917
vn 0.9188 0.0000 0.3948
vn 0.9087 0.0000 0.4174
vn 0.8855 0.0000 0.4646
vn 0.8371 0.0000 0.5470
vn 0.7305 0.0000 0.6829
vn 0.4819 0.0000 0.8762
vn 0.0000 0.0000 1.0000
vn -0.4819 0.0000 0.8762
vn -0.7305 0.0000 0.6829
vn -0.8371 0.0000 0.5470
vn -0.8855 0.0000 0.4646
vn -0.9087 0.0000 0.4174
vn -0.9188 0.0000 0.3948
vn -0.9201 0.0000 0.3917
vn -0.9132 0.0000 0.4075
vn -0.8952 0.0000 0.4456
vn -0.8574 0.0000 0.5146
vn -0.7762 0.0000 0.6305
vn -0.5886 0.0000 0.8084
vn -0.1818 0.0000 0.9833
vn 0.3458 0.0000 0.9383
vn 0.6697 0.0000 0.7427
vn 0.8107 0.0000 0.5854
vn 0.8732 0.0000 0.4874
vn 0.9028 0.0000 0.4300
vn 0.9165 0.0000 0.4000
vn 0.9205 0.0000 0.3907
vn -0.9198 -0.0384 0.3904
vn -0.9158 -0.0393 0.3997
vn -0.9020 -0.0422 0.4297
vn -0.8722 -0.0478 0.4868
vn -0.8094 -0.0574 0.5844
vn -0.6679 -0.0728 0.7407
vn -0.3444 -0.0918 0.9343
vn 0.1809 -0.0962 0.9788
vn 0.5868 -0.0792 0.8059
vn 0.7747 -0.0619 0.6293
vn 0.8563 -0.0505 0.5140
vn 0.8944 -0.0438 0.4452
vn 0.9125 -0.0400 0.4072
vn 0.9194 -0.0385 0.3914
vn 0.9181 -0.0388 0.3945
vn 0.9079 -0.0410 0.4171
vn 0.8846 -0.0456 0.4641
vn 0.8359 -0.0537 0.5463
vn 0.7289 -0.0670 0.6814
vn 0.4802 -0.0858 0.8730
vn 0.0000 -0.0978 0.9952
vn -0.4802 -0.0858 0.8730
vn -0.7289 -0.0670 0.6814
vn -0.8359 -0.0537 0.5463
vn -0.8846 -0.0456 0.4641
vn -0.9079 -0.0410 0.4171
vn -0.9181 -0.0388 0.3945
vn -0.9194 -0.0385 0.3914
vn -0.9125 -0.0400 0.4072
vn -0.8944 -0.0438 0.4452
vn -0.8563 -0.0505 0.5140
vn -0.7747 -0.0619 0.6293
vn -0.5868 -0.0792 0.8059
vn -0.1809 -0.0962 0.9788
vn 0.3444 -0.0918 0.9343
vn 0.6679 -0.0728 0.7407
vn 0.8094 -0.0574 0.5844
vn 0.8722 -0.0478 0.4868
vn 0.9020 -0.0422 0.4297
vn 0.9158 -0.0393 0.3997
vn 0.9198 -0.0384 0.3904
vn -0.9179 -0.0756 0.3896
vn -0.9138 -0.0774 0.3988
vn -0.8997 -0.0832 0.4285
vn -0.8693 -0.0942 0.4852
vn -0.8056 -0.1129 0.5817
vn -0.6628 -0.1427 0.7351
vn -0.3402 -0.1792 0.9231
vn 0.1786 -0.1875 0.9659
vn 0.5815 -0.1551 0.7986
vn 0.7704 -0.1215 0.6258
vn 0.8532 -0.0994 0.5121
vn 0.8919 -0.0862 0.4440
vn 0.9104 -0.0789 0.4062
vn 0.9174 -0.0758 0.3906
vn 0.9161 -0.0764 0.3936
vn 0.9057 -0.0808 0.4161
vn 0.8820 -0.0898 0.4627
vn 0.8324 -0.1056 0.5440
vn 0.7242 -0.1314 0.6770
vn 0.4751 -0.1677 0.8638
vn 0.0000 -0.1906 0.9817
vn -0.4751 -0.1677 0.8638
vn -0.7242 -0.1314 0.6770
vn -0.8324 -0.1056 0.5440
vn -0.8820 -0.0898 0.4627
vn -0.9057 -0.0808 0.4161
vn -0.9161 -0.0764 0.3936
vn -0.9174 -0.0758 0.3906
vn -0.9104 -0.0789 0.4062
vn -0.8919 -0.0862 0.4440
vn -0.8532 -0.0994 0.5121
vn -0.7704 -0.1215 0.6258
vn -0.5815 -0.1551 0.7986
vn -0.1786 -0.1875 0.9659
vn 0.3402 -0.1792 0.9231
vn 0.6628 -0.1427 0.7351
vn 0.8056 -0.1129 0.5817
vn 0.8693 -0.0942 0.4852
vn 0.8997 -0.0832 0.4285
vn 0.9138 -0.0774 0.3988
vn 0.9179 -0.0756 0.3896
vn -0.9149 -0.1108 0.3883
vn -0.9106 -0.1134 0.3974
vn -0.8961 -0.1218 0.4268
vn -0.8649 -0.1377 0.4827
vn -0.7997 -0.1647 0.5774
vn -0.6551 -0.2072 0.7265
vn -0.3341 -0.2585 0.9064
vn 0.1750 -0.2701 0.9468
vn 0.5736 -0.2247 0.7877
vn 0.7639 -0.1770 0.6205
vn 0.8483 -0.1452 0.5092
vn 0.8881 -0.1261 0.4421
vn 0.9071 -0.1155 0.4048
vn 0.9144 -0.1110 0.3893
vn 0.9130 -0.1119 0.3923
vn 0.9023 -0.1182 0.4145
vn 0.8779 -0.1314 0.4605
vn 0.8271 -0.1542 0.5405
vn 0.7170 -0.1912 0.6703
vn 0.4676 -0.2425 0.8501
vn 0.0000 -0.2743 0.9616
vn -0.4676 -0.2425 0.8501
vn -0.7170 -0.1912 0.6703
vn -0.8271 -0.1542 0.5405
vn -0.8779 -0.1314 0.4605
vn -0.9023 -0.1182 0.4145
vn -0.9130 -0.1119 0.3923
vn -0.9144 -0.1110 0.3893
vn -0.9071 -0.1155 0.4048
vn -0.8881 -0.1261 0.4421
vn -0.8483 -0.1452 0.5092
vn -0.7639 -0.1770 0.6205
vn -0.5736 -0.2247 0.7877
vn -0.1750 -0.2701 0.9468
vn 0.3341 -0.2585 0.9064
vn 0.6551 -0.2072 0.7265
vn 0.7997 -0.1647 0.5774
vn 0.8649 -0.1377 0.4827
vn 0.8961 -0.1218 0.4268
vn 0.9106 -0.1134 0.3974
vn 0.9149 -0.1108 0.3883
vn -0.9111 -0.1428 0.3867
vn -0.9067 -0.1462 0.3957
vn -0.8916 -0.1569 0.4247
vn -0.8594 -0.1771 0.4797
vn -0.7924 -0.2113 0.5722
vn -0.6458 -0.2645 0.7162
vn -0.3268 -0.3274 0.8866
vn 0.1709 -0.3414 0.9243
vn 0.5640 -0.2861 0.7746
vn 0.7560 -0.2268 0.6141
vn 0.8423 -0.1867 0.5056
vn 0.8833 -0.1624 0.4397
vn 0.9030 -0.1488 0.4030
vn 0.9106 -0.1432 0.3877
vn 0.9092 -0.1443 0.3907
vn 0.8981 -0.1524 0.4126
vn 0.8728 -0.1691 0.4579
vn 0.8205 -0.1980 0.5362
vn 0.7083 -0.2446 0.6622
vn 0.4585 -0.3079 0.8336
vn 0.0000 -0.3464 0.9381
vn -0.4585 -0.3079 0.8336
vn -0.7083 -0.2446 0.6622
vn -0.8205 -0.1980 0.5362
vn -0.8728 -0.1691 0.4579
vn -0.8981 -0.1524 0.4126
vn -0.9092 -0.1443 0.3907
vn -0.9106 -0.1432 0.3877
vn -0.9030 -0.1488 0.4030
vn -0.8833 -0.1624 0.4397
vn -0.8423 -0.1867 0.5056
vn -0.7560 -0.2268 0.6141
vn -0.5640 -0.2861 0.7746
vn -0.1709 -0.3414 0.9243
vn 0.3268 -0.3274 0.8866
vn 0.6458 -0.2645 0.7162
vn 0.7924 -0.2113 0.5722
vn 0.8594 -0.1771 0.4797
vn 0.8916 -0.1569 0.4247
vn 0.9067 -0.1462 0.3957
vn 0.9111 -0.1428 0.3867
vn -0.9070 -0.1710 0.3849
vn -0.9024 -0.1750 0.3939
vn -0.8868 -0.1877 0.4224
vn -0.8534 -0.2116 0.4763
vn -0.7846 -0.2517 0.5666
vn -0.6359 -0.3133 0.7053
vn -0.3192 -0.3848 0.8661
vn 0.1666 -0.4003 0.9011
vn 0.5540 -0.3380 0.7608
vn 0.7474 -0.2697 0.6071
vn 0.8358 -0.2229 0.5017
vn 0.8782 -0.1942 0.4371
vn 0.8986 -0.1782 0.4010
vn 0.9065 -0.1715 0.3859
vn 0.9050 -0.1728 0.3889
vn 0.8935 -0.1824 0.4104
vn 0.8673 -0.2021 0.4550
vn 0.8134 -0.2362 0.5316
vn 0.6990 -0.2903 0.6535
vn 0.4491 -0.3628 0.8165
vn 0.0000 -0.4060 0.9139
vn -0.4491 -0.3628 0.8165
vn -0.6990 -0.2903 0.6535
vn -0.8134 -0.2362 0.5316
vn -0.8673 -0.2021 0.4550
vn -0.8935 -0.1824 0.4104
vn -0.9050 -0.1728 0.3889
vn -0.9065 -0.1715 0.3859
vn -0.8986 -0.1782 0.4010
vn -0.8782 -0.1942 0.4371
vn -0.8358 -0.2229 0.5017
vn -0.7474 -0.2697 0.6071
vn -0.5540 -0.3380 0.7608
vn -0.1666 -0.4003 0.9011
vn 0.3192 -0.3848 0.8661
vn 0.6359 -0.3133 0.7053
vn 0.7846 -0.2517 0.5666
vn 0.8534 -0.2116 0.4763
vn 0.8868 -0.1877 0.4224
vn 0.9024 -0.1750 0.3939
vn 0.9070 -0.1710 0.3849
vn -0.9029 -0.1948 0.3832
vn -0.8981 -0.1993 0.3920
vn -0.8820 -0.2136 0.4201
vn -0.8476 -0.2405 0.4731
vn -0.7771 -0.2852 0.5611
vn -0.6265 -0.3532 0.6948
vn -0.3122 -0.4305 0.8469
vn 0.1626 -0.4471 0.8796
vn 0.5444 -0.3801 0.7477
vn 0.7392 -0.3052 0.6004
vn 0.8295 -0.2531 0.4979
vn 0.8731 -0.2209 0.4346
vn 0.8942 -0.2028 0.3990
vn 0.9024 -0.1953 0.3842
vn 0.9008 -0.1968 0.3871
vn 0.8889 -0.2076 0.4083
vn 0.8618 -0.2298 0.4521
vn 0.8065 -0.2679 0.5270
vn 0.6901 -0.3279 0.6451
vn 0.4403 -0.4069 0.8004
vn 0.0000 -0.4531 0.8914
vn -0.4403 -0.4069 0.8004
vn -0.6901 -0.3279 0.6451
vn -0.8065 -0.2679 0.5270
vn -0.8618 -0.2298 0.4521
vn -0.8889 -0.2076 0.4083
vn -0.9008 -0.1968 0.3871
vn -0.9024 -0.1953 0.3842
vn -0.8942 -0.2028 0.3990
vn -0.8731 -0.2209 0.4346
vn -0.8295 -0.2531 0.4979
vn -0.7392 -0.3052 0.6004
vn -0.5444 -0.3801 0.7477
vn -0.1626 -0.4471 0.8796
vn 0.3122 -0.4305 0.8469
vn 0.6265 -0.3532 0.6948
vn 0.7771 -0.2852 0.5611
vn 0.8476 -0.2405 0.4731
vn 0.8820 -0.2136 0.4201
vn 0.8981 -0.1993 0.3920
vn 0.9029 -0.1948 0.3832
vn -0.8993 -0.2137 0.3817
vn -0.8943 -0.2185 0.3904
vn -0.8777 -0.2341 0.4181
vn -0.8424 -0.2632 0.4702
vn -0.7704 -0.3114 0.5563
vn -0.6183 -0.3839 0.6858
vn -0.3062 -0.4650 0.8307
vn 0.1592 -0.4823 0.8614
vn 0.5362 -0.4123 0.7365
vn 0.7319 -0.3328 0.5945
vn 0.8239 -0.2768 0.4945
vn 0.8686 -0.2421 0.4324
vn 0.8903 -0.2224 0.3973
vn 0.8987 -0.2142 0.3826
vn 0.8971 -0.2158 0.3855
vn 0.8849 -0.2276 0.4065
vn 0.8570 -0.2517 0.4496
vn 0.8004 -0.2928 0.5231
vn 0.6823 -0.3571 0.6379
vn 0.4327 -0.4404 0.7867
vn 0.0000 -0.4885 0.8726
vn -0.4327 -0.4404 0.7867
vn -0.6823 -0.3571 0.6379
vn -0.8004 -0.2928 0.5231
vn -0.8570 -0.2517 0.4496
vn -0.8849 -0.2276 0.4065
vn -0.8971 -0.2158 0.3855
vn -0.8987 -0.2142 0.3826
vn -0.8903 -0.2224 0.3973
vn -0.8686 -0.2421 0.4324
vn -0.8239 -0.2768 0.4945
vn -0.7319 -0.3328 0.5945
vn -0.5362 -0.4123 0.7365
vn -0.1592 -0.4823 0.8614
vn 0.3062 -0.4650 0.8307
vn 0.6183 -0.3839 0.6858
vn 0.7704 -0.3114 0.5563
vn 0.8424 -0.2632 0.4702
vn 0.8777 -0.2341 0.4181
vn 0.8943 -0.2185 0.3904
vn 0.8993 -0.2137 0.3817
vn -0.8964 -0.2273 0.3805
vn -0.8914 -0.2325 0.3891
vn -0.8744 -0.2489 0.4165
vn -0.8384 -0.2796 0.4679
vn -0.7653 -0.3302 0.5526
vn -0.6121 -0.4056 0.6788
vn -0.3017 -0.4891 0.8184
vn 0.1567 -0.5066 0.8478
vn 0.5300 -0.4350 0.7279
vn 0.7264 -0.3526 0.5900
vn 0.8195 -0.2939 0.4919
vn 0.8651 -0.2573 0.4306
vn 0.8873 -0.2366 0.3959
vn 0.8959 -0.2279 0.3814
vn 0.8942 -0.2296 0.3842
vn 0.8817 -0.2420 0.4050
vn 0.8533 -0.2675 0.4476
vn 0.7957 -0.3107 0.5200
vn 0.6764 -0.3778 0.6323
vn 0.4270 -0.4639 0.7762
vn 0.0000 -0.5130 0.8584
vn -0.4270 -0.4639 0.7762
vn -0.6764 -0.3778 0.6323
vn -0.7957 -0.3107 0.5200
vn -0.8533 -0.2675 0.4476
vn -0.8817 -0.2420 0.4050
vn -0.8942 -0.2296 0.3842
vn -0.8959 -0.2279 0.3814
vn -0.8873 -0.2366 0.3959
vn -0.8651 -0.2573 0.4306
vn -0.8195 -0.2939 0.4919
vn -0.7264 -0.3526 0.5900
vn -0.5300 -0.4350 0.7279
vn -0.1567 -0.5066 0.8478
vn 0.3017 -0.4891 0.8184
vn 0.6121 -0.4056 0.6788
vn 0.7653 -0.3302 0.5526
vn 0.8384 -0.2796 0.4679
vn 0.8744 -0.2489 0.4165
vn 0.8914 -0.2325 0.3891
vn 0.8964 -0.2273 0.3805
vn -0.8946 -0.2356 0.3797
vn -0.8895 -0.2409 0.3882
vn -0.8723 -0.2578 0.4155
vn -0.8358 -0.2895 0.4665
vn -0.7620 -0.3415 0.5502
vn -0.6082 -0.4186 0.6745
vn -0.2989 -0.5032 0.8108
vn 0.1552 -0.5209 0.8394
vn 0.5261 -0.4484 0.7226
vn 0.7228 -0.3644 0.5871
vn 0.8168 -0.3042 0.4902
vn 0.8628 -0.2665 0.4295
vn 0.8853 -0.2452 0.3951
vn 0.8941 -0.2362 0.3806
vn 0.8924 -0.2380 0.3835
vn 0.8797 -0.2508 0.4041
vn 0.8509 -0.2770 0.4464
vn 0.7927 -0.3215 0.5180
vn 0.6726 -0.3902 0.6288
vn 0.4234 -0.4777 0.7698
vn 0.0000 -0.5273 0.8497
vn -0.4234 -0.4777 0.7698
vn -0.6726 -0.3902 0.6288
vn -0.7927 -0.3215 0.5180
vn -0.8509 -0.2770 0.4464
vn -0.8797 -0.2508 0.4041
vn -0.8924 -0.2380 0.3835
vn -0.8941 -0.2362 0.3806
vn -0.8853 -0.2452 0.3951
vn -0.8628 -0.2665 0.4295
vn -0.8168 -0.3042 0.4902
vn -0.7228 -0.3644 0.5871
vn -0.5261 -0.4484 0.7226
vn -0.1552 -0.5209 0.8394
vn 0.2989 -0.5032 0.8108
vn 0.6082 -0.4186 0.6745
vn 0.7620 -0.3415 0.5502
vn 0.8358 -0.2895 0.4665
vn 0.8723 -0.2578 0.4155
vn 0.8895 -0.2409 0.3882
vn 0.8946 -0.2356 0.3797
vn -0.8940 -0.2384 0.3794
vn -0.8889 -0.2438 0.3880
vn -0.8716 -0.2608 0.4151
vn -0.8349 -0.2928 0.4660
vn -0.7609 -0.3452 0.5494
vn -0.6068 -0.4229 0.6730
vn -0.2979 -0.5079 0.8083
vn 0.1546 -0.5256 0.8365
vn 0.5248 -0.4529 0.7208
vn 0.7216 -0.3683 0.5862
vn 0.8158 -0.3077 0.4897
vn 0.8621 -0.2696 0.4291
vn 0.8847 -0.2480 0.3948
vn 0.8934 -0.2390 0.3804
vn 0.8917 -0.2408 0.3832
vn 0.8790 -0.2537 0.4038
vn 0.8501 -0.2802 0.4459
vn 0.7916 -0.3251 0.5173
vn 0.6713 -0.3943 0.6276
vn 0.4222 -0.4823 0.7676
vn 0.0000 -0.5320 0.8467
vn -0.4222 -0.4823 0.7676
vn -0.6713 -0.3943 0.6276
vn -0.7916 -0.3251 0.5173
vn -0.8501 -0.2802 0.4459
vn -0.8790 -0.2537 0.4038
vn -0.8917 -0.2408 0.3832
vn -0.8934 -0.2390 0.3804
vn -0.8847 -0.2480 0.3948
vn -0.8621 -0.2696 0.4291
vn -0.8158 -0.3077 0.4897
vn -0.7216 -0.3683 0.5862
vn -0.5248 -0.4529 0.7208
vn -0.1546 -0.5256 0.8365
vn 0.2979 -0.5079 0.8083
vn 0.6068 -0.4229 0.6730
vn 0.7609 -0.3452 0.5494
vn 0.8349 -0.2928 0.4660
vn 0.8716 -0.2608 0.4151
vn 0.8889 -0.2438 0.3880
vn 0.8940 -0.2384 0.3794
vn -0.8946 -0.2356 0.3797
vn -0.8895 -0.2409 0.3882
vn -0.8723 -0.2578 0.4155
vn -0.8358 -0.2895 0.4665
vn -0.7620 -0.3415 0.5502
vn -0.6082 -0.4186 0.6745
vn -0.2989 -0.5032 0.8108
vn 0.1552 -0.5209 0.8394
vn 0.5261 -0.4484 0.7226
vn 0.7228 -0.3644 0.5871
vn 0.8168 -0.3042 0.4902
vn 0.8628 -0.2665 0.4295
vn 0.8853 -0.2452 0.3951
vn 0.8941 -0.2362 0.3806
vn 0.8924 -0.2380 0.3835
vn 0.8797 -0.2508 0.4041
vn 0.8509 -0.2770 0.4464
vn 0.7927 -0.3215 0.5180
vn 0.6726 -0.3902 0.6288
vn 0.4234 -0.4777 0.7698
vn 0.0000 -0.5273 0.8497
vn -0.4234 -0.4777 0.7698
vn -0.6726 -0.3902 0.6288
vn -0.7927 -0.3215 0.5180
vn -0.8509 -0.2770 0.4464
vn -0.8797 -0.2508 0.4041
vn -0.8924 -0.2380 0.3835
vn -0.8941 -0.2362 0.3806
vn -0.8853 -0.2452 0.3951
vn -0.8628 -0.2665 0.4295
vn -0.8168 -0.3042 0.4902
vn -0.7228 -0.3644 0.5871
vn -0.5261 -0.4484 0.7226
vn -0.1552 -0.5209 0.8394
vn 0.2989 -0.5032 0.8108
vn 0.6082 -0.4186 0.6745
vn 0.7620 -0.3415 0.5502
vn 0.8358 -0.2895 0.4665
vn 0.8723 -0.2578 0.4155
vn 0.8895 -0.2409 0.3882
vn 0.8946 -0.2356 0.3797
vn -0.8964 -0.2273 0.3805
vn -0.8914 -0.2325 0.3891
vn -0.8744 -0.2489 0.4165
vn -0.8384 -0.2796 0.4679
vn -0.7653 -0.3302 0.5526
vn -0.6121 -0.4056 0.6788
vn -0.3017 -0.4891 0.8184
vn 0.1567 -0.5066 0.8478
vn 0.5300 -0.4350 0.7279
vn 0.7264 -0.3526 0.5900
vn 0.8195 -0.2939 0.4919
vn 0.8651 -0.2573 0.4306
vn 0.8873 -0.2366 0.3959
vn 0.8959 -0.2279 0.3814
vn 0.8942 -0.2296 0.3842
vn 0.8817 -0.2420 0.4050
vn 0.8533 -0.2675 0.4476
vn 0.7957 -0.3107 0.5200
vn 0.6764 -0.3778 0.6323
vn 0.4270 -0.4639 0.7762
vn 0.0000 -0.5130 0.8584
vn -0.4270 -0.4639 0.7762
vn -0.6764 -0.3778 0.6323
vn -0.7957 -0.3107 0.5200
vn -0.8533 -0.2675 0.4476
vn -0.8817 -0.2420 0.4050
vn -0.8942 -0.2296 0.3842
vn -0.8959 -0.2279 0.3814
vn -0.8873 -0.2366 0.3959
vn -0.8651 -0.2573 0.4306
vn -0.8195 -0.2939 0.4919
vn -0.7264 -0.3526 0.5900
vn -0.5300 -0.4350 0.7279
vn -0.1567 -0.5066 0.8478
vn 0.3017 -0.4891 0.8184
vn 0.6121 -0.4056 0.6788
vn 0.7653 -0.3302 0.5526
vn 0.8384 -0.2796 0.4679
vn 0.8744 -0.2489 0.4165
vn 0.8914 -0.2325 0.3891
vn 0.8964 -0.2273 0.3805
vn -0.8993 -0.2137 0.3817
vn -0.8943 -0.2185 0.3904
vn -0.8777 -0.2341 0.4181
vn -0.8424 -0.2632 0.4702
vn -0.7704 -0.3114 0.5563
vn -0.6183 -0.3839 0.6858
vn -0.3062 -0.4650 0.8307
vn 0.1592 -0.4823 0.8614
vn 0.5362 -0.4123 0.7365
vn 0.7319 -0.3328 0.5945
vn 0.8239 -0.2768 0.4945
vn 0.8686 -0.2421 0.4324
vn 0.8903 -0.2224 0.3973
vn 0.8987 -0.2142 0.3826
vn 0.8971 -0.2158 0.3855
vn 0.8849 -0.2276 0.4065
vn 0.8570 -0.2517 0.4496
vn 0.8004 -0.2928 0.5231
vn 0.6823 -0.3571 0.6379
vn 0.4327 -0.4404 0.7867
vn 0.0000 -0.4885 0.8726
vn -0.4327 -0.4404 0.7867
vn -0.6823 -0.3571 0.6379
vn -0.8004 -0.2928 0.5231
vn -0.8570 -0.2517 0.4496
vn -0.8849 -0.2276 0.4065
vn -0.8971 -0.2158 0.3855
vn -0.8987 -0.2142 0.3826
vn -0.8903 -0.2224 0.3973
vn -0.8686 -0.2421 0.4324
vn -0.8239 -0.2768 0.4945
vn -0.7319 -0.3328 0.5945
vn -0.5362 -0.4123 0.7365
vn -0.1592 -0.4823 0.8614
vn 0.3062 -0.4650 0.8307
vn 0.6183 -0.3839 0.6858
vn 0.7704 -0.3114 0.5563
vn 0.8424 -0.2632 0.4702
vn 0.8777 -0.2341 0.4181
vn 0.8943 -0.2185 0.3904
vn 0.8993 -0.2137 0.3817
vn -0.9029 -0.1948 0.3832
vn -0.8981 -0.1993 0.3920
vn -0.8820 -0.2136 0.4201
vn -0.8476 -0.2405 0.4731
vn -0.7771 -0.2852 0.5611
vn -0.6265 -0.3532 0.6948
vn -0.3122 -0.4305 0.8469
vn 0.1626 -0.4471 0.8796
vn 0.5444 -0.3801 0.7477
vn 0.7392 -0.3052 0.6004
vn 0.8295 -0.2531 0.4979
vn 0.8731 -0.2209 0.4346
vn 0.8942 -0.2028 0.3990
vn 0.9024 -0.1953 0.3842
vn 0.9008 -0.1968 0.3871
vn 0.8889 -0.2076 0.4083
vn 0.8618 -0.2298 0.4521
vn 0.8065 -0.2679 0.5270
vn 0.6901 -0.3279 0.6451
vn 0.4403 -0.4069 0.8004
vn 0.0000 -0.4531 0.8914
vn -0.4403 -0.4069 0.8004
vn -0.6901 -0.3279 0.6451
vn -0.8065 -0.2679 0.5270
vn -0.8618 -0.2298 0.4521
vn -0.8889 -0.2076 0.4083
vn -0.9008 -0.1968 0.3871
vn -0.9024 -0.1953 0.3842
vn -0.8942 -0.2028 0.3990
vn -0.8731 -0.2209 0.4346
vn -0.8295 -0.2531 0.4979
vn -0.7392 -0.3052 0.6004
vn -0.5444 -0.3801 0.7477
vn -0.1626 -0.4471 0.8796
vn 0.3122 -0.4305 0.8469
vn 0.6265 -0.3532 0.6948
vn 0.7771 -0.2852 0.5611
vn 0.8476 -0.2405 0.4731
vn 0.8820 -0.2136 0.4201
vn 0.8981 -0.1993 0.3920
vn 0.9029 -0.1948 0.3832
vn -0.9070 -0.1710 0.3849
vn -0.9024 -0.1750 0.3939
vn -0.8868 -0.1877 0.4224
vn -0.8534 -0.2116 0.4763
vn -0.7846 -0.2517 0.5666
vn -0.6359 -0.3133 0.7053
vn -0.3192 -0.3848 0.8661
vn 0.1666 -0.4003 0.9011
vn 0.5540 -0.3380 0.7608
vn 0.7474 -0.2697 0.6071
vn 0.8358 -0.2229 0.5017
vn 0.8782 -0.1942 0.4371
vn 0.8986 -0.1782 0.4010
vn 0.9065 -0.1715 0.3859
vn 0.9050 -0.1728 0.3889
vn 0.8935 -0.1824 0.4104
vn 0.8673 -0.2021 0.4550
vn 0.8134 -0.2362 0.5316
vn 0.6990 -0.2903 0.6535
vn 0.4491 -0.3628 0.8165
vn 0.0000 -0.4060 0.9139
vn -0.4491 -0.3628 0.8165
vn -0.6990 -0.2903 0.6535
vn -0.8134 -0.2362 0.5316
vn -0.8673 -0.2021 0.4550
vn -0.8935 -0.1824 0.4104
vn -0.9050 -0.1728 0.3889
vn -0.9065 -0.1715 0.3859
vn -0.8986 -0.1782 0.4010
vn -0.8782 -0.1942 0.4371
vn -0.8358 -0.2229 0.5017
vn -0.7474 -0.2697 0.6071
vn -0.5540 -0.3380 0.7608
vn -0.1666 -0.4003 0.9011
vn 0.3192 -0.3848 0.8661
vn 0.6359 -0.3133 0.7053
vn 0.7846 -0.2517 0.5666
vn 0.8534 -0.2116 0.4763
vn 0.8868 -0.1877 0.4224
vn 0.9024 -0.1750 0.3939
vn 0.9070 -0.1710 0.3849
vn -0.9111 -0.1428 0.3867
vn -0.9067 -0.1462 0.3957
vn -0.8916 -0.1569 0.4247
vn -0.8594 -0.1771 0.4797
vn -0.7924 -0.2113 0.5722
vn -0.6458 -0.2645 0.7162
vn -0.3268 -0.3274 0.8866
vn 0.1709 -0.3414 0.9243
vn 0.5640 -0.2861 0.7746
vn 0.7560 -0.2268 0.6141
vn 0.8423 -0.1867 0.5056
vn 0.8833 -0.1624 0.4397
vn 0.9030 -0.1488 0.4030
vn 0.9106 -0.1432 0.3877
vn 0.9092 -0.1443 0.3907
vn 0.8981 -0.1524 0.4126
vn 0.8728 -0.1691 0.4579
vn 0.8205 -0.1980 0.5362
vn 0.7083 -0.2446 0.6622
vn 0.4585 -0.3079 0.8336
vn 0.0000 -0.3464 0.9381
vn -0.4585 -0.3079 0.8336
vn -0.7083 -0.2446 0.6622
vn -0.8205 -0.1980 0.5362
vn -0.8728 -0.1691 0.4579
vn -0.8981 -0.1524 0.4126
vn -0.9092 -0.1443 0.3907
vn -0.9106 -0.1432 0.3877
vn -0.9030 -0.1488 0.4030
vn -0.8833 -0.1624 0.4397
vn -0.8423 -0.1867 0.5056
vn -0.7560 -0.2268 0.6141
vn -0.5640 -0.2861 0.7746
vn -0.1709 -0.3414 0.9243
vn 0.3268 -0.3274 0.8866
vn 0.6458 -0.2645 0.7162
vn 0.7924 -0.2113 0.5722
vn 0.8594 -0.1771 0.4797
vn 0.8916 -0.1569 0.4247
vn 0.9067 -0.1462 0.3957
vn 0.9111 -0.1428 0.3867
vn -0.9149 -0.1108 0.3883
vn -0.9106 -0.1134 0.3974
vn -0.8961 -0.1218 0.4268
vn -0.8649 -0.1377 0.4827
vn -0.7997 -0.1647 0.5774
vn -0.6551 -0.2072 0.7265
vn -0.3341 -0.2585 0.9064
vn 0.1750 -0.2701 0.9468
vn 0.5736 -0.2247 0.7877
vn 0.7639 -0.1770 0.6205
vn 0.8483 -0.1452 0.5092
vn 0.8881 -0.1261 0.4421
vn 0.9071 -0.1155 0.4048
vn 0.9144 -0.1110 0.3893
vn 0.9130 -0.1119 0.3923
vn 0.9023 -0.1182 0.4145
vn 0.8779 -0.1314 0.4605
vn 0.8271 -0.1542 0.5405
vn 0.7170 -0.1912 0.6703
vn 0.4676 -0.2425 0.8501
vn 0.0000 -0.2743 0.9616
vn -0.4676 -0.2425 0.8501
vn -0.7170 -0.1912 0.6703
vn -0.8271 -0.1542 0.5405
vn -0.8779 -0.1314 0.4605
vn -0.9023 -0.1182 0.4145
vn -0.9130 -0.1119 0.3923
vn -0.9144 -0.1110 0.3893
vn -0.9071 -0.1155 0.4048
vn -0.8881 -0.1261 0.4421
vn -0.8483 -0.1452 0.5092
vn -0.7639 -0.1770 0.6205
vn -0.5736 -0.2247 0.7877
vn -0.1750 -0.2701 0.9468
vn 0.3341 -0.2585 0.9064
vn 0.6551 -0.2072 0.7265
vn 0.7997 -0.1647 0.5774
vn 0.8649 -0.1377 0.4827
vn 0.8961 -0.1218 0.4268
vn 0.9106 -0.1134 0.3974
vn 0.9149 -0.1108 0.3883
vn -0.9179 -0.0756 0.3896
vn -0.9138 -0.0774 0.3988
vn -0.8997 -0.0832 0.4285
vn -0.8693 -0.0942 0.4852
vn -0.8056 -0.1129 0.5817
vn -0.6628 -0.1427 0.7351
vn -0.3402 -0.1792 0.9231
vn 0.1786 -0.1875 0.9659
vn 0.5815 -0.1551 0.7986
vn 0.7704 -0.1215 0.6258
vn 0.8532 -0.0994 0.5121
vn 0.8919 -0.0862 0.4440
vn 0.9104 -0.0789 0.4062
vn 0.9174 -0.0758 0.3906
vn 0.9161 -0.0764 0.3936
vn 0.9057 -0.0808 0.4161
vn 0.8820 -0.0898 0.4627
vn 0.8324 -0.1056 0.5440
vn 0.7242 -0.1314 0.6770
vn 0.4751 -0.1677 0.8638
vn 0.0000 -0.1906 0.9817
vn -0.4751 -0.1677 0.8638
vn -0.7242 -0.1314 0.6770
vn -0.8324 -0.1056 0.5440
vn -0.8820 -0.0898 0.4627
vn -0.9057 -0.0808 0.4161
vn -0.9161 -0.0764 0.3936
vn -0.9174 -0.0758 0.3906
vn -0.9104 -0.0789 0.4062
vn -0.8919 -0.0862 0.4440
vn -0.8532 -0.0994 0.5121
vn -0.7704 -0.1215 0.6258
vn -0.5815 -0.1551 0.7986
vn -0.1786 -0.1875 0.9659
vn 0.3402 -0.1792 0.9231
vn 0.6628 -0.1427 0.7351
vn 0.8056 -0.1129 0.5817
vn 0.8693 -0.0942 0.4852
vn 0.8997 -0.0832 0.4285
vn 0.9138 -0.0774 0.3988
vn 0.9179 -0.0756 0.3896
vn -0.9198 -0.0384 0.3904
vn -0.9158 -0.0393 0.3997
vn -0.9020 -0.0422 0.4297
vn -0.8722 -0.0478 0.4868
vn -0.8094 -0.0574 0.5844
vn -0.6679 -0.0728 0.7407
vn -0.3444 -0.0918 0.9343
vn 0.1809 -0.0962 0.9788
vn 0.5868 -0.0792 0.8059
vn 0.7747 -0.0619 0.6293
vn 0.8563 -0.0505 0.5140
vn 0.8944 -0.0438 0.4452
vn 0.9125 -0.0400 0.4072
vn 0.9194 -0.0385 0.3914
vn 0.9181 -0.0388 0.3945
vn 0.9079 -0.0410 0.4171
vn 0.8846 -0.0456 0.4641
vn 0.8359 -0.0537 0.5463
vn 0.7289 -0.0670 0.6814
vn 0.4802 -0.0858 0.8730
vn 0.0000 -0.0978 0.9952
vn -0.4802 -0.0858 0.8730
vn -0.7289 -0.0670 0.6814
vn -0.8359 -0.0537 0.5463
vn -0.8846 -0.0456 0.4641
vn -0.9079 -0.0410 0.4171
vn -0.9181 -0.0388 0.3945
vn -0.9194 -0.0385 0.3914
vn -0.9125 -0.0400 0.4072
vn -0.8944 -0.0438 0.4452
vn -0.8563 -0.0505 0.5140
vn -0.7747 -0.0619 0.6293
vn -0.5868 -0.0792 0.8059
vn -0.1809 -0.0962 0.9788
vn 0.3444 -0.0918 0.9343
vn 0.6679 -0.0728 0.7407
vn 0.8094 -0.0574 0.5844
vn 0.8722 -0.0478 0.4868
vn 0.9020 -0.0422 0.4297
vn 0.9158 -0.0393 0.3997
vn 0.9198 -0.0384 0.3904
vn -0.9205 -0.0000 0.3907
vn -0.9165 -0.0000 0.4000
vn -0.9028 -0.0000 0.4300
vn -0.8732 -0.0000 0.4874
vn -0.8107 -0.0000 0.5854
vn -0.6697 -0.0000 0.7427
vn -0.3458 -0.0000 0.9383
vn 0.1818 -0.0000 0.9833
vn 0.5886 -0.0000 0.8084
vn 0.7762 -0.0000 0.6305
vn 0.8574 -0.0000 0.5146
vn 0.8952 -0.0000 0.4456
vn 0.9132 -0.0000 0.4075
vn 0.9201 -0.0000 0.3917
vn 0.9188 -0.0000 0.3948
vn 0.9087 -0.0000 0.4174
vn 0.8855 -0.0000 0.4646
vn 0.8371 -0.0000 0.5470
vn 0.7305 -0.0000 0.6829
vn 0.4819 -0.0000 0.8762
vn 0.0000 -0.0000 1.0000
vn -0.4819 -0.0000 0.8762
vn -0.7305 -0.0000 0.6829
vn -0.8371 -0.0000 0.5470
vn -0.8855 -0.0000 0.4646
vn -0.9087 -0.0000 0.4174
vn -0.9188 -0.0000 0.3948
vn -0.9201 -0.0000 0.3917
vn -0.9132 -0.0000 0.4075
vn -0.8952 -0.0000 0.4456
vn -0.8574 -0.0000 0.5146
vn -0.7762 -0.0000 0.6305
vn -0.5886 -0.0000 0.8084
vn -0.1818 -0.0000 0.9833
vn 0.3458 -0.0000 0.9383
vn 0.6697 -0.0000 0.7427
vn 0.8107 -0.0000 0.5854
vn 0.8732 -0.0000 0.4874
vn 0.9028 -0.0000 0.4300
vn 0.9165 -0.0000 0.4000
vn 0.9205 -0.0000 0.3907
f 1/1/1 42/42/42 43/43/43
f 1/1/1 43/43/43 2/2/2
f 2/2/2 43/43/43 44/44/44
f 2/2/2 44/44/44 3/3/3
f 3/3/3 44/44/44 45/45/45
f 3/3/3 45/45/45 4/4/4
f 4/4/4 45/45/45 46/46/46
f 4/4/4 46/46/46 5/5/5
f 5/5/5 46/46/46 47/47/47
f 5/5/5 47/47/47 6/6/6
f 6/6/6 47/47/47 48/48/48
f 6/6/6 48/48/48 7/7/7
f 7/7/7 48/48/48 49/49/49
f 7/7/7 49/49/49 8/8/8
f 8/8/8 49/49/49 50/50/50
f 8/8/8 50/50/50 9/9/9
f 9/9/9 50/50/50 51/51/51
f 9/9/9 51/51/51 10/10/10
f 10/10/10 51/51/51 52/52/52
f 10/10/10 52/52/52 11/11/11
f 11/11/11 52/52/52 53/53/53
f 11/11/11 53/53/53 12/12/12
f 12/12/12 53/53/53 54/54/54
f 12/12/12 54/54/54 13/13/13
f 13/13/13 54/54/54 55/55/55
f 13/13/13 55/55/55 14/14/14
f 14/14/14 55/55/55 56/56/56
f 14/14/14 56/56/56 15/15/15
f 15/15/15 56/56/56 57/57/57
f 15/15/15 57/57/57 16/16/16
f 16/16/16 57/57/57 58/58/58
f 16/16/16 58/58/58 17/17/17
f 17/17/17 58/58/58 59/59/59
f 17/17/17 59/59/59 18/18/18
f 18/18/18 59/59/59 60/60/60
f 18/18/18 60/60/60 19/19/19
f 19/19/19 60/60/60 61/61/61
f 19/19/19 61/61/61 20/20/20
f 20/20/20 61/61/61 62/62/62
f 20/20/20 62/62/62 21/21/21
f 21/21/21 62/62/62 63/63/63
f 21/21/21 63/63/63 22/22/22
f 22/22/22 63/63/63 64/64/64
f 22/22/22 64/64/64 23/23/23
f 23/23/23 64/64/64 65/65/65
f 23/23/23 65/65/65 24/24/24
f 24/24/24 65/65/65 66/66/66
f 24/24/24 66/66/66 25/25/25
f 25/25/25 66/66/66 67/67/67
f 25/25/25 67/67/67 26/26/26
f 26/26/26 67/67/67 68/68/68
f 26/26/26 68/68/68 27/27/27
f 27/27/27 68/68/68 69/69/69
f 27/27/27 69/69/69 28/28/28
f 28/28/28 69/69/69 70/70/70
f 28/28/28 70/70/70 29/29/29
f 29/29/29 70/70/70 71/71/71
f 29/29/29 71/71/71 30/30/30
f 30/30/30 71/71/71 72/72/72
f 30/30/30 72/72/72 31/31/31
f 31/31/31 72/72/72 73/73/73
f 31/31/31 73/73/73 32/32/32
f 32/32/32 73/73/73 74/74/74
f 32/32/32 74/74/74 33/33/33
f 33/33/33 74/74/74 75/75/75
f 33/33/33 75/75/75 34/34/34
f 34/34/34 75/75/75 76/76/76
f 34/34/34 76/76/76 35/35/35
f 35/35/35 76/76/76 77/77/77
f 35/35/35 77/77/77 36/36/36
f 36/36/36 77/77/77 78/78/78
f 36/36/36 78/78/78 37/37/37
f 37/37/37 78/78/78 79/79/79
f 37/37/37 79/79/79 38/38/38
f 38/38/38 79/79/79 80/80/80
f 38/38/38 80/80/80 39/39/39
f 39/39/39 80/80/80 81/81/81
f 39/39/39 81/81/81 40/40/40
f 40/40/40 81/81/81 82/82/82
f 40/40/40 82/82/82 41/41/41
f 42/42/42 83/83/83 84/84/84
f 42/42/42 84/84/84 43/43/43
f 43/43/43 84/84/84 85/85/85
f 43/43/43 85/85/85 44/44/44
f 44/44/44 85/85/85 86/86/86
f 44/44/44 86/86/86 45/45/45
f 45/45/45 86/86/86 87/87/87
f 45/45/45 87/87/87 46/46/46
f 46/46/46 87/87/87 88/88/88
f 46/46/46 88/88/88 47/47/47
f 47/47/47 88/88/88 89/89/89
f 47/47/47 89/89/89 48/48/48
f 48/48/48 89/89/89 90/90/90
f 48/48/48 90/90/90 49/49/49
f 49/49/49 90/90/90 91/91/91
f 49/49/49 91/91/91 50/50/50
f 50/50/50 91/91/91 92/92/92
f 50/50/50 92/92/92 51/51/51
f 51/51/51 92/92/92 93/93/93
f 51/51/51 93/93/93 52/52/52
f 52/52/52 93/93/93 94/94/94
f 52/52/52 94/94/94 53/53/53
f 53/53/53 94/94/94 95/95/95
f 53/53/53 95/95/95 54/54/54
f 54/54/54 95/95/95 96/96/96
f 54/54/54 96/96/96 55/55/55
f 55/55/55 96/96/96 97/97/97
f 55/55/55 97/97/97 56/56/56
f 56/56/56 97/97/97 98/98/98
f 56/56/56 98/98/98 57/57/57
f 57/57/57 98/98/98 99/99/99
f 57/57/57 99/99/99 58/58/58
f 58/58/58 99/99/99 100/100/100
f 58/58/58 100/100/100 59/59/59
f 59/59/59 100/100/100 101/101/101
f 59/59/59 101/101/101 60/60/60
f 60/60/60 101/101/101 102/102/102
f 60/60/60 102/102/102 61/61/61
f 61/61/61 102/102/102 103/103/103
f 61/61/61 103/103/103 62/62/62
f 62/62/62 103/103/103 104/104/104
f 62/62/62 104/104/104 63/63/63
f 63/63/63 104/104/104 105/105/105
f 63/63/63 105/105/105 64/64/64
f 64/64/64 105/105/105 106/106/106
f 64/64/64 106/106/106 65/65/65
f 65/65/65 106/106/106 107/107/107
f 65/65/65 107/107/107 66/66/66
f 66/66/66 107/107/107 108/108/108
f 66/66/66 108/108/108 67/67/67
f 67/67/67 108/108/108 109/109/109
f 67/67/67 109/109/109 68/68/68
f 68/68/68 109/109/109 110/110/110
f 68/68/68 110/110/110 69/69/69
f 69/69/69 110/110/110 111/111/111
f 69/69/69 111/111/111 70/70/70
f 70/70/70 111/111/111 112/112/112
f 70/70/70 112/112/112 71/71/71
f 71/71/71 112/112/112 113/113/113
f 71/71/71 113/113/113 72/72/72
f 72/72/72 113/113/113 114/114/114
f 72/72/72 114/114/114 73/73/73
f 73/73/73 114/114/114 115/115/115
f 73/73/73 115/115/115 74/74/74
f 74/74/74 115/115/115 116/116/116
f 74/74/74 116/116/116 75/75/75
f 75/75/75 116/116/116 117/117/117
f 75/75/75 117/117/117 76/76/76
f 76/76/76 117/117/117 118/118/118
f 76/76/76 118/118/118 77/77/77
f 77/77/77 118/118/118 119/119/119
f 77/77/77 119/119/119 78/78/78
f 78/78/78 119/119/119 120/120/120
f 78/78/78 120/120/120 79/79/79
f 79/79/79 120/120/120 121/121/121
f 79/79/79 121/121/121 80/80/80
f 80/80/80 121/121/121 122/122/122
f 80/80/80 122/122/122 81/81/81
f 81/81/81 122/122/122 123/123/123
f 81/81/81 123/123/123 82/82/82
f 83/83/83 124/124/124 125/125/125
f 83/83/83 125/125/125 84/84/84
f 84/84/84 125/125/125 126/126/126
f 84/84/84 126/126/126 85/85/85
f 85/85/85 126/126/126 127/127/127
f 85/85/85 127/127/127 86/86/86
f 86/86/86 127/127/127 128/128/128
f 86/86/86 128/128/128 87/87/87
f 87/87/87 128/128/128 129/129/129
f 87/87/87 129/129/129 88/88/88
f 88/88/88 129/129/129 130/130/130
f 88/88/88 130/130/130 89/89/89
f 89/89/89 130/130/130 131/131/131
f 89/89/89 131/131/131 90/90/90
f 90/90/90 131/131/131 132/132/132
f 90/90/90 132/132/132 91/91/91
f 91/91/91 132/132/132 133/133/133
f 91/91/91 133/133/133 92/92/92
f 92/92/92 133/133/133 134/134/134
f 92/92/92 134/134/134 93/93/93
f 93/93/93 134/134/134 135/135/135
f 93/93/93 135/135/135 94/94/94
f 94/94/94 135/135/135 136/136/136
f 94/94/94 136/136/136 95/95/95
f 95/95/95 136/136/136 137/137/137
f 95/95/95 137/137/137 96/96/96
f 96/96/96 137/137/137 138/138/138
f 96/96/96 138/138/138 97/97/97
f 97/97/97 138/138/138 139/139/139
f 97/97/97 139/139/139 98/98/98
f 98/98/98 139/139/139 140/140/140
f 98/98/98 140/140/140 99/99/99
f 99/99/99 140/140/140 141/141/141
f 99/99/99 141/141/141 100/100/100
f 100/100/100 141/141/141 142/142/142
f 100/100/100 142/142/142 101/101/101
f 101/101/101 142/142/142 143/143/143
f 101/101/101 143/143/143 102/102/102
f 102/102/102 143/143/143 144/144/144
f 102/102/102 144/144/144 103/103/103
f 103/103/103 144/144/144 145/145/145
f 103/103/103 145/145/145 104/104/104
f 104/104/104 145/145/145 146/146/146
f 104/104/104 146/146/146 105/105/105
f 105/105/105 146/146/146 147/147/147
f 105/105/105 147/147/147 106/106/106
f 106/106/106 147/147/147 148/148/148
f 106/106/106 148/148/148 107/107/107
f 107/107/107 148/148/148 149/149/149
f 107/107/107 149/149/149 108/108/108
f 108/108/108 149/149/149 150/150/150
f 108/108/108 150/150/150 109/109/109
f 109/109/109 150/150/150 151/151/151
f 109/109/109 151/151/151 110/110/110
f 110/110/110 151/151/151 152/152/152
f 110/110/110 152/152/152 111/111/111
f 111/111/111 152/152/152 153/153/153
f 111/111/111 153/153/153 112/112/112
f 112/112/112 153/153/153 154/154/154
f 112/112/112 154/154/154 113/113/113
f 113/113/113 154/154/154 155/155/155
f 113/113/113 155/155/155 114/114/114
f 114/114/114 155/155/155 156/156/156
f 114/114/114 156/156/156 115/115/115
f 115/115/115 156/156/156 157/157/157
f 115/115/115 157/157/157 116/116/116
f 116/116/116 157/157/157 158/158/158
f 116/116/116 158/158/158 117/117/117
f 117/117/117 158/158/158 159/159/159
f 117/117/117 159/159/159 118/118/118
f 118/118/118 159/159/159 160/160/160
f 118/118/118 160/160/160 119/119/119
f 119/119/119 160/160/160 161/161/161
f 119/119/119 161/161/161 120/120/120
f 120/120/120 161/161/161 162/162/162
f 120/120/120 162/162/162 121/121/121
f 121/121/121 162/162/162 163/163/163
f 121/121/121 163/163/163 122/122/122
f 122/122/122 163/163/163 164/164/164
f 122/122/122 164/164/164 123/123/123
f 124/124/124 165/165/165 166/166/166
f 124/124/124 166/166/166 125/125/125
f 125/125/125 166/166/166 167/167/167
f 125/125/125 167/167/167 126/126/126
f 126/126/126 167/167/167 168/168/168
f 126/126/126 168/168/168 127/127/127
f 127/127/127 168/168/168 169/169/169
f 127/127/127 169/169/169 128/128/128
f 128/128/128 169/169/169 170/170/170
f 128/128/128 170/170/170 129/129/129
f 129/129/129 170/170/170 171/171/171
f 129/129/129 171/171/171 130/130/130
f 130/130/130 171/171/171 172/172/172
f 130/130/130 172/172/172 131/131/131
f 131/131/131 172/172/172 173/173/173
f 131/131/131 173/173/173 132/132/132
f 132/132/132 173/173/173 174/174/174
f 132/132/132 174/174/174 133/133/133
f 133/133/133 174/174/174 175/175/175
f 133/133/133 175/175/175 134/134/134
f 134/134/134 175/175/175 176/176/176
f 134/134/134 176/176/176 135/135/135
f 135/135/135 176/176/176 177/177/177
f 135/135/135 177/177/177 136/136/136
f 136/136/136 177/177/177 178/178/178
f 136/136/136 178/178/178 137/137/137
f 137/137/137 178/178/178 179/179/179
f 137/137/137 179/179/179 138/138/138
f 138/138/138 179/179/179 180/180/180
f 138/138/138 180/180/180 139/139/139
f 139/139/139 180/180/180 181/181/181
f 139/139/139 181/181/181 140/140/140
f 140/140/140 181/181/181 182/182/182
f 140/140/140 182/182/182 141/141/141
f 141/141/141 182/182/182 183/183/183
f 141/141/141 183/183/183 142/142/142
f 142/142/142 183/183/183 184/184/184
f 142/142/142 184/184/184 143/143/143
f 143/143/143 184/184/184 185/185/185
f 143/143/143 185/185/185 144/144/144
f 144/144/144 185/185/185 186/186/186
f 144/144/144 186/186/186 145/145/145
f 145/145/145 186/186/186 187/187/187
f 145/145/145 187/187/187 146/146/146
f 146/146/146 187/187/187 188/188/188
f 146/146/146 188/188/188 147/147/147
f 147/147/147 188/188/188 189/189/189
f 147/147/147 189/189/189 148/148/148
f 148/148/148 189/189/189 190/190/190
f 148/148/148 190/190/190 149/149/149
f 149/149/149 190/190/190 191/191/191
f 149/149/149 191/191/191 150/150/150
f 150/150/150 191/191/191 192/192/192
f 150/150/150 192/192/192 151/151/151
f 151/151/151 192/192/192 193/193/193
f 151/151/151 193/193/193 152/152/152
f 152/152/152 193/193/193 194/194/194
f 152/152/152 194/194/194 153/153/153
f 153/153/153 194/194/194 195/195/195
f 153/153/153 195/195/195 154/154/154
f 154/154/154 195/195/195 196/196/196
f 154/154/154 196/196/196 155/155/155
f 155/155/155 196/196/196 197/197/197
f 155/155/155 197/197/197 156/156/156
f 156/156/156 197/197/197 198/198/198
f 156/156/156 198/198/198 157/157/157
f 157/157/157 198/198/198 199/199/199
f 157/157/157 199/199/199 158/158/158
f 158/158/158 199/199/199 200/200/200
f 158/158/158 200/200/200 159/159/159
f 159/159/159 200/200/200 201/201/201
f 159/159/159 201/201/201 160/160/160
f 160/160/160 201/201/201 202/202/202
f 160/160/160 202/202/202 161/161/161
f 161/161/161 202/202/202 203/203/203
f 161/161/161 203/203/203 162/162/162
f 162/162/162 203/203/203 204/204/204
f 162/162/162 204/204/204 163/163/163
f 163/163/163 204/204/204 205/205/205
f 163/163/163 205/205/205 164/164/164
f 165/165/165 206/206/206 207/207/207
f 165/165/165 207/207/207 166/166/166
f 166/166/166 207/207/207 208/208/208
f 166/166/166 208/208/208 167/167/167
f 167/167/167 208/208/208 209/209/209
f 167/167/167 209/209/209 168/168/168
f 168/168/168 209/209/209 210/210/210
f 168/168/168 210/210/210 169/169/169
f 169/169/169 210/210/210 211/211/211
f 169/169/169 211/211/211 170/170/170
f 170/170/170 211/211/211 212/212/212
f 170/170/170 212/212/212 171/171/171
f 171/171/171 212/212/212 213/213/213
f 171/171/171 213/213/213 172/172/172
f 172/172/172 213/213/213 214/214/214
f 172/172/172 214/214/214 173/173/173
f 173/173/173 214/214/214 215/215/215
f 173/173/173 215/215/215 174/174/174
f 174/174/174 215/215/215 216/216/216
f 174/174/174 216/216/216 175/175/175
f 175/175/175 216/216/216 217/217/217
f 175/175/175 217/217/217 176/176/176
f 176/176/176 217/217/217 218/218/218
f 176/176/176 218/218/218 177/177/177
f 177/177/177 218/218/218 219/219/219
f 177/177/177 219/219/219 178/178/178
f 178/178/178 219/219/219 220/220/220
f 178/178/178 220/220/220 179/179/179
f 179/179/179 220/220/220 221/221/221
f 179/179/179 221/221/221 180/180/180
f 180/180/180 221/221/221 222/222/222
f 180/180/180 222/222/222 181/181/181
f 181/181/181 222/222/222 223/223/223
f 181/181/181 223/223/223 182/182/182
f 182/182/182 223/223/223 224/224/224
f 182/182/182 224/224/224 183/183/183
f 183/183/183 224/224/224 225/225/225
f 183/183/183 225/225/225 184/184/184
f 184/184/184 225/225/225 226/226/226
f 184/184/184 226/226/226 185/185/185
f 185/185/185 226/226/226 227/227/227
f 185/185/185 227/227/227 186/186/186
f 186/186/186 227/227/227 228/228/228
f 186/186/186 228/228/228 187/187/187
f 187/187/187 228/228/228 229/229/229
f 187/187/187 229/229/229 188/188/188
f 188/188/188 229/229/229 230/230/230
f 188/188/188 230/230/230 189/189/189
f 189/189/189 230/230/230 231/231/231
f 189/189/189 231/231/231 190/190/190
f 190/190/190 231/231/231 232/232/232
f 190/190/190 232/232/232 191/191/191
f 191/191/191 232/232/232 233/233/233
f 191/191/191 233/233/233 192/192/192
f 192/192/192 233/233/233 234/234/234
f 192/192/192 234/234/234 193/193/193
f 193/193/193 234/234/234 235/235/235
f 193/193/193 235/235/235 194/194/194
f 194/194/194 235/235/235 236/236/236
f 194/194/194 236/236/236 195/195/195
f 195/195/195 236/236/236 237/237/237
f 195/195/195 237/237/237 196/196/196
f 196/196/196 237/237/237 238/238/238
f 196/196/196 238/238/238 197/197/197
f 197/197/197 238/238/238 239/239/239
f 197/197/197 239/239/239 198/198/198
f 198/198/198 239/239/239 240/240/240
f 198/198/198 240/240/240 199/199/199
f 199/199/199 240/240/240 241/241/241
f 199/199/199 241/241/241 200/200/200
f 200/200/200 241/241/241 242/242/242
f 200/200/200 242/242/242 201/201/201
f 201/201/201 242/242/242 243/243/243
f 201/201/201 243/243/243 202/202/202
f 202/202/202 243/243/243 244/244/244
f 202/202/202 244/244/244 203/203/203
f 203/203/203 244/244/244 245/245/245
f 203/203/203 245/245/245 204/204/204
f 204/204/204 245/245/245 246/246/246
f 204/204/204 246/246/246 205/205/205
f 206/206/206 247/247/247 248/248/248
f 206/206/206 248/248/248 207/207/207
f 207/207/207 248/248/248 249/249/249
f 207/207/207 249/249/249 208/208/208
f 208/208/208 249/249/249 250/250/250
f 208/208/208 250/250/250 209/209/209
f 209/209/209 250/250/250 251/251/251
f 209/209/209 251/251/251 210/210/210
f 210/210/210 251/251/251 252/252/252
f 210/210/210 252/252/252 211/211/211
f 211/211/211 252/252/252 253/253/253
f 211/211/211 253/253/253 212/212/212
f 212/212/212 253/253/253 254/254/254
f 212/212/212 254/254/254 213/213/213
f 213/213/213 254/254/254 255/255/255
f 213/213/213 255/255/255 214/214/214
f 214/214/214 255/255/255 256/256/256
f 214/214/214 256/256/256 215/215/215
f 215/215/215 256/256/256 257/257/257
f 215/215/215 257/257/257 216/216/216
f 216/216/216 257/257/257 258/258/258
f 216/216/216 258/258/258 217/217/217
f 217/217/217 258/258/258 259/259/259
f 217/217/217 259/259/259 218/218/218
f 218/218/218 259/259/259 260/260/260
f 218/218/218 260/260/260 219/219/219
f 219/219/219 260/260/260 261/261/261
f 219/219/219 261/261/261 220/220/220
f 220/220/220 261/261/261 262/262/262
f 220/220/220 262/262/262 221/221/221
f 221/221/221 262/262/262 263/263/263
f 221/221/221 263/263/263 222/222/222
f 222/222/222 263/263/263 264/264/264
f 222/222/222 264/264/264 223/223/223
f 223/223/223 264/264/264 265/265/265
f 223/223/223 265/265/265 224/224/224
f 224/224/224 265/265/265 266/266/266
f 224/224/224 266/266/266 225/225/225
f 225/225/225 266/266/266 267/267/267
f 225/225/225 267/267/267 226/226/226
f 226/226/226 267/267/267 268/268/268
f 226/226/226 268/268/268 227/227/227
f 227/227/227 268/268/268 269/269/269
f 227/227/227 269/269/269 228/228/228
f 228/228/228 269/269/269 270/270/270
f 228/228/228 270/270/270 229/229/229
f 229/229/229 270/270/270 271/271/271
f 229/229/229 271/271/271 230/230/230
f 230/230/230 271/271/271 272/272/272
f 230/230/230 272/272/272 231/231/231
f 231/231/231 272/272/272 273/273/273
f 231/231/231 273/273/273 232/232/232
f 232/232/232 273/273/273 274/274/274
f 232/232/232 274/274/274 233/233/233
f 233/233/233 274/274/274 275/275/275
f 233/233/233 275/275/275 234/234/234
f 234/234/234 275/275/275 276/276/276
f 234/234/234 276/276/276 235/235/235
f 235/235/235 276/276/276 277/277/277
f 235/235/235 277/277/277 236/236/236
f 236/236/236 277/277/277 278/278/278
f 236/236/236 278/278/278 237/237/237
f 237/237/237 278/278/278 279/279/279
f 237/237/237 279/279/279 238/238/238
f 238/238/238 279/279/279 280/280/280
f 238/238/238 280/280/280 239/239/239
f 239/239/239 280/280/280 281/281/281
f 239/239/239 281/281/281 240/240/240
f 240/240/240 281/281/281 282/282/282
f 240/240/240 282/282/282 241/241/241
f 241/241/241 282/282/282 283/283/283
f 241/241/241 283/283/283 242/242/242
f 242/242/242 283/283/283 284/284/284
f 242/242/242 284/284/284 243/243/243
f 243/243/243 284/284/284 285/285/285
f 243/243/243 285/285/285 244/244/244
f 244/244/244 285/285/285 286/286/286
f 244/244/244 286/286/286 245/245/245
f 245/245/245 286/286/286 287/287/287
f 245/245/245 287/287/287 246/246/246
f 247/247/247 288/288/288 289/289/289
f 247/247/247 289/289/289 248/248/248
f 248/248/248 289/289/289 290/290/290
f 248/248/248 290/290/290 249/249/249
f 249/249/249 290/290/290 291/291/291
f 249/249/249 291/291/291 250/250/250
f 250/250/250 291/291/291 292/292/292
f 250/250/250 292/292/292 251/251/251
f 251/251/251 292/292/292 293/293/293
f 251/251/251 293/293/293 252/252/252
f 252/252/252 293/293/293 294/294/294
f 252/252/252 294/294/294 253/253/253
f 253/253/253 294/294/294 295/295/295
f 253/253/253 295/295/295 254/254/254
f 254/254/254 295/295/295 296/296/296
f 254/254/254 296/296/296 255/255/255
f 255/255/255 296/296/296 297/297/297
f 255/255/255 297/297/297 256/256/256
f 256/256/256 297/297/297 298/298/298
f 256/256/256 298/298/298 257/257/257
f 257/257/257 298/298/298 299/299/299
f 257/257/257 299/299/299 258/258/258
f 258/258/258 299/299/299 300/300/300
f 258/258/258 300/300/300 259/259/259
f 259/259/259 300/300/300 301/301/301
f 259/259/259 301/301/301 260/260/260
f 260/260/260 301/301/301 302/302/302
f 260/260/260 302/302/302 261/261/261
f 261/261/261 302/302/302 303/303/303
f 261/261/261 303/303/303 262/262/262
f 262/262/262 303/303/303 304/304/304
f 262/262/262 304/304/304 263/263/263
f 263/263/263 304/304/304 305/305/305
f 263/263/263 305/305/305 264/264/264
f 264/264/264 305/305/305 306/306/306
f 264/264/264 306/306/306 265/265/265
f 265/265/265 306/306/306 307/307/307
f 265/265/265 307/307/307 266/266/266
f 266/266/266 307/307/307 308/308/308
f 266/266/266 308/308/308 267/267/267
f 267/267/267 308/308/308 309/309/309
f 267/267/267 309/309/309 268/268/268
f 268/268/268 309/309/309 310/310/310
f 268/268/268 310/310/310 269/269/269
f 269/269/269 310/310/310 311/311/311
f 269/269/269 311/311/311 270/270/270
f 270/270/270 311/311/311 312/312/312
f 270/270/270 312/312/312 271/271/271
f 271/271/271 312/312/312 313/313/313
f 271/271/271 313/313/313 272/272/272
f 272/272/272 313/313/313 314/314/314
f 272/272/272 314/314/314 273/273/273
f 273/273/273 314/314/314 315/315/315
f 273/273/273 315/315/315 274/274/274
f 274/274/274 315/315/315 316/316/316
f 274/274/274 316/316/316 275/275/275
f 275/275/275 316/316/316 317/317/317
f 275/275/275 317/317/317 276/276/276
f 276/276/276 317/317/317 318/318/318
f 276/276/276 318/318/318 277/277/277
f 277/277/277 318/318/318 319/319/319
f 277/277/277 319/319/319 278/278/278
f 278/278/278 319/319/319 320/320/320
f 278/278/278 320/320/320 279/279/279
f 279/279/279 320/320/320 321/321/321
f 279/279/279 321/321/321 280/280/280
f 280/280/280 321/321/321 322/322/322
f 280/280/280 322/322/322 281/281/281
f 281/281/281 322/322/322 323/323/323
f 281/281/281 323/323/323 282/282/282
f 282/282/282 323/323/323 324/324/324
f 282/282/282 324/324/324 283/283/283
f 283/283/283 324/324/324 325/325/325
f 283/283/283 325/325/325 284/284/284
f 284/284/284 325/325/325 326/326/326
f 284/284/284 326/326/326 285/285/285
f 285/285/285 326/326/326 327/327/327
f 285/285/285 327/327/327 286/286/286
f 286/286/286 327/327/327 328/328/328
f 286/286/286 328/328/328 287/287/287
f 288/288/288 329/329/329 330/330/330
f 288/288/288 330/330/330 289/289/289
f 289/289/289 330/330/330 331/331/331
f 289/289/289 331/331/331 290/290/290
f 290/290/290 331/331/331 332/332/332
f 290/290/290 332/332/332 291/291/291
f 291/291/291 332/332/332 333/333/333
f 291/291/291 333/333/333 292/292/292
f 292/292/292 333/333/333 334/334/334
f 292/292/292 334/334/334 293/293/293
f 293/293/293 334/334/334 335/335/335
f 293/293/293 335/335/335 294/294/294
f 294/294/294 335/335/335 336/336/336
f 294/294/294 336/336/336 295/295/295
f 295/295/295 336/336/336 337/337/337
f 295/295/295 337/337/337 296/296/296
f 296/296/296 337/337/337 338/338/338
f 296/296/296 338/338/338 297/297/297
f 297/297/297 338/338/338 339/339/339
f 297/297/297 339/339/339 298/298/298
f 298/298/298 339/339/339 340/340/340
f 298/298/298 340/340/340 299/299/299
f 299/299/299 340/340/340 341/341/341
f 299/299/299 341/341/341 300/300/300
f 300/300/300 341/341/341 342/342/342
f 300/300/300 342/342/342 301/301/301
f 301/301/301 342/342/342 343/343/343
f 301/301/301 343/343/343 302/302/302
f 302/302/302 343/343/343 344/344/344
f 302/302/302 344/344/344 303/303/303
f 303/303/303 344/344/344 345/345/345
f 303/303/303 345/345/345 304/304/304
f 304/304/304 345/345/345 346/346/346
f 304/304/304 346/346/346 305/305/305
f 305/305/305 346/346/346 347/347/347
f 305/305/305 347/347/347 306/306/306
f 306/306/306 347/347/347 348/348/348
f 306/306/306 348/348/348 307/307/307
f 307/307/307 348/348/348 349/349/349
f 307/307/307 349/349/349 308/308/308
f 308/308/308 349/349/349 350/350/350
f 308/308/308 350/350/350 309/309/309
f 309/309/309 350/350/350 351/351/351
f 309/309/309 351/351/351 310/310/310
f 310/310/310 351/351/351 352/352/352
f 310/310/310 352/352/352 311/311/311
f 311/311/311 352/352/352 353/353/353
f 311/311/311 353/353/353 312/312/312
f 312/312/312 353/353/353 354/354/354
f 312/312/312 354/354/354 313/313/313
f 313/313/313 354/354/354 355/355/355
f 313/313/313 355/355/355 314/314/314
f 314/314/314 355/355/355 356/356/356
f 314/314/314 356/356/356 315/315/315
f 315/315/315 356/356/356 357/357/357
f 315/315/315 357/357/357 316/316/316
f 316/316/316 357/357/357 358/358/358
f 316/316/316 358/358/358 317/317/317
f 317/317/317 358/358/358 359/359/359
f 317/317/317 359/359/359 318/318/318
f 318/318/318 359/359/359 360/360/360
f 318/318/318 360/360/360 319/319/319
f 319/319/319 360/360/360 361/361/361
f 319/319/319 361/361/361 320/320/320
f 320/320/320 361/361/361 362/362/362
f 320/320/320 362/362/362 321/321/321
f 321/321/321 362/362/362 363/363/363
f 321/321/321 363/363/363 322/322/322
f 322/322/322 363/363/363 364/364/364
f 322/322/322 364/364/364 323/323/323
f 323/323/323 364/364/364 365/365/365
f 323/323/323 365/365/365 324/324/324
f 324/324/324 365/365/365 366/366/366
f 324/324/324 366/366/366 325/325/325
f 325/325/325 366/366/366 367/367/367
f 325/325/325 367/367/367 326/326/326
f 326/326/326 367/367/367 368/368/368
f 326/326/326 368/368/368 327/327/327
f 327/327/327 368/368/368 369/369/369
f 327/327/327 369/369/369 328/328/328
f 329/329/329 370/370/370 371/371/371
f 329/329/329 371/371/371 330/330/330
f 330/330/330 371/371/371 372/372/372
f 330/330/330 372/372/372 331/331/331
f 331/331/331 372/372/372 373/373/373
f 331/331/331 373/373/373 332/332/332
f 332/332/332 373/373/373 374/374/374
f 332/332/332 374/374/374 333/333/333
f 333/333/333 374/374/374 375/375/375
f 333/333/333 375/375/375 334/334/334
f 334/334/334 375/375/375 376/376/376
f 334/334/334 376/376/376 335/335/335
f 335/335/335 376/376/376 377/377/377
f 335/335/335 377/377/377 336/336/336
f 336/336/336 377/377/377 378/378/378
f 336/336/336 378/378/378 337/337/337
f 337/337/337 378/378/378 379/379/379
f 337/337/337 379/379/379 338/338/338
f 338/338/338 379/379/379 380/380/380
f 338/338/338 380/380/380 339/339/339
f 339/339/339 380/380/380 381/381/381
f 339/339/339 381/381/381 340/340/340
f 340/340/340 381/381/381 382/382/382
f 340/340/340 382/382/382 341/341/341
f 341/341/341 382/382/382 383/383/383
f 341/341/341 383/383/383 342/342/342
f 342/342/342 383/383/383 384/384/384
f 342/342/342 384/384/384 343/343/343
f 343/343/343 384/384/384 385/385/385
f 343/343/343 385/385/385 344/344/344
f 344/344/344 385/385/385 386/386/386
f 344/344/344 386/386/386 345/345/345
f 345/345/345 386/386/386 387/387/387
f 345/345/345 387/387/387 346/346/346
f 346/346/346 387/387/387 388/388/388
f 346/346/346 388/388/388 347/347/347
f 347/347/347 388/388/388 389/389/389
f 347/347/347 389/389/389 348/348/348
f 348/348/348 389/389/389 390/390/390
f 348/348/348 390/390/390 349/349/349
f 349/349/349 390/390/390 391/391/391
f 349/349/349 391/391/391 350/350/350
f 350/350/350 391/391/391 392/392/392
f 350/350/350 392/392/392 351/351/351
f 351/351/351 392/392/392 393/393/393
f 351/351/351 393/393/393 352/352/352
f 352/352/352 393/393/393 394/394/394
f 352/352/352 394/394/394 353/353/353
f 353/353/353 394/394/394 395/395/395
f 353/353/353 395/395/395 354/354/354
f 354/354/354 395/395/395 396/396/396
f 354/354/354 396/396/396 355/355/355
f 355/355/355 396/396/396 397/397/397
f 355/355/355 397/397/397 356/356/356
f 356/356/356 397/397/397 398/398/398
f 356/356/356 398/398/398 357/357/357
f 357/357/357 398/398/398 399/399/399
f 357/357/357 399/399/399 358/358/358
f 358/358/358 399/399/399 400/400/400
f 358/358/358 400/400/400 359/359/359
f 359/359/359 400/400/400 401/401/401
f 359/359/359 401/401/401 360/360/360
f 360/360/360 401/401/401 402/402/402
f 360/360/360 402/402/402 361/361/361
f 361/361/361 402/402/402 403/403/403
f 361/361/361 403/403/403 362/362/362
f 362/362/362 403/403/403 404/404/404
f 362/362/362 404/404/404 363/363/363
f 363/363/363 404/404/404 405/405/405
f 363/363/363 405/405/405 364/364/364
f 364/364/364 405/405/405 406/406/406
f 364/364/364 406/406/406 365/365/365
f 365/365/365 406/406/406 407/407/407
f 365/365/365 407/407/407 366/366/366
f 366/366/366 407/407/407 408/408/408
f 366/366/366 408/408/408 367/367/367
f 367/367/367 408/408/408 409/409/409
f 367/367/367 409/409/409 368/368/368
f 368/368/368 409/409/409 410/410/410
f 368/368/368 410/410/410 369/369/369
f 370/370/370 411/411/411 412/412/412
f 370/370/370 412/412/412 371/371/371
f 371/371/371 412/412/412 413/413/413
f 371/371/371 413/413/413 372/372/372
f 372/372/372 413/413/413 414/414/414
f 372/372/372 414/414/414 373/373/373
f 373/373/373 414/414/414 415/415/415
f 373/373/373 415/415/415 374/374/374
f 374/374/374 415/415/415 416/416/416
f 374/374/374 416/416/416 375/375/375
f 375/375/375 416/416/416 417/417/417
f 375/375/375 417/417/417 376/376/376
f 376/376/376 417/417/417 418/418/418
f 376/376/376 418/418/418 377/377/377
f 377/377/377 418/418/418 419/419/419
f 377/377/377 419/419/419 378/378/378
f 378/378/378 419/419/419 420/420/420
f 378/378/378 420/420/420 379/379/379
f 379/379/379 420/420/420 421/421/421
f 379/379/379 421/421/421 380/380/380
f 380/380/380 421/421/421 422/422/422
f 380/380/380 422/422/422 381/381/381
f 381/381/381 422/422/422 423/423/423
f 381/381/381 423/423/423 382/382/382
f 382/382/382 423/423/423 424/424/424
f 382/382/382 424/424/424 383/383/383
f 383/383/383 424/424/424 425/425/425
f 383/383/383 425/425/425 384/384/384
f 384/384/384 425/425/425 426/426/426
f 384/384/384 426/426/426 385/385/385
f 385/385/385 426/426/426 427/427/427
f 385/385/385 427/427/427 386/386/386
f 386/386/386 427/427/427 428/428/428
f 386/386/386 428/428/428 387/387/387
f 387/387/387 428/428/428 429/429/429
f 387/387/387 429/429/429 388/388/388
f 388/388/388 429/429/429 430/430/430
f 388/388/388 430/430/430 389/389/389
f 389/389/389 430/430/430 431/431/431
f 389/389/389 431/431/431 390/390/390
f 390/390/390 431/431/431 432/432/432
f 390/390/390 432/432/432 391/391/391
f 391/391/391 432/432/432 433/433/433
f 391/391/391 433/433/433 392/392/392
f 392/392/392 433/433/433 434/434/434
f 392/392/392 434/434/434 393/393/393
f 393/393/393 434/434/434 435/435/435
f 393/393/393 435/435/435 394/394/394
f 394/394/394 435/435/435 436/436/436
f 394/394/394 436/436/436 395/395/395
f 395/395/395 436/436/436 437/437/437
f 395/395/395 437/437/437 396/396/396
f 396/396/396 437/437/437 438/438/438
f 396/396/396 438/438/438 397/397/397
f 397/397/397 438/438/438 439/439/439
f 397/397/397 439/439/439 398/398/398
f 398/398/398 439/439/439 440/440/440
f 398/398/398 440/440/440 399/399/399
f 399/399/399 440/440/440 441/441/441
f 399/399/399 441/441/441 400/400/400
f 400/400/400 441/441/441 442/442/442
f 400/400/400 442/442/442 401/401/401
f 401/401/401 442/442/442 443/443/443
f 401/401/401 443/443/443 402/402/402
f 402/402/402 443/443/443 444/444/444
f 402/402/402 444/444/444 403/403/403
f 403/403/403 444/444/444 445/445/445
f 403/403/403 445/445/445 404/404/404
f 404/404/404 445/445/445 446/446/446
f 404/404/404 446/446/446 405/405/405
f 405/405/405 446/446/446 447/447/447
f 405/405/405 447/447/447 406/406/406
f 406/406/406 447/447/447 448/448/448
f 406/406/406 448/448/448 407/407/407
f 407/407/407 448/448/448 449/449/449
f 407/407/407 449/449/449 408/408/408
f 408/408/408 449/449/449 450/450/450
f 408/408/408 450/450/450 409/409/409
f 409/409/409 450/450/450 451/451/451
f 409/409/409 451/451/451 410/410/410
f 411/411/411 452/452/452 453/453/453
f 411/411/411 453/453/453 412/412/412
f 412/412/412 453/453/453 454/454/454
f 412/412/412 454/454/454 413/413/413
f 413/413/413 454/454/454 455/455/455
f 413/413/413 455/455/455 414/414/414
f 414/414/414 455/455/455 456/456/456
f 414/414/414 456/456/456 415/415/415
f 415/415/415 456/456/456 457/457/457
f 415/415/415 457/457/457 416/416/416
f 416/416/416 457/457/457 458/458/458
f 416/416/416 458/458/458 417/417/417
f 417/417/417 458/458/458 459/459/459
f 417/417/417 459/459/459 418/418/418
f 418/418/418 459/459/459 460/460/460
f 418/418/418 460/460/460 419/419/419
f 419/419/419 460/460/460 461/461/461
f 419/419/419 461/461/461 420/420/420
f 420/420/420 461/461/461 462/462/462
f 420/420/420 462/462/462 421/421/421
f 421/421/421 462/462/462 463/463/463
f 421/421/421 463/463/463 422/422/422
f 422/422/422 463/463/463 464/464/464
f 422/422/422 464/464/464 423/423/423
f 423/423/423 464/464/464 465/465/465
f 423/423/423 465/465/465 424/424/424
f 424/424/424 465/465/465 466/466/466
f 424/424/424 466/466/466 425/425/425
f 425/425/425 466/466/466 467/467/467
f 425/425/425 467/467/467 426/426/426
f 426/426/426 467/467/467 468/468/468
f 426/426/426 468/468/468 427/427/427
f 427/427/427 468/468/468 469/469/469
f 427/427/427 469/469/469 428/428/428
f 428/428/428 469/469/469 470/470/470
f 428/428/428 470/470/470 429/429/429
f 429/429/429 470/470/470 471/471/471
f 429/429/429 471/471/471 430/430/430
f 430/430/430 471/471/471 472/472/472
f 430/430/430 472/472/472 431/431/431
f 431/431/431 472/472/472 473/473/473
f 431/431/431 473/473/473 432/432/432
f 432/432/432 473/473/473 474/474/474
f 432/432/432 474/474/474 433/433/433
f 433/433/433 474/474/474 475/475/475
f 433/433/433 475/475/475 434/434/434
f 434/434/434 475/475/475 476/476/476
f 434/434/434 476/476/476 435/435/435
f 435/435/435 476/476/476 477/477/477
f 435/435/435 477/477/477 436/436/436
f 436/436/436 477/477/477 478/478/478
f 436/436/436 478/478/478 437/437/437
f 437/437/437 478/478/478 479/479/479
f 437/437/437 479/479/479 438/438/438
f 438/438/438 479/479/479 480/480/480
f 438/438/438 480/480/480 439/439/439
f 439/439/439 480/480/480 481/481/481
f 439/439/439 481/481/481 440/440/440
f 440/440/440 481/481/481 482/482/482
f 440/440/440 482/482/482 441/441/441
f 441/441/441 482/482/482 483/483/483
f 441/441/441 483/483/483 442/442/442
f 442/442/442 483/483/483 484/484/484
f 442/442/442 484/484/484 443/443/443
f 443/443/443 484/484/484 485/485/485
f 443/443/443 485/485/485 444/444/444
f 444/444/444 485/485/485 486/486/486
f 444/444/444 486/486/486 445/445/445
f 445/445/445 486/486/486 487/487/487
f 445/445/445 487/487/487 446/446/446
f 446/446/446 487/487/487 488/488/488
f 446/446/446 488/488/488 447/447/447
f 447/447/447 488/488/488 489/489/489
f 447/447/447 489/489/489 448/448/448
f 448/448/448 489/489/489 490/490/490
f 448/448/448 490/490/490 449/449/449
f 449/449/449 490/490/490 491/491/491
f 449/449/449 491/491/491 450/450/450
f 450/450/450 491/491/491 492/492/492
f 450/450/450 492/492/492 451/451/451
f 452/452/452 493/493/493 494/494/494
f 452/452/452 494/494/494 453/453/453
f 453/453/453 494/494/494 495/495/495
f 453/453/453 495/495/495 454/454/454
f 454/454/454 495/495/495 496/496/496
f 454/454/454 496/496/496 455/455/455
f 455/455/455 496/496/496 497/497/497
f 455/455/455 497/497/497 456/456/456
f 456/456/456 497/497/497 498/498/498
f 456/456/456 498/498/498 457/457/457
f 457/457/457 498/498/498 499/499/499
f 457/457/457 499/499/499 458/458/458
f 458/458/458 499/499/499 500/500/500
f 458/458/458 500/500/500 459/459/459
f 459/459/459 500/500/500 501/501/501
f 459/459/459 501/501/501 460/460/460
f 460/460/460 501/501/501 502/502/502
f 460/460/460 502/502/502 461/461/461
f 461/461/461 502/502/502 503/503/503
f 461/461/461 503/503/503 462/462/462
f 462/462/462 503/503/503 504/504/504
f 462/462/462 504/504/504 463/463/463
f 463/463/463 504/504/504 505/505/505
f 463/463/463 505/505/505 464/464/464
f 464/464/464 505/505/505 506/506/506
f 464/464/464 506/506/506 465/465/465
f 465/465/465 506/506/506 507/507/507
f 465/465/465 507/507/507 466/466/466
f 466/466/466 507/507/507 508/508/508
f 466/466/466 508/508/508 467/467/467
f 467/467/467 508/508/508 509/509/509
f 467/467/467 509/509/509 468/468/468
f 468/468/468 509/509/509 510/510/510
f 468/468/468 510/510/510 469/469/469
f 469/469/469 510/510/510 511/511/511
f 469/469/469 511/511/511 470/470/470
f 470/470/470 511/511/511 512/512/512
f 470/470/470 512/512/512 471/471/471
f 471/471/471 512/512/512 513/513/513
f 471/471/471 513/513/513 472/472/472
f 472/472/472 513/513/513 514/514/514
f 472/472/472 514/514/514 473/473/473
f 473/473/473 514/514/514 515/515/515
f 473/473/473 515/515/515 474/474/474
f 474/474/474 515/515/515 516/516/516
f 474/474/474 516/516/516 475/475/475
f 475/475/475 516/516/516 517/517/517
f 475/475/475 517/517/517 476/476/476
f 476/476/476 517/517/517 518/518/518
f 476/476/476 518/518/518 477/477/477
f 477/477/477 518/518/518 519/519/519
f 477/477/477 519/519/519 478/478/478
f 478/478/478 519/519/519 520/520/520
f 478/478/478 520/520/520 479/479/479
f 479/479/479 520/520/520 521/521/521
f 479/479/479 521/521/521 480/480/480
f 480/480/480 521/521/521 522/522/522
f 480/480/480 522/522/522 481/481/481
f 481/481/481 522/522/522 523/523/523
f 481/481/481 523/523/523 482/482/482
f 482/482/482 523/523/523 524/524/524
f 482/482/482 524/524/524 483/483/483
f 483/483/483 524/524/524 525/525/525
f 483/483/483 525/525/525 484/484/484
f 484/484/484 525/525/525 526/526/526
f 484/484/484 526/526/526 485/485/485
f 485/485/485 526/526/526 527/527/527
f 485/485/485 527/527/527 486/486/486
f 486/486/486 527/527/527 528/528/528
f 486/486/486 528/528/528 487/487/487
f 487/487/487 528/528/528 529/529/529
f 487/487/487 529/529/529 488/488/488
f 488/488/488 529/529/529 530/530/530
f 488/488/488 530/530/530 489/489/489
f 489/489/489 530/530/530 531/531/531
f 489/489/489 531/531/531 490/490/490
f 490/490/490 531/531/531 532/532/532
f 490/490/490 532/532/532 491/491/491
f 491/491/491 532/532/532 533/533/533
f 491/491/491 533/533/533 492/492/492
f 493/493/493 534/534/534 535/535/535
f 493/493/493 535/535/535 494/494/494
f 494/494/494 535/535/535 536/536/536
f 494/494/494 536/536/536 495/495/495
f 495/495/495 536/536/536 537/537/537
f 495/495/495 537/537/537 496/496/496
f 496/496/496 537/537/537 538/538/538
f 496/496/496 538/538/538 497/497/497
f 497/497/497 538/538/538 539/539/539
f 497/497/497 539/539/539 498/498/498
f 498/498/498 539/539/539 540/540/540
f 498/498/498 540/540/540 499/499/499
f 499/499/499 540/540/540 541/541/541
f 499/499/499 541/541/541 500/500/500
f 500/500/500 541/541/541 542/542/542
f 500/500/500 542/542/542 501/501/501
f 501/501/501 542/542/542 543/543/543
f 501/501/501 543/543/543 502/502/502
f 502/502/502 543/543/543 544/544/544
f 502/502/502 544/544/544 503/503/503
f 503/503/503 544/544/544 545/545/545
f 503/503/503 545/545/545 504/504/504
f 504/504/504 545/545/545 546/546/546
f 504/504/504 546/546/546 505/505/505
f 505/505/505 546/546/546 547/547/547
f 505/505/505 547/547/547 506/506/506
f 506/506/506 547/547/547 548/548/548
f 506/506/506 548/548/548 507/507/507
f 507/507/507 548/548/548 549/549/549
f 507/507/507 549/549/549 508/508/508
f 508/508/508 549/549/549 550/550/550
f 508/508/508 550/550/550 509/509/509
f 509/509/509 550/550/550 551/551/551
f 509/509/509 551/551/551 510/510/510
f 510/510/510 551/551/551 552/552/552
f 510/510/510 552/552/552 511/511/511
f 511/511/511 552/552/552 553/553/553
f 511/511/511 553/553/553 512/512/512
f 512/512/512 553/553/553 554/554/554
f 512/512/512 554/554/554 513/513/513
f 513/513/513 554/554/554 555/555/555
f 513/513/513 555/555/555 514/514/514
f 514/514/514 555/555/555 556/556/556
f 514/514/514 556/556/556 515/515/515
f 515/515/515 556/556/556 557/557/557
f 515/515/515 557/557/557 516/516/516
f 516/516/516 557/557/557 558/558/558
f 516/516/516 558/558/558 517/517/517
f 517/517/517 558/558/558 559/559/559
f 517/517/517 559/559/559 518/518/518
f 518/518/518 559/559/559 560/560/560
f 518/518/518 560/560/560 519/519/519
f 519/519/519 560/560/560 561/561/561
f 519/519/519 561/561/561 520/520/520
f 520/520/520 561/561/561 562/562/562
f 520/520/520 562/562/562 521/521/521
f 521/521/521 562/562/562 563/563/563
f 521/521/521 563/563/563 522/522/522
f 522/522/522 563/563/563 564/564/564
f 522/522/522 564/564/564 523/523/523
f 523/523/523 564/564/564 565/565/565
f 523/523/523 565/565/565 524/524/524
f 524/524/524 565/565/565 566/566/566
f 524/524/524 566/566/566 525/525/525
f 525/525/525 566/566/566 567/567/567
f 525/525/525 567/567/567 526/526/526
f 526/526/526 567/567/567 568/568/568
f 526/526/526 568/568/568 527/527/527
f 527/527/527 568/568/568 569/569/569
f 527/527/527 569/569/569 528/528/528
f 528/528/528 569/569/569 570/570/570
f 528/528/528 570/570/570 529/529/529
f 529/529/529 570/570/570 571/571/571
f 529/529/529 571/571/571 530/530/530
f 530/530/530 571/571/571 572/572/572
f 530/530/530 572/572/572 531/531/531
f 531/531/531 572/572/572 573/573/573
f 531/531/531 573/573/573 532/532/532
f 532/532/532 573/573/573 574/574/574
f 532/532/532 574/574/574 533/533/533
f 534/534/534 575/575/575 576/576/576
f 534/534/534 576/576/576 535/535/535
f 535/535/535 576/576/576 577/577/577
f 535/535/535 577/577/577 536/536/536
f 536/536/536 577/577/577 578/578/578
f 536/536/536 578/578/578 537/537/537
f 537/537/537 578/578/578 579/579/579
f 537/537/537 579/579/579 538/538/538
f 538/538/538 579/579/579 580/580/580
f 538/538/538 580/580/580 539/539/539
f 539/539/539 580/580/580 581/581/581
f 539/539/539 581/581/581 540/540/540
f 540/540/540 581/581/581 582/582/582
f 540/540/540 582/582/582 541/541/541
f 541/541/541 582/582/582 583/583/583
f 541/541/541 583/583/583 542/542/542
f 542/542/542 583/583/583 584/584/584
f 542/542/542 584/584/584 543/543/543
f 543/543/543 584/584/584 585/585/585
f 543/543/543 585/585/585 544/544/544
f 544/544/544 585/585/585 586/586/586
f 544/544/544 586/586/586 545/545/545
f 545/545/545 586/586/586 587/587/587
f 545/545/545 587/587/587 546/546/546
f 546/546/546 587/587/587 588/588/588
f 546/546/546 588/588/588 547/547/547
f 547/547/547 588/588/588 589/589/589
f 547/547/547 589/589/589 548/548/548
f 548/548/548 589/589/589 590/590/590
f 548/548/548 590/590/590 549/549/549
f 549/549/549 590/590/590 591/591/591
f 549/549/549 591/591/591 550/550/550
f 550/550/550 591/591/591 592/592/592
f 550/550/550 592/592/592 551/551/551
f 551/551/551 592/592/592 593/593/593
f 551/551/551 593/593/593 552/552/552
f 552/552/552 593/593/593 594/594/594
f 552/552/552 594/594/594 553/553/553
f 553/553/553 594/594/594 595/595/595
f 553/553/553 595/595/595 554/554/554
f 554/554/554 595/595/595 596/596/596
f 554/554/554 596/596/596 555/555/555
f 555/555/555 596/596/596 597/597/597
f 555/555/555 597/597/597 556/556/556
f 556/556/556 597/597/597 598/598/598
f 556/556/556 598/598/598 557/557/557
f 557/557/557 598/598/598 599/599/599
f 557/557/557 599/599/599 558/558/558
f 558/558/558 599/599/599 600/600/600
f 558/558/558 600/600/600 559/559/559
f 559/559/559 600/600/600 601/601/601
f 559/559/559 601/601/601 560/560/560
f 560/560/560 601/601/601 602/602/602
f 560/560/560 602/602/602 561/561/561
f 561/561/561 602/602/602 603/603/603
f 561/561/561 603/603/603 562/562/562
f 562/562/562 603/603/603 604/604/604
f 562/562/562 604/604/604 563/563/563
f 563/563/563 604/604/604 605/605/605
f 563/563/563 605/605/605 564/564/564
f 564/564/564 605/605/605 606/606/606
f 564/564/564 606/606/606 565/565/565
f 565/565/565 606/606/606 607/607/607
f 565/565/565 607/607/607 566/566/566
f 566/566/566 607/607/607 608/608/608
f 566/566/566 608/608/608 567/567/567
f 567/567/567 608/608/608 609/609/609
f 567/567/567 609/609/609 568/568/568
f 568/568/568 609/609/609 610/610/610
f 568/568/568 610/610/610 569/569/569
f 569/569/569 610/610/610 611/611/611
f 569/569/569 611/611/611 570/570/570
f 570/570/570 611/611/611 612/612/612
f 570/570/570 612/612/612 571/571/571
f 571/571/571 612/612/612 613/613/613
f 571/571/571 613/613/613 572/572/572
f 572/572/572 613/613/613 614/614/614
f 572/572/572 614/614/614 573/573/573
f 573/573/573 614/614/614 615/615/615
f 573/573/573 615/615/615 574/574/574
f 575/575/575 616/616/616 617/617/617
f 575/575/575 617/617/617 576/576/576
f 576/576/576 617/617/617 618/618/618
f 576/576/576 618/618/618 577/577/577
f 577/577/577 618/618/618 619/619/619
f 577/577/577 619/619/619 578/578/578
f 578/578/578 619/619/619 620/620/620
f 578/578/578 620/620/620 579/579/579
f 579/579/579 620/620/620 621/621/621
f 579/579/579 621/621/621 580/580/580
f 580/580/580 621/621/621 622/622/622
f 580/580/580 622/622/622 581/581/581
f 581/581/581 622/622/622 623/623/623
f 581/581/581 623/623/623 582/582/582
f 582/582/582 623/623/623 624/624/624
f 582/582/582 624/624/624 583/583/583
f 583/583/583 624/624/624 625/625/625
f 583/583/583 625/625/625 584/584/584
f 584/584/584 625/625/625 626/626/626
f 584/584/584 626/626/626 585/585/585
f 585/585/585 626/626/626 627/627/627
f 585/585/585 627/627/627 586/586/586
f 586/586/586 627/627/627 628/628/628
f 586/586/586 628/628/628 587/587/587
f 587/587/587 628/628/628 629/629/629
f 587/587/587 629/629/629 588/588/588
f 588/588/588 629/629/629 630/630/630
f 588/588/588 630/630/630 589/589/589
f 589/589/589 630/630/630 631/631/631
f 589/589/589 631/631/631 590/590/590
f 590/590/590 631/631/631 632/632/632
f 590/590/590 632/632/632 591/591/591
f 591/591/591 632/632/632 633/633/633
f 591/591/591 633/633/633 592/592/592
f 592/592/592 633/633/633 634/634/634
f 592/592/592 634/634/634 593/593/593
f 593/593/593 634/634/634 635/635/635
f 593/593/593 635/635/635 594/594/594
f 594/594/594 635/635/635 636/636/636
f 594/594/594 636/636/636 595/595/595
f 595/595/595 636/636/636 637/637/637
f 595/595/595 637/637/637 596/596/596
f 596/596/596 637/637/637 638/638/638
f 596/596/596 638/638/638 597/597/597
f 597/597/597 638/638/638 639/639/639
f 597/597/597 639/639/639 598/598/598
f 598/598/598 639/639/639 640/640/640
f 598/598/598 640/640/640 599/599/599
f 599/599/599 640/640/640 641/641/641
f 599/599/599 641/641/641 600/600/600
f 600/600/600 641/641/641 642/642/642
f 600/600/600 642/642/642 601/601/601
f 601/601/601 642/642/642 643/643/643
f 601/601/601 643/643/643 602/602/602
f 602/602/602 643/643/643 644/644/644
f 602/602/602 644/644/644 603/603/603
f 603/603/603 644/644/644 645/645/645
f 603/603/603 645/645/645 604/604/604
f 604/604/604 645/645/645 646/646/646
f 604/604/604 646/646/646 605/605/605
f 605/605/605 646/646/646 647/647/647
f 605/605/605 647/647/647 606/606/606
f 606/606/606 647/647/647 648/648/648
f 606/606/606 648/648/648 607/607/607
f 607/607/607 648/648/648 649/649/649
f 607/607/607 649/649/649 608/608/608
f 608/608/608 649/649/649 650/650/650
f 608/608/608 650/650/650 609/609/609
f 609/609/609 650/650/650 651/651/651
f 609/609/609 651/651/651 610/610/610
f 610/610/610 651/651/651 652/652/652
f 610/610/610 652/652/652 611/611/611
f 611/611/611 652/652/652 653/653/653
f 611/611/611 653/653/653 612/612/612
f 612/612/612 653/653/653 654/654/654
f 612/612/612 654/654/654 613/613/613
f 613/613/613 654/654/654 655/655/655
f 613/613/613 655/655/655 614/614/614
f 614/614/614 655/655/655 656/656/656
f 614/614/614 656/656/656 615/615/615
f 616/616/616 657/657/657 658/658/658
f 616/616/616 658/658/658 617/617/617
f 617/617/617 658/658/658 659/659/659
f 617/617/617 659/659/659 618/618/618
f 618/618/618 659/659/659 660/660/660
f 618/618/618 660/660/660 619/619/619
f 619/619/619 660/660/660 661/661/661
f 619/619/619 661/661/661 620/620/620
f 620/620/620 661/661/661 662/662/662
f 620/620/620 662/662/662 621/621/621
f 621/621/621 662/662/662 663/663/663
f 621/621/621 663/663/663 622/622/622
f 622/622/622 663/663/663 664/664/664
f 622/622/622 664/664/664 623/623/623
f 623/623/623 664/664/664 665/665/665
f 623/623/623 665/665/665 624/624/624
f 624/624/624 665/665/665 666/666/666
f 624/624/624 666/666/666 625/625/625
f 625/625/625 666/666/666 667/667/667
f 625/625/625 667/667/667 626/626/626
f 626/626/626 667/667/667 668/668/668
f 626/626/626 668/668/668 627/627/627
f 627/627/627 668/668/668 669/669/669
f 627/627/627 669/669/669 628/628/628
f 628/628/628 669/669/669 670/670/670
f 628/628/628 670/670/670 629/629/629
f 629/629/629 670/670/670 671/671/671
f 629/629/629 671/671/671 630/630/630
f 630/630/630 671/671/671 672/672/672
f 630/630/630 672/672/672 631/631/631
f 631/631/631 672/672/672 673/673/673
f 631/631/631 673/673/673 632/632/632
f 632/632/632 673/673/673 674/674/674
f 632/632/632 674/674/674 633/633/633
f 633/633/633 674/674/674 675/675/675
f 633/633/633 675/675/675 634/634/634
f 634/634/634 675/675/675 676/676/676
f 634/634/634 676/676/676 635/635/635
f 635/635/635 676/676/676 677/677/677
f 635/635/635 677/677/677 636/636/636
f 636/636/636 677/677/677 678/678/678
f 636/636/636 678/678/678 637/637/637
f 637/637/637 678/678/678 679/679/679
f 637/637/637 679/679/679 638/638/638
f 638/638/638 679/679/679 680/680/680
f 638/638/638 680/680/680 639/639/639
f 639/639/639 680/680/680 681/681/681
f 639/639/639 681/681/681 640/640/640
f 640/640/640 681/681/681 682/682/682
f 640/640/640 682/682/682 641/641/641
f 641/641/641 682/682/682 683/683/683
f 641/641/641 683/683/683 642/642/642
f 642/642/642 683/683/683 684/684/684
f 642/642/642 684/684/684 643/643/643
f 643/643/643 684/684/684 685/685/685
f 643/643/643 685/685/685 644/644/644
f 644/644/644 685/685/685 686/686/686
f 644/644/644 686/686/686 645/645/645
f 645/645/645 686/686/686 687/687/687
f 645/645/645 687/687/687 646/646/646
f 646/646/646 687/687/687 688/688/688
f 646/646/646 688/688/688 647/647/647
f 647/647/647 688/688/688 689/689/689
f 647/647/647 689/689/689 648/648/648
f 648/648/648 689/689/689 690/690/690
f 648/648/648 690/690/690 649/649/649
f 649/649/649 690/690/690 691/691/691
f 649/649/649 691/691/691 650/650/650
f 650/650/650 691/691/691 692/692/692
f 650/650/650 692/692/692 651/651/651
f 651/651/651 692/692/692 693/693/693
f 651/651/651 693/693/693 652/652/652
f 652/652/652 693/693/693 694/694/694
f 652/652/652 694/694/694 653/653/653
f 653/653/653 694/694/694 695/695/695
f 653/653/653 695/695/695 654/654/654
f 654/654/654 695/695/695 696/696/696
f 654/654/654 696/696/696 655/655/655
f 655/655/655 696/696/696 697/697/697
f 655/655/655 697/697/697 656/656/656
f 657/657/657 698/698/698 699/699/699
f 657/657/657 699/699/699 658/658/658
f 658/658/658 699/699/699 700/700/700
f 658/658/658 700/700/700 659/659/659
f 659/659/659 700/700/700 701/701/701
f 659/659/659 701/701/701 660/660/660
f 660/660/660 701/701/701 702/702/702
f 660/660/660 702/702/702 661/661/661
f 661/661/661 702/702/702 703/703/703
f 661/661/661 703/703/703 662/662/662
f 662/662/662 703/703/703 704/704/704
f 662/662/662 704/704/704 663/663/663
f 663/663/663 704/704/704 705/705/705
f 663/663/663 705/705/705 664/664/664
f 664/664/664 705/705/705 706/706/706
f 664/664/664 706/706/706 665/665/665
f 665/665/665 706/706/706 707/707/707
f 665/665/665 707/707/707 666/666/666
f 666/666/666 707/707/707 708/708/708
f 666/666/666 708/708/708 667/667/667
f 667/667/667 708/708/708 709/709/709
f 667/667/667 709/709/709 668/668/668
f 668/668/668 709/709/709 710/710/710
f 668/668/668 710/710/710 669/669/669
f 669/669/669 710/710/710 711/711/711
f 669/669/669 711/711/711 670/670/670
f 670/670/670 711/711/711 712/712/712
f 670/670/670 712/712/712 671/671/671
f 671/671/671 712/712/712 713/713/713
f 671/671/671 713/713/713 672/672/672
f 672/672/672 713/713/713 714/714/714
f 672/672/672 714/714/714 673/673/673
f 673/673/673 714/714/714 715/715/715
f 673/673/673 715/715/715 674/674/674
f 674/674/674 715/715/715 716/716/716
f 674/674/674 716/716/716 675/675/675
f 675/675/675 716/716/716 717/717/717
f 675/675/675 717/717/717 676/676/676
f 676/676/676 717/717/717 718/718/718
f 676/676/676 718/718/718 677/677/677
f 677/677/677 718/718/718 719/719/719
f 677/677/677 719/719/719 678/678/678
f 678/678/678 719/719/719 720/720/720
f 678/678/678 720/720/720 679/679/679
f 679/679/679 720/720/720 721/721/721
f 679/679/679 721/721/721 680/680/680
f 680/680/680 721/721/721 722/722/722
f 680/680/680 722/722/722 681/681/681
f 681/681/681 722/722/722 723/723/723
f 681/681/681 723/723/723 682/682/682
f 682/682/682 723/723/723 724/724/724
f 682/682/682 724/724/724 683/683/683
f 683/683/683 724/724/724 725/725/725
f 683/683/683 725/725/725 684/684/684
f 684/684/684 725/725/725 726/726/726
f 684/684/684 726/726/726 685/685/685
f 685/685/685 726/726/726 727/727/727
f 685/685/685 727/727/727 686/686/686
f 686/686/686 727/727/727 728/728/728
f 686/686/686 728/728/728 687/687/687
f 687/687/687 728/728/728 729/729/729
f 687/687/687 729/729/729 688/688/688
f 688/688/688 729/729/729 730/730/730
f 688/688/688 730/730/730 689/689/689
f 689/689/689 730/730/730 731/731/731
f 689/689/689 731/731/731 690/690/690
f 690/690/690 731/731/731 732/732/732
f 690/690/690 732/732/732 691/691/691
f 691/691/691 732/732/732 733/733/733
f 691/691/691 733/733/733 692/692/692
f 692/692/692 733/733/733 734/734/734
f 692/692/692 734/734/734 693/693/693
f 693/693/693 734/734/734 735/735/735
f 693/693/693 735/735/735 694/694/694
f 694/694/694 735/735/735 736/736/736
f 694/694/694 736/736/736 695/695/695
f 695/695/695 736/736/736 737/737/737
f 695/695/695 737/737/737 696/696/696
f 696/696/696 737/737/737 738/738/738
f 696/696/696 738/738/738 697/697/697
f 698/698/698 739/739/739 740/740/740
f 698/698/698 740/740/740 699/699/699
f 699/699/699 740/740/740 741/741/741
f 699/699/699 741/741/741 700/700/700
f 700/700/700 741/741/741 742/742/742
f 700/700/700 742/742/742 701/701/701
f 701/701/701 742/742/742 743/743/743
f 701/701/701 743/743/743 702/702/702
f 702/702/702 743/743/743 744/744/744
f 702/702/702 744/744/744 703/703/703
f 703/703/703 744/744/744 745/745/745
f 703/703/703 745/745/745 704/704/704
f 704/704/704 745/745/745 746/746/746
f 704/704/704 746/746/746 705/705/705
f 705/705/705 746/746/746 747/747/747
f 705/705/705 747/747/747 706/706/706
f 706/706/706 747/747/747 748/748/748
f 706/706/706 748/748/748 707/707/707
f 707/707/707 748/748/748 749/749/749
f 707/707/707 749/749/749 708/708/708
f 708/708/708 749/749/749 750/750/750
f 708/708/708 750/750/750 709/709/709
f 709/709/709 750/750/750 751/751/751
f 709/709/709 751/751/751 710/710/710
f 710/710/710 751/751/751 752/752/752
f 710/710/710 752/752/752 711/711/711
f 711/711/711 752/752/752 753/753/753
f 711/711/711 753/753/753 712/712/712
f 712/712/712 753/753/753 754/754/754
f 712/712/712 754/754/754 713/713/713
f 713/713/713 754/754/754 755/755/755
f 713/713/713 755/755/755 714/714/714
f 714/714/714 755/755/755 756/756/756
f 714/714/714 756/756/756 715/715/715
f 715/715/715 756/756/756 757/757/757
f 715/715/715 757/757/757 716/716/716
f 716/716/716 757/757/757 758/758/758
f 716/716/716 758/758/758 717/717/717
f 717/717/717 758/758/758 759/759/759
f 717/717/717 759/759/759 718/718/718
f 718/718/718 759/759/759 760/760/760
f 718/718/718 760/760/760 719/719/719
f 719/719/719 760/760/760 761/761/761
f 719/719/719 761/761/761 720/720/720
f 720/720/720 761/761/761 762/762/762
f 720/720/720 762/762/762 721/721/721
f 721/721/721 762/762/762 763/763/763
f 721/721/721 763/763/763 722/722/722
f 722/722/722 763/763/763 764/764/764
f 722/722/722 764/764/764 723/723/723
f 723/723/723 764/764/764 765/765/765
f 723/723/723 765/765/765 724/724/724
f 724/724/724 765/765/765 766/766/766
f 724/724/724 766/766/766 725/725/725
f 725/725/725 766/766/766 767/767/767
f 725/725/725 767/767/767 726/726/726
f 726/726/726 767/767/767 768/768/768
f 726/726/726 768/768/768 727/727/727
f 727/727/727 768/768/768 769/769/769
f 727/727/727 769/769/769 728/728/728
f 728/728/728 769/769/769 770/770/770
f 728/728/728 770/770/770 729/729/729
f 729/729/729 770/770/770 771/771/771
f 729/729/729 771/771/771 730/730/730
f 730/730/730 771/771/771 772/772/772
f 730/730/730 772/772/772 731/731/731
f 731/731/731 772/772/772 773/773/773
f 731/731/731 773/773/773 732/732/732
f 732/732/732 773/773/773 774/774/774
f 732/732/732 774/774/774 733/733/733
f 733/733/733 774/774/774 775/775/775
f 733/733/733 775/775/775 734/734/734
f 734/734/734 775/775/775 776/776/776
f 734/734/734 776/776/776 735/735/735
f 735/735/735 776/776/776 777/777/777
f 735/735/735 777/777/777 736/736/736
f 736/736/736 777/777/777 778/778/778
f 736/736/736 778/778/778 737/737/737
f 737/737/737 778/778/778 779/779/779
f 737/737/737 779/779/779 738/738/738
f 739/739/739 780/780/780 781/781/781
f 739/739/739 781/781/781 740/740/740
f 740/740/740 781/781/781 782/782/782
f 740/740/740 782/782/782 741/741/741
f 741/741/741 782/782/782 783/783/783
f 741/741/741 783/783/783 742/742/742
f 742/742/742 783/783/783 784/784/784
f 742/742/742 784/784/784 743/743/743
f 743/743/743 784/784/784 785/785/785
f 743/743/743 785/785/785 744/744/744
f 744/744/744 785/785/785 786/786/786
f 744/744/744 786/786/786 745/745/745
f 745/745/745 786/786/786 787/787/787
f 745/745/745 787/787/787 746/746/746
f 746/746/746 787/787/787 788/788/788
f 746/746/746 788/788/788 747/747/747
f 747/747/747 788/788/788 789/789/789
f 747/747/747 789/789/789 748/748/748
f 748/748/748 789/789/789 790/790/790
f 748/748/748 790/790/790 749/749/749
f 749/749/749 790/790/790 791/791/791
f 749/749/749 791/791/791 750/750/750
f 750/750/750 791/791/791 792/792/792
f 750/750/750 792/792/792 751/751/751
f 751/751/751 792/792/792 793/793/793
f 751/751/751 793/793/793 752/752/752
f 752/752/752 793/793/793 794/794/794
f 752/752/752 794/794/794 753/753/753
f 753/753/753 794/794/794 795/795/795
f 753/753/753 795/795/795 754/754/754
f 754/754/754 795/795/795 796/796/796
f 754/754/754 796/796/796 755/755/755
f 755/755/755 796/796/796 797/797/797
f 755/755/755 797/797/797 756/756/756
f 756/756/756 797/797/797 798/798/798
f 756/756/756 798/798/798 757/757/757
f 757/757/757 798/798/798 799/799/799
f 757/757/757 799/799/799 758/758/758
f 758/758/758 799/799/799 800/800/800
f 758/758/758 800/800/800 759/759/759
f 759/759/759 800/800/800 801/801/801
f 759/759/759 801/801/801 760/760/760
f 760/760/760 801/801/801 802/802/802
f 760/760/760 802/802/802 761/761/761
f 761/761/761 802/802/802 803/803/803
f 761/761/761 803/803/803 762/762/762
f 762/762/762 803/803/803 804/804/804
f 762/762/762 804/804/804 763/763/763
f 763/763/763 804/804/804 805/805/805
f 763/763/763 805/805/805 764/764/764
f 764/764/764 805/805/805 806/806/806
f 764/764/764 806/806/806 765/765/765
f 765/765/765 806/806/806 807/807/807
f 765/765/765 807/807/807 766/766/766
f 766/766/766 807/807/807 808/808/808
f 766/766/766 808/808/808 767/767/767
f 767/767/767 808/808/808 809/809/809
f 767/767/767 809/809/809 768/768/768
f 768/768/768 809/809/809 810/810/810
f 768/768/768 810/810/810 769/769/769
f 769/769/769 810/810/810 811/811/811
f 769/769/769 811/811/811 770/770/770
f 770/770/770 811/811/811 812/812/812
f 770/770/770 812/812/812 771/771/771
f 771/771/771 812/812/812 813/813/813
f 771/771/771 813/813/813 772/772/772
f 772/772/772 813/813/813 814/814/814
f 772/772/772 814/814/814 773/773/773
f 773/773/773 814/814/814 815/815/815
f 773/773/773 815/815/815 774/774/774
f 774/774/774 815/815/815 816/816/816
f 774/774/774 816/816/816 775/775/775
f 775/775/775 816/816/816 817/817/817
f 775/775/775 817/817/817 776/776/776
f 776/776/776 817/817/817 818/818/818
f 776/776/776 818/818/818 777/777/777
f 777/777/777 818/818/818 819/819/819
f 777/777/777 819/819/819 778/778/778
f 778/778/778 819/819/819 820/820/820
f 778/778/778 820/820/820 779/779/779
f 780/780/780 821/821/821 822/822/822
f 780/780/780 822/822/822 781/781/781
f 781/781/781 822/822/822 823/823/823
f 781/781/781 823/823/823 782/782/782
f 782/782/782 823/823/823 824/824/824
f 782/782/782 824/824/824 783/783/783
f 783/783/783 824/824/824 825/825/825
f 783/783/783 825/825/825 784/784/784
f 784/784/784 825/825/825 826/826/826
f 784/784/784 826/826/826 785/785/785
f 785/785/785 826/826/826 827/827/827
f 785/785/785 827/827/827 786/786/786
f 786/786/786 827/827/827 828/828/828
f 786/786/786 828/828/828 787/787/787
f 787/787/787 828/828/828 829/829/829
f 787/787/787 829/829/829 788/788/788
f 788/788/788 829/829/829 830/830/830
f 788/788/788 830/830/830 789/789/789
f 789/789/789 830/830/830 831/831/831
f 789/789/789 831/831/831 790/790/790
f 790/790/790 831/831/831 832/832/832
f 790/790/790 832/832/832 791/791/791
f 791/791/791 832/832/832 833/833/833
f 791/791/791 833/833/833 792/792/792
f 792/792/792 833/833/833 834/834/834
f 792/792/792 834/834/834 793/793/793
f 793/793/793 834/834/834 835/835/835
f 793/793/793 835/835/835 794/794/794
f 794/794/794 835/835/835 836/836/836
f 794/794/794 836/836/836 795/795/795
f 795/795/795 836/836/836 837/837/837
f 795/795/795 837/837/837 796/796/796
f 796/796/796 837/837/837 838/838/838
f 796/796/796 838/838/838 797/797/797
f 797/797/797 838/838/838 839/839/839
f 797/797/797 839/839/839 798/798/798
f 798/798/798 839/839/839 840/840/840
f 798/798/798 840/840/840 799/799/799
f 799/799/799 840/840/840 841/841/841
f 799/799/799 841/841/841 800/800/800
f 800/800/800 841/841/841 842/842/842
f 800/800/800 842/842/842 801/801/801
f 801/801/801 842/842/842 843/843/843
f 801/801/801 843/843/843 802/802/802
f 802/802/802 843/843/843 844/844/844
f 802/802/802 844/844/844 803/803/803
f 803/803/803 844/844/844 845/845/845
f 803/803/803 845/845/845 804/804/804
f 804/804/804 845/845/845 846/846/846
f 804/804/804 846/846/846 805/805/805
f 805/805/805 846/846/846 847/847/847
f 805/805/805 847/847/847 806/806/806
f 806/806/806 847/847/847 848/848/848
f 806/806/806 848/848/848 807/807/807
f 807/807/807 848/848/848 849/849/849
f 807/807/807 849/849/849 808/808/808
f 808/808/808 849/849/849 850/850/850
f 808/808/808 850/850/850 809/809/809
f 809/809/809 850/850/850 851/851/851
f 809/809/809 851/851/851 810/810/810
f 810/810/810 851/851/851 852/852/852
f 810/810/810 852/852/852 811/811/811
f 811/811/811 852/852/852 853/853/853
f 811/811/811 853/853/853 812/812/812
f 812/812/812 853/853/853 854/854/854
f 812/812/812 854/854/854 813/813/813
f 813/813/813 854/854/854 855/855/855
f 813/813/813 855/855/855 814/814/814
f 814/814/814 855/855/855 856/856/856
f 814/814/814 856/856/856 815/815/815
f 815/815/815 856/856/856 857/857/857
f 815/815/815 857/857/857 816/816/816
f 816/816/816 857/857/857 858/858/858
f 816/816/816 858/858/858 817/817/817
f 817/817/817 858/858/858 859/859/859
f 817/817/817 859/859/859 818/818/818
f 818/818/818 859/859/859 860/860/860
f 818/818/818 860/860/860 819/819/819
f 819/819/819 860/860/860 861/861/861
f 819/819/819 861/861/861 820/820/820
f 821/821/821 862/862/862 863/863/863
f 821/821/821 863/863/863 822/822/822
f 822/822/822 863/863/863 864/864/864
f 822/822/822 864/864/864 823/823/823
f 823/823/823 864/864/864 865/865/865
f 823/823/823 865/865/865 824/824/824
f 824/824/824 865/865/865 866/866/866
f 824/824/824 866/866/866 825/825/825
f 825/825/825 866/866/866 867/867/867
f 825/825/825 867/867/867 826/826/826
f 826/826/826 867/867/867 868/868/868
f 826/826/826 868/868/868 827/827/827
f 827/827/827 868/868/868 869/869/869
f 827/827/827 869/869/869 828/828/828
f 828/828/828 869/869/869 870/870/870
f 828/828/828 870/870/870 829/829/829
f 829/829/829 870/870/870 871/871/871
f 829/829/829 871/871/871 830/830/830
f 830/830/830 871/871/871 872/872/872
f 830/830/830 872/872/872 831/831/831
f 831/831/831 872/872/872 873/873/873
f 831/831/831 873/873/873 832/832/832
f 832/832/832 873/873/873 874/874/874
f 832/832/832 874/874/874 833/833/833
f 833/833/833 874/874/874 875/875/875
f 833/833/833 875/875/875 834/834/834
f 834/834/834 875/875/875 876/876/876
f 834/834/834 876/876/876 835/835/835
f 835/835/835 876/876/876 877/877/877
f 835/835/835 877/877/877 836/836/836
f 836/836/836 877/877/877 878/878/878
f 836/836/836 878/878/878 837/837/837
f 837/837/837 878/878/878 879/879/879
f 837/837/837 879/879/879 838/838/838
f 838/838/838 879/879/879 880/880/880
f 838/838/838 880/880/880 839/839/839
f 839/839/839 880/880/880 881/881/881
f 839/839/839 881/881/881 840/840/840
f 840/840/840 881/881/881 882/882/882
f 840/840/840 882/882/882 841/841/841
f 841/841/841 882/882/882 883/883/883
f 841/841/841 883/883/883 842/842/842
f 842/842/842 883/883/883 884/884/884
f 842/842/842 884/884/884 843/843/843
f 843/843/843 884/884/884 885/885/885
f 843/843/843 885/885/885 844/844/844
f 844/844/844 885/885/885 886/886/886
f 844/844/844 886/886/886 845/845/845
f 845/845/845 886/886/886 887/887/887
f 845/845/845 887/887/887 846/846/846
f 846/846/846 887/887/887 888/888/888
f 846/846/846 888/888/888 847/847/847
f 847/847/847 888/888/888 889/889/889
f 847/847/847 889/889/889 848/848/848
f 848/848/848 889/889/889 890/890/890
f 848/848/848 890/890/890 849/849/849
f 849/849/849 890/890/890 891/891/891
f 849/849/849 891/891/891 850/850/850
f 850/850/850 891/891/891 892/892/892
f 850/850/850 892/892/892 851/851/851
f 851/851/851 892/892/892 893/893/893
f 851/851/851 893/893/893 852/852/852
f 852/852/852 893/893/893 894/894/894
f 852/852/852 894/894/894 853/853/853
f 853/853/853 894/894/894 895/895/895
f 853/853/853 895/895/895 854/854/854
f 854/854/854 895/895/895 896/896/896
f 854/854/854 896/896/896 855/855/855
f 855/855/855 896/896/896 897/897/897
f 855/855/855 897/897/897 856/856/856
f 856/856/856 897/897/897 898/898/898
f 856/856/856 898/898/898 857/857/857
f 857/857/857 898/898/898 899/899/899
f 857/857/857 899/899/899 858/858/858
f 858/858/858 899/899/899 900/900/900
f 858/858/858 900/900/900 859/859/859
f 859/859/859 900/900/900 901/901/901
f 859/859/859 901/901/901 860/860/860
f 860/860/860 901/901/901 902/902/902
f 860/860/860 902/902/902 861/861/861
f 862/862/862 903/903/903 904/904/904
f 862/862/862 904/904/904 863/863/863
f 863/863/863 904/904/904 905/905/905
f 863/863/863 905/905/905 864/864/864
f 864/864/864 905/905/905 906/906/906
f 864/864/864 906/906/906 865/865/865
f 865/865/865 906/906/906 907/907/907
f 865/865/865 907/907/907 866/866/866
f 866/866/866 907/907/907 908/908/908
f 866/866/866 908/908/908 867/867/867
f 867/867/867 908/908/908 909/909/909
f 867/867/867 909/909/909 868/868/868
f 868/868/868 909/909/909 910/910/910
f 868/868/868 910/910/910 869/869/869
f 869/869/869 910/910/910 911/911/911
f 869/869/869 911/911/911 870/870/870
f 870/870/870 911/911/911 912/912/912
f 870/870/870 912/912/912 871/871/871
f 871/871/871 912/912/912 913/913/913
f 871/871/871 913/913/913 872/872/872
f 872/872/872 913/913/913 914/914/914
f 872/872/872 914/914/914 873/873/873
f 873/873/873 914/914/914 915/915/915
f 873/873/873 915/915/915 874/874/874
f 874/874/874 915/915/915 916/916/916
f 874/874/874 916/916/916 875/875/875
f 875/875/875 916/916/916 917/917/917
f 875/875/875 917/917/917 876/876/876
f 876/876/876 917/917/917 918/918/918
f 876/876/876 918/918/918 877/877/877
f 877/877/877 918/918/918 919/919/919
f 877/877/877 919/919/919 878/878/878
f 878/878/878 919/919/919 920/920/920
f 878/878/878 920/920/920 879/879/879
f 879/879/879 920/920/920 921/921/921
f 879/879/879 921/921/921 880/880/880
f 880/880/880 921/921/921 922/922/922
f 880/880/880 922/922/922 881/881/881
f 881/881/881 922/922/922 923/923/923
f 881/881/881 923/923/923 882/882/882
f 882/882/882 923/923/923 924/924/924
f 882/882/882 924/924/924 883/883/883
f 883/883/883 924/924/924 925/925/925
f 883/883/883 925/925/925 884/884/884
f 884/884/884 925/925/925 926/926/926
f 884/884/884 926/926/926 885/885/885
f 885/885/885 926/926/926 927/927/927
f 885/885/885 927/927/927 886/886/886
f 886/886/886 927/927/927 928/928/928
f 886/886/886 928/928/928 887/887/887
f 887/887/887 928/928/928 929/929/929
f 887/887/887 929/929/929 888/888/888
f 888/888/888 929/929/929 930/930/930
f 888/888/888 930/930/930 889/889/889
f 889/889/889 930/930/930 931/931/931
f 889/889/889 931/931/931 890/890/890
f 890/890/890 931/931/931 932/932/932
f 890/890/890 932/932/932 891/891/891
f 891/891/891 932/932/932 933/933/933
f 891/891/891 933/933/933 892/892/892
f 892/892/892 933/933/933 934/934/934
f 892/892/892 934/934/934 893/893/893
f 893/893/893 934/934/934 935/935/935
f 893/893/893 935/935/935 894/894/894
f 894/894/894 935/935/935 936/936/936
f 894/894/894 936/936/936 895/895/895
f 895/895/895 936/936/936 937/937/937
f 895/895/895 937/937/937 896/896/896
f 896/896/896 937/937/937 938/938/938
f 896/896/896 938/938/938 897/897/897
f 897/897/897 938/938/938 939/939/939
f 897/897/897 939/939/939 898/898/898
f 898/898/898 939/939/939 940/940/940
f 898/898/898 940/940/940 899/899/899
f 899/899/899 940/940/940 941/941/941
f 899/899/899 941/941/941 900/900/900
f 900/900/900 941/941/941 942/942/942
f 900/900/900 942/942/942 901/901/901
f 901/901/901 942/942/942 943/943/943
f 901/901/901 943/943/943 902/902/902
f 903/903/903 944/944/944 945/945/945
f 903/903/903 945/945/945 904/904/904
f 904/904/904 945/945/945 946/946/946
f 904/904/904 946/946/946 905/905/905
f 905/905/905 946/946/946 947/947/947
f 905/905/905 947/947/947 906/906/906
f 906/906/906 947/947/947 948/948/948
f 906/906/906 948/948/948 907/907/907
f 907/907/907 948/948/948 949/949/949
f 907/907/907 949/949/949 908/908/908
f 908/908/908 949/949/949 950/950/950
f 908/908/908 950/950/950 909/909/909
f 909/909/909 950/950/950 951/951/951
f 909/909/909 951/951/951 910/910/910
f 910/910/910 951/951/951 952/952/952
f 910/910/910 952/952/952 911/911/911
f 911/911/911 952/952/952 953/953/953
f 911/911/911 953/953/953 912/912/912
f 912/912/912 953/953/953 954/954/954
f 912/912/912 954/954/954 913/913/913
f 913/913/913 954/954/954 955/955/955
f 913/913/913 955/955/955 914/914/914
f 914/914/914 955/955/955 956/956/956
f 914/914/914 956/956/956 915/915/915
f 915/915/915 956/956/956 957/957/957
f 915/915/915 957/957/957 916/916/916
f 916/916/916 957/957/957 958/958/958
f 916/916/916 958/958/958 917/917/917
f 917/917/917 958/958/958 959/959/959
f 917/917/917 959/959/959 918/918/918
f 918/918/918 959/959/959 960/960/960
f 918/918/918 960/960/960 919/919/919
f 919/919/919 960/960/960 961/961/961
f 919/919/919 961/961/961 920/920/920
f 920/920/920 961/961/961 962/962/962
f 920/920/920 962/962/962 921/921/921
f 921/921/921 962/962/962 963/963/963
f 921/921/921 963/963/963 922/922/922
f 922/922/922 963/963/963 964/964/964
f 922/922/922 964/964/964 923/923/923
f 923/923/923 964/964/964 965/965/965
f 923/923/923 965/965/965 924/924/924
f 924/924/924 965/965/965 966/966/966
f 924/924/924 966/966/966 925/925/925
f 925/925/925 966/966/966 967/967/967
f 925/925/925 967/967/967 926/926/926
f 926/926/926 967/967/967 968/968/968
f 926/926/926 968/968/968 927/927/927
f 927/927/927 968/968/968 969/969/969
f 927/927/927 969/969/969 928/928/928
f 928/928/928 969/969/969 970/970/970
f 928/928/928 970/970/970 929/929/929
f 929/929/929 970/970/970 971/971/971
f 929/929/929 971/971/971 930/930/930
f 930/930/930 971/971/971 972/972/972
f 930/930/930 972/972/972 931/931/931
f 931/931/931 972/972/972 973/973/973
f 931/931/931 973/973/973 932/932/932
f 932/932/932 973/973/973 974/974/974
f 932/932/932 974/974/974 933/933/933
f 933/933/933 974/974/974 975/975/975
f 933/933/933 975/975/975 934/934/934
f 934/934/934 975/975/975 976/976/976
f 934/934/934 976/976/976 935/935/935
f 935/935/935 976/976/976 977/977/977
f 935/935/935 977/977/977 936/936/936
f 936/936/936 977/977/977 978/978/978
f 936/936/936 978/978/978 937/937/937
f 937/937/937 978/978/978 979/979/979
f 937/937/937 979/979/979 938/938/938
f 938/938/938 979/979/979 980/980/980
f 938/938/938 980/980/980 939/939/939
f 939/939/939 980/980/980 981/981/981
f 939/939/939 981/981/981 940/940/940
f 940/940/940 981/981/981 982/982/982
f 940/940/940 982/982/982 941/941/941
f 941/941/941 982/982/982 983/983/983
f 941/941/941 983/983/983 942/942/942
f 942/942/942 983/983/983 984/984/984
f 942/942/942 984/984/984 943/943/943
f 944/944/944 985/985/985 986/986/986
f 944/944/944 986/986/986 945/945/945
f 945/945/945 986/986/986 987/987/987
f 945/945/945 987/987/987 946/946/946
f 946/946/946 987/987/987 988/988/988
f 946/946/946 988/988/988 947/947/947
f 947/947/947 988/988/988 989/989/989
f 947/947/947 989/989/989 948/948/948
f 948/948/948 989/989/989 990/990/990
f 948/948/948 990/990/990 949/949/949
f 949/949/949 990/990/990 991/991/991
f 949/949/949 991/991/991 950/950/950
f 950/950/950 991/991/991 992/992/992
f 950/950/950 992/992/992 951/951/951
f 951/951/951 992/992/992 993/993/993
f 951/951/951 993/993/993 952/952/952
f 952/952/952 993/993/993 994/994/994
f 952/952/952 994/994/994 953/953/953
f 953/953/953 994/994/994 995/995/995
f 953/953/953 995/995/995 954/954/954
f 954/954/954 995/995/995 996/996/996
f 954/954/954 996/996/996 955/955/955
f 955/955/955 996/996/996 997/997/997
f 955/955/955 997/997/997 956/956/956
f 956/956/956 997/997/997 998/998/998
f 956/956/956 998/998/998 957/957/957
f 957/957/957 998/998/998 999/999/999
f 957/957/957 999/999/999 958/958/958
f 958/958/958 999/999/999 1000/1000/1000
f 958/958/958 1000/1000/1000 959/959/959
f 959/959/959 1000/1000/1000 1001/1001/1001
f 959/959/959 1001/1001/1001 960/960/960
f 960/960/960 1001/1001/1001 1002/1002/1002
f 960/960/960 1002/1002/1002 961/961/961
f 961/961/961 1002/1002/1002 1003/1003/1003
f 961/961/961 1003/1003/1003 962/962/962
f 962/962/962 1003/1003/1003 1004/1004/1004
f 962/962/962 1004/1004/1004 963/963/963
f 963/963/963 1004/1004/1004 1005/1005/1005
f 963/963/963 1005/1005/1005 964/964/964
f 964/964/964 1005/1005/1005 1006/1006/1006
f 964/964/964 1006/1006/1006 965/965/965
f 965/965/965 1006/1006/1006 1007/1007/1007
f 965/965/965 1007/1007/1007 966/966/966
f 966/966/966 1007/1007/1007 1008/1008/1008
f 966/966/966 1008/1008/1008 967/967/967
f 967/967/967 1008/1008/1008 1009/1009/1009
f 967/967/967 1009/1009/1009 968/968/968
f 968/968/968 1009/1009/1009 1010/1010/1010
f 968/968/968 1010/1010/1010 969/969/969
f 969/969/969 1010/1010/1010 1011/1011/1011
f 969/969/969 1011/1011/1011 970/970/970
f 970/970/970 1011/1011/1011 1012/1012/1012
f 970/970/970 1012/1012/1012 971/971/971
f 971/971/971 1012/1012/1012 1013/1013/1013
f 971/971/971 1013/1013/1013 972/972/972
f 972/972/972 1013/1013/1013 1014/1014/1014
f 972/972/972 1014/1014/1014 973/973/973
f 973/973/973 1014/1014/1014 1015/1015/1015
f 973/973/973 1015/1015/1015 974/974/974
f 974/974/974 1015/1015/1015 1016/1016/1016
f 974/974/974 1016/1016/1016 975/975/975
f 975/975/975 1016/1016/1016 1017/1017/1017
f 975/975/975 1017/1017/1017 976/976/976
f 976/976/976 1017/1017/1017 1018/1018/1018
f 976/976/976 1018/1018/1018 977/977/977
f 977/977/977 1018/1018/1018 1019/1019/1019
f 977/977/977 1019/1019/1019 978/978/978
f 978/978/978 1019/1019/1019 1020/1020/1020
f 978/978/978 1020/1020/1020 979/979/979
f 979/979/979 1020/1020/1020 1021/1021/1021
f 979/979/979 1021/1021/1021 980/980/980
f 980/980/980 1021/1021/1021 1022/1022/1022
f 980/980/980 1022/1022/1022 981/981/981
f 981/981/981 1022/1022/1022 1023/1023/1023
f 981/981/981 1023/1023/1023 982/982/982
f 982/982/982 1023/1023/1023 1024/1024/1024
f 982/982/982 1024/1024/1024 983/983/983
f 983/983/983 1024/1024/1024 1025/1025/1025
f 983/983/983 1025/1025/1025 984/984/984
f 985/985/985 1026/1026/1026 1027/1027/1027
f 985/985/985 1027/1027/1027 986/986/986
f 986/986/986 1027/1027/1027 1028/1028/1028
f 986/986/986 1028/1028/1028 987/987/987
f 987/987/987 1028/1028/1028 1029/1029/1029
f 987/987/987 1029/1029/1029 988/988/988
f 988/988/988 1029/1029/1029 1030/1030/1030
f 988/988/988 1030/1030/1030 989/989/989
f 989/989/989 1030/1030/1030 1031/1031/1031
f 989/989/989 1031/1031/1031 990/990/990
f 990/990/990 1031/1031/1031 1032/1032/1032
f 990/990/990 1032/1032/1032 991/991/991
f 991/991/991 1032/1032/1032 1033/1033/1033
f 991/991/991 1033/1033/1033 992/992/992
f 992/992/992 1033/1033/1033 1034/1034/1034
f 992/992/992 1034/1034/1034 993/993/993
f 993/993/993 1034/1034/1034 1035/1035/1035
f 993/993/993 1035/1035/1035 994/994/994
f 994/994/994 1035/1035/1035 1036/1036/1036
f 994/994/994 1036/1036/1036 995/995/995
f 995/995/995 1036/1036/1036 1037/1037/1037
f 995/995/995 1037/1037/1037 996/996/996
f 996/996/996 1037/1037/1037 1038/1038/1038
f 996/996/996 1038/1038/1038 997/997/997
f 997/997/997 1038/1038/1038 1039/1039/1039
f 997/997/997 1039/1039/1039 998/998/998
f 998/998/998 1039/1039/1039 1040/1040/1040
f 998/998/998 1040/1040/1040 999/999/999
f 999/999/999 1040/1040/1040 1041/1041/1041
f 999/999/999 1041/1041/1041 1000/1000/1000
f 1000/1000/1000 1041/1041/1041 1042/1042/1042
f 1000/1000/1000 1042/1042/1042 1001/1001/1001
f 1001/1001/1001 1042/1042/1042 1043/1043/1043
f 1001/1001/1001 1043/1043/1043 1002/1002/1002
f 1002/1002/1002 1043/1043/1043 1044/1044/1044
f 1002/1002/1002 1044/1044/1044 1003/1003/1003
f 1003/1003/1003 1044/1044/1044 1045/1045/1045
f 1003/1003/1003 1045/1045/1045 1004/1004/1004
f 1004/1004/1004 1045/1045/1045 1046/1046/1046
f 1004/1004/1004 1046/1046/1046 1005/1005/1005
f 1005/1005/1005 1046/1046/1046 1047/1047/1047
f 1005/1005/1005 1047/1047/1047 1006/1006/1006
f 1006/1006/1006 1047/1047/1047 1048/1048/1048
f 1006/1006/1006 1048/1048/1048 1007/1007/1007
f 1007/1007/1007 1048/1048/1048 1049/1049/1049
f 1007/1007/1007 1049/1049/1049 1008/1008/1008
f 1008/1008/1008 1049/1049/1049 1050/1050/1050
f 1008/1008/1008 1050/1050/1050 1009/1009/1009
f 1009/1009/1009 1050/1050/1050 1051/1051/1051
f 1009/1009/1009 1051/1051/1051 1010/1010/1010
f 1010/1010/1010 1051/1051/1051 1052/1052/1052
f 1010/1010/1010 1052/1052/1052 1011/1011/1011
f 1011/1011/1011 1052/1052/1052 1053/1053/1053
f 1011/1011/1011 1053/1053/1053 1012/1012/1012
f 1012/1012/1012 1053/1053/1053 1054/1054/1054
f 1012/1012/1012 1054/1054/1054 1013/1013/1013
f 1013/1013/1013 1054/1054/1054 1055/1055/1055
f 1013/1013/1013 1055/1055/1055 1014/1014/1014
f 1014/1014/1014 1055/1055/1055 1056/1056/1056
f 1014/1014/1014 1056/1056/1056 1015/1015/1015
f 1015/1015/1015 1056/1056/1056 1057/1057/1057
f 1015/1015/1015 1057/1057/1057 1016/1016/1016
f 1016/1016/1016 1057/1057/1057 1058/1058/1058
f 1016/1016/1016 1058/1058/1058 1017/1017/1017
f 1017/1017/1017 1058/1058/1058 1059/1059/1059
f 1017/1017/1017 1059/1059/1059 1018/1018/1018
f 1018/1018/1018 1059/1059/1059 1060/1060/1060
f 1018/1018/1018 1060/1060/1060 1019/1019/1019
f 1019/1019/1019 1060/1060/1060 1061/1061/1061
f 1019/1019/1019 1061/1061/1061 1020/1020/1020
f 1020/1020/1020 1061/1061/1061 1062/1062/1062
f 1020/1020/1020 1062/1062/1062 1021/1021/1021
f 1021/1021/1021 1062/1062/1062 1063/1063/1063
f 1021/1021/1021 1063/1063/1063 1022/1022/1022
f 1022/1022/1022 1063/1063/1063 1064/1064/1064
f 1022/1022/1022 1064/1064/1064 1023/1023/1023
f 1023/1023/1023 1064/1064/1064 1065/1065/1065
f 1023/1023/1023 1065/1065/1065 1024/1024/1024
f 1024/1024/1024 1065/1065/1065 1066/1066/1066
f 1024/1024/1024 1066/1066/1066 1025/1025/1025
f 1026/1026/1026 1067/1067/1067 1068/1068/1068
f 1026/1026/1026 1068/1068/1068 1027/1027/1027
f 1027/1027/1027 1068/1068/1068 1069/1069/1069
f 1027/1027/1027 1069/1069/1069 1028/1028/1028
f 1028/1028/1028 1069/1069/1069 1070/1070/1070
f 1028/1028/1028 1070/1070/1070 1029/1029/1029
f 1029/1029/1029 1070/1070/1070 1071/1071/1071
f 1029/1029/1029 1071/1071/1071 1030/1030/1030
f 1030/1030/1030 1071/1071/1071 1072/1072/1072
f 1030/1030/1030 1072/1072/1072 1031/1031/1031
f 1031/1031/1031 1072/1072/1072 1073/1073/1073
f 1031/1031/1031 1073/1073/1073 1032/1032/1032
f 1032/1032/1032 1073/1073/1073 1074/1074/1074
f 1032/1032/1032 1074/1074/1074 1033/1033/1033
f 1033/1033/1033 1074/1074/1074 1075/1075/1075
f 1033/1033/1033 1075/1075/1075 1034/1034/1034
f 1034/1034/1034 1075/1075/1075 1076/1076/1076
f 1034/1034/1034 1076/1076/1076 1035/1035/1035
f 1035/1035/1035 1076/1076/1076 1077/1077/1077
f 1035/1035/1035 1077/1077/1077 1036/1036/1036
f 1036/1036/1036 1077/1077/1077 1078/1078/1078
f 1036/1036/1036 1078/1078/1078 1037/1037/1037
f 1037/1037/1037 1078/1078/1078 1079/1079/1079
f 1037/1037/1037 1079/1079/1079 1038/1038/1038
f 1038/1038/1038 1079/1079/1079 1080/1080/1080
f 1038/1038/1038 1080/1080/1080 1039/1039/1039
f 1039/1039/1039 1080/1080/1080 1081/1081/1081
f 1039/1039/1039 1081/1081/1081 1040/1040/1040
f 1040/1040/1040 1081/1081/1081 1082/1082/1082
f 1040/1040/1040 1082/1082/1082 1041/1041/1041
f 1041/1041/1041 1082/1082/1082 1083/1083/1083
f 1041/1041/1041 1083/1083/1083 1042/1042/1042
f 1042/1042/1042 1083/1083/1083 1084/1084/1084
f 1042/1042/1042 1084/1084/1084 1043/1043/1043
f 1043/1043/1043 1084/1084/1084 1085/1085/1085
f 1043/1043/1043 1085/1085/1085 1044/1044/1044
f 1044/1044/1044 1085/1085/1085 1086/1086/1086
f 1044/1044/1044 1086/1086/1086 1045/1045/1045
f 1045/1045/1045 1086/1086/1086 1087/1087/1087
f 1045/1045/1045 1087/1087/1087 1046/1046/1046
f 1046/1046/1046 1087/1087/1087 1088/1088/1088
f 1046/1046/1046 1088/1088/1088 1047/1047/1047
f 1047/1047/1047 1088/1088/1088 1089/1089/1089
f 1047/1047/1047 1089/1089/1089 1048/1048/1048
f 1048/1048/1048 1089/1089/1089 1090/1090/1090
f 1048/1048/1048 1090/1090/1090 1049/1049/1049
f 1049/1049/1049 1090/1090/1090 1091/1091/1091
f 1049/1049/1049 1091/1091/1091 1050/1050/1050
f 1050/1050/1050 1091/1091/1091 1092/1092/1092
f 1050/1050/1050 1092/1092/1092 1051/1051/1051
f 1051/1051/1051 1092/1092/1092 1093/1093/1093
f 1051/1051/1051 1093/1093/1093 1052/1052/1052
f 1052/1052/1052 1093/1093/1093 1094/1094/1094
f 1052/1052/1052 1094/1094/1094 1053/1053/1053
f 1053/1053/1053 1094/1094/1094 1095/1095/1095
f 1053/1053/1053 1095/1095/1095 1054/1054/1054
f 1054/1054/1054 1095/1095/1095 1096/1096/1096
f 1054/1054/1054 1096/1096/1096 1055/1055/1055
f 1055/1055/1055 1096/1096/1096 1097/1097/1097
f 1055/1055/1055 1097/1097/1097 1056/1056/1056
f 1056/1056/1056 1097/1097/1097 1098/1098/1098
f 1056/1056/1056 1098/1098/1098 1057/1057/1057
f 1057/1057/1057 1098/1098/1098 1099/1099/1099
f 1057/1057/1057 1099/1099/1099 1058/1058/1058
f 1058/1058/1058 1099/1099/1099 1100/1100/1100
f 1058/1058/1058 1100/1100/1100 1059/1059/1059
f 1059/1059/1059 1100/1100/1100 1101/1101/1101
f 1059/1059/1059 1101/1101/1101 1060/1060/1060
f 1060/1060/1060 1101/1101/1101 1102/1102/1102
f 1060/1060/1060 1102/1102/1102 1061/1061/1061
f 1061/1061/1061 1102/1102/1102 1103/1103/1103
f 1061/1061/1061 1103/1103/1103 1062/1062/1062
f 1062/1062/1062 1103/1103/1103 1104/1104/1104
f 1062/1062/1062 1104/1104/1104 1063/1063/1063
f 1063/1063/1063 1104/1104/1104 1105/1105/1105
f 1063/1063/1063 1105/1105/1105 1064/1064/1064
f 1064/1064/1064 1105/1105/1105 1106/1106/1106
f 1064/1064/1064 1106/1106/1106 1065/1065/1065
f 1065/1065/1065 1106/1106/1106 1107/1107/1107
f 1065/1065/1065 1107/1107/1107 1066/1066/1066
f 1067/1067/1067 1108/1108/1108 1109/1109/1109
f 1067/1067/1067 1109/1109/1109 1068/1068/1068
f 1068/1068/1068 1109/1109/1109 1110/1110/1110
f 1068/1068/1068 1110/1110/1110 1069/1069/1069
f 1069/1069/1069 1110/1110/1110 1111/1111/1111
f 1069/1069/1069 1111/1111/1111 1070/1070/1070
f 1070/1070/1070 1111/1111/1111 1112/1112/1112
f 1070/1070/1070 1112/1112/1112 1071/1071/1071
f 1071/1071/1071 1112/1112/1112 1113/1113/1113
f 1071/1071/1071 1113/1113/1113 1072/1072/1072
f 1072/1072/1072 1113/1113/1113 1114/1114/1114
f 1072/1072/1072 1114/1114/1114 1073/1073/1073
f 1073/1073/1073 1114/1114/1114 1115/1115/1115
f 1073/1073/1073 1115/1115/1115 1074/1074/1074
f 1074/1074/1074 1115/1115/1115 1116/1116/1116
f 1074/1074/1074 1116/1116/1116 1075/1075/1075
f 1075/1075/1075 1116/1116/1116 1117/1117/1117
f 1075/1075/1075 1117/1117/1117 1076/1076/1076
f 1076/1076/1076 1117/1117/1117 1118/1118/1118
f 1076/1076/1076 1118/1118/1118 1077/1077/1077
f 1077/1077/1077 1118/1118/1118 1119/1119/1119
f 1077/1077/1077 1119/1119/1119 1078/1078/1078
f 1078/1078/1078 1119/1119/1119 1120/1120/1120
f 1078/1078/1078 1120/1120/1120 1079/1079/1079
f 1079/1079/1079 1120/1120/1120 1121/1121/1121
f 1079/1079/1079 1121/1121/1121 1080/1080/1080
f 1080/1080/1080 1121/1121/1121 1122/1122/1122
f 1080/1080/1080 1122/1122/1122 1081/1081/1081
f 1081/1081/1081 1122/1122/1122 1123/1123/1123
f 1081/1081/1081 1123/1123/1123 1082/1082/1082
f 1082/1082/1082 1123/1123/1123 1124/1124/1124
f 1082/1082/1082 1124/1124/1124 1083/1083/1083
f 1083/1083/1083 1124/1124/1124 1125/1125/1125
f 1083/1083/1083 1125/1125/1125 1084/1084/1084
f 1084/1084/1084 1125/1125/1125 1126/1126/1126
f 1084/1084/1084 1126/1126/1126 1085/1085/1085
f 1085/1085/1085 1126/1126/1126 1127/1127/1127
f 1085/1085/1085 1127/1127/1127 1086/1086/1086
f 1086/1086/1086 1127/1127/1127 1128/1128/1128
f 1086/1086/1086 1128/1128/1128 1087/1087/1087
f 1087/1087/1087 1128/1128/1128 1129/1129/1129
f 1087/1087/1087 1129/1129/1129 1088/1088/1088
f 1088/1088/1088 1129/1129/1129 1130/1130/1130
f 1088/1088/1088 1130/1130/1130 1089/1089/1089
f 1089/1089/1089 1130/1130/1130 1131/1131/1131
f 1089/1089/1089 1131/1131/1131 1090/1090/1090
f 1090/1090/1090 1131/1131/1131 1132/1132/1132
f 1090/1090/1090 1132/1132/1132 1091/1091/1091
f 1091/1091/1091 1132/1132/1132 1133/1133/1133
f 1091/1091/1091 1133/1133/1133 1092/1092/1092
f 1092/1092/1092 1133/1133/1133 1134/1134/1134
f 1092/1092/1092 1134/1134/1134 1093/1093/1093
f 1093/1093/1093 1134/1134/1134 1135/1135/1135
f 1093/1093/1093 1135/1135/1135 1094/1094/1094
f 1094/1094/1094 1135/1135/1135 1136/1136/1136
f 1094/1094/1094 1136/1136/1136 1095/1095/1095
f 1095/1095/1095 1136/1136/1136 1137/1137/1137
f 1095/1095/1095 1137/1137/1137 1096/1096/1096
f 1096/1096/1096 1137/1137/1137 1138/1138/1138
f 1096/1096/1096 1138/1138/1138 1097/1097/1097
f 1097/1097/1097 1138/1138/1138 1139/1139/1139
f 1097/1097/1097 1139/1139/1139 1098/1098/1098
f 1098/1098/1098 1139/1139/1139 1140/1140/1140
f 1098/1098/1098 1140/1140/1140 1099/1099/1099
f 1099/1099/1099 1140/1140/1140 1141/1141/1141
f 1099/1099/1099 1141/1141/1141 1100/1100/1100
f 1100/1100/1100 1141/1141/1141 1142/1142/1142
f 1100/1100/1100 1142/1142/1142 1101/1101/1101
f 1101/1101/1101 1142/1142/1142 1143/1143/1143
f 1101/1101/1101 1143/1143/1143 1102/1102/1102
f 1102/1102/1102 1143/1143/1143 1144/1144/1144
f 1102/1102/1102 1144/1144/1144 1103/1103/1103
f 1103/1103/1103 1144/1144/1144 1145/1145/1145
f 1103/1103/1103 1145/1145/1145 1104/1104/1104
f 1104/1104/1104 1145/1145/1145 1146/1146/1146
f 1104/1104/1104 1146/1146/1146 1105/1105/1105
f 1105/1105/1105 1146/1146/1146 1147/1147/1147
f 1105/1105/1105 1147/1147/1147 1106/1106/1106
f 1106/1106/1106 1147/1147/1147 1148/1148/1148
f 1106/1106/1106 1148/1148/1148 1107/1107/1107
f 1108/1108/1108 1149/1149/1149 1150/1150/1150
f 1108/1108/1108 1150/1150/1150 1109/1109/1109
f 1109/1109/1109 1150/1150/1150 1151/1151/1151
f 1109/1109/1109 1151/1151/1151 1110/1110/1110
f 1110/1110/1110 1151/1151/1151 1152/1152/1152
f 1110/1110/1110 1152/1152/1152 1111/1111/1111
f 1111/1111/1111 1152/1152/1152 1153/1153/1153
f 1111/1111/1111 1153/1153/1153 1112/1112/1112
f 1112/1112/1112 1153/1153/1153 1154/1154/1154
f 1112/1112/1112 1154/1154/1154 1113/1113/1113
f 1113/1113/1113 1154/1154/1154 1155/1155/1155
f 1113/1113/1113 1155/1155/1155 1114/1114/1114
f 1114/1114/1114 1155/1155/1155 1156/1156/1156
f 1114/1114/1114 1156/1156/1156 1115/1115/1115
f 1115/1115/1115 1156/1156/1156 1157/1157/1157
f 1115/1115/1115 1157/1157/1157 1116/1116/1116
f 1116/1116/1116 1157/1157/1157 1158/1158/1158
f 1116/1116/1116 1158/1158/1158 1117/1117/1117
f 1117/1117/1117 1158/1158/1158 1159/1159/1159
f 1117/1117/1117 1159/1159/1159 1118/1118/1118
f 1118/1118/1118 1159/1159/1159 1160/1160/1160
f 1118/1118/1118 1160/1160/1160 1119/1119/1119
f 1119/1119/1119 1160/1160/1160 1161/1161/1161
f 1119/1119/1119 1161/1161/1161 1120/1120/1120
f 1120/1120/1120 1161/1161/1161 1162/1162/1162
f 1120/1120/1120 1162/1162/1162 1121/1121/1121
f 1121/1121/1121 1162/1162/1162 1163/1163/1163
f 1121/1121/1121 1163/1163/1163 1122/1122/1122
f 1122/1122/1122 1163/1163/1163 1164/1164/1164
f 1122/1122/1122 1164/1164/1164 1123/1123/1123
f 1123/1123/1123 1164/1164/1164 1165/1165/1165
f 1123/1123/1123 1165/1165/1165 1124/1124/1124
f 1124/1124/1124 1165/1165/1165 1166/1166/1166
f 1124/1124/1124 1166/1166/1166 1125/1125/1125
f 1125/1125/1125 1166/1166/1166 1167/1167/1167
f 1125/1125/1125 1167/1167/1167 1126/1126/1126
f 1126/1126/1126 1167/1167/1167 1168/1168/1168
f 1126/1126/1126 1168/1168/1168 1127/1127/1127
f 1127/1127/1127 1168/1168/1168 1169/1169/1169
f 1127/1127/1127 1169/1169/1169 1128/1128/1128
f 1128/1128/1128 1169/1169/1169 1170/1170/1170
f 1128/1128/1128 1170/1170/1170 1129/1129/1129
f 1129/1129/1129 1170/1170/1170 1171/1171/1171
f 1129/1129/1129 1171/1171/1171 1130/1130/1130
f 1130/1130/1130 1171/1171/1171 1172/1172/1172
f 1130/1130/1130 1172/1172/1172 1131/1131/1131
f 1131/1131/1131 1172/1172/1172 1173/1173/1173
f 1131/1131/1131 1173/1173/1173 1132/1132/1132
f 1132/1132/1132 1173/1173/1173 1174/1174/1174
f 1132/1132/1132 1174/1174/1174 1133/1133/1133
f 1133/1133/1133 1174/1174/1174 1175/1175/1175
f 1133/1133/1133 1175/1175/1175 1134/1134/1134
f 1134/1134/1134 1175/1175/1175 1176/1176/1176
f 1134/1134/1134 1176/1176/1176 1135/1135/1135
f 1135/1135/1135 1176/1176/1176 1177/1177/1177
f 1135/1135/1135 1177/1177/1177 1136/1136/1136
f 1136/1136/1136 1177/1177/1177 1178/1178/1178
f 1136/1136/1136 1178/1178/1178 1137/1137/1137
f 1137/1137/1137 1178/1178/1178 1179/1179/1179
f 1137/1137/1137 1179/1179/1179 1138/1138/1138
f 1138/1138/1138 1179/1179/1179 1180/1180/1180
f 1138/1138/1138 1180/1180/1180 1139/1139/1139
f 1139/1139/1139 1180/1180/1180 1181/1181/1181
f 1139/1139/1139 1181/1181/1181 1140/1140/1140
f 1140/1140/1140 1181/1181/1181 1182/1182/1182
f 1140/1140/1140 1182/1182/1182 1141/1141/1141
f 1141/1141/1141 1182/1182/1182 1183/1183/1183
f 1141/1141/1141 1183/1183/1183 1142/1142/1142
f 1142/1142/1142 1183/1183/1183 1184/1184/1184
f 1142/1142/1142 1184/1184/1184 1143/1143/1143
f 1143/1143/1143 1184/1184/1184 1185/1185/1185
f 1143/1143/1143 1185/1185/1185 1144/1144/1144
f 1144/1144/1144 1185/1185/1185 1186/1186/1186
f 1144/1144/1144 1186/1186/1186 1145/1145/1145
f 1145/1145/1145 1186/1186/1186 1187/1187/1187
f 1145/1145/1145 1187/1187/1187 1146/1146/1146
f 1146/1146/1146 1187/1187/1187 1188/1188/1188
f 1146/1146/1146 1188/1188/1188 1147/1147/1147
f 1147/1147/1147 1188/1188/1188 1189/1189/1189
f 1147/1147/1147 1189/1189/1189 1148/1148/1148
f 1149/1149/1149 1190/1190/1190 1191/1191/1191
f 1149/1149/1149 1191/1191/1191 1150/1150/1150
f 1150/1150/1150 1191/1191/1191 1192/1192/1192
f 1150/1150/1150 1192/1192/1192 1151/1151/1151
f 1151/1151/1151 1192/1192/1192 1193/1193/1193
f 1151/1151/1151 1193/1193/1193 1152/1152/1152
f 1152/1152/1152 1193/1193/1193 1194/1194/1194
f 1152/1152/1152 1194/1194/1194 1153/1153/1153
f 1153/1153/1153 1194/1194/1194 1195/1195/1195
f 1153/1153/1153 1195/1195/1195 1154/1154/1154
f 1154/1154/1154 1195/1195/1195 1196/1196/1196
f 1154/1154/1154 1196/1196/1196 1155/1155/1155
f 1155/1155/1155 1196/1196/1196 1197/1197/1197
f 1155/1155/1155 1197/1197/1197 1156/1156/1156
f 1156/1156/1156 1197/1197/1197 1198/1198/1198
f 1156/1156/1156 1198/1198/1198 1157/1157/1157
f 1157/1157/1157 1198/1198/1198 1199/1199/1199
f 1157/1157/1157 1199/1199/1199 1158/1158/1158
f 1158/1158/1158 1199/1199/1199 1200/1200/1200
f 1158/1158/1158 1200/1200/1200 1159/1159/1159
f 1159/1159/1159 1200/1200/1200 1201/1201/1201
f 1159/1159/1159 1201/1201/1201 1160/1160/1160
f 1160/1160/1160 1201/1201/1201 1202/1202/1202
f 1160/1160/1160 1202/1202/1202 1161/1161/1161
f 1161/1161/1161 1202/1202/1202 1203/1203/1203
f 1161/1161/1161 1203/1203/1203 1162/1162/1162
f 1162/1162/1162 1203/1203/1203 1204/1204/1204
f 1162/1162/1162 1204/1204/1204 1163/1163/1163
f 1163/1163/1163 1204/1204/1204 1205/1205/1205
f 1163/1163/1163 1205/1205/1205 1164/1164/1164
f 1164/1164/1164 1205/1205/1205 1206/1206/1206
f 1164/1164/1164 1206/1206/1206 1165/1165/1165
f 1165/1165/1165 1206/1206/1206 1207/1207/1207
f 1165/1165/1165 1207/1207/1207 1166/1166/1166
f 1166/1166/1166 1207/1207/1207 1208/1208/1208
f 1166/1166/1166 1208/1208/1208 1167/1167/1167
f 1167/1167/1167 1208/1208/1208 1209/1209/1209
f 1167/1167/1167 1209/1209/1209 1168/1168/1168
f 1168/1168/1168 1209/1209/1209 1210/1210/1210
f 1168/1168/1168 1210/1210/1210 1169/1169/1169
f 1169/1169/1169 1210/1210/1210 1211/1211/1211
f 1169/1169/1169 1211/1211/1211 1170/1170/1170
f 1170/1170/1170 1211/1211/1211 1212/1212/1212
f 1170/1170/1170 1212/1212/1212 1171/1171/1171
f 1171/1171/1171 1212/1212/1212 1213/1213/1213
f 1171/1171/1171 1213/1213/1213 1172/1172/1172
f 1172/1172/1172 1213/1213/1213 1214/1214/1214
f 1172/1172/1172 1214/1214/1214 1173/1173/1173
f 1173/1173/1173 1214/1214/1214 1215/1215/1215
f 1173/1173/1173 1215/1215/1215 1174/1174/1174
f 1174/1174/1174 1215/1215/1215 1216/1216/1216
f 1174/1174/1174 1216/1216/1216 1175/1175/1175
f 1175/1175/1175 1216/1216/1216 1217/1217/1217
f 1175/1175/1175 1217/1217/1217 1176/1176/1176
f 1176/1176/1176 1217/1217/1217 1218/1218/1218
f 1176/1176/1176 1218/1218/1218 1177/1177/1177
f 1177/1177/1177 1218/1218/1218 1219/1219/1219
f 1177/1177/1177 1219/1219/1219 1178/1178/1178
f 1178/1178/1178 1219/1219/1219 1220/1220/1220
f 1178/1178/1178 1220/1220/1220 1179/1179/1179
f 1179/1179/1179 1220/1220/1220 1221/1221/1221
f 1179/1179/1179 1221/1221/1221 1180/1180/1180
f 1180/1180/1180 1221/1221/1221 1222/1222/1222
f 1180/1180/1180 1222/1222/1222 1181/1181/1181
f 1181/1181/1181 1222/1222/1222 1223/1223/1223
f 1181/1181/1181 1223/1223/1223 1182/1182/1182
f 1182/1182/1182 1223/1223/1223 1224/1224/1224
f 1182/1182/1182 1224/1224/1224 1183/1183/1183
f 1183/1183/1183 1224/1224/1224 1225/1225/1225
f 1183/1183/1183 1225/1225/1225 1184/1184/1184
f 1184/1184/1184 1225/1225/1225 1226/1226/1226
f 1184/1184/1184 1226/1226/1226 1185/1185/1185
f 1185/1185/1185 1226/1226/1226 1227/1227/1227
f 1185/1185/1185 1227/1227/1227 1186/1186/1186
f 1186/1186/1186 1227/1227/1227 1228/1228/1228
f 1186/1186/1186 1228/1228/1228 1187/1187/1187
f 1187/1187/1187 1228/1228/1228 1229/1229/1229
f 1187/1187/1187 1229/1229/1229 1188/1188/1188
f 1188/1188/1188 1229/1229/1229 1230/1230/1230
f 1188/1188/1188 1230/1230/1230 1189/1189/1189
f 1190/1190/1190 1231/1231/1231 1232/1232/1232
f 1190/1190/1190 1232/1232/1232 1191/1191/1191
f 1191/1191/1191 1232/1232/1232 1233/1233/1233
f 1191/1191/1191 1233/1233/1233 1192/1192/1192
f 1192/1192/1192 1233/1233/1233 1234/1234/1234
f 1192/1192/1192 1234/1234/1234 1193/1193/1193
f 1193/1193/1193 1234/1234/1234 1235/1235/1235
f 1193/1193/1193 1235/1235/1235 1194/1194/1194
f 1194/1194/1194 1235/1235/1235 1236/1236/1236
f 1194/1194/1194 1236/1236/1236 1195/1195/1195
f 1195/1195/1195 1236/1236/1236 1237/1237/1237
f 1195/1195/1195 1237/1237/1237 1196/1196/1196
f 1196/1196/1196 1237/1237/1237 1238/1238/1238
f 1196/1196/1196 1238/1238/1238 1197/1197/1197
f 1197/1197/1197 1238/1238/1238 1239/1239/1239
f 1197/1197/1197 1239/1239/1239 1198/1198/1198
f 1198/1198/1198 1239/1239/1239 1240/1240/1240
f 1198/1198/1198 1240/1240/1240 1199/1199/1199
f 1199/1199/1199 1240/1240/1240 1241/1241/1241
f 1199/1199/1199 1241/1241/1241 1200/1200/1200
f 1200/1200/1200 1241/1241/1241 1242/1242/1242
f 1200/1200/1200 1242/1242/1242 1201/1201/1201
f 1201/1201/1201 1242/1242/1242 1243/1243/1243
f 1201/1201/1201 1243/1243/1243 1202/1202/1202
f 1202/1202/1202 1243/1243/1243 1244/1244/1244
f 1202/1202/1202 1244/1244/1244 1203/1203/1203
f 1203/1203/1203 1244/1244/1244 1245/1245/1245
f 1203/1203/1203 1245/1245/1245 1204/1204/1204
f 1204/1204/1204 1245/1245/1245 1246/1246/1246
f 1204/1204/1204 1246/1246/1246 1205/1205/1205
f 1205/1205/1205 1246/1246/1246 1247/1247/1247
f 1205/1205/1205 1247/1247/1247 1206/1206/1206
f 1206/1206/1206 1247/1247/1247 1248/1248/1248
f 1206/1206/1206 1248/1248/1248 1207/1207/1207
f 1207/1207/1207 1248/1248/1248 1249/1249/1249
f 1207/1207/1207 1249/1249/1249 1208/1208/1208
f 1208/1208/1208 1249/1249/1249 1250/1250/1250
f 1208/1208/1208 1250/1250/1250 1209/1209/1209
f 1209/1209/1209 1250/1250/1250 1251/1251/1251
f 1209/1209/1209 1251/1251/1251 1210/1210/1210
f 1210/1210/1210 1251/1251/1251 1252/1252/1252
f 1210/1210/1210 1252/1252/1252 1211/1211/1211
f 1211/1211/1211 1252/1252/1252 1253/1253/1253
f 1211/1211/1211 1253/1253/1253 1212/1212/1212
f 1212/1212/1212 1253/1253/1253 1254/1254/1254
f 1212/1212/1212 1254/1254/1254 1213/1213/1213
f 1213/1213/1213 1254/1254/1254 1255/1255/1255
f 1213/1213/1213 1255/1255/1255 1214/1214/1214
f 1214/1214/1214 1255/1255/1255 1256/1256/1256
f 1214/1214/1214 1256/1256/1256 1215/1215/1215
f 1215/1215/1215 1256/1256/1256 1257/1257/1257
f 1215/1215/1215 1257/1257/1257 1216/1216/1216
f 1216/1216/1216 1257/1257/1257 1258/1258/1258
f 1216/1216/1216 1258/1258/1258 1217/1217/1217
f 1217/1217/1217 1258/1258/1258 1259/1259/1259
f 1217/1217/1217 1259/1259/1259 1218/1218/1218
f 1218/1218/1218 1259/1259/1259 1260/1260/1260
f 1218/1218/1218 1260/1260/1260 1219/1219/1219
f 1219/1219/1219 1260/1260/1260 1261/1261/1261
f 1219/1219/1219 1261/1261/1261 1220/1220/1220
f 1220/1220/1220 1261/1261/1261 1262/1262/1262
f 1220/1220/1220 1262/1262/1262 1221/1221/1221
f 1221/1221/1221 1262/1262/1262 1263/1263/1263
f 1221/1221/1221 1263/1263/1263 1222/1222/1222
f 1222/1222/1222 1263/1263/1263 1264/1264/1264
f 1222/1222/1222 1264/1264/1264 1223/1223/1223
f 1223/1223/1223 1264/1264/1264 1265/1265/1265
f 1223/1223/1223 1265/1265/1265 1224/1224/1224
f 1224/1224/1224 1265/1265/1265 1266/1266/1266
f 1224/1224/1224 1266/1266/1266 1225/1225/1225
f 1225/1225/1225 1266/1266/1266 1267/1267/1267
f 1225/1225/1225 1267/1267/1267 1226/1226/1226
f 1226/1226/1226 1267/1267/1267 1268/1268/1268
f 1226/1226/1226 1268/1268/1268 1227/1227/1227
f 1227/1227/1227 1268/1268/1268 1269/1269/1269
f 1227/1227/1227 1269/1269/1269 1228/1228/1228
f 1228/1228/1228 1269/1269/1269 1270/1270/1270
f 1228/1228/1228 1270/1270/1270 1229/1229/1229
f 1229/1229/1229 1270/1270/1270 1271/1271/1271
f 1229/1229/1229 1271/1271/1271 1230/1230/1230
f 1231/1231/1231 1272/1272/1272 1273/1273/1273
f 1231/1231/1231 1273/1273/1273 1232/1232/1232
f 1232/1232/1232 1273/1273/1273 1274/1274/1274
f 1232/1232/1232 1274/1274/1274 1233/1233/1233
f 1233/1233/1233 1274/1274/1274 1275/1275/1275
f 1233/1233/1233 1275/1275/1275 1234/1234/1234
f 1234/1234/1234 1275/1275/1275 1276/1276/1276
f 1234/1234/1234 1276/1276/1276 1235/1235/1235
f 1235/1235/1235 1276/1276/1276 1277/1277/1277
f 1235/1235/1235 1277/1277/1277 1236/1236/1236
f 1236/1236/1236 1277/1277/1277 1278/1278/1278
f 1236/1236/1236 1278/1278/1278 1237/1237/1237
f 1237/1237/1237 1278/1278/1278 1279/1279/1279
f 1237/1237/1237 1279/1279/1279 1238/1238/1238
f 1238/1238/1238 1279/1279/1279 1280/1280/1280
f 1238/1238/1238 1280/1280/1280 1239/1239/1239
f 1239/1239/1239 1280/1280/1280 1281/1281/1281
f 1239/1239/1239 1281/1281/1281 1240/1240/1240
f 1240/1240/1240 1281/1281/1281 1282/1282/1282
f 1240/1240/1240 1282/1282/1282 1241/1241/1241
f 1241/1241/1241 1282/1282/1282 1283/1283/1283
f 1241/1241/1241 1283/1283/1283 1242/1242/1242
f 1242/1242/1242 1283/1283/1283 1284/1284/1284
f 1242/1242/1242 1284/1284/1284 1243/1243/1243
f 1243/1243/1243 1284/1284/1284 1285/1285/1285
f 1243/1243/1243 1285/1285/1285 1244/1244/1244
f 1244/1244/1244 1285/1285/1285 1286/1286/1286
f 1244/1244/1244 1286/1286/1286 1245/1245/1245
f 1245/1245/1245 1286/1286/1286 1287/1287/1287
f 1245/1245/1245 1287/1287/1287 1246/1246/1246
f 1246/1246/1246 1287/1287/1287 1288/1288/1288
f 1246/1246/1246 1288/1288/1288 1247/1247/1247
f 1247/1247/1247 1288/1288/1288 1289/1289/1289
f 1247/1247/1247 1289/1289/1289 1248/1248/1248
f 1248/1248/1248 1289/1289/1289 1290/1290/1290
f 1248/1248/1248 1290/1290/1290 1249/1249/1249
f 1249/1249/1249 1290/1290/1290 1291/1291/1291
f 1249/1249/1249 1291/1291/1291 1250/1250/1250
f 1250/1250/1250 1291/1291/1291 1292/1292/1292
f 1250/1250/1250 1292/1292/1292 1251/1251/1251
f 1251/1251/1251 1292/1292/1292 1293/1293/1293
f 1251/1251/1251 1293/1293/1293 1252/1252/1252
f 1252/1252/1252 1293/1293/1293 1294/1294/1294
f 1252/1252/1252 1294/1294/1294 1253/1253/1253
f 1253/1253/1253 1294/1294/1294 1295/1295/1295
f 1253/1253/1253 1295/1295/1295 1254/1254/1254
f 1254/1254/1254 1295/1295/1295 1296/1296/1296
f 1254/1254/1254 1296/1296/1296 1255/1255/1255
f 1255/1255/1255 1296/1296/1296 1297/1297/1297
f 1255/1255/1255 1297/1297/1297 1256/1256/1256
f 1256/1256/1256 1297/1297/1297 1298/1298/1298
f 1256/1256/1256 1298/1298/1298 1257/1257/1257
f 1257/1257/1257 1298/1298/1298 1299/1299/1299
f 1257/1257/1257 1299/1299/1299 1258/1258/1258
f 1258/1258/1258 1299/1299/1299 1300/1300/1300
f 1258/1258/1258 1300/1300/1300 1259/1259/1259
f 1259/1259/1259 1300/1300/1300 1301/1301/1301
f 1259/1259/1259 1301/1301/1301 1260/1260/1260
f 1260/1260/1260 1301/1301/1301 1302/1302/1302
f 1260/1260/1260 1302/1302/1302 1261/1261/1261
f 1261/1261/1261 1302/1302/1302 1303/1303/1303
f 1261/1261/1261 1303/1303/1303 1262/1262/1262
f 1262/1262/1262 1303/1303/1303 1304/1304/1304
f 1262/1262/1262 1304/1304/1304 1263/1263/1263
f 1263/1263/1263 1304/1304/1304 1305/1305/1305
f 1263/1263/1263 1305/1305/1305 1264/1264/1264
f 1264/1264/1264 1305/1305/1305 1306/1306/1306
f 1264/1264/1264 1306/1306/1306 1265/1265/1265
f 1265/1265/1265 1306/1306/1306 1307/1307/1307
f 1265/1265/1265 1307/1307/1307 1266/1266/1266
f 1266/1266/1266 1307/1307/1307 1308/1308/1308
f 1266/1266/1266 1308/1308/1308 1267/1267/1267
f 1267/1267/1267 1308/1308/1308 1309/1309/1309
f 1267/1267/1267 1309/1309/1309 1268/1268/1268
f 1268/1268/1268 1309/1309/1309 1310/1310/1310
f 1268/1268/1268 1310/1310/1310 1269/1269/1269
f 1269/1269/1269 1310/1310/1310 1311/1311/1311
f 1269/1269/1269 1311/1311/1311 1270/1270/1270
f 1270/1270/1270 1311/1311/1311 1312/1312/1312
f 1270/1270/1270 1312/1312/1312 1271/1271/1271
f 1272/1272/1272 1313/1313/1313 1314/1314/1314
f 1272/1272/1272 1314/1314/1314 1273/1273/1273
f 1273/1273/1273 1314/1314/1314 1315/1315/1315
f 1273/1273/1273 1315/1315/1315 1274/1274/1274
f 1274/1274/1274 1315/1315/1315 1316/1316/1316
f 1274/1274/1274 1316/1316/1316 1275/1275/1275
f 1275/1275/1275 1316/1316/1316 1317/1317/1317
f 1275/1275/1275 1317/1317/1317 1276/1276/1276
f 1276/1276/1276 1317/1317/1317 1318/1318/1318
f 1276/1276/1276 1318/1318/1318 1277/1277/1277
f 1277/1277/1277 1318/1318/1318 1319/1319/1319
f 1277/1277/1277 1319/1319/1319 1278/1278/1278
f 1278/1278/1278 1319/1319/1319 1320/1320/1320
f 1278/1278/1278 1320/1320/1320 1279/1279/1279
f 1279/1279/1279 1320/1320/1320 1321/1321/1321
f 1279/1279/1279 1321/1321/1321 1280/1280/1280
f 1280/1280/1280 1321/1321/1321 1322/1322/1322
f 1280/1280/1280 1322/1322/1322 1281/1281/1281
f 1281/1281/1281 1322/1322/1322 1323/1323/1323
f 1281/1281/1281 1323/1323/1323 1282/1282/1282
f 1282/1282/1282 1323/1323/1323 1324/1324/1324
f 1282/1282/1282 1324/1324/1324 1283/1283/1283
f 1283/1283/1283 1324/1324/1324 1325/1325/1325
f 1283/1283/1283 1325/1325/1325 1284/1284/1284
f 1284/1284/1284 1325/1325/1325 1326/1326/1326
f 1284/1284/1284 1326/1326/1326 1285/1285/1285
f 1285/1285/1285 1326/1326/1326 1327/1327/1327
f 1285/1285/1285 1327/1327/1327 1286/1286/1286
f 1286/1286/1286 1327/1327/1327 1328/1328/1328
f 1286/1286/1286 1328/1328/1328 1287/1287/1287
f 1287/1287/1287 1328/1328/1328 1329/1329/1329
f 1287/1287/1287 1329/1329/1329 1288/1288/1288
f 1288/1288/1288 1329/1329/1329 1330/1330/1330
f 1288/1288/1288 1330/1330/1330 1289/1289/1289
f 1289/1289/1289 1330/1330/1330 1331/1331/1331
f 1289/1289/1289 1331/1331/1331 1290/1290/1290
f 1290/1290/1290 1331/1331/1331 1332/1332/1332
f 1290/1290/1290 1332/1332/1332 1291/1291/1291
f 1291/1291/1291 1332/1332/1332 1333/1333/1333
f 1291/1291/1291 1333/1333/1333 1292/1292/1292
f 1292/1292/1292 1333/1333/1333 1334/1334/1334
f 1292/1292/1292 1334/1334/1334 1293/1293/1293
f 1293/1293/1293 1334/1334/1334 1335/1335/1335
f 1293/1293/1293 1335/1335/1335 1294/1294/1294
f 1294/1294/1294 1335/1335/1335 1336/1336/1336
f 1294/1294/1294 1336/1336/1336 1295/1295/1295
f 1295/1295/1295 1336/1336/1336 1337/1337/1337
f 1295/1295/1295 1337/1337/1337 1296/1296/1296
f 1296/1296/1296 1337/1337/1337 1338/1338/1338
f 1296/1296/1296 1338/1338/1338 1297/1297/1297
f 1297/1297/1297 1338/1338/1338 1339/1339/1339
f 1297/1297/1297 1339/1339/1339 1298/1298/1298
f 1298/1298/1298 1339/1339/1339 1340/1340/1340
f 1298/1298/1298 1340/1340/1340 1299/1299/1299
f 1299/1299/1299 1340/1340/1340 1341/1341/1341
f 1299/1299/1299 1341/1341/1341 1300/1300/1300
f 1300/1300/1300 1341/1341/1341 1342/1342/1342
f 1300/1300/1300 1342/1342/1342 1301/1301/1301
f 1301/1301/1301 1342/1342/1342 1343/1343/1343
f 1301/1301/1301 1343/1343/1343 1302/1302/1302
f 1302/1302/1302 1343/1343/1343 1344/1344/1344
f 1302/1302/1302 1344/1344/1344 1303/1303/1303
f 1303/1303/1303 1344/1344/1344 1345/1345/1345
f 1303/1303/1303 1345/1345/1345 1304/1304/1304
f 1304/1304/1304 1345/1345/1345 1346/1346/1346
f 1304/1304/1304 1346/1346/1346 1305/1305/1305
f 1305/1305/1305 1346/1346/1346 1347/1347/1347
f 1305/1305/1305 1347/1347/1347 1306/1306/1306
f 1306/1306/1306 1347/1347/1347 1348/1348/1348
f 1306/1306/1306 1348/1348/1348 1307/1307/1307
f 1307/1307/1307 1348/1348/1348 1349/1349/1349
f 1307/1307/1307 1349/1349/1349 1308/1308/1308
f 1308/1308/1308 1349/1349/1349 1350/1350/1350
f 1308/1308/1308 1350/1350/1350 1309/1309/1309
f 1309/1309/1309 1350/1350/1350 1351/1351/1351
f 1309/1309/1309 1351/1351/1351 1310/1310/1310
f 1310/1310/1310 1351/1351/1351 1352/1352/1352
f 1310/1310/1310 1352/1352/1352 1311/1311/1311
f 1311/1311/1311 1352/1352/1352 1353/1353/1353
f 1311/1311/1311 1353/1353/1353 1312/1312/1312
f 1313/1313/1313 1354/1354/1354 1355/1355/1355
f 1313/1313/1313 1355/1355/1355 1314/1314/1314
f 1314/1314/1314 1355/1355/1355 1356/1356/1356
f 1314/1314/1314 1356/1356/1356 1315/1315/1315
f 1315/1315/1315 1356/1356/1356 1357/1357/1357
f 1315/1315/1315 1357/1357/1357 1316/1316/1316
f 1316/1316/1316 1357/1357/1357 1358/1358/1358
f 1316/1316/1316 1358/1358/1358 1317/1317/1317
f 1317/1317/1317 1358/1358/1358 1359/1359/1359
f 1317/1317/1317 1359/1359/1359 1318/1318/1318
f 1318/1318/1318 1359/1359/1359 1360/1360/1360
f 1318/1318/1318 1360/1360/1360 1319/1319/1319
f 1319/1319/1319 1360/1360/1360 1361/1361/1361
f 1319/1319/1319 1361/1361/1361 1320/1320/1320
f 1320/1320/1320 1361/1361/1361 1362/1362/1362
f 1320/1320/1320 1362/1362/1362 1321/1321/1321
f 1321/1321/1321 1362/1362/1362 1363/1363/1363
f 1321/1321/1321 1363/1363/1363 1322/1322/1322
f 1322/1322/1322 1363/1363/1363 1364/1364/1364
f 1322/1322/1322 1364/1364/1364 1323/1323/1323
f 1323/1323/1323 1364/1364/1364 1365/1365/1365
f 1323/1323/1323 1365/1365/1365 1324/1324/1324
f 1324/1324/1324 1365/1365/1365 1366/1366/1366
f 1324/1324/1324 1366/1366/1366 1325/1325/1325
f 1325/1325/1325 1366/1366/1366 1367/1367/1367
f 1325/1325/1325 1367/1367/1367 1326/1326/1326
f 1326/1326/1326 1367/1367/1367 1368/1368/1368
f 1326/1326/1326 1368/1368/1368 1327/1327/1327
f 1327/1327/1327 1368/1368/1368 1369/1369/1369
f 1327/1327/1327 1369/1369/1369 1328/1328/1328
f 1328/1328/1328 1369/1369/1369 1370/1370/1370
f 1328/1328/1328 1370/1370/1370 1329/1329/1329
f 1329/1329/1329 1370/1370/1370 1371/1371/1371
f 1329/1329/1329 1371/1371/1371 1330/1330/1330
f 1330/1330/1330 1371/1371/1371 1372/1372/1372
f 1330/1330/1330 1372/1372/1372 1331/1331/1331
f 1331/1331/1331 1372/1372/1372 1373/1373/1373
f 1331/1331/1331 1373/1373/1373 1332/1332/1332
f 1332/1332/1332 1373/1373/1373 1374/1374/1374
f 1332/1332/1332 1374/1374/1374 1333/1333/1333
f 1333/1333/1333 1374/1374/1374 1375/1375/1375
f 1333/1333/1333 1375/1375/1375 1334/1334/1334
f 1334/1334/1334 1375/1375/1375 1376/1376/1376
f 1334/1334/1334 1376/1376/1376 1335/1335/1335
f 1335/1335/1335 1376/1376/1376 1377/1377/1377
f 1335/1335/1335 1377/1377/1377 1336/1336/1336
f 1336/1336/1336 1377/1377/1377 1378/1378/1378
f 1336/1336/1336 1378/1378/1378 1337/1337/1337
f 1337/1337/1337 1378/1378/1378 1379/1379/1379
f 1337/1337/1337 1379/1379/1379 1338/1338/1338
f 1338/1338/1338 1379/1379/1379 1380/1380/1380
f 1338/1338/1338 1380/1380/1380 1339/1339/1339
f 1339/1339/1339 1380/1380/1380 1381/1381/1381
f 1339/1339/1339 1381/1381/1381 1340/1340/1340
f 1340/1340/1340 1381/1381/1381 1382/1382/1382
f 1340/1340/1340 1382/1382/1382 1341/1341/1341
f 1341/1341/1341 1382/1382/1382 1383/1383/1383
f 1341/1341/1341 1383/1383/1383 1342/1342/1342
f 1342/1342/1342 1383/1383/1383 1384/1384/1384
f 1342/1342/1342 1384/1384/1384 1343/1343/1343
f 1343/1343/1343 1384/1384/1384 1385/1385/1385
f 1343/1343/1343 1385/1385/1385 1344/1344/1344
f 1344/1344/1344 1385/1385/1385 1386/1386/1386
f 1344/1344/1344 1386/1386/1386 1345/1345/1345
f 1345/1345/1345 1386/1386/1386 1387/1387/1387
f 1345/1345/1345 1387/1387/1387 1346/1346/1346
f 1346/1346/1346 1387/1387/1387 1388/1388/1388
f 1346/1346/1346 1388/1388/1388 1347/1347/1347
f 1347/1347/1347 1388/1388/1388 1389/1389/1389
f 1347/1347/1347 1389/1389/1389 1348/1348/1348
f 1348/1348/1348 1389/1389/1389 1390/1390/1390
f 1348/1348/1348 1390/1390/1390 1349/1349/1349
f 1349/1349/1349 1390/1390/1390 1391/1391/1391
f 1349/1349/1349 1391/1391/1391 1350/1350/1350
f 1350/1350/1350 1391/1391/1391 1392/1392/1392
f 1350/1350/1350 1392/1392/1392 1351/1351/1351
f 1351/1351/1351 1392/1392/1392 1393/1393/1393
f 1351/1351/1351 1393/1393/1393 1352/1352/1352
f 1352/1352/1352 1393/1393/1393 1394/1394/1394
f 1352/1352/1352 1394/1394/1394 1353/1353/1353
f 1354/1354/1354 1395/1395/1395 1396/1396/1396
f 1354/1354/1354 1396/1396/1396 1355/1355/1355
f 1355/1355/1355 1396/1396/1396 1397/1397/1397
f 1355/1355/1355 1397/1397/1397 1356/1356/1356
f 1356/1356/1356 1397/1397/1397 1398/1398/1398
f 1356/1356/1356 1398/1398/1398 1357/1357/1357
f 1357/1357/1357 1398/1398/1398 1399/1399/1399
f 1357/1357/1357 1399/1399/1399 1358/1358/1358
f 1358/1358/1358 1399/1399/1399 1400/1400/1400
f 1358/1358/1358 1400/1400/1400 1359/1359/1359
f 1359/1359/1359 1400/1400/1400 1401/1401/1401
f 1359/1359/1359 1401/1401/1401 1360/1360/1360
f 1360/1360/1360 1401/1401/1401 1402/1402/1402
f 1360/1360/1360 1402/1402/1402 1361/1361/1361
f 1361/1361/1361 1402/1402/1402 1403/1403/1403
f 1361/1361/1361 1403/1403/1403 1362/1362/1362
f 1362/1362/1362 1403/1403/1403 1404/1404/1404
f 1362/1362/1362 1404/1404/1404 1363/1363/1363
f 1363/1363/1363 1404/1404/1404 1405/1405/1405
f 1363/1363/1363 1405/1405/1405 1364/1364/1364
f 1364/1364/1364 1405/1405/1405 1406/1406/1406
f 1364/1364/1364 1406/1406/1406 1365/1365/1365
f 1365/1365/1365 1406/1406/1406 1407/1407/1407
f 1365/1365/1365 1407/1407/1407 1366/1366/1366
f 1366/1366/1366 1407/1407/1407 1408/1408/1408
f 1366/1366/1366 1408/1408/1408 1367/1367/1367
f 1367/1367/1367 1408/1408/1408 1409/1409/1409
f 1367/1367/1367 1409/1409/1409 1368/1368/1368
f 1368/1368/1368 1409/1409/1409 1410/1410/1410
f 1368/1368/1368 1410/1410/1410 1369/1369/1369
f 1369/1369/1369 1410/1410/1410 1411/1411/1411
f 1369/1369/1369 1411/1411/1411 1370/1370/1370
f 1370/1370/1370 1411/1411/1411 1412/1412/1412
f 1370/1370/1370 1412/1412/1412 1371/1371/1371
f 1371/1371/1371 1412/1412/1412 1413/1413/1413
f 1371/1371/1371 1413/1413/1413 1372/1372/1372
f 1372/1372/1372 1413/1413/1413 1414/1414/1414
f 1372/1372/1372 1414/1414/1414 1373/1373/1373
f 1373/1373/1373 1414/1414/1414 1415/1415/1415
f 1373/1373/1373 1415/1415/1415 1374/1374/1374
f 1374/1374/1374 1415/1415/1415 1416/1416/1416
f 1374/1374/1374 1416/1416/1416 1375/1375/1375
f 1375/1375/1375 1416/1416/1416 1417/1417/1417
f 1375/1375/1375 1417/1417/1417 1376/1376/1376
f 1376/1376/1376 1417/1417/1417 1418/1418/1418
f 1376/1376/1376 1418/1418/1418 1377/1377/1377
f 1377/1377/1377 1418/1418/1418 1419/1419/1419
f 1377/1377/1377 1419/1419/1419 1378/1378/1378
f 1378/1378/1378 1419/1419/1419 1420/1420/1420
f 1378/1378/1378 1420/1420/1420 1379/1379/1379
f 1379/1379/1379 1420/1420/1420 1421/1421/1421
f 1379/1379/1379 1421/1421/1421 1380/1380/1380
f 1380/1380/1380 1421/1421/1421 1422/1422/1422
f 1380/1380/1380 1422/1422/1422 1381/1381/1381
f 1381/1381/1381 1422/1422/1422 1423/1423/1423
f 1381/1381/1381 1423/1423/1423 1382/1382/1382
f 1382/1382/1382 1423/1423/1423 1424/1424/1424
f 1382/1382/1382 1424/1424/1424 1383/1383/1383
f 1383/1383/1383 1424/1424/1424 1425/1425/1425
f 1383/1383/1383 1425/1425/1425 1384/1384/1384
f 1384/1384/1384 1425/1425/1425 1426/1426/1426
f 1384/1384/1384 1426/1426/1426 1385/1385/1385
f 1385/1385/1385 1426/1426/1426 1427/1427/1427
f 1385/1385/1385 1427/1427/1427 1386/1386/1386
f 1386/1386/1386 1427/1427/1427 1428/1428/1428
f 1386/1386/1386 1428/1428/1428 1387/1387/1387
f 1387/1387/1387 1428/1428/1428 1429/1429/1429
f 1387/1387/1387 1429/1429/1429 1388/1388/1388
f 1388/1388/1388 1429/1429/1429 1430/1430/1430
f 1388/1388/1388 1430/1430/1430 1389/1389/1389
f 1389/1389/1389 1430/1430/1430 1431/1431/1431
f 1389/1389/1389 1431/1431/1431 1390/1390/1390
f 1390/1390/1390 1431/1431/1431 1432/1432/1432
f 1390/1390/1390 1432/1432/1432 1391/1391/1391
f 1391/1391/1391 1432/1432/1432 1433/1433/1433
f 1391/1391/1391 1433/1433/1433 1392/1392/1392
f 1392/1392/1392 1433/1433/1433 1434/1434/1434
f 1392/1392/1392 1434/1434/1434 1393/1393/1393
f 1393/1393/1393 1434/1434/1434 1435/1435/1435
f 1393/1393/1393 1435/1435/1435 1394/1394/1394
f 1395/1395/1395 1436/1436/1436 1437/1437/1437
f 1395/1395/1395 1437/1437/1437 1396/1396/1396
f 1396/1396/1396 1437/1437/1437 1438/1438/1438
f 1396/1396/1396 1438/1438/1438 1397/1397/1397
f 1397/1397/1397 1438/1438/1438 1439/1439/1439
f 1397/1397/1397 1439/1439/1439 1398/1398/1398
f 1398/1398/1398 1439/1439/1439 1440/1440/1440
f 1398/1398/1398 1440/1440/1440 1399/1399/1399
f 1399/1399/1399 1440/1440/1440 1441/1441/1441
f 1399/1399/1399 1441/1441/1441 1400/1400/1400
f 1400/1400/1400 1441/1441/1441 1442/1442/1442
f 1400/1400/1400 1442/1442/1442 1401/1401/1401
f 1401/1401/1401 1442/1442/1442 1443/1443/1443
f 1401/1401/1401 1443/1443/1443 1402/1402/1402
f 1402/1402/1402 1443/1443/1443 1444/1444/1444
f 1402/1402/1402 1444/1444/1444 1403/1403/1403
f 1403/1403/1403 1444/1444/1444 1445/1445/1445
f 1403/1403/1403 1445/1445/1445 1404/1404/1404
f 1404/1404/1404 1445/1445/1445 1446/1446/1446
f 1404/1404/1404 1446/1446/1446 1405/1405/1405
f 1405/1405/1405 1446/1446/1446 1447/1447/1447
f 1405/1405/1405 1447/1447/1447 1406/1406/1406
f 1406/1406/1406 1447/1447/1447 1448/1448/1448
f 1406/1406/1406 1448/1448/1448 1407/1407/1407
f 1407/1407/1407 1448/1448/1448 1449/1449/1449
f 1407/1407/1407 1449/1449/1449 1408/1408/1408
f 1408/1408/1408 1449/1449/1449 1450/1450/1450
f 1408/1408/1408 1450/1450/1450 1409/1409/1409
f 1409/1409/1409 1450/1450/1450 1451/1451/1451
f 1409/1409/1409 1451/1451/1451 1410/1410/1410
f 1410/1410/1410 1451/1451/1451 1452/1452/1452
f 1410/1410/1410 1452/1452/1452 1411/1411/1411
f 1411/1411/1411 1452/1452/1452 1453/1453/1453
f 1411/1411/1411 1453/1453/1453 1412/1412/1412
f 1412/1412/1412 1453/1453/1453 1454/1454/1454
f 1412/1412/1412 1454/1454/1454 1413/1413/1413
f 1413/1413/1413 1454/1454/1454 1455/1455/1455
f 1413/1413/1413 1455/1455/1455 1414/1414/1414
f 1414/1414/1414 1455/1455/1455 1456/1456/1456
f 1414/1414/1414 1456/1456/1456 1415/1415/1415
f 1415/1415/1415 1456/1456/1456 1457/1457/1457
f 1415/1415/1415 1457/1457/1457 1416/1416/1416
f 1416/1416/1416 1457/1457/1457 1458/1458/1458
f 1416/1416/1416 1458/1458/1458 1417/1417/1417
f 1417/1417/1417 1458/1458/1458 1459/1459/1459
f 1417/1417/1417 1459/1459/1459 1418/1418/1418
f 1418/1418/1418 1459/1459/1459 1460/1460/1460
f 1418/1418/1418 1460/1460/1460 1419/1419/1419
f 1419/1419/1419 1460/1460/1460 1461/1461/1461
f 1419/1419/1419 1461/1461/1461 1420/1420/1420
f 1420/1420/1420 1461/1461/1461 1462/1462/1462
f 1420/1420/1420 1462/1462/1462 1421/1421/1421
f 1421/1421/1421 1462/1462/1462 1463/1463/1463
f 1421/1421/1421 1463/1463/1463 1422/1422/1422
f 1422/1422/1422 1463/1463/1463 1464/1464/1464
f 1422/1422/1422 1464/1464/1464 1423/1423/1423
f 1423/1423/1423 1464/1464/1464 1465/1465/1465
f 1423/1423/1423 1465/1465/1465 1424/1424/1424
f 1424/1424/1424 1465/1465/1465 1466/1466/1466
f 1424/1424/1424 1466/1466/1466 1425/1425/1425
f 1425/1425/1425 1466/1466/1466 1467/1467/1467
f 1425/1425/1425 1467/1467/1467 1426/1426/1426
f 1426/1426/1426 1467/1467/1467 1468/1468/1468
f 1426/1426/1426 1468/1468/1468 1427/1427/1427
f 1427/1427/1427 1468/1468/1468 1469/1469/1469
f 1427/1427/1427 1469/1469/1469 1428/1428/1428
f 1428/1428/1428 1469/1469/1469 1470/1470/1470
f 1428/1428/1428 1470/1470/1470 1429/1429/1429
f 1429/1429/1429 1470/1470/1470 1471/1471/1471
f 1429/1429/1429 1471/1471/1471 1430/1430/1430
f 1430/1430/1430 1471/1471/1471 1472/1472/1472
f 1430/1430/1430 1472/1472/1472 1431/1431/1431
f 1431/1431/1431 1472/1472/1472 1473/1473/1473
f 1431/1431/1431 1473/1473/1473 1432/1432/1432
f 1432/1432/1432 1473/1473/1473 1474/1474/1474
f 1432/1432/1432 1474/1474/1474 1433/1433/1433
f 1433/1433/1433 1474/1474/1474 1475/1475/1475
f 1433/1433/1433 1475/1475/1475 1434/1434/1434
f 1434/1434/1434 1475/1475/1475 1476/1476/1476
f 1434/1434/1434 1476/1476/1476 1435/1435/1435
f 1436/1436/1436 1477/1477/1477 1478/1478/1478
f 1436/1436/1436 1478/1478/1478 1437/1437/1437
f 1437/1437/1437 1478/1478/1478 1479/1479/1479
f 1437/1437/1437 1479/1479/1479 1438/1438/1438
f 1438/1438/1438 1479/1479/1479 1480/1480/1480
f 1438/1438/1438 1480/1480/1480 1439/1439/1439
f 1439/1439/1439 1480/1480/1480 1481/1481/1481
f 1439/1439/1439 1481/1481/1481 1440/1440/1440
f 1440/1440/1440 1481/1481/1481 1482/1482/1482
f 1440/1440/1440 1482/1482/1482 1441/1441/1441
f 1441/1441/1441 1482/1482/1482 1483/1483/1483
f 1441/1441/1441 1483/1483/1483 1442/1442/1442
f 1442/1442/1442 1483/1483/1483 1484/1484/1484
f 1442/1442/1442 1484/1484/1484 1443/1443/1443
f 1443/1443/1443 1484/1484/1484 1485/1485/1485
f 1443/1443/1443 1485/1485/1485 1444/1444/1444
f 1444/1444/1444 1485/1485/1485 1486/1486/1486
f 1444/1444/1444 1486/1486/1486 1445/1445/1445
f 1445/1445/1445 1486/1486/1486 1487/1487/1487
f 1445/1445/1445 1487/1487/1487 1446/1446/1446
f 1446/1446/1446 1487/1487/1487 1488/1488/1488
f 1446/1446/1446 1488/1488/1488 1447/1447/1447
f 1447/1447/1447 1488/1488/1488 1489/1489/1489
f 1447/1447/1447 1489/1489/1489 1448/1448/1448
f 1448/1448/1448 1489/1489/1489 1490/1490/1490
f 1448/1448/1448 1490/1490/1490 1449/1449/1449
f 1449/1449/1449 1490/1490/1490 1491/1491/1491
f 1449/1449/1449 1491/1491/1491 1450/1450/1450
f 1450/1450/1450 1491/1491/1491 1492/1492/1492
f 1450/1450/1450 1492/1492/1492 1451/1451/1451
f 1451/1451/1451 1492/1492/1492 1493/1493/1493
f 1451/1451/1451 1493/1493/1493 1452/1452/1452
f 1452/1452/1452 1493/1493/1493 1494/1494/1494
f 1452/1452/1452 1494/1494/1494 1453/1453/1453
f 1453/1453/1453 1494/1494/1494 1495/1495/1495
f 1453/1453/1453 1495/1495/1495 1454/1454/1454
f 1454/1454/1454 1495/1495/1495 1496/1496/1496
f 1454/1454/1454 1496/1496/1496 1455/1455/1455
f 1455/1455/1455 1496/1496/1496 1497/1497/1497
f 1455/1455/1455 1497/1497/1497 1456/1456/1456
f 1456/1456/1456 1497/1497/1497 1498/1498/1498
f 1456/1456/1456 1498/1498/1498 1457/1457/1457
f 1457/1457/1457 1498/1498/1498 1499/1499/1499
f 1457/1457/1457 1499/1499/1499 1458/1458/1458
f 1458/1458/1458 1499/1499/1499 1500/1500/1500
f 1458/1458/1458 1500/1500/1500 1459/1459/1459
f 1459/1459/1459 1500/1500/1500 1501/1501/1501
f 1459/1459/1459 1501/1501/1501 1460/1460/1460
f 1460/1460/1460 1501/1501/1501 1502/1502/1502
f 1460/1460/1460 1502/1502/1502 1461/1461/1461
f 1461/1461/1461 1502/1502/1502 1503/1503/1503
f 1461/1461/1461 1503/1503/1503 1462/1462/1462
f 1462/1462/1462 1503/1503/1503 1504/1504/1504
f 1462/1462/1462 1504/1504/1504 1463/1463/1463
f 1463/1463/1463 1504/1504/1504 1505/1505/1505
f 1463/1463/1463 1505/1505/1505 1464/1464/1464
f 1464/1464/1464 1505/1505/1505 1506/1506/1506
f 1464/1464/1464 1506/1506/1506 1465/1465/1465
f 1465/1465/1465 1506/1506/1506 1507/1507/1507
f 1465/1465/1465 1507/1507/1507 1466/1466/1466
f 1466/1466/1466 1507/1507/1507 1508/1508/1508
f 1466/1466/1466 1508/1508/1508 1467/1467/1467
f 1467/1467/1467 1508/1508/1508 1509/1509/1509
f 1467/1467/1467 1509/1509/1509 1468/1468/1468
f 1468/1468/1468 1509/1509/1509 1510/1510/1510
f 1468/1468/1468 1510/1510/1510 1469/1469/1469
f 1469/1469/1469 1510/1510/1510 1511/1511/1511
f 1469/1469/1469 1511/1511/1511 1470/1470/1470
f 1470/1470/1470 1511/1511/1511 1512/1512/1512
f 1470/1470/1470 1512/1512/1512 1471/1471/1471
f 1471/1471/1471 1512/1512/1512 1513/1513/1513
f 1471/1471/1471 1513/1513/1513 1472/1472/1472
f 1472/1472/1472 1513/1513/1513 1514/1514/1514
f 1472/1472/1472 1514/1514/1514 1473/1473/1473
f 1473/1473/1473 1514/1514/1514 1515/1515/1515
f 1473/1473/1473 1515/1515/1515 1474/1474/1474
f 1474/1474/1474 1515/1515/1515 1516/1516/1516
f 1474/1474/1474 1516/1516/1516 1475/1475/1475
f 1475/1475/1475 1516/1516/1516 1517/1517/1517
f 1475/1475/1475 1517/1517/1517 1476/1476/1476
f 1477/1477/1477 1518/1518/1518 1519/1519/1519
f 1477/1477/1477 1519/1519/1519 1478/1478/1478
f 1478/1478/1478 1519/1519/1519 1520/1520/1520
f 1478/1478/1478 1520/1520/1520 1479/1479/1479
f 1479/1479/1479 1520/1520/1520 1521/1521/1521
f 1479/1479/1479 1521/1521/1521 1480/1480/1480
f 1480/1480/1480 1521/1521/1521 1522/1522/1522
f 1480/1480/1480 1522/1522/1522 1481/1481/1481
f 1481/1481/1481 1522/1522/1522 1523/1523/1523
f 1481/1481/1481 1523/1523/1523 1482/1482/1482
f 1482/1482/1482 1523/1523/1523 1524/1524/1524
f 1482/1482/1482 1524/1524/1524 1483/1483/1483
f 1483/1483/1483 1524/1524/1524 1525/1525/1525
f 1483/1483/1483 1525/1525/1525 1484/1484/1484
f 1484/1484/1484 1525/1525/1525 1526/1526/1526
f 1484/1484/1484 1526/1526/1526 1485/1485/1485
f 1485/1485/1485 1526/1526/1526 1527/1527/1527
f 1485/1485/1485 1527/1527/1527 1486/1486/1486
f 1486/1486/1486 1527/1527/1527 1528/1528/1528
f 1486/1486/1486 1528/1528/1528 1487/1487/1487
f 1487/1487/1487 1528/1528/1528 1529/1529/1529
f 1487/1487/1487 1529/1529/1529 1488/1488/1488
f 1488/1488/1488 1529/1529/1529 1530/1530/1530
f 1488/1488/1488 1530/1530/1530 1489/1489/1489
f 1489/1489/1489 1530/1530/1530 1531/1531/1531
f 1489/1489/1489 1531/1531/1531 1490/1490/1490
f 1490/1490/1490 1531/1531/1531 1532/1532/1532
f 1490/1490/1490 1532/1532/1532 1491/1491/1491
f 1491/1491/1491 1532/1532/1532 1533/1533/1533
f 1491/1491/1491 1533/1533/1533 1492/1492/1492
f 1492/1492/1492 1533/1533/1533 1534/1534/1534
f 1492/1492/1492 1534/1534/1534 1493/1493/1493
f 1493/1493/1493 1534/1534/1534 1535/1535/1535
f 1493/1493/1493 1535/1535/1535 1494/1494/1494
f 1494/1494/1494 1535/1535/1535 1536/1536/1536
f 1494/1494/1494 1536/1536/1536 1495/1495/1495
f 1495/1495/1495 1536/1536/1536 1537/1537/1537
f 1495/1495/1495 1537/1537/1537 1496/1496/1496
f 1496/1496/1496 1537/1537/1537 1538/1538/1538
f 1496/1496/1496 1538/1538/1538 1497/1497/1497
f 1497/1497/1497 1538/1538/1538 1539/1539/1539
f 1497/1497/1497 1539/1539/1539 1498/1498/1498
f 1498/1498/1498 1539/1539/1539 1540/1540/1540
f 1498/1498/1498 1540/1540/1540 1499/1499/1499
f 1499/1499/1499 1540/1540/1540 1541/1541/1541
f 1499/1499/1499 1541/1541/1541 1500/1500/1500
f 1500/1500/1500 1541/1541/1541 1542/1542/1542
f 1500/1500/1500 1542/1542/1542 1501/1501/1501
f 1501/1501/1501 1542/1542/1542 1543/1543/1543
f 1501/1501/1501 1543/1543/1543 1502/1502/1502
f 1502/1502/1502 1543/1543/1543 1544/1544/1544
f 1502/1502/1502 1544/1544/1544 1503/1503/1503
f 1503/1503/1503 1544/1544/1544 1545/1545/1545
f 1503/1503/1503 1545/1545/1545 1504/1504/1504
f 1504/1504/1504 1545/1545/1545 1546/1546/1546
f 1504/1504/1504 1546/1546/1546 1505/1505/1505
f 1505/1505/1505 1546/1546/1546 1547/1547/1547
f 1505/1505/1505 1547/1547/1547 1506/1506/1506
f 1506/1506/1506 1547/1547/1547 1548/1548/1548
f 1506/1506/1506 1548/1548/1548 1507/1507/1507
f 1507/1507/1507 1548/1548/1548 1549/1549/1549
f 1507/1507/1507 1549/1549/1549 1508/1508/1508
f 1508/1508/1508 1549/1549/1549 1550/1550/1550
f 1508/1508/1508 1550/1550/1550 1509/1509/1509
f 1509/1509/1509 1550/1550/1550 1551/1551/1551
f 1509/1509/1509 1551/1551/1551 1510/1510/1510
f 1510/1510/1510 1551/1551/1551 1552/1552/1552
f 1510/1510/1510 1552/1552/1552 1511/1511/1511
f 1511/1511/1511 1552/1552/1552 1553/1553/1553
f 1511/1511/1511 1553/1553/1553 1512/1512/1512
f 1512/1512/1512 1553/1553/1553 1554/1554/1554
f 1512/1512/1512 1554/1554/1554 1513/1513/1513
f 1513/1513/1513 1554/1554/1554 1555/1555/1555
f 1513/1513/1513 1555/1555/1555 1514/1514/1514
f 1514/1514/1514 1555/1555/1555 1556/1556/1556
f 1514/1514/1514 1556/1556/1556 1515/1515/1515
f 1515/1515/1515 1556/1556/1556 1557/1557/1557
f 1515/1515/1515 1557/1557/1557 1516/1516/1516
f 1516/1516/1516 1557/1557/1557 1558/1558/1558
f 1516/1516/1516 1558/1558/1558 1517/1517/1517
f 1518/1518/1518 1559/1559/1559 1560/1560/1560
f 1518/1518/1518 1560/1560/1560 1519/1519/1519
f 1519/1519/1519 1560/1560/1560 1561/1561/1561
f 1519/1519/1519 1561/1561/1561 1520/1520/1520
f 1520/1520/1520 1561/1561/1561 1562/1562/1562
f 1520/1520/1520 1562/1562/1562 1521/1521/1521
f 1521/1521/1521 1562/1562/1562 1563/1563/1563
f 1521/1521/1521 1563/1563/1563 1522/1522/1522
f 1522/1522/1522 1563/1563/1563 1564/1564/1564
f 1522/1522/1522 1564/1564/1564 1523/1523/1523
f 1523/1523/1523 1564/1564/1564 1565/1565/1565
f 1523/1523/1523 1565/1565/1565 1524/1524/1524
f 1524/1524/1524 1565/1565/1565 1566/1566/1566
f 1524/1524/1524 1566/1566/1566 1525/1525/1525
f 1525/1525/1525 1566/1566/1566 1567/1567/1567
f 1525/1525/1525 1567/1567/1567 1526/1526/1526
f 1526/1526/1526 1567/1567/1567 1568/1568/1568
f 1526/1526/1526 1568/1568/1568 1527/1527/1527
f 1527/1527/1527 1568/1568/1568 1569/1569/1569
f 1527/1527/1527 1569/1569/1569 1528/1528/1528
f 1528/1528/1528 1569/1569/1569 1570/1570/1570
f 1528/1528/1528 1570/1570/1570 1529/1529/1529
f 1529/1529/1529 1570/1570/1570 1571/1571/1571
f 1529/1529/1529 1571/1571/1571 1530/1530/1530
f 1530/1530/1530 1571/1571/1571 1572/1572/1572
f 1530/1530/1530 1572/1572/1572 1531/1531/1531
f 1531/1531/1531 1572/1572/1572 1573/1573/1573
f 1531/1531/1531 1573/1573/1573 1532/1532/1532
f 1532/1532/1532 1573/1573/1573 1574/1574/1574
f 1532/1532/1532 1574/1574/1574 1533/1533/1533
f 1533/1533/1533 1574/1574/1574 1575/1575/1575
f 1533/1533/1533 1575/1575/1575 1534/1534/1534
f 1534/1534/1534 1575/1575/1575 1576/1576/1576
f 1534/1534/1534 1576/1576/1576 1535/1535/1535
f 1535/1535/1535 1576/1576/1576 1577/1577/1577
f 1535/1535/1535 1577/1577/1577 1536/1536/1536
f 1536/1536/1536 1577/1577/1577 1578/1578/1578
f 1536/1536/1536 1578/1578/1578 1537/1537/1537
f 1537/1537/1537 1578/1578/1578 1579/1579/1579
f 1537/1537/1537 1579/1579/1579 1538/1538/1538
f 1538/1538/1538 1579/1579/1579 1580/1580/1580
f 1538/1538/1538 1580/1580/1580 1539/1539/1539
f 1539/1539/1539 1580/1580/1580 1581/1581/1581
f 1539/1539/1539 1581/1581/1581 1540/1540/1540
f 1540/1540/1540 1581/1581/1581 1582/1582/1582
f 1540/1540/1540 1582/1582/1582 1541/1541/1541
f 1541/1541/1541 1582/1582/1582 1583/1583/1583
f 1541/1541/1541 1583/1583/1583 1542/1542/1542
f 1542/1542/1542 1583/1583/1583 1584/1584/1584
f 1542/1542/1542 1584/1584/1584 1543/1543/1543
f 1543/1543/1543 1584/1584/1584 1585/1585/1585
f 1543/1543/1543 1585/1585/1585 1544/1544/1544
f 1544/1544/1544 1585/1585/1585 1586/1586/1586
f 1544/1544/1544 1586/1586/1586 1545/1545/1545
f 1545/1545/1545 1586/1586/1586 1587/1587/1587
f 1545/1545/1545 1587/1587/1587 1546/1546/1546
f 1546/1546/1546 1587/1587/1587 1588/1588/1588
f 1546/1546/1546 1588/1588/1588 1547/1547/1547
f 1547/1547/1547 1588/1588/1588 1589/1589/1589
f 1547/1547/1547 1589/1589/1589 1548/1548/1548
f 1548/1548/1548 1589/1589/1589 1590/1590/1590
f 1548/1548/1548 1590/1590/1590 1549/1549/1549
f 1549/1549/1549 1590/1590/1590 1591/1591/1591
f 1549/1549/1549 1591/1591/1591 1550/1550/1550
f 1550/1550/1550 1591/1591/1591 1592/1592/1592
f 1550/1550/1550 1592/1592/1592 1551/1551/1551
f 1551/1551/1551 1592/1592/1592 1593/1593/1593
f 1551/1551/1551 1593/1593/1593 1552/1552/1552
f 1552/1552/1552 1593/1593/1593 1594/1594/1594
f 1552/1552/1552 1594/1594/1594 1553/1553/1553
f 1553/1553/1553 1594/1594/1594 1595/1595/1595
f 1553/1553/1553 1595/1595/1595 1554/1554/1554
f 1554/1554/1554 1595/1595/1595 1596/1596/1596
f 1554/1554/1554 1596/1596/1596 1555/1555/1555
f 1555/1555/1555 1596/1596/1596 1597/1597/1597
f 1555/1555/1555 1597/1597/1597 1556/1556/1556
f 1556/1556/1556 1597/1597/1597 1598/1598/1598
f 1556/1556/1556 1598/1598/1598 1557/1557/1557
f 1557/1557/1557 1598/1598/1598 1599/1599/1599
f 1557/1557/1557 1599/1599/1599 1558/1558/1558
f 1559/1559/1559 1600/1600/1600 1601/1601/1601
f 1559/1559/1559 1601/1601/1601 1560/1560/1560
f 1560/1560/1560 1601/1601/1601 1602/1602/1602
f 1560/1560/1560 1602/1602/1602 1561/1561/1561
f 1561/1561/1561 1602/1602/1602 1603/1603/1603
f 1561/1561/1561 1603/1603/1603 1562/1562/1562
f 1562/1562/1562 1603/1603/1603 1604/1604/1604
f 1562/1562/1562 1604/1604/1604 1563/1563/1563
f 1563/1563/1563 1604/1604/1604 1605/1605/1605
f 1563/1563/1563 1605/1605/1605 1564/1564/1564
f 1564/1564/1564 1605/1605/1605 1606/1606/1606
f 1564/1564/1564 1606/1606/1606 1565/1565/1565
f 1565/1565/1565 1606/1606/1606 1607/1607/1607
f 1565/1565/1565 1607/1607/1607 1566/1566/1566
f 1566/1566/1566 1607/1607/1607 1608/1608/1608
f 1566/1566/1566 1608/1608/1608 1567/1567/1567
f 1567/1567/1567 1608/1608/1608 1609/1609/1609
f 1567/1567/1567 1609/1609/1609 1568/1568/1568
f 1568/1568/1568 1609/1609/1609 1610/1610/1610
f 1568/1568/1568 1610/1610/1610 1569/1569/1569
f 1569/1569/1569 1610/1610/1610 1611/1611/1611
f 1569/1569/1569 1611/1611/1611 1570/1570/1570
f 1570/1570/1570 1611/1611/1611 1612/1612/1612
f 1570/1570/1570 1612/1612/1612 1571/1571/1571
f 1571/1571/1571 1612/1612/1612 1613/1613/1613
f 1571/1571/1571 1613/1613/1613 1572/1572/1572
f 1572/1572/1572 1613/1613/1613 1614/1614/1614
f 1572/1572/1572 1614/1614/1614 1573/1573/1573
f 1573/1573/1573 1614/1614/1614 1615/1615/1615
f 1573/1573/1573 1615/1615/1615 1574/1574/1574
f 1574/1574/1574 1615/1615/1615 1616/1616/1616
f 1574/1574/1574 1616/1616/1616 1575/1575/1575
f 1575/1575/1575 1616/1616/1616 1617/1617/1617
f 1575/1575/1575 1617/1617/1617 1576/1576/1576
f 1576/1576/1576 1617/1617/1617 1618/1618/1618
f 1576/1576/1576 1618/1618/1618 1577/1577/1577
f 1577/1577/1577 1618/1618/1618 1619/1619/1619
f 1577/1577/1577 1619/1619/1619 1578/1578/1578
f 1578/1578/1578 1619/1619/1619 1620/1620/1620
f 1578/1578/1578 1620/1620/1620 1579/1579/1579
f 1579/1579/1579 1620/1620/1620 1621/1621/1621
f 1579/1579/1579 1621/1621/1621 1580/1580/1580
f 1580/1580/1580 1621/1621/1621 1622/1622/1622
f 1580/1580/1580 1622/1622/1622 1581/1581/1581
f 1581/1581/1581 1622/1622/1622 1623/1623/1623
f 1581/1581/1581 1623/1623/1623 1582/1582/1582
f 1582/1582/1582 1623/1623/1623 1624/1624/1624
f 1582/1582/1582 1624/1624/1624 1583/1583/1583
f 1583/1583/1583 1624/1624/1624 1625/1625/1625
f 1583/1583/1583 1625/1625/1625 1584/1584/1584
f 1584/1584/1584 1625/1625/1625 1626/1626/1626
f 1584/1584/1584 1626/1626/1626 1585/1585/1585
f 1585/1585/1585 1626/1626/1626 1627/1627/1627
f 1585/1585/1585 1627/1627/1627 1586/1586/1586
f 1586/1586/1586 1627/1627/1627 1628/1628/1628
f 1586/1586/1586 1628/1628/1628 1587/1587/1587
f 1587/1587/1587 1628/1628/1628 1629/1629/1629
f 1587/1587/1587 1629/1629/1629 1588/1588/1588
f 1588/1588/1588 1629/1629/1629 1630/1630/1630
f 1588/1588/1588 1630/1630/1630 1589/1589/1589
f 1589/1589/1589 1630/1630/1630 1631/1631/1631
f 1589/1589/1589 1631/1631/1631 1590/1590/1590
f 1590/1590/1590 1631/1631/1631 1632/1632/1632
f 1590/1590/1590 1632/1632/1632 1591/1591/1591
f 1591/1591/1591 1632/1632/1632 1633/1633/1633
f 1591/1591/1591 1633/1633/1633 1592/1592/1592
f 1592/1592/1592 1633/1633/1633 1634/1634/1634
f 1592/1592/1592 1634/1634/1634 1593/1593/1593
f 1593/1593/1593 1634/1634/1634 1635/1635/1635
f 1593/1593/1593 1635/1635/1635 1594/1594/1594
f 1594/1594/1594 1635/1635/1635 1636/1636/1636
f 1594/1594/1594 1636/1636/1636 1595/1595/1595
f 1595/1595/1595 1636/1636/1636 1637/1637/1637
f 1595/1595/1595 1637/1637/1637 1596/1596/1596
f 1596/1596/1596 1637/1637/1637 1638/1638/1638
f 1596/1596/1596 1638/1638/1638 1597/1597/1597
f 1597/1597/1597 1638/1638/1638 1639/1639/1639
f 1597/1597/1597 1639/1639/1639 1598/1598/1598
f 1598/1598/1598 1639/1639/1639 1640/1640/1640
f 1598/1598/1598 1640/1640/1640 1599/1599/1599
f 1600/1600/1600 1641/1641/1641 1642/1642/1642
f 1600/1600/1600 1642/1642/1642 1601/1601/1601
f 1601/1601/1601 1642/1642/1642 1643/1643/1643
f 1601/1601/1601 1643/1643/1643 1602/1602/1602
f 1602/1602/1602 1643/1643/1643 1644/1644/1644
f 1602/1602/1602 1644/1644/1644 1603/1603/1603
f 1603/1603/1603 1644/1644/1644 1645/1645/1645
f 1603/1603/1603 1645/1645/1645 1604/1604/1604
f 1604/1604/1604 1645/1645/1645 1646/1646/1646
f 1604/1604/1604 1646/1646/1646 1605/1605/1605
f 1605/1605/1605 1646/1646/1646 1647/1647/1647
f 1605/1605/1605 1647/1647/1647 1606/1606/1606
f 1606/1606/1606 1647/1647/1647 1648/1648/1648
f 1606/1606/1606 1648/1648/1648 1607/1607/1607
f 1607/1607/1607 1648/1648/1648 1649/1649/1649
f 1607/1607/1607 1649/1649/1649 1608/1608/1608
f 1608/1608/1608 1649/1649/1649 1650/1650/1650
f 1608/1608/1608 1650/1650/1650 1609/1609/1609
f 1609/1609/1609 1650/1650/1650 1651/1651/1651
f 1609/1609/1609 1651/1651/1651 1610/1610/1610
f 1610/1610/1610 1651/1651/1651 1652/1652/1652
f 1610/1610/1610 1652/1652/1652 1611/1611/1611
f 1611/1611/1611 1652/1652/1652 1653/1653/1653
f 1611/1611/1611 1653/1653/1653 1612/1612/1612
f 1612/1612/1612 1653/1653/1653 1654/1654/1654
f 1612/1612/1612 1654/1654/1654 1613/1613/1613
f 1613/1613/1613 1654/1654/1654 1655/1655/1655
f 1613/1613/1613 1655/1655/1655 1614/1614/1614
f 1614/1614/1614 1655/1655/1655 1656/1656/1656
f 1614/1614/1614 1656/1656/1656 1615/1615/1615
f 1615/1615/1615 1656/1656/1656 1657/1657/1657
f 1615/1615/1615 1657/1657/1657 1616/1616/1616
f 1616/1616/1616 1657/1657/1657 1658/1658/1658
f 1616/1616/1616 1658/1658/1658 1617/1617/1617
f 1617/1617/1617 1658/1658/1658 1659/1659/1659
f 1617/1617/1617 1659/1659/1659 1618/1618/1618
f 1618/1618/1618 1659/1659/1659 1660/1660/1660
f 1618/1618/1618 1660/1660/1660 1619/1619/1619
f 1619/1619/1619 1660/1660/1660 1661/1661/1661
f 1619/1619/1619 1661/1661/1661 1620/1620/1620
f 1620/1620/1620 1661/1661/1661 1662/1662/1662
f 1620/1620/1620 1662/1662/1662 1621/1621/1621
f 1621/1621/1621 1662/1662/1662 1663/1663/1663
f 1621/1621/1621 1663/1663/1663 1622/1622/1622
f 1622/1622/1622 1663/1663/1663 1664/1664/1664
f 1622/1622/1622 1664/1664/1664 1623/1623/1623
f 1623/1623/1623 1664/1664/1664 1665/1665/1665
f 1623/1623/1623 1665/1665/1665 1624/1624/1624
f 1624/1624/1624 1665/1665/1665 1666/1666/1666
f 1624/1624/1624 1666/1666/1666 1625/1625/1625
f 1625/1625/1625 1666/1666/1666 1667/1667/1667
f 1625/1625/1625 1667/1667/1667 1626/1626/1626
f 1626/1626/1626 1667/1667/1667 1668/1668/1668
f 1626/1626/1626 1668/1668/1668 1627/1627/1627
f 1627/1627/1627 1668/1668/1668 1669/1669/1669
f 1627/1627/1627 1669/1669/1669 1628/1628/1628
f 1628/1628/1628 1669/1669/1669 1670/1670/1670
f 1628/1628/1628 1670/1670/1670 1629/1629/1629
f 1629/1629/1629 1670/1670/1670 1671/1671/1671
f 1629/1629/1629 1671/1671/1671 1630/1630/1630
f 1630/1630/1630 1671/1671/1671 1672/1672/1672
f 1630/1630/1630 1672/1672/1672 1631/1631/1631
f 1631/1631/1631 1672/1672/1672 1673/1673/1673
f 1631/1631/1631 1673/1673/1673 1632/1632/1632
f 1632/1632/1632 1673/1673/1673 1674/1674/1674
f 1632/1632/1632 1674/1674/1674 1633/1633/1633
f 1633/1633/1633 1674/1674/1674 1675/1675/1675
f 1633/1633/1633 1675/1675/1675 1634/1634/1634
f 1634/1634/1634 1675/1675/1675 1676/1676/1676
f 1634/1634/1634 1676/1676/1676 1635/1635/1635
f 1635/1635/1635 1676/1676/1676 1677/1677/1677
f 1635/1635/1635 1677/1677/1677 1636/1636/1636
f 1636/1636/1636 1677/1677/1677 1678/1678/1678
f 1636/1636/1636 1678/1678/1678 1637/1637/1637
f 1637/1637/1637 1678/1678/1678 1679/1679/1679
f 1637/1637/1637 1679/1679/1679 1638/1638/1638
f 1638/1638/1638 1679/1679/1679 1680/1680/1680
f 1638/1638/1638 1680/1680/1680 1639/1639/1639
f 1639/1639/1639 1680/1680/1680 1681/1681/1681
f 1639/1639/1639 1681/1681/1681 1640/1640/1640
