# Melodia 3D Character Asset: SM_MelodySlime_Forte.obj
v 0.0000 1.0000 0.0000
v 0.0000 1.0000 0.0000
v 0.0000 1.0000 0.0000
v 0.0000 1.0000 0.0000
v 0.0000 1.0000 0.0000
v 0.0000 1.0000 0.0000
v 0.0000 1.0000 0.0000
v 0.0000 1.0000 0.0000
v 0.0000 1.0000 0.0000
v 0.0000 1.0000 0.0000
v -0.0000 1.0000 0.0000
v -0.0000 1.0000 0.0000
v -0.0000 1.0000 0.0000
v -0.0000 1.0000 0.0000
v -0.0000 1.0000 0.0000
v -0.0000 1.0000 0.0000
v -0.0000 1.0000 0.0000
v -0.0000 1.0000 0.0000
v -0.0000 1.0000 0.0000
v -0.0000 1.0000 -0.0000
v -0.0000 1.0000 -0.0000
v -0.0000 1.0000 -0.0000
v -0.0000 1.0000 -0.0000
v -0.0000 1.0000 -0.0000
v -0.0000 1.0000 -0.0000
v -0.0000 1.0000 -0.0000
v -0.0000 1.0000 -0.0000
v -0.0000 1.0000 -0.0000
v 0.0000 1.0000 -0.0000
v 0.0000 1.0000 -0.0000
v 0.0000 1.0000 -0.0000
v 0.0000 1.0000 -0.0000
v 0.0000 1.0000 -0.0000
v 0.0000 1.0000 -0.0000
v 0.0000 1.0000 -0.0000
v 0.0000 1.0000 -0.0000
v 0.0000 1.0000 -0.0000
v 0.0513 0.9966 0.0000
v 0.0507 0.9966 0.0089
v 0.0484 0.9966 0.0176
v 0.0446 0.9966 0.0258
v 0.0394 0.9966 0.0330
v 0.0329 0.9966 0.0393
v 0.0256 0.9966 0.0443
v 0.0175 0.9966 0.0480
v 0.0089 0.9966 0.0504
v 0.0000 0.9966 0.0513
v -0.0089 0.9966 0.0507
v -0.0176 0.9966 0.0484
v -0.0258 0.9966 0.0446
v -0.0330 0.9966 0.0394
v -0.0393 0.9966 0.0329
v -0.0443 0.9966 0.0256
v -0.0480 0.9966 0.0175
v -0.0504 0.9966 0.0089
v -0.0513 0.9966 0.0000
v -0.0507 0.9966 -0.0089
v -0.0484 0.9966 -0.0176
v -0.0446 0.9966 -0.0258
v -0.0394 0.9966 -0.0330
v -0.0329 0.9966 -0.0393
v -0.0256 0.9966 -0.0443
v -0.0175 0.9966 -0.0480
v -0.0089 0.9966 -0.0504
v -0.0000 0.9966 -0.0513
v 0.0089 0.9966 -0.0507
v 0.0176 0.9966 -0.0484
v 0.0258 0.9966 -0.0446
v 0.0330 0.9966 -0.0394
v 0.0393 0.9966 -0.0329
v 0.0443 0.9966 -0.0256
v 0.0480 0.9966 -0.0175
v 0.0504 0.9966 -0.0089
v 0.0513 0.9966 -0.0000
v 0.1126 0.9863 0.0000
v 0.1115 0.9863 0.0197
v 0.1067 0.9863 0.0388
v 0.0983 0.9863 0.0567
v 0.0865 0.9863 0.0726
v 0.0722 0.9863 0.0860
v 0.0559 0.9863 0.0968
v 0.0382 0.9863 0.1049
v 0.0194 0.9863 0.1103
v 0.0000 0.9863 0.1126
v -0.0197 0.9863 0.1115
v -0.0388 0.9863 0.1067
v -0.0567 0.9863 0.0983
v -0.0726 0.9863 0.0865
v -0.0860 0.9863 0.0722
v -0.0968 0.9863 0.0559
v -0.1049 0.9863 0.0382
v -0.1103 0.9863 0.0194
v -0.1126 0.9863 0.0000
v -0.1115 0.9863 -0.0197
v -0.1067 0.9863 -0.0388
v -0.0983 0.9863 -0.0567
v -0.0865 0.9863 -0.0726
v -0.0722 0.9863 -0.0860
v -0.0559 0.9863 -0.0968
v -0.0382 0.9863 -0.1049
v -0.0194 0.9863 -0.1103
v -0.0000 0.9863 -0.1126
v 0.0197 0.9863 -0.1115
v 0.0388 0.9863 -0.1067
v 0.0567 0.9863 -0.0983
v 0.0726 0.9863 -0.0865
v 0.0860 0.9863 -0.0722
v 0.0968 0.9863 -0.0559
v 0.1049 0.9863 -0.0382
v 0.1103 0.9863 -0.0194
v 0.1126 0.9863 -0.0000
v 0.1830 0.9693 0.0000
v 0.1817 0.9693 0.0320
v 0.1741 0.9693 0.0634
v 0.1602 0.9693 0.0925
v 0.1408 0.9693 0.1181
v 0.1171 0.9693 0.1395
v 0.0905 0.9693 0.1567
v 0.0618 0.9693 0.1697
v 0.0315 0.9693 0.1787
v 0.0000 0.9693 0.1830
v -0.0320 0.9693 0.1817
v -0.0634 0.9693 0.1741
v -0.0925 0.9693 0.1602
v -0.1181 0.9693 0.1408
v -0.1395 0.9693 0.1171
v -0.1567 0.9693 0.0905
v -0.1697 0.9693 0.0618
v -0.1787 0.9693 0.0315
v -0.1830 0.9693 0.0000
v -0.1817 0.9693 -0.0320
v -0.1741 0.9693 -0.0634
v -0.1602 0.9693 -0.0925
v -0.1408 0.9693 -0.1181
v -0.1171 0.9693 -0.1395
v -0.0905 0.9693 -0.1567
v -0.0618 0.9693 -0.1697
v -0.0315 0.9693 -0.1787
v -0.0000 0.9693 -0.1830
v 0.0320 0.9693 -0.1817
v 0.0634 0.9693 -0.1741
v 0.0925 0.9693 -0.1602
v 0.1181 0.9693 -0.1408
v 0.1395 0.9693 -0.1171
v 0.1567 0.9693 -0.0905
v 0.1697 0.9693 -0.0618
v 0.1787 0.9693 -0.0315
v 0.1830 0.9693 -0.0000
v 0.2613 0.9457 0.0000
v 0.2602 0.9457 0.0459
v 0.2497 0.9457 0.0909
v 0.2297 0.9457 0.1326
v 0.2014 0.9457 0.1690
v 0.1670 0.9457 0.1990
v 0.1287 0.9457 0.2230
v 0.0879 0.9457 0.2414
v 0.0449 0.9457 0.2545
v 0.0000 0.9457 0.2613
v -0.0459 0.9457 0.2602
v -0.0909 0.9457 0.2497
v -0.1326 0.9457 0.2297
v -0.1690 0.9457 0.2014
v -0.1990 0.9457 0.1670
v -0.2230 0.9457 0.1287
v -0.2414 0.9457 0.0879
v -0.2545 0.9457 0.0449
v -0.2613 0.9457 0.0000
v -0.2602 0.9457 -0.0459
v -0.2497 0.9457 -0.0909
v -0.2297 0.9457 -0.1326
v -0.2014 0.9457 -0.1690
v -0.1670 0.9457 -0.1990
v -0.1287 0.9457 -0.2230
v -0.0879 0.9457 -0.2414
v -0.0449 0.9457 -0.2545
v -0.0000 0.9457 -0.2613
v 0.0459 0.9457 -0.2602
v 0.0909 0.9457 -0.2497
v 0.1326 0.9457 -0.2297
v 0.1690 0.9457 -0.2014
v 0.1990 0.9457 -0.1670
v 0.2230 0.9457 -0.1287
v 0.2414 0.9457 -0.0879
v 0.2545 0.9457 -0.0449
v 0.2613 0.9457 -0.0000
v 0.3464 0.9157 0.0000
v 0.3458 0.9157 0.0610
v 0.3323 0.9157 0.1209
v 0.3055 0.9157 0.1764
v 0.2673 0.9157 0.2243
v 0.2211 0.9157 0.2635
v 0.1700 0.9157 0.2945
v 0.1160 0.9157 0.3188
v 0.0593 0.9157 0.3365
v 0.0000 0.9157 0.3464
v -0.0610 0.9157 0.3458
v -0.1209 0.9157 0.3323
v -0.1764 0.9157 0.3055
v -0.2243 0.9157 0.2673
v -0.2635 0.9157 0.2211
v -0.2945 0.9157 0.1700
v -0.3188 0.9157 0.1160
v -0.3365 0.9157 0.0593
v -0.3464 0.9157 0.0000
v -0.3458 0.9157 -0.0610
v -0.3323 0.9157 -0.1209
v -0.3055 0.9157 -0.1764
v -0.2673 0.9157 -0.2243
v -0.2211 0.9157 -0.2635
v -0.1700 0.9157 -0.2945
v -0.1160 0.9157 -0.3188
v -0.0593 0.9157 -0.3365
v -0.0000 0.9157 -0.3464
v 0.0610 0.9157 -0.3458
v 0.1209 0.9157 -0.3323
v 0.1764 0.9157 -0.3055
v 0.2243 0.9157 -0.2673
v 0.2635 0.9157 -0.2211
v 0.2945 0.9157 -0.1700
v 0.3188 0.9157 -0.1160
v 0.3365 0.9157 -0.0593
v 0.3464 0.9157 -0.0000
v 0.4368 0.8794 0.0000
v 0.4371 0.8794 0.0771
v 0.4206 0.8794 0.1531
v 0.3865 0.8794 0.2232
v 0.3375 0.8794 0.2832
v 0.2784 0.8794 0.3318
v 0.2137 0.8794 0.3701
v 0.1457 0.8794 0.4004
v 0.0746 0.8794 0.4233
v 0.0000 0.8794 0.4368
v -0.0771 0.8794 0.4371
v -0.1531 0.8794 0.4206
v -0.2232 0.8794 0.3865
v -0.2832 0.8794 0.3375
v -0.3318 0.8794 0.2784
v -0.3701 0.8794 0.2137
v -0.4004 0.8794 0.1457
v -0.4233 0.8794 0.0746
v -0.4368 0.8794 0.0000
v -0.4371 0.8794 -0.0771
v -0.4206 0.8794 -0.1531
v -0.3865 0.8794 -0.2232
v -0.3375 0.8794 -0.2832
v -0.2784 0.8794 -0.3318
v -0.2137 0.8794 -0.3701
v -0.1457 0.8794 -0.4004
v -0.0746 0.8794 -0.4233
v -0.0000 0.8794 -0.4368
v 0.0771 0.8794 -0.4371
v 0.1531 0.8794 -0.4206
v 0.2232 0.8794 -0.3865
v 0.2832 0.8794 -0.3375
v 0.3318 0.8794 -0.2784
v 0.3701 0.8794 -0.2137
v 0.4004 0.8794 -0.1457
v 0.4233 0.8794 -0.0746
v 0.4368 0.8794 -0.0000
v 0.5311 0.8372 0.0000
v 0.5326 0.8372 0.0939
v 0.5131 0.8372 0.1868
v 0.4713 0.8372 0.2721
v 0.4108 0.8372 0.3447
v 0.3380 0.8372 0.4028
v 0.2589 0.8372 0.4485
v 0.1765 0.8372 0.4849
v 0.0905 0.8372 0.5134
v 0.0000 0.8372 0.5311
v -0.0939 0.8372 0.5326
v -0.1868 0.8372 0.5131
v -0.2721 0.8372 0.4713
v -0.3447 0.8372 0.4108
v -0.4028 0.8372 0.3380
v -0.4485 0.8372 0.2589
v -0.4849 0.8372 0.1765
v -0.5134 0.8372 0.0905
v -0.5311 0.8372 0.0000
v -0.5326 0.8372 -0.0939
v -0.5131 0.8372 -0.1868
v -0.4713 0.8372 -0.2721
v -0.4108 0.8372 -0.3447
v -0.3380 0.8372 -0.4028
v -0.2589 0.8372 -0.4485
v -0.1765 0.8372 -0.4849
v -0.0905 0.8372 -0.5134
v -0.0000 0.8372 -0.5311
v 0.0939 0.8372 -0.5326
v 0.1868 0.8372 -0.5131
v 0.2721 0.8372 -0.4713
v 0.3447 0.8372 -0.4108
v 0.4028 0.8372 -0.3380
v 0.4485 0.8372 -0.2589
v 0.4849 0.8372 -0.1765
v 0.5134 0.8372 -0.0905
v 0.5311 0.8372 -0.0000
v 0.6274 0.7894 0.0000
v 0.6307 0.7894 0.1112
v 0.6083 0.7894 0.2214
v 0.5585 0.7894 0.3225
v 0.4859 0.7894 0.4077
v 0.3989 0.7894 0.4754
v 0.3050 0.7894 0.5283
v 0.2078 0.7894 0.5709
v 0.1067 0.7894 0.6051
v 0.0000 0.7894 0.6274
v -0.1112 0.7894 0.6307
v -0.2214 0.7894 0.6083
v -0.3225 0.7894 0.5585
v -0.4077 0.7894 0.4859
v -0.4754 0.7894 0.3989
v -0.5283 0.7894 0.3050
v -0.5709 0.7894 0.2078
v -0.6051 0.7894 0.1067
v -0.6274 0.7894 0.0000
v -0.6307 0.7894 -0.1112
v -0.6083 0.7894 -0.2214
v -0.5585 0.7894 -0.3225
v -0.4859 0.7894 -0.4077
v -0.3989 0.7894 -0.4754
v -0.3050 0.7894 -0.5283
v -0.2078 0.7894 -0.5709
v -0.1067 0.7894 -0.6051
v -0.0000 0.7894 -0.6274
v 0.1112 0.7894 -0.6307
v 0.2214 0.7894 -0.6083
v 0.3225 0.7894 -0.5585
v 0.4077 0.7894 -0.4859
v 0.4754 0.7894 -0.3989
v 0.5283 0.7894 -0.3050
v 0.5709 0.7894 -0.2078
v 0.6051 0.7894 -0.1067
v 0.6274 0.7894 -0.0000
v 0.7243 0.7364 0.0000
v 0.7295 0.7364 0.1286
v 0.7043 0.7364 0.2563
v 0.6464 0.7364 0.3732
v 0.5615 0.7364 0.4712
v 0.4599 0.7364 0.5481
v 0.3510 0.7364 0.6080
v 0.2391 0.7364 0.6569
v 0.1229 0.7364 0.6971
v 0.0000 0.7364 0.7243
v -0.1286 0.7364 0.7295
v -0.2563 0.7364 0.7043
v -0.3732 0.7364 0.6464
v -0.4712 0.7364 0.5615
v -0.5481 0.7364 0.4599
v -0.6080 0.7364 0.3510
v -0.6569 0.7364 0.2391
v -0.6971 0.7364 0.1229
v -0.7243 0.7364 0.0000
v -0.7295 0.7364 -0.1286
v -0.7043 0.7364 -0.2563
v -0.6464 0.7364 -0.3732
v -0.5615 0.7364 -0.4712
v -0.4599 0.7364 -0.5481
v -0.3510 0.7364 -0.6080
v -0.2391 0.7364 -0.6569
v -0.1229 0.7364 -0.6971
v -0.0000 0.7364 -0.7243
v 0.1286 0.7364 -0.7295
v 0.2563 0.7364 -0.7043
v 0.3732 0.7364 -0.6464
v 0.4712 0.7364 -0.5615
v 0.5481 0.7364 -0.4599
v 0.6080 0.7364 -0.3510
v 0.6569 0.7364 -0.2391
v 0.6971 0.7364 -0.1229
v 0.7243 0.7364 -0.0000
v 0.8198 0.6785 0.0000
v 0.8272 0.6785 0.1459
v 0.7994 0.6785 0.2910
v 0.7335 0.6785 0.4235
v 0.6362 0.6785 0.5338
v 0.5200 0.6785 0.6198
v 0.3963 0.6785 0.6864
v 0.2698 0.6785 0.7413
v 0.1388 0.6785 0.7874
v 0.0000 0.6785 0.8198
v -0.1459 0.6785 0.8272
v -0.2910 0.6785 0.7994
v -0.4235 0.6785 0.7335
v -0.5338 0.6785 0.6362
v -0.6198 0.6785 0.5200
v -0.6864 0.6785 0.3963
v -0.7413 0.6785 0.2698
v -0.7874 0.6785 0.1388
v -0.8198 0.6785 0.0000
v -0.8272 0.6785 -0.1459
v -0.7994 0.6785 -0.2910
v -0.7335 0.6785 -0.4235
v -0.6362 0.6785 -0.5338
v -0.5200 0.6785 -0.6198
v -0.3963 0.6785 -0.6864
v -0.2698 0.6785 -0.7413
v -0.1388 0.6785 -0.7874
v -0.0000 0.6785 -0.8198
v 0.1459 0.6785 -0.8272
v 0.2910 0.6785 -0.7994
v 0.4235 0.6785 -0.7335
v 0.5338 0.6785 -0.6362
v 0.6198 0.6785 -0.5200
v 0.6864 0.6785 -0.3963
v 0.7413 0.6785 -0.2698
v 0.7874 0.6785 -0.1388
v 0.8198 0.6785 -0.0000
v 0.9122 0.6162 0.0000
v 0.9220 0.6162 0.1626
v 0.8918 0.6162 0.3246
v 0.8180 0.6162 0.4723
v 0.7086 0.6162 0.5946
v 0.5781 0.6162 0.6890
v 0.4399 0.6162 0.7620
v 0.2994 0.6162 0.8226
v 0.1542 0.6162 0.8747
v 0.0000 0.6162 0.9122
v -0.1626 0.6162 0.9220
v -0.3246 0.6162 0.8918
v -0.4723 0.6162 0.8180
v -0.5946 0.6162 0.7086
v -0.6890 0.6162 0.5781
v -0.7620 0.6162 0.4399
v -0.8226 0.6162 0.2994
v -0.8747 0.6162 0.1542
v -0.9122 0.6162 0.0000
v -0.9220 0.6162 -0.1626
v -0.8918 0.6162 -0.3246
v -0.8180 0.6162 -0.4723
v -0.7086 0.6162 -0.5946
v -0.5781 0.6162 -0.6890
v -0.4399 0.6162 -0.7620
v -0.2994 0.6162 -0.8226
v -0.1542 0.6162 -0.8747
v -0.0000 0.6162 -0.9122
v 0.1626 0.6162 -0.9220
v 0.3246 0.6162 -0.8918
v 0.4723 0.6162 -0.8180
v 0.5946 0.6162 -0.7086
v 0.6890 0.6162 -0.5781
v 0.7620 0.6162 -0.4399
v 0.8226 0.6162 -0.2994
v 0.8747 0.6162 -0.1542
v 0.9122 0.6162 -0.0000
v 0.9999 0.5500 0.0000
v 1.0121 0.5500 0.1785
v 0.9796 0.5500 0.3566
v 0.8984 0.5500 0.5187
v 0.7773 0.5500 0.6522
v 0.6332 0.5500 0.7546
v 0.4812 0.5500 0.8334
v 0.3274 0.5500 0.8995
v 0.1688 0.5500 0.9573
v 0.0000 0.5500 0.9999
v -0.1785 0.5500 1.0121
v -0.3566 0.5500 0.9796
v -0.5187 0.5500 0.8984
v -0.6522 0.5500 0.7773
v -0.7546 0.5500 0.6332
v -0.8334 0.5500 0.4812
v -0.8995 0.5500 0.3274
v -0.9573 0.5500 0.1688
v -0.9999 0.5500 0.0000
v -1.0121 0.5500 -0.1785
v -0.9796 0.5500 -0.3566
v -0.8984 0.5500 -0.5187
v -0.7773 0.5500 -0.6522
v -0.6332 0.5500 -0.7546
v -0.4812 0.5500 -0.8334
v -0.3274 0.5500 -0.8995
v -0.1688 0.5500 -0.9573
v -0.0000 0.5500 -0.9999
v 0.1785 0.5500 -1.0121
v 0.3566 0.5500 -0.9796
v 0.5187 0.5500 -0.8984
v 0.6522 0.5500 -0.7773
v 0.7546 0.5500 -0.6332
v 0.8334 0.5500 -0.4812
v 0.8995 0.5500 -0.3274
v 0.9573 0.5500 -0.1688
v 0.9999 0.5500 -0.0000
v 1.0810 0.4804 0.0000
v 1.0956 0.4804 0.1932
v 1.0612 0.4804 0.3862
v 0.9730 0.4804 0.5617
v 0.8410 0.4804 0.7057
v 0.6841 0.4804 0.8153
v 0.5193 0.4804 0.8995
v 0.3532 0.4804 0.9705
v 0.1823 0.4804 1.0336
v 0.0000 0.4804 1.0810
v -0.1932 0.4804 1.0956
v -0.3862 0.4804 1.0612
v -0.5617 0.4804 0.9730
v -0.7057 0.4804 0.8410
v -0.8153 0.4804 0.6841
v -0.8995 0.4804 0.5193
v -0.9705 0.4804 0.3532
v -1.0336 0.4804 0.1823
v -1.0810 0.4804 0.0000
v -1.0956 0.4804 -0.1932
v -1.0612 0.4804 -0.3862
v -0.9730 0.4804 -0.5617
v -0.8410 0.4804 -0.7057
v -0.6841 0.4804 -0.8153
v -0.5193 0.4804 -0.8995
v -0.3532 0.4804 -0.9705
v -0.1823 0.4804 -1.0336
v -0.0000 0.4804 -1.0810
v 0.1932 0.4804 -1.0956
v 0.3862 0.4804 -1.0612
v 0.5617 0.4804 -0.9730
v 0.7057 0.4804 -0.8410
v 0.8153 0.4804 -0.6841
v 0.8995 0.4804 -0.5193
v 0.9705 0.4804 -0.3532
v 1.0336 0.4804 -0.1823
v 1.0810 0.4804 -0.0000
v 1.1542 0.4078 0.0000
v 1.1710 0.4078 0.2065
v 1.1348 0.4078 0.4130
v 1.0403 0.4078 0.6006
v 0.8984 0.4078 0.7538
v 0.7300 0.4078 0.8700
v 0.5536 0.4078 0.9589
v 0.3765 0.4078 1.0344
v 0.1944 0.4078 1.1024
v 0.0000 0.4078 1.1542
v -0.2065 0.4078 1.1710
v -0.4130 0.4078 1.1348
v -0.6006 0.4078 1.0403
v -0.7538 0.4078 0.8984
v -0.8700 0.4078 0.7300
v -0.9589 0.4078 0.5536
v -1.0344 0.4078 0.3765
v -1.1024 0.4078 0.1944
v -1.1542 0.4078 0.0000
v -1.1710 0.4078 -0.2065
v -1.1348 0.4078 -0.4130
v -1.0403 0.4078 -0.6006
v -0.8984 0.4078 -0.7538
v -0.7300 0.4078 -0.8700
v -0.5536 0.4078 -0.9589
v -0.3765 0.4078 -1.0344
v -0.1944 0.4078 -1.1024
v -0.0000 0.4078 -1.1542
v 0.2065 0.4078 -1.1710
v 0.4130 0.4078 -1.1348
v 0.6006 0.4078 -1.0403
v 0.7538 0.4078 -0.8984
v 0.8700 0.4078 -0.7300
v 0.9589 0.4078 -0.5536
v 1.0344 0.4078 -0.3765
v 1.1024 0.4078 -0.1944
v 1.1542 0.4078 -0.0000
v 1.2180 0.3329 0.0000
v 1.2367 0.3329 0.2181
v 1.1989 0.3329 0.4364
v 1.0989 0.3329 0.6344
v 0.9484 0.3329 0.7958
v 0.7700 0.3329 0.9176
v 0.5835 0.3329 1.0107
v 0.3968 0.3329 1.0901
v 0.2049 0.3329 1.1622
v 0.0000 0.3329 1.2180
v -0.2181 0.3329 1.2367
v -0.4364 0.3329 1.1989
v -0.6344 0.3329 1.0989
v -0.7958 0.3329 0.9484
v -0.9176 0.3329 0.7700
v -1.0107 0.3329 0.5835
v -1.0901 0.3329 0.3968
v -1.1622 0.3329 0.2049
v -1.2180 0.3329 0.0000
v -1.2367 0.3329 -0.2181
v -1.1989 0.3329 -0.4364
v -1.0989 0.3329 -0.6344
v -0.9484 0.3329 -0.7958
v -0.7700 0.3329 -0.9176
v -0.5835 0.3329 -1.0107
v -0.3968 0.3329 -1.0901
v -0.2049 0.3329 -1.1622
v -0.0000 0.3329 -1.2180
v 0.2181 0.3329 -1.2367
v 0.4364 0.3329 -1.1989
v 0.6344 0.3329 -1.0989
v 0.7958 0.3329 -0.9484
v 0.9176 0.3329 -0.7700
v 1.0107 0.3329 -0.5835
v 1.0901 0.3329 -0.3968
v 1.1622 0.3329 -0.2049
v 1.2180 0.3329 -0.0000
v 1.2710 0.2563 0.0000
v 1.2913 0.2563 0.2277
v 1.2523 0.2563 0.4558
v 1.1476 0.2563 0.6626
v 0.9900 0.2563 0.8307
v 0.8032 0.2563 0.9572
v 0.6084 0.2563 1.0538
v 0.4136 0.2563 1.1364
v 0.2137 0.2563 1.2121
v 0.0000 0.2563 1.2710
v -0.2277 0.2563 1.2913
v -0.4558 0.2563 1.2523
v -0.6626 0.2563 1.1476
v -0.8307 0.2563 0.9900
v -0.9572 0.2563 0.8032
v -1.0538 0.2563 0.6084
v -1.1364 0.2563 0.4136
v -1.2121 0.2563 0.2137
v -1.2710 0.2563 0.0000
v -1.2913 0.2563 -0.2277
v -1.2523 0.2563 -0.4558
v -1.1476 0.2563 -0.6626
v -0.9900 0.2563 -0.8307
v -0.8032 0.2563 -0.9572
v -0.6084 0.2563 -1.0538
v -0.4136 0.2563 -1.1364
v -0.2137 0.2563 -1.2121
v -0.0000 0.2563 -1.2710
v 0.2277 0.2563 -1.2913
v 0.4558 0.2563 -1.2523
v 0.6626 0.2563 -1.1476
v 0.8307 0.2563 -0.9900
v 0.9572 0.2563 -0.8032
v 1.0538 0.2563 -0.6084
v 1.1364 0.2563 -0.4136
v 1.2121 0.2563 -0.2137
v 1.2710 0.2563 -0.0000
v 1.3123 0.1784 0.0000
v 1.3337 0.1784 0.2352
v 1.2936 0.1784 0.4708
v 1.1855 0.1784 0.6844
v 1.0224 0.1784 0.8579
v 0.8291 0.1784 0.9881
v 0.6278 0.1784 1.0874
v 0.4268 0.1784 1.1726
v 0.2206 0.1784 1.2509
v 0.0000 0.1784 1.3123
v -0.2352 0.1784 1.3337
v -0.4708 0.1784 1.2936
v -0.6844 0.1784 1.1855
v -0.8579 0.1784 1.0224
v -0.9881 0.1784 0.8291
v -1.0874 0.1784 0.6278
v -1.1726 0.1784 0.4268
v -1.2509 0.1784 0.2206
v -1.3123 0.1784 0.0000
v -1.3337 0.1784 -0.2352
v -1.2936 0.1784 -0.4708
v -1.1855 0.1784 -0.6844
v -1.0224 0.1784 -0.8579
v -0.8291 0.1784 -0.9881
v -0.6278 0.1784 -1.0874
v -0.4268 0.1784 -1.1726
v -0.2206 0.1784 -1.2509
v -0.0000 0.1784 -1.3123
v 0.2352 0.1784 -1.3337
v 0.4708 0.1784 -1.2936
v 0.6844 0.1784 -1.1855
v 0.8579 0.1784 -1.0224
v 0.9881 0.1784 -0.8291
v 1.0874 0.1784 -0.6278
v 1.1726 0.1784 -0.4268
v 1.2509 0.1784 -0.2206
v 1.3123 0.1784 -0.0000
v 1.3409 0.1000 0.0000
v 1.3630 0.1000 0.2403
v 1.3221 0.1000 0.4812
v 1.2115 0.1000 0.6995
v 1.0448 0.1000 0.8767
v 0.8472 0.1000 1.0096
v 0.6414 0.1000 1.1110
v 0.4360 0.1000 1.1980
v 0.2254 0.1000 1.2781
v 0.0000 0.1000 1.3409
v -0.2403 0.1000 1.3630
v -0.4812 0.1000 1.3221
v -0.6995 0.1000 1.2115
v -0.8767 0.1000 1.0448
v -1.0096 0.1000 0.8472
v -1.1110 0.1000 0.6414
v -1.1980 0.1000 0.4360
v -1.2781 0.1000 0.2254
v -1.3409 0.1000 0.0000
v -1.3630 0.1000 -0.2403
v -1.3221 0.1000 -0.4812
v -1.2115 0.1000 -0.6995
v -1.0448 0.1000 -0.8767
v -0.8472 0.1000 -1.0096
v -0.6414 0.1000 -1.1110
v -0.4360 0.1000 -1.1980
v -0.2254 0.1000 -1.2781
v -0.0000 0.1000 -1.3409
v 0.2403 0.1000 -1.3630
v 0.4812 0.1000 -1.3221
v 0.6995 0.1000 -1.2115
v 0.8767 0.1000 -1.0448
v 1.0096 0.1000 -0.8472
v 1.1110 0.1000 -0.6414
v 1.1980 0.1000 -0.4360
v 1.2781 0.1000 -0.2254
v 1.3409 0.1000 -0.0000
v 1.3563 0.0216 0.0000
v 1.3784 0.0216 0.2431
v 1.3370 0.0216 0.4866
v 1.2252 0.0216 0.7074
v 1.0567 0.0216 0.8867
v 0.8570 0.0216 1.0213
v 0.6489 0.0216 1.1239
v 0.4411 0.0216 1.2120
v 0.2280 0.0216 1.2929
v 0.0000 0.0216 1.3563
v -0.2431 0.0216 1.3784
v -0.4866 0.0216 1.3370
v -0.7074 0.0216 1.2252
v -0.8867 0.0216 1.0567
v -1.0213 0.0216 0.8570
v -1.1239 0.0216 0.6489
v -1.2120 0.0216 0.4411
v -1.2929 0.0216 0.2280
v -1.3563 0.0216 0.0000
v -1.3784 0.0216 -0.2431
v -1.3370 0.0216 -0.4866
v -1.2252 0.0216 -0.7074
v -1.0567 0.0216 -0.8867
v -0.8570 0.0216 -1.0213
v -0.6489 0.0216 -1.1239
v -0.4411 0.0216 -1.2120
v -0.2280 0.0216 -1.2929
v -0.0000 0.0216 -1.3563
v 0.2431 0.0216 -1.3784
v 0.4866 0.0216 -1.3370
v 0.7074 0.0216 -1.2252
v 0.8867 0.0216 -1.0567
v 1.0213 0.0216 -0.8570
v 1.1239 0.0216 -0.6489
v 1.2120 0.0216 -0.4411
v 1.2929 0.0216 -0.2280
v 1.3563 0.0216 -0.0000
v 1.3580 -0.0563 0.0000
v 1.3797 -0.0563 0.2433
v 1.3380 -0.0563 0.4870
v 1.2262 -0.0563 0.7080
v 1.0578 -0.0563 0.8876
v 0.8582 -0.0563 1.0228
v 0.6501 -0.0563 1.1259
v 0.4419 -0.0563 1.2142
v 0.2284 -0.0563 1.2951
v 0.0000 -0.0563 1.3580
v -0.2433 -0.0563 1.3797
v -0.4870 -0.0563 1.3380
v -0.7080 -0.0563 1.2262
v -0.8876 -0.0563 1.0578
v -1.0228 -0.0563 0.8582
v -1.1259 -0.0563 0.6501
v -1.2142 -0.0563 0.4419
v -1.2951 -0.0563 0.2284
v -1.3580 -0.0563 0.0000
v -1.3797 -0.0563 -0.2433
v -1.3380 -0.0563 -0.4870
v -1.2262 -0.0563 -0.7080
v -1.0578 -0.0563 -0.8876
v -0.8582 -0.0563 -1.0228
v -0.6501 -0.0563 -1.1259
v -0.4419 -0.0563 -1.2142
v -0.2284 -0.0563 -1.2951
v -0.0000 -0.0563 -1.3580
v 0.2433 -0.0563 -1.3797
v 0.4870 -0.0563 -1.3380
v 0.7080 -0.0563 -1.2262
v 0.8876 -0.0563 -1.0578
v 1.0228 -0.0563 -0.8582
v 1.1259 -0.0563 -0.6501
v 1.2142 -0.0563 -0.4419
v 1.2951 -0.0563 -0.2284
v 1.3580 -0.0563 -0.0000
v 1.3459 -0.1329 0.0000
v 1.3666 -0.1329 0.2410
v 1.3249 -0.1329 0.4822
v 1.2144 -0.1329 0.7011
v 1.0481 -0.1329 0.8794
v 0.8509 -0.1329 1.0140
v 0.6448 -0.1329 1.1169
v 0.4384 -0.1329 1.2046
v 0.2265 -0.1329 1.2843
v 0.0000 -0.1329 1.3459
v -0.2410 -0.1329 1.3666
v -0.4822 -0.1329 1.3249
v -0.7011 -0.1329 1.2144
v -0.8794 -0.1329 1.0481
v -1.0140 -0.1329 0.8509
v -1.1169 -0.1329 0.6448
v -1.2046 -0.1329 0.4384
v -1.2843 -0.1329 0.2265
v -1.3459 -0.1329 0.0000
v -1.3666 -0.1329 -0.2410
v -1.3249 -0.1329 -0.4822
v -1.2144 -0.1329 -0.7011
v -1.0481 -0.1329 -0.8794
v -0.8509 -0.1329 -1.0140
v -0.6448 -0.1329 -1.1169
v -0.4384 -0.1329 -1.2046
v -0.2265 -0.1329 -1.2843
v -0.0000 -0.1329 -1.3459
v 0.2410 -0.1329 -1.3666
v 0.4822 -0.1329 -1.3249
v 0.7011 -0.1329 -1.2144
v 0.8794 -0.1329 -1.0481
v 1.0140 -0.1329 -0.8509
v 1.1169 -0.1329 -0.6448
v 1.2046 -0.1329 -0.4384
v 1.2843 -0.1329 -0.2265
v 1.3459 -0.1329 -0.0000
v 1.3202 -0.2078 0.0000
v 1.3394 -0.2078 0.2362
v 1.2979 -0.2078 0.4724
v 1.1898 -0.2078 0.6869
v 1.0275 -0.2078 0.8622
v 0.8349 -0.2078 0.9950
v 0.6332 -0.2078 1.0968
v 0.4306 -0.2078 1.1831
v 0.2223 -0.2078 1.2608
v 0.0000 -0.2078 1.3202
v -0.2362 -0.2078 1.3394
v -0.4724 -0.2078 1.2979
v -0.6869 -0.2078 1.1898
v -0.8622 -0.2078 1.0275
v -0.9950 -0.2078 0.8349
v -1.0968 -0.2078 0.6332
v -1.1831 -0.2078 0.4306
v -1.2608 -0.2078 0.2223
v -1.3202 -0.2078 0.0000
v -1.3394 -0.2078 -0.2362
v -1.2979 -0.2078 -0.4724
v -1.1898 -0.2078 -0.6869
v -1.0275 -0.2078 -0.8622
v -0.8349 -0.2078 -0.9950
v -0.6332 -0.2078 -1.0968
v -0.4306 -0.2078 -1.1831
v -0.2223 -0.2078 -1.2608
v -0.0000 -0.2078 -1.3202
v 0.2362 -0.2078 -1.3394
v 0.4724 -0.2078 -1.2979
v 0.6869 -0.2078 -1.1898
v 0.8622 -0.2078 -1.0275
v 0.9950 -0.2078 -0.8349
v 1.0968 -0.2078 -0.6332
v 1.1831 -0.2078 -0.4306
v 1.2608 -0.2078 -0.2223
v 1.3202 -0.2078 -0.0000
v 1.2810 -0.2804 0.0000
v 1.2983 -0.2804 0.2289
v 1.2574 -0.2804 0.4577
v 1.1529 -0.2804 0.6656
v 0.9965 -0.2804 0.8362
v 0.8106 -0.2804 0.9661
v 0.6154 -0.2804 1.0658
v 0.4186 -0.2804 1.1500
v 0.2160 -0.2804 1.2248
v 0.0000 -0.2804 1.2810
v -0.2289 -0.2804 1.2983
v -0.4577 -0.2804 1.2574
v -0.6656 -0.2804 1.1529
v -0.8362 -0.2804 0.9965
v -0.9661 -0.2804 0.8106
v -1.0658 -0.2804 0.6154
v -1.1500 -0.2804 0.4186
v -1.2248 -0.2804 0.2160
v -1.2810 -0.2804 0.0000
v -1.2983 -0.2804 -0.2289
v -1.2574 -0.2804 -0.4577
v -1.1529 -0.2804 -0.6656
v -0.9965 -0.2804 -0.8362
v -0.8106 -0.2804 -0.9661
v -0.6154 -0.2804 -1.0658
v -0.4186 -0.2804 -1.1500
v -0.2160 -0.2804 -1.2248
v -0.0000 -0.2804 -1.2810
v 0.2289 -0.2804 -1.2983
v 0.4577 -0.2804 -1.2574
v 0.6656 -0.2804 -1.1529
v 0.8362 -0.2804 -0.9965
v 0.9661 -0.2804 -0.8106
v 1.0658 -0.2804 -0.6154
v 1.1500 -0.2804 -0.4186
v 1.2248 -0.2804 -0.2160
v 1.2810 -0.2804 -0.0000
v 1.2290 -0.3500 0.0000
v 1.2440 -0.3500 0.2193
v 1.2041 -0.3500 0.4383
v 1.1042 -0.3500 0.6375
v 0.9554 -0.3500 0.8017
v 0.7783 -0.3500 0.9275
v 0.5914 -0.3500 1.0244
v 0.4024 -0.3500 1.1056
v 0.2075 -0.3500 1.1766
v 0.0000 -0.3500 1.2290
v -0.2193 -0.3500 1.2440
v -0.4383 -0.3500 1.2041
v -0.6375 -0.3500 1.1042
v -0.8017 -0.3500 0.9554
v -0.9275 -0.3500 0.7783
v -1.0244 -0.3500 0.5914
v -1.1056 -0.3500 0.4024
v -1.1766 -0.3500 0.2075
v -1.2290 -0.3500 0.0000
v -1.2440 -0.3500 -0.2193
v -1.2041 -0.3500 -0.4383
v -1.1042 -0.3500 -0.6375
v -0.9554 -0.3500 -0.8017
v -0.7783 -0.3500 -0.9275
v -0.5914 -0.3500 -1.0244
v -0.4024 -0.3500 -1.1056
v -0.2075 -0.3500 -1.1766
v -0.0000 -0.3500 -1.2290
v 0.2193 -0.3500 -1.2440
v 0.4383 -0.3500 -1.2041
v 0.6375 -0.3500 -1.1042
v 0.8017 -0.3500 -0.9554
v 0.9275 -0.3500 -0.7783
v 1.0244 -0.3500 -0.5914
v 1.1056 -0.3500 -0.4024
v 1.1766 -0.3500 -0.2075
v 1.2290 -0.3500 -0.0000
v 1.1648 -0.4162 0.0000
v 1.1773 -0.4162 0.2076
v 1.1387 -0.4162 0.4145
v 1.0446 -0.4162 0.6031
v 0.9048 -0.4162 0.7592
v 0.7383 -0.4162 0.8798
v 0.5618 -0.4162 0.9730
v 0.3823 -0.4162 1.0504
v 0.1969 -0.4162 1.1169
v 0.0000 -0.4162 1.1648
v -0.2076 -0.4162 1.1773
v -0.4145 -0.4162 1.1387
v -0.6031 -0.4162 1.0446
v -0.7592 -0.4162 0.9048
v -0.8798 -0.4162 0.7383
v -0.9730 -0.4162 0.5618
v -1.0504 -0.4162 0.3823
v -1.1169 -0.4162 0.1969
v -1.1648 -0.4162 0.0000
v -1.1773 -0.4162 -0.2076
v -1.1387 -0.4162 -0.4145
v -1.0446 -0.4162 -0.6031
v -0.9048 -0.4162 -0.7592
v -0.7383 -0.4162 -0.8798
v -0.5618 -0.4162 -0.9730
v -0.3823 -0.4162 -1.0504
v -0.1969 -0.4162 -1.1169
v -0.0000 -0.4162 -1.1648
v 0.2076 -0.4162 -1.1773
v 0.4145 -0.4162 -1.1387
v 0.6031 -0.4162 -1.0446
v 0.7592 -0.4162 -0.9048
v 0.8798 -0.4162 -0.7383
v 0.9730 -0.4162 -0.5618
v 1.0504 -0.4162 -0.3823
v 1.1169 -0.4162 -0.1969
v 1.1648 -0.4162 -0.0000
v 1.0896 -0.4785 0.0000
v 1.0994 -0.4785 0.1939
v 1.0625 -0.4785 0.3867
v 0.9749 -0.4785 0.5628
v 0.8456 -0.4785 0.7095
v 0.6912 -0.4785 0.8237
v 0.5267 -0.4785 0.9123
v 0.3586 -0.4785 0.9852
v 0.1845 -0.4785 1.0466
v 0.0000 -0.4785 1.0896
v -0.1939 -0.4785 1.0994
v -0.3867 -0.4785 1.0625
v -0.5628 -0.4785 0.9749
v -0.7095 -0.4785 0.8456
v -0.8237 -0.4785 0.6912
v -0.9123 -0.4785 0.5267
v -0.9852 -0.4785 0.3586
v -1.0466 -0.4785 0.1845
v -1.0896 -0.4785 0.0000
v -1.0994 -0.4785 -0.1939
v -1.0625 -0.4785 -0.3867
v -0.9749 -0.4785 -0.5628
v -0.8456 -0.4785 -0.7095
v -0.6912 -0.4785 -0.8237
v -0.5267 -0.4785 -0.9123
v -0.3586 -0.4785 -0.9852
v -0.1845 -0.4785 -1.0466
v -0.0000 -0.4785 -1.0896
v 0.1939 -0.4785 -1.0994
v 0.3867 -0.4785 -1.0625
v 0.5628 -0.4785 -0.9749
v 0.7095 -0.4785 -0.8456
v 0.8237 -0.4785 -0.6912
v 0.9123 -0.4785 -0.5267
v 0.9852 -0.4785 -0.3586
v 1.0466 -0.4785 -0.1845
v 1.0896 -0.4785 -0.0000
v 1.0042 -0.5364 0.0000
v 1.0114 -0.5364 0.1783
v 0.9765 -0.5364 0.3554
v 0.8963 -0.5364 0.5175
v 0.7786 -0.5364 0.6533
v 0.6377 -0.5364 0.7600
v 0.4867 -0.5364 0.8430
v 0.3315 -0.5364 0.9108
v 0.1704 -0.5364 0.9665
v 0.0000 -0.5364 1.0042
v -0.1783 -0.5364 1.0114
v -0.3554 -0.5364 0.9765
v -0.5175 -0.5364 0.8963
v -0.6533 -0.5364 0.7786
v -0.7600 -0.5364 0.6377
v -0.8430 -0.5364 0.4867
v -0.9108 -0.5364 0.3315
v -0.9665 -0.5364 0.1704
v -1.0042 -0.5364 0.0000
v -1.0114 -0.5364 -0.1783
v -0.9765 -0.5364 -0.3554
v -0.8963 -0.5364 -0.5175
v -0.7786 -0.5364 -0.6533
v -0.6377 -0.5364 -0.7600
v -0.4867 -0.5364 -0.8430
v -0.3315 -0.5364 -0.9108
v -0.1704 -0.5364 -0.9665
v -0.0000 -0.5364 -1.0042
v 0.1783 -0.5364 -1.0114
v 0.3554 -0.5364 -0.9765
v 0.5175 -0.5364 -0.8963
v 0.6533 -0.5364 -0.7786
v 0.7600 -0.5364 -0.6377
v 0.8430 -0.5364 -0.4867
v 0.9108 -0.5364 -0.3315
v 0.9665 -0.5364 -0.1704
v 1.0042 -0.5364 -0.0000
v 0.9100 -0.5894 0.0000
v 0.9147 -0.5894 0.1613
v 0.8821 -0.5894 0.3211
v 0.8100 -0.5894 0.4676
v 0.7047 -0.5894 0.5913
v 0.5785 -0.5894 0.6894
v 0.4423 -0.5894 0.7661
v 0.3014 -0.5894 0.8280
v 0.1547 -0.5894 0.8776
v 0.0000 -0.5894 0.9100
v -0.1613 -0.5894 0.9147
v -0.3211 -0.5894 0.8821
v -0.4676 -0.5894 0.8100
v -0.5913 -0.5894 0.7047
v -0.6894 -0.5894 0.5785
v -0.7661 -0.5894 0.4423
v -0.8280 -0.5894 0.3014
v -0.8776 -0.5894 0.1547
v -0.9100 -0.5894 0.0000
v -0.9147 -0.5894 -0.1613
v -0.8821 -0.5894 -0.3211
v -0.8100 -0.5894 -0.4676
v -0.7047 -0.5894 -0.5913
v -0.5785 -0.5894 -0.6894
v -0.4423 -0.5894 -0.7661
v -0.3014 -0.5894 -0.8280
v -0.1547 -0.5894 -0.8776
v -0.0000 -0.5894 -0.9100
v 0.1613 -0.5894 -0.9147
v 0.3211 -0.5894 -0.8821
v 0.4676 -0.5894 -0.8100
v 0.5913 -0.5894 -0.7047
v 0.6894 -0.5894 -0.5785
v 0.7661 -0.5894 -0.4423
v 0.8280 -0.5894 -0.3014
v 0.8776 -0.5894 -0.1547
v 0.9100 -0.5894 -0.0000
v 0.8082 -0.6074 0.0000
v 0.8106 -0.6074 0.1429
v 0.7809 -0.6074 0.2842
v 0.7173 -0.6074 0.4141
v 0.6252 -0.6074 0.5246
v 0.5144 -0.6074 0.6130
v 0.3941 -0.6074 0.6825
v 0.2686 -0.6074 0.7380
v 0.1378 -0.6074 0.7812
v 0.0000 -0.6074 0.8082
v -0.1429 -0.6074 0.8106
v -0.2842 -0.6074 0.7809
v -0.4141 -0.6074 0.7173
v -0.5246 -0.6074 0.6252
v -0.6130 -0.6074 0.5144
v -0.6825 -0.6074 0.3941
v -0.7380 -0.6074 0.2686
v -0.7812 -0.6074 0.1378
v -0.8082 -0.6074 0.0000
v -0.8106 -0.6074 -0.1429
v -0.7809 -0.6074 -0.2842
v -0.7173 -0.6074 -0.4141
v -0.6252 -0.6074 -0.5246
v -0.5144 -0.6074 -0.6130
v -0.3941 -0.6074 -0.6825
v -0.2686 -0.6074 -0.7380
v -0.1378 -0.6074 -0.7812
v -0.0000 -0.6074 -0.8082
v 0.1429 -0.6074 -0.8106
v 0.2842 -0.6074 -0.7809
v 0.4141 -0.6074 -0.7173
v 0.5246 -0.6074 -0.6252
v 0.6130 -0.6074 -0.5144
v 0.6825 -0.6074 -0.3941
v 0.7380 -0.6074 -0.2686
v 0.7812 -0.6074 -0.1378
v 0.8082 -0.6074 -0.0000
v 0.7002 -0.6159 0.0000
v 0.7006 -0.6159 0.1235
v 0.6742 -0.6159 0.2454
v 0.6195 -0.6159 0.3577
v 0.5410 -0.6159 0.4539
v 0.4462 -0.6159 0.5318
v 0.3425 -0.6159 0.5933
v 0.2336 -0.6159 0.6418
v 0.1196 -0.6159 0.6785
v 0.0000 -0.6159 0.7002
v -0.1235 -0.6159 0.7006
v -0.2454 -0.6159 0.6742
v -0.3577 -0.6159 0.6195
v -0.4539 -0.6159 0.5410
v -0.5318 -0.6159 0.4462
v -0.5933 -0.6159 0.3425
v -0.6418 -0.6159 0.2336
v -0.6785 -0.6159 0.1196
v -0.7002 -0.6159 0.0000
v -0.7006 -0.6159 -0.1235
v -0.6742 -0.6159 -0.2454
v -0.6195 -0.6159 -0.3577
v -0.5410 -0.6159 -0.4539
v -0.4462 -0.6159 -0.5318
v -0.3425 -0.6159 -0.5933
v -0.2336 -0.6159 -0.6418
v -0.1196 -0.6159 -0.6785
v -0.0000 -0.6159 -0.7002
v 0.1235 -0.6159 -0.7006
v 0.2454 -0.6159 -0.6742
v 0.3577 -0.6159 -0.6195
v 0.4539 -0.6159 -0.5410
v 0.5318 -0.6159 -0.4462
v 0.5933 -0.6159 -0.3425
v 0.6418 -0.6159 -0.2336
v 0.6785 -0.6159 -0.1196
v 0.7002 -0.6159 -0.0000
v 0.5875 -0.6231 0.0000
v 0.5864 -0.6231 0.1034
v 0.5635 -0.6231 0.2051
v 0.5181 -0.6231 0.2991
v 0.4533 -0.6231 0.3803
v 0.3749 -0.6231 0.4468
v 0.2884 -0.6231 0.4994
v 0.1967 -0.6231 0.5405
v 0.1006 -0.6231 0.5707
v 0.0000 -0.6231 0.5875
v -0.1034 -0.6231 0.5864
v -0.2051 -0.6231 0.5635
v -0.2991 -0.6231 0.5181
v -0.3803 -0.6231 0.4533
v -0.4468 -0.6231 0.3749
v -0.4994 -0.6231 0.2884
v -0.5405 -0.6231 0.1967
v -0.5707 -0.6231 0.1006
v -0.5875 -0.6231 0.0000
v -0.5864 -0.6231 -0.1034
v -0.5635 -0.6231 -0.2051
v -0.5181 -0.6231 -0.2991
v -0.4533 -0.6231 -0.3803
v -0.3749 -0.6231 -0.4468
v -0.2884 -0.6231 -0.4994
v -0.1967 -0.6231 -0.5405
v -0.1006 -0.6231 -0.5707
v -0.0000 -0.6231 -0.5875
v 0.1034 -0.6231 -0.5864
v 0.2051 -0.6231 -0.5635
v 0.2991 -0.6231 -0.5181
v 0.3803 -0.6231 -0.4533
v 0.4468 -0.6231 -0.3749
v 0.4994 -0.6231 -0.2884
v 0.5405 -0.6231 -0.1967
v 0.5707 -0.6231 -0.1006
v 0.5875 -0.6231 -0.0000
v 0.4714 -0.6291 0.0000
v 0.4693 -0.6291 0.0827
v 0.4504 -0.6291 0.1639
v 0.4143 -0.6291 0.2392
v 0.3632 -0.6291 0.3048
v 0.3012 -0.6291 0.3590
v 0.2322 -0.6291 0.4022
v 0.1585 -0.6291 0.4355
v 0.0810 -0.6291 0.4591
v 0.0000 -0.6291 0.4714
v -0.0827 -0.6291 0.4693
v -0.1639 -0.6291 0.4504
v -0.2392 -0.6291 0.4143
v -0.3048 -0.6291 0.3632
v -0.3590 -0.6291 0.3012
v -0.4022 -0.6291 0.2322
v -0.4355 -0.6291 0.1585
v -0.4591 -0.6291 0.0810
v -0.4714 -0.6291 0.0000
v -0.4693 -0.6291 -0.0827
v -0.4504 -0.6291 -0.1639
v -0.4143 -0.6291 -0.2392
v -0.3632 -0.6291 -0.3048
v -0.3012 -0.6291 -0.3590
v -0.2322 -0.6291 -0.4022
v -0.1585 -0.6291 -0.4355
v -0.0810 -0.6291 -0.4591
v -0.0000 -0.6291 -0.4714
v 0.0827 -0.6291 -0.4693
v 0.1639 -0.6291 -0.4504
v 0.2392 -0.6291 -0.4143
v 0.3048 -0.6291 -0.3632
v 0.3590 -0.6291 -0.3012
v 0.4022 -0.6291 -0.2322
v 0.4355 -0.6291 -0.1585
v 0.4591 -0.6291 -0.0810
v 0.4714 -0.6291 -0.0000
v 0.3533 -0.6339 0.0000
v 0.3508 -0.6339 0.0619
v 0.3362 -0.6339 0.1224
v 0.3094 -0.6339 0.1786
v 0.2718 -0.6339 0.2281
v 0.2261 -0.6339 0.2694
v 0.1747 -0.6339 0.3025
v 0.1193 -0.6339 0.3277
v 0.0608 -0.6339 0.3450
v 0.0000 -0.6339 0.3533
v -0.0619 -0.6339 0.3508
v -0.1224 -0.6339 0.3362
v -0.1786 -0.6339 0.3094
v -0.2281 -0.6339 0.2718
v -0.2694 -0.6339 0.2261
v -0.3025 -0.6339 0.1747
v -0.3277 -0.6339 0.1193
v -0.3450 -0.6339 0.0608
v -0.3533 -0.6339 0.0000
v -0.3508 -0.6339 -0.0619
v -0.3362 -0.6339 -0.1224
v -0.3094 -0.6339 -0.1786
v -0.2718 -0.6339 -0.2281
v -0.2261 -0.6339 -0.2694
v -0.1747 -0.6339 -0.3025
v -0.1193 -0.6339 -0.3277
v -0.0608 -0.6339 -0.3450
v -0.0000 -0.6339 -0.3533
v 0.0619 -0.6339 -0.3508
v 0.1224 -0.6339 -0.3362
v 0.1786 -0.6339 -0.3094
v 0.2281 -0.6339 -0.2718
v 0.2694 -0.6339 -0.2261
v 0.3025 -0.6339 -0.1747
v 0.3277 -0.6339 -0.1193
v 0.3450 -0.6339 -0.0608
v 0.3533 -0.6339 -0.0000
v 0.2345 -0.6373 0.0000
v 0.2323 -0.6373 0.0410
v 0.2223 -0.6373 0.0809
v 0.2046 -0.6373 0.1182
v 0.1802 -0.6373 0.1512
v 0.1503 -0.6373 0.1791
v 0.1164 -0.6373 0.2016
v 0.0795 -0.6373 0.2185
v 0.0405 -0.6373 0.2297
v 0.0000 -0.6373 0.2345
v -0.0410 -0.6373 0.2323
v -0.0809 -0.6373 0.2223
v -0.1182 -0.6373 0.2046
v -0.1512 -0.6373 0.1802
v -0.1791 -0.6373 0.1503
v -0.2016 -0.6373 0.1164
v -0.2185 -0.6373 0.0795
v -0.2297 -0.6373 0.0405
v -0.2345 -0.6373 0.0000
v -0.2323 -0.6373 -0.0410
v -0.2223 -0.6373 -0.0809
v -0.2046 -0.6373 -0.1182
v -0.1802 -0.6373 -0.1512
v -0.1503 -0.6373 -0.1791
v -0.1164 -0.6373 -0.2016
v -0.0795 -0.6373 -0.2185
v -0.0405 -0.6373 -0.2297
v -0.0000 -0.6373 -0.2345
v 0.0410 -0.6373 -0.2323
v 0.0809 -0.6373 -0.2223
v 0.1182 -0.6373 -0.2046
v 0.1512 -0.6373 -0.1802
v 0.1791 -0.6373 -0.1503
v 0.2016 -0.6373 -0.1164
v 0.2185 -0.6373 -0.0795
v 0.2297 -0.6373 -0.0405
v 0.2345 -0.6373 -0.0000
v 0.1164 -0.6393 0.0000
v 0.1150 -0.6393 0.0203
v 0.1099 -0.6393 0.0400
v 0.1012 -0.6393 0.0584
v 0.0893 -0.6393 0.0749
v 0.0747 -0.6393 0.0890
v 0.0580 -0.6393 0.1004
v 0.0396 -0.6393 0.1089
v 0.0202 -0.6393 0.1143
v 0.0000 -0.6393 0.1164
v -0.0203 -0.6393 0.1150
v -0.0400 -0.6393 0.1099
v -0.0584 -0.6393 0.1012
v -0.0749 -0.6393 0.0893
v -0.0890 -0.6393 0.0747
v -0.1004 -0.6393 0.0580
v -0.1089 -0.6393 0.0396
v -0.1143 -0.6393 0.0202
v -0.1164 -0.6393 0.0000
v -0.1150 -0.6393 -0.0203
v -0.1099 -0.6393 -0.0400
v -0.1012 -0.6393 -0.0584
v -0.0893 -0.6393 -0.0749
v -0.0747 -0.6393 -0.0890
v -0.0580 -0.6393 -0.1004
v -0.0396 -0.6393 -0.1089
v -0.0202 -0.6393 -0.1143
v -0.0000 -0.6393 -0.1164
v 0.0203 -0.6393 -0.1150
v 0.0400 -0.6393 -0.1099
v 0.0584 -0.6393 -0.1012
v 0.0749 -0.6393 -0.0893
v 0.0890 -0.6393 -0.0747
v 0.1004 -0.6393 -0.0580
v 0.1089 -0.6393 -0.0396
v 0.1143 -0.6393 -0.0202
v 0.1164 -0.6393 -0.0000
v 0.0000 -0.6400 0.0000
v 0.0000 -0.6400 0.0000
v 0.0000 -0.6400 0.0000
v 0.0000 -0.6400 0.0000
v 0.0000 -0.6400 0.0000
v 0.0000 -0.6400 0.0000
v 0.0000 -0.6400 0.0000
v 0.0000 -0.6400 0.0000
v 0.0000 -0.6400 0.0000
v 0.0000 -0.6400 0.0000
v -0.0000 -0.6400 0.0000
v -0.0000 -0.6400 0.0000
v -0.0000 -0.6400 0.0000
v -0.0000 -0.6400 0.0000
v -0.0000 -0.6400 0.0000
v -0.0000 -0.6400 0.0000
v -0.0000 -0.6400 0.0000
v -0.0000 -0.6400 0.0000
v -0.0000 -0.6400 0.0000
v -0.0000 -0.6400 -0.0000
v -0.0000 -0.6400 -0.0000
v -0.0000 -0.6400 -0.0000
v -0.0000 -0.6400 -0.0000
v -0.0000 -0.6400 -0.0000
v -0.0000 -0.6400 -0.0000
v -0.0000 -0.6400 -0.0000
v -0.0000 -0.6400 -0.0000
v -0.0000 -0.6400 -0.0000
v 0.0000 -0.6400 -0.0000
v 0.0000 -0.6400 -0.0000
v 0.0000 -0.6400 -0.0000
v 0.0000 -0.6400 -0.0000
v 0.0000 -0.6400 -0.0000
v 0.0000 -0.6400 -0.0000
v 0.0000 -0.6400 -0.0000
v 0.0000 -0.6400 -0.0000
v 0.0000 -0.6400 -0.0000
vt 0.0000 0.0000
vt 0.0278 0.0000
vt 0.0556 0.0000
vt 0.0833 0.0000
vt 0.1111 0.0000
vt 0.1389 0.0000
vt 0.1667 0.0000
vt 0.1944 0.0000
vt 0.2222 0.0000
vt 0.2500 0.0000
vt 0.2778 0.0000
vt 0.3056 0.0000
vt 0.3333 0.0000
vt 0.3611 0.0000
vt 0.3889 0.0000
vt 0.4167 0.0000
vt 0.4444 0.0000
vt 0.4722 0.0000
vt 0.5000 0.0000
vt 0.5278 0.0000
vt 0.5556 0.0000
vt 0.5833 0.0000
vt 0.6111 0.0000
vt 0.6389 0.0000
vt 0.6667 0.0000
vt 0.6944 0.0000
vt 0.7222 0.0000
vt 0.7500 0.0000
vt 0.7778 0.0000
vt 0.8056 0.0000
vt 0.8333 0.0000
vt 0.8611 0.0000
vt 0.8889 0.0000
vt 0.9167 0.0000
vt 0.9444 0.0000
vt 0.9722 0.0000
vt 1.0000 0.0000
vt 0.0000 0.0278
vt 0.0278 0.0278
vt 0.0556 0.0278
vt 0.0833 0.0278
vt 0.1111 0.0278
vt 0.1389 0.0278
vt 0.1667 0.0278
vt 0.1944 0.0278
vt 0.2222 0.0278
vt 0.2500 0.0278
vt 0.2778 0.0278
vt 0.3056 0.0278
vt 0.3333 0.0278
vt 0.3611 0.0278
vt 0.3889 0.0278
vt 0.4167 0.0278
vt 0.4444 0.0278
vt 0.4722 0.0278
vt 0.5000 0.0278
vt 0.5278 0.0278
vt 0.5556 0.0278
vt 0.5833 0.0278
vt 0.6111 0.0278
vt 0.6389 0.0278
vt 0.6667 0.0278
vt 0.6944 0.0278
vt 0.7222 0.0278
vt 0.7500 0.0278
vt 0.7778 0.0278
vt 0.8056 0.0278
vt 0.8333 0.0278
vt 0.8611 0.0278
vt 0.8889 0.0278
vt 0.9167 0.0278
vt 0.9444 0.0278
vt 0.9722 0.0278
vt 1.0000 0.0278
vt 0.0000 0.0556
vt 0.0278 0.0556
vt 0.0556 0.0556
vt 0.0833 0.0556
vt 0.1111 0.0556
vt 0.1389 0.0556
vt 0.1667 0.0556
vt 0.1944 0.0556
vt 0.2222 0.0556
vt 0.2500 0.0556
vt 0.2778 0.0556
vt 0.3056 0.0556
vt 0.3333 0.0556
vt 0.3611 0.0556
vt 0.3889 0.0556
vt 0.4167 0.0556
vt 0.4444 0.0556
vt 0.4722 0.0556
vt 0.5000 0.0556
vt 0.5278 0.0556
vt 0.5556 0.0556
vt 0.5833 0.0556
vt 0.6111 0.0556
vt 0.6389 0.0556
vt 0.6667 0.0556
vt 0.6944 0.0556
vt 0.7222 0.0556
vt 0.7500 0.0556
vt 0.7778 0.0556
vt 0.8056 0.0556
vt 0.8333 0.0556
vt 0.8611 0.0556
vt 0.8889 0.0556
vt 0.9167 0.0556
vt 0.9444 0.0556
vt 0.9722 0.0556
vt 1.0000 0.0556
vt 0.0000 0.0833
vt 0.0278 0.0833
vt 0.0556 0.0833
vt 0.0833 0.0833
vt 0.1111 0.0833
vt 0.1389 0.0833
vt 0.1667 0.0833
vt 0.1944 0.0833
vt 0.2222 0.0833
vt 0.2500 0.0833
vt 0.2778 0.0833
vt 0.3056 0.0833
vt 0.3333 0.0833
vt 0.3611 0.0833
vt 0.3889 0.0833
vt 0.4167 0.0833
vt 0.4444 0.0833
vt 0.4722 0.0833
vt 0.5000 0.0833
vt 0.5278 0.0833
vt 0.5556 0.0833
vt 0.5833 0.0833
vt 0.6111 0.0833
vt 0.6389 0.0833
vt 0.6667 0.0833
vt 0.6944 0.0833
vt 0.7222 0.0833
vt 0.7500 0.0833
vt 0.7778 0.0833
vt 0.8056 0.0833
vt 0.8333 0.0833
vt 0.8611 0.0833
vt 0.8889 0.0833
vt 0.9167 0.0833
vt 0.9444 0.0833
vt 0.9722 0.0833
vt 1.0000 0.0833
vt 0.0000 0.1111
vt 0.0278 0.1111
vt 0.0556 0.1111
vt 0.0833 0.1111
vt 0.1111 0.1111
vt 0.1389 0.1111
vt 0.1667 0.1111
vt 0.1944 0.1111
vt 0.2222 0.1111
vt 0.2500 0.1111
vt 0.2778 0.1111
vt 0.3056 0.1111
vt 0.3333 0.1111
vt 0.3611 0.1111
vt 0.3889 0.1111
vt 0.4167 0.1111
vt 0.4444 0.1111
vt 0.4722 0.1111
vt 0.5000 0.1111
vt 0.5278 0.1111
vt 0.5556 0.1111
vt 0.5833 0.1111
vt 0.6111 0.1111
vt 0.6389 0.1111
vt 0.6667 0.1111
vt 0.6944 0.1111
vt 0.7222 0.1111
vt 0.7500 0.1111
vt 0.7778 0.1111
vt 0.8056 0.1111
vt 0.8333 0.1111
vt 0.8611 0.1111
vt 0.8889 0.1111
vt 0.9167 0.1111
vt 0.9444 0.1111
vt 0.9722 0.1111
vt 1.0000 0.1111
vt 0.0000 0.1389
vt 0.0278 0.1389
vt 0.0556 0.1389
vt 0.0833 0.1389
vt 0.1111 0.1389
vt 0.1389 0.1389
vt 0.1667 0.1389
vt 0.1944 0.1389
vt 0.2222 0.1389
vt 0.2500 0.1389
vt 0.2778 0.1389
vt 0.3056 0.1389
vt 0.3333 0.1389
vt 0.3611 0.1389
vt 0.3889 0.1389
vt 0.4167 0.1389
vt 0.4444 0.1389
vt 0.4722 0.1389
vt 0.5000 0.1389
vt 0.5278 0.1389
vt 0.5556 0.1389
vt 0.5833 0.1389
vt 0.6111 0.1389
vt 0.6389 0.1389
vt 0.6667 0.1389
vt 0.6944 0.1389
vt 0.7222 0.1389
vt 0.7500 0.1389
vt 0.7778 0.1389
vt 0.8056 0.1389
vt 0.8333 0.1389
vt 0.8611 0.1389
vt 0.8889 0.1389
vt 0.9167 0.1389
vt 0.9444 0.1389
vt 0.9722 0.1389
vt 1.0000 0.1389
vt 0.0000 0.1667
vt 0.0278 0.1667
vt 0.0556 0.1667
vt 0.0833 0.1667
vt 0.1111 0.1667
vt 0.1389 0.1667
vt 0.1667 0.1667
vt 0.1944 0.1667
vt 0.2222 0.1667
vt 0.2500 0.1667
vt 0.2778 0.1667
vt 0.3056 0.1667
vt 0.3333 0.1667
vt 0.3611 0.1667
vt 0.3889 0.1667
vt 0.4167 0.1667
vt 0.4444 0.1667
vt 0.4722 0.1667
vt 0.5000 0.1667
vt 0.5278 0.1667
vt 0.5556 0.1667
vt 0.5833 0.1667
vt 0.6111 0.1667
vt 0.6389 0.1667
vt 0.6667 0.1667
vt 0.6944 0.1667
vt 0.7222 0.1667
vt 0.7500 0.1667
vt 0.7778 0.1667
vt 0.8056 0.1667
vt 0.8333 0.1667
vt 0.8611 0.1667
vt 0.8889 0.1667
vt 0.9167 0.1667
vt 0.9444 0.1667
vt 0.9722 0.1667
vt 1.0000 0.1667
vt 0.0000 0.1944
vt 0.0278 0.1944
vt 0.0556 0.1944
vt 0.0833 0.1944
vt 0.1111 0.1944
vt 0.1389 0.1944
vt 0.1667 0.1944
vt 0.1944 0.1944
vt 0.2222 0.1944
vt 0.2500 0.1944
vt 0.2778 0.1944
vt 0.3056 0.1944
vt 0.3333 0.1944
vt 0.3611 0.1944
vt 0.3889 0.1944
vt 0.4167 0.1944
vt 0.4444 0.1944
vt 0.4722 0.1944
vt 0.5000 0.1944
vt 0.5278 0.1944
vt 0.5556 0.1944
vt 0.5833 0.1944
vt 0.6111 0.1944
vt 0.6389 0.1944
vt 0.6667 0.1944
vt 0.6944 0.1944
vt 0.7222 0.1944
vt 0.7500 0.1944
vt 0.7778 0.1944
vt 0.8056 0.1944
vt 0.8333 0.1944
vt 0.8611 0.1944
vt 0.8889 0.1944
vt 0.9167 0.1944
vt 0.9444 0.1944
vt 0.9722 0.1944
vt 1.0000 0.1944
vt 0.0000 0.2222
vt 0.0278 0.2222
vt 0.0556 0.2222
vt 0.0833 0.2222
vt 0.1111 0.2222
vt 0.1389 0.2222
vt 0.1667 0.2222
vt 0.1944 0.2222
vt 0.2222 0.2222
vt 0.2500 0.2222
vt 0.2778 0.2222
vt 0.3056 0.2222
vt 0.3333 0.2222
vt 0.3611 0.2222
vt 0.3889 0.2222
vt 0.4167 0.2222
vt 0.4444 0.2222
vt 0.4722 0.2222
vt 0.5000 0.2222
vt 0.5278 0.2222
vt 0.5556 0.2222
vt 0.5833 0.2222
vt 0.6111 0.2222
vt 0.6389 0.2222
vt 0.6667 0.2222
vt 0.6944 0.2222
vt 0.7222 0.2222
vt 0.7500 0.2222
vt 0.7778 0.2222
vt 0.8056 0.2222
vt 0.8333 0.2222
vt 0.8611 0.2222
vt 0.8889 0.2222
vt 0.9167 0.2222
vt 0.9444 0.2222
vt 0.9722 0.2222
vt 1.0000 0.2222
vt 0.0000 0.2500
vt 0.0278 0.2500
vt 0.0556 0.2500
vt 0.0833 0.2500
vt 0.1111 0.2500
vt 0.1389 0.2500
vt 0.1667 0.2500
vt 0.1944 0.2500
vt 0.2222 0.2500
vt 0.2500 0.2500
vt 0.2778 0.2500
vt 0.3056 0.2500
vt 0.3333 0.2500
vt 0.3611 0.2500
vt 0.3889 0.2500
vt 0.4167 0.2500
vt 0.4444 0.2500
vt 0.4722 0.2500
vt 0.5000 0.2500
vt 0.5278 0.2500
vt 0.5556 0.2500
vt 0.5833 0.2500
vt 0.6111 0.2500
vt 0.6389 0.2500
vt 0.6667 0.2500
vt 0.6944 0.2500
vt 0.7222 0.2500
vt 0.7500 0.2500
vt 0.7778 0.2500
vt 0.8056 0.2500
vt 0.8333 0.2500
vt 0.8611 0.2500
vt 0.8889 0.2500
vt 0.9167 0.2500
vt 0.9444 0.2500
vt 0.9722 0.2500
vt 1.0000 0.2500
vt 0.0000 0.2778
vt 0.0278 0.2778
vt 0.0556 0.2778
vt 0.0833 0.2778
vt 0.1111 0.2778
vt 0.1389 0.2778
vt 0.1667 0.2778
vt 0.1944 0.2778
vt 0.2222 0.2778
vt 0.2500 0.2778
vt 0.2778 0.2778
vt 0.3056 0.2778
vt 0.3333 0.2778
vt 0.3611 0.2778
vt 0.3889 0.2778
vt 0.4167 0.2778
vt 0.4444 0.2778
vt 0.4722 0.2778
vt 0.5000 0.2778
vt 0.5278 0.2778
vt 0.5556 0.2778
vt 0.5833 0.2778
vt 0.6111 0.2778
vt 0.6389 0.2778
vt 0.6667 0.2778
vt 0.6944 0.2778
vt 0.7222 0.2778
vt 0.7500 0.2778
vt 0.7778 0.2778
vt 0.8056 0.2778
vt 0.8333 0.2778
vt 0.8611 0.2778
vt 0.8889 0.2778
vt 0.9167 0.2778
vt 0.9444 0.2778
vt 0.9722 0.2778
vt 1.0000 0.2778
vt 0.0000 0.3056
vt 0.0278 0.3056
vt 0.0556 0.3056
vt 0.0833 0.3056
vt 0.1111 0.3056
vt 0.1389 0.3056
vt 0.1667 0.3056
vt 0.1944 0.3056
vt 0.2222 0.3056
vt 0.2500 0.3056
vt 0.2778 0.3056
vt 0.3056 0.3056
vt 0.3333 0.3056
vt 0.3611 0.3056
vt 0.3889 0.3056
vt 0.4167 0.3056
vt 0.4444 0.3056
vt 0.4722 0.3056
vt 0.5000 0.3056
vt 0.5278 0.3056
vt 0.5556 0.3056
vt 0.5833 0.3056
vt 0.6111 0.3056
vt 0.6389 0.3056
vt 0.6667 0.3056
vt 0.6944 0.3056
vt 0.7222 0.3056
vt 0.7500 0.3056
vt 0.7778 0.3056
vt 0.8056 0.3056
vt 0.8333 0.3056
vt 0.8611 0.3056
vt 0.8889 0.3056
vt 0.9167 0.3056
vt 0.9444 0.3056
vt 0.9722 0.3056
vt 1.0000 0.3056
vt 0.0000 0.3333
vt 0.0278 0.3333
vt 0.0556 0.3333
vt 0.0833 0.3333
vt 0.1111 0.3333
vt 0.1389 0.3333
vt 0.1667 0.3333
vt 0.1944 0.3333
vt 0.2222 0.3333
vt 0.2500 0.3333
vt 0.2778 0.3333
vt 0.3056 0.3333
vt 0.3333 0.3333
vt 0.3611 0.3333
vt 0.3889 0.3333
vt 0.4167 0.3333
vt 0.4444 0.3333
vt 0.4722 0.3333
vt 0.5000 0.3333
vt 0.5278 0.3333
vt 0.5556 0.3333
vt 0.5833 0.3333
vt 0.6111 0.3333
vt 0.6389 0.3333
vt 0.6667 0.3333
vt 0.6944 0.3333
vt 0.7222 0.3333
vt 0.7500 0.3333
vt 0.7778 0.3333
vt 0.8056 0.3333
vt 0.8333 0.3333
vt 0.8611 0.3333
vt 0.8889 0.3333
vt 0.9167 0.3333
vt 0.9444 0.3333
vt 0.9722 0.3333
vt 1.0000 0.3333
vt 0.0000 0.3611
vt 0.0278 0.3611
vt 0.0556 0.3611
vt 0.0833 0.3611
vt 0.1111 0.3611
vt 0.1389 0.3611
vt 0.1667 0.3611
vt 0.1944 0.3611
vt 0.2222 0.3611
vt 0.2500 0.3611
vt 0.2778 0.3611
vt 0.3056 0.3611
vt 0.3333 0.3611
vt 0.3611 0.3611
vt 0.3889 0.3611
vt 0.4167 0.3611
vt 0.4444 0.3611
vt 0.4722 0.3611
vt 0.5000 0.3611
vt 0.5278 0.3611
vt 0.5556 0.3611
vt 0.5833 0.3611
vt 0.6111 0.3611
vt 0.6389 0.3611
vt 0.6667 0.3611
vt 0.6944 0.3611
vt 0.7222 0.3611
vt 0.7500 0.3611
vt 0.7778 0.3611
vt 0.8056 0.3611
vt 0.8333 0.3611
vt 0.8611 0.3611
vt 0.8889 0.3611
vt 0.9167 0.3611
vt 0.9444 0.3611
vt 0.9722 0.3611
vt 1.0000 0.3611
vt 0.0000 0.3889
vt 0.0278 0.3889
vt 0.0556 0.3889
vt 0.0833 0.3889
vt 0.1111 0.3889
vt 0.1389 0.3889
vt 0.1667 0.3889
vt 0.1944 0.3889
vt 0.2222 0.3889
vt 0.2500 0.3889
vt 0.2778 0.3889
vt 0.3056 0.3889
vt 0.3333 0.3889
vt 0.3611 0.3889
vt 0.3889 0.3889
vt 0.4167 0.3889
vt 0.4444 0.3889
vt 0.4722 0.3889
vt 0.5000 0.3889
vt 0.5278 0.3889
vt 0.5556 0.3889
vt 0.5833 0.3889
vt 0.6111 0.3889
vt 0.6389 0.3889
vt 0.6667 0.3889
vt 0.6944 0.3889
vt 0.7222 0.3889
vt 0.7500 0.3889
vt 0.7778 0.3889
vt 0.8056 0.3889
vt 0.8333 0.3889
vt 0.8611 0.3889
vt 0.8889 0.3889
vt 0.9167 0.3889
vt 0.9444 0.3889
vt 0.9722 0.3889
vt 1.0000 0.3889
vt 0.0000 0.4167
vt 0.0278 0.4167
vt 0.0556 0.4167
vt 0.0833 0.4167
vt 0.1111 0.4167
vt 0.1389 0.4167
vt 0.1667 0.4167
vt 0.1944 0.4167
vt 0.2222 0.4167
vt 0.2500 0.4167
vt 0.2778 0.4167
vt 0.3056 0.4167
vt 0.3333 0.4167
vt 0.3611 0.4167
vt 0.3889 0.4167
vt 0.4167 0.4167
vt 0.4444 0.4167
vt 0.4722 0.4167
vt 0.5000 0.4167
vt 0.5278 0.4167
vt 0.5556 0.4167
vt 0.5833 0.4167
vt 0.6111 0.4167
vt 0.6389 0.4167
vt 0.6667 0.4167
vt 0.6944 0.4167
vt 0.7222 0.4167
vt 0.7500 0.4167
vt 0.7778 0.4167
vt 0.8056 0.4167
vt 0.8333 0.4167
vt 0.8611 0.4167
vt 0.8889 0.4167
vt 0.9167 0.4167
vt 0.9444 0.4167
vt 0.9722 0.4167
vt 1.0000 0.4167
vt 0.0000 0.4444
vt 0.0278 0.4444
vt 0.0556 0.4444
vt 0.0833 0.4444
vt 0.1111 0.4444
vt 0.1389 0.4444
vt 0.1667 0.4444
vt 0.1944 0.4444
vt 0.2222 0.4444
vt 0.2500 0.4444
vt 0.2778 0.4444
vt 0.3056 0.4444
vt 0.3333 0.4444
vt 0.3611 0.4444
vt 0.3889 0.4444
vt 0.4167 0.4444
vt 0.4444 0.4444
vt 0.4722 0.4444
vt 0.5000 0.4444
vt 0.5278 0.4444
vt 0.5556 0.4444
vt 0.5833 0.4444
vt 0.6111 0.4444
vt 0.6389 0.4444
vt 0.6667 0.4444
vt 0.6944 0.4444
vt 0.7222 0.4444
vt 0.7500 0.4444
vt 0.7778 0.4444
vt 0.8056 0.4444
vt 0.8333 0.4444
vt 0.8611 0.4444
vt 0.8889 0.4444
vt 0.9167 0.4444
vt 0.9444 0.4444
vt 0.9722 0.4444
vt 1.0000 0.4444
vt 0.0000 0.4722
vt 0.0278 0.4722
vt 0.0556 0.4722
vt 0.0833 0.4722
vt 0.1111 0.4722
vt 0.1389 0.4722
vt 0.1667 0.4722
vt 0.1944 0.4722
vt 0.2222 0.4722
vt 0.2500 0.4722
vt 0.2778 0.4722
vt 0.3056 0.4722
vt 0.3333 0.4722
vt 0.3611 0.4722
vt 0.3889 0.4722
vt 0.4167 0.4722
vt 0.4444 0.4722
vt 0.4722 0.4722
vt 0.5000 0.4722
vt 0.5278 0.4722
vt 0.5556 0.4722
vt 0.5833 0.4722
vt 0.6111 0.4722
vt 0.6389 0.4722
vt 0.6667 0.4722
vt 0.6944 0.4722
vt 0.7222 0.4722
vt 0.7500 0.4722
vt 0.7778 0.4722
vt 0.8056 0.4722
vt 0.8333 0.4722
vt 0.8611 0.4722
vt 0.8889 0.4722
vt 0.9167 0.4722
vt 0.9444 0.4722
vt 0.9722 0.4722
vt 1.0000 0.4722
vt 0.0000 0.5000
vt 0.0278 0.5000
vt 0.0556 0.5000
vt 0.0833 0.5000
vt 0.1111 0.5000
vt 0.1389 0.5000
vt 0.1667 0.5000
vt 0.1944 0.5000
vt 0.2222 0.5000
vt 0.2500 0.5000
vt 0.2778 0.5000
vt 0.3056 0.5000
vt 0.3333 0.5000
vt 0.3611 0.5000
vt 0.3889 0.5000
vt 0.4167 0.5000
vt 0.4444 0.5000
vt 0.4722 0.5000
vt 0.5000 0.5000
vt 0.5278 0.5000
vt 0.5556 0.5000
vt 0.5833 0.5000
vt 0.6111 0.5000
vt 0.6389 0.5000
vt 0.6667 0.5000
vt 0.6944 0.5000
vt 0.7222 0.5000
vt 0.7500 0.5000
vt 0.7778 0.5000
vt 0.8056 0.5000
vt 0.8333 0.5000
vt 0.8611 0.5000
vt 0.8889 0.5000
vt 0.9167 0.5000
vt 0.9444 0.5000
vt 0.9722 0.5000
vt 1.0000 0.5000
vt 0.0000 0.5278
vt 0.0278 0.5278
vt 0.0556 0.5278
vt 0.0833 0.5278
vt 0.1111 0.5278
vt 0.1389 0.5278
vt 0.1667 0.5278
vt 0.1944 0.5278
vt 0.2222 0.5278
vt 0.2500 0.5278
vt 0.2778 0.5278
vt 0.3056 0.5278
vt 0.3333 0.5278
vt 0.3611 0.5278
vt 0.3889 0.5278
vt 0.4167 0.5278
vt 0.4444 0.5278
vt 0.4722 0.5278
vt 0.5000 0.5278
vt 0.5278 0.5278
vt 0.5556 0.5278
vt 0.5833 0.5278
vt 0.6111 0.5278
vt 0.6389 0.5278
vt 0.6667 0.5278
vt 0.6944 0.5278
vt 0.7222 0.5278
vt 0.7500 0.5278
vt 0.7778 0.5278
vt 0.8056 0.5278
vt 0.8333 0.5278
vt 0.8611 0.5278
vt 0.8889 0.5278
vt 0.9167 0.5278
vt 0.9444 0.5278
vt 0.9722 0.5278
vt 1.0000 0.5278
vt 0.0000 0.5556
vt 0.0278 0.5556
vt 0.0556 0.5556
vt 0.0833 0.5556
vt 0.1111 0.5556
vt 0.1389 0.5556
vt 0.1667 0.5556
vt 0.1944 0.5556
vt 0.2222 0.5556
vt 0.2500 0.5556
vt 0.2778 0.5556
vt 0.3056 0.5556
vt 0.3333 0.5556
vt 0.3611 0.5556
vt 0.3889 0.5556
vt 0.4167 0.5556
vt 0.4444 0.5556
vt 0.4722 0.5556
vt 0.5000 0.5556
vt 0.5278 0.5556
vt 0.5556 0.5556
vt 0.5833 0.5556
vt 0.6111 0.5556
vt 0.6389 0.5556
vt 0.6667 0.5556
vt 0.6944 0.5556
vt 0.7222 0.5556
vt 0.7500 0.5556
vt 0.7778 0.5556
vt 0.8056 0.5556
vt 0.8333 0.5556
vt 0.8611 0.5556
vt 0.8889 0.5556
vt 0.9167 0.5556
vt 0.9444 0.5556
vt 0.9722 0.5556
vt 1.0000 0.5556
vt 0.0000 0.5833
vt 0.0278 0.5833
vt 0.0556 0.5833
vt 0.0833 0.5833
vt 0.1111 0.5833
vt 0.1389 0.5833
vt 0.1667 0.5833
vt 0.1944 0.5833
vt 0.2222 0.5833
vt 0.2500 0.5833
vt 0.2778 0.5833
vt 0.3056 0.5833
vt 0.3333 0.5833
vt 0.3611 0.5833
vt 0.3889 0.5833
vt 0.4167 0.5833
vt 0.4444 0.5833
vt 0.4722 0.5833
vt 0.5000 0.5833
vt 0.5278 0.5833
vt 0.5556 0.5833
vt 0.5833 0.5833
vt 0.6111 0.5833
vt 0.6389 0.5833
vt 0.6667 0.5833
vt 0.6944 0.5833
vt 0.7222 0.5833
vt 0.7500 0.5833
vt 0.7778 0.5833
vt 0.8056 0.5833
vt 0.8333 0.5833
vt 0.8611 0.5833
vt 0.8889 0.5833
vt 0.9167 0.5833
vt 0.9444 0.5833
vt 0.9722 0.5833
vt 1.0000 0.5833
vt 0.0000 0.6111
vt 0.0278 0.6111
vt 0.0556 0.6111
vt 0.0833 0.6111
vt 0.1111 0.6111
vt 0.1389 0.6111
vt 0.1667 0.6111
vt 0.1944 0.6111
vt 0.2222 0.6111
vt 0.2500 0.6111
vt 0.2778 0.6111
vt 0.3056 0.6111
vt 0.3333 0.6111
vt 0.3611 0.6111
vt 0.3889 0.6111
vt 0.4167 0.6111
vt 0.4444 0.6111
vt 0.4722 0.6111
vt 0.5000 0.6111
vt 0.5278 0.6111
vt 0.5556 0.6111
vt 0.5833 0.6111
vt 0.6111 0.6111
vt 0.6389 0.6111
vt 0.6667 0.6111
vt 0.6944 0.6111
vt 0.7222 0.6111
vt 0.7500 0.6111
vt 0.7778 0.6111
vt 0.8056 0.6111
vt 0.8333 0.6111
vt 0.8611 0.6111
vt 0.8889 0.6111
vt 0.9167 0.6111
vt 0.9444 0.6111
vt 0.9722 0.6111
vt 1.0000 0.6111
vt 0.0000 0.6389
vt 0.0278 0.6389
vt 0.0556 0.6389
vt 0.0833 0.6389
vt 0.1111 0.6389
vt 0.1389 0.6389
vt 0.1667 0.6389
vt 0.1944 0.6389
vt 0.2222 0.6389
vt 0.2500 0.6389
vt 0.2778 0.6389
vt 0.3056 0.6389
vt 0.3333 0.6389
vt 0.3611 0.6389
vt 0.3889 0.6389
vt 0.4167 0.6389
vt 0.4444 0.6389
vt 0.4722 0.6389
vt 0.5000 0.6389
vt 0.5278 0.6389
vt 0.5556 0.6389
vt 0.5833 0.6389
vt 0.6111 0.6389
vt 0.6389 0.6389
vt 0.6667 0.6389
vt 0.6944 0.6389
vt 0.7222 0.6389
vt 0.7500 0.6389
vt 0.7778 0.6389
vt 0.8056 0.6389
vt 0.8333 0.6389
vt 0.8611 0.6389
vt 0.8889 0.6389
vt 0.9167 0.6389
vt 0.9444 0.6389
vt 0.9722 0.6389
vt 1.0000 0.6389
vt 0.0000 0.6667
vt 0.0278 0.6667
vt 0.0556 0.6667
vt 0.0833 0.6667
vt 0.1111 0.6667
vt 0.1389 0.6667
vt 0.1667 0.6667
vt 0.1944 0.6667
vt 0.2222 0.6667
vt 0.2500 0.6667
vt 0.2778 0.6667
vt 0.3056 0.6667
vt 0.3333 0.6667
vt 0.3611 0.6667
vt 0.3889 0.6667
vt 0.4167 0.6667
vt 0.4444 0.6667
vt 0.4722 0.6667
vt 0.5000 0.6667
vt 0.5278 0.6667
vt 0.5556 0.6667
vt 0.5833 0.6667
vt 0.6111 0.6667
vt 0.6389 0.6667
vt 0.6667 0.6667
vt 0.6944 0.6667
vt 0.7222 0.6667
vt 0.7500 0.6667
vt 0.7778 0.6667
vt 0.8056 0.6667
vt 0.8333 0.6667
vt 0.8611 0.6667
vt 0.8889 0.6667
vt 0.9167 0.6667
vt 0.9444 0.6667
vt 0.9722 0.6667
vt 1.0000 0.6667
vt 0.0000 0.6944
vt 0.0278 0.6944
vt 0.0556 0.6944
vt 0.0833 0.6944
vt 0.1111 0.6944
vt 0.1389 0.6944
vt 0.1667 0.6944
vt 0.1944 0.6944
vt 0.2222 0.6944
vt 0.2500 0.6944
vt 0.2778 0.6944
vt 0.3056 0.6944
vt 0.3333 0.6944
vt 0.3611 0.6944
vt 0.3889 0.6944
vt 0.4167 0.6944
vt 0.4444 0.6944
vt 0.4722 0.6944
vt 0.5000 0.6944
vt 0.5278 0.6944
vt 0.5556 0.6944
vt 0.5833 0.6944
vt 0.6111 0.6944
vt 0.6389 0.6944
vt 0.6667 0.6944
vt 0.6944 0.6944
vt 0.7222 0.6944
vt 0.7500 0.6944
vt 0.7778 0.6944
vt 0.8056 0.6944
vt 0.8333 0.6944
vt 0.8611 0.6944
vt 0.8889 0.6944
vt 0.9167 0.6944
vt 0.9444 0.6944
vt 0.9722 0.6944
vt 1.0000 0.6944
vt 0.0000 0.7222
vt 0.0278 0.7222
vt 0.0556 0.7222
vt 0.0833 0.7222
vt 0.1111 0.7222
vt 0.1389 0.7222
vt 0.1667 0.7222
vt 0.1944 0.7222
vt 0.2222 0.7222
vt 0.2500 0.7222
vt 0.2778 0.7222
vt 0.3056 0.7222
vt 0.3333 0.7222
vt 0.3611 0.7222
vt 0.3889 0.7222
vt 0.4167 0.7222
vt 0.4444 0.7222
vt 0.4722 0.7222
vt 0.5000 0.7222
vt 0.5278 0.7222
vt 0.5556 0.7222
vt 0.5833 0.7222
vt 0.6111 0.7222
vt 0.6389 0.7222
vt 0.6667 0.7222
vt 0.6944 0.7222
vt 0.7222 0.7222
vt 0.7500 0.7222
vt 0.7778 0.7222
vt 0.8056 0.7222
vt 0.8333 0.7222
vt 0.8611 0.7222
vt 0.8889 0.7222
vt 0.9167 0.7222
vt 0.9444 0.7222
vt 0.9722 0.7222
vt 1.0000 0.7222
vt 0.0000 0.7500
vt 0.0278 0.7500
vt 0.0556 0.7500
vt 0.0833 0.7500
vt 0.1111 0.7500
vt 0.1389 0.7500
vt 0.1667 0.7500
vt 0.1944 0.7500
vt 0.2222 0.7500
vt 0.2500 0.7500
vt 0.2778 0.7500
vt 0.3056 0.7500
vt 0.3333 0.7500
vt 0.3611 0.7500
vt 0.3889 0.7500
vt 0.4167 0.7500
vt 0.4444 0.7500
vt 0.4722 0.7500
vt 0.5000 0.7500
vt 0.5278 0.7500
vt 0.5556 0.7500
vt 0.5833 0.7500
vt 0.6111 0.7500
vt 0.6389 0.7500
vt 0.6667 0.7500
vt 0.6944 0.7500
vt 0.7222 0.7500
vt 0.7500 0.7500
vt 0.7778 0.7500
vt 0.8056 0.7500
vt 0.8333 0.7500
vt 0.8611 0.7500
vt 0.8889 0.7500
vt 0.9167 0.7500
vt 0.9444 0.7500
vt 0.9722 0.7500
vt 1.0000 0.7500
vt 0.0000 0.7778
vt 0.0278 0.7778
vt 0.0556 0.7778
vt 0.0833 0.7778
vt 0.1111 0.7778
vt 0.1389 0.7778
vt 0.1667 0.7778
vt 0.1944 0.7778
vt 0.2222 0.7778
vt 0.2500 0.7778
vt 0.2778 0.7778
vt 0.3056 0.7778
vt 0.3333 0.7778
vt 0.3611 0.7778
vt 0.3889 0.7778
vt 0.4167 0.7778
vt 0.4444 0.7778
vt 0.4722 0.7778
vt 0.5000 0.7778
vt 0.5278 0.7778
vt 0.5556 0.7778
vt 0.5833 0.7778
vt 0.6111 0.7778
vt 0.6389 0.7778
vt 0.6667 0.7778
vt 0.6944 0.7778
vt 0.7222 0.7778
vt 0.7500 0.7778
vt 0.7778 0.7778
vt 0.8056 0.7778
vt 0.8333 0.7778
vt 0.8611 0.7778
vt 0.8889 0.7778
vt 0.9167 0.7778
vt 0.9444 0.7778
vt 0.9722 0.7778
vt 1.0000 0.7778
vt 0.0000 0.8056
vt 0.0278 0.8056
vt 0.0556 0.8056
vt 0.0833 0.8056
vt 0.1111 0.8056
vt 0.1389 0.8056
vt 0.1667 0.8056
vt 0.1944 0.8056
vt 0.2222 0.8056
vt 0.2500 0.8056
vt 0.2778 0.8056
vt 0.3056 0.8056
vt 0.3333 0.8056
vt 0.3611 0.8056
vt 0.3889 0.8056
vt 0.4167 0.8056
vt 0.4444 0.8056
vt 0.4722 0.8056
vt 0.5000 0.8056
vt 0.5278 0.8056
vt 0.5556 0.8056
vt 0.5833 0.8056
vt 0.6111 0.8056
vt 0.6389 0.8056
vt 0.6667 0.8056
vt 0.6944 0.8056
vt 0.7222 0.8056
vt 0.7500 0.8056
vt 0.7778 0.8056
vt 0.8056 0.8056
vt 0.8333 0.8056
vt 0.8611 0.8056
vt 0.8889 0.8056
vt 0.9167 0.8056
vt 0.9444 0.8056
vt 0.9722 0.8056
vt 1.0000 0.8056
vt 0.0000 0.8333
vt 0.0278 0.8333
vt 0.0556 0.8333
vt 0.0833 0.8333
vt 0.1111 0.8333
vt 0.1389 0.8333
vt 0.1667 0.8333
vt 0.1944 0.8333
vt 0.2222 0.8333
vt 0.2500 0.8333
vt 0.2778 0.8333
vt 0.3056 0.8333
vt 0.3333 0.8333
vt 0.3611 0.8333
vt 0.3889 0.8333
vt 0.4167 0.8333
vt 0.4444 0.8333
vt 0.4722 0.8333
vt 0.5000 0.8333
vt 0.5278 0.8333
vt 0.5556 0.8333
vt 0.5833 0.8333
vt 0.6111 0.8333
vt 0.6389 0.8333
vt 0.6667 0.8333
vt 0.6944 0.8333
vt 0.7222 0.8333
vt 0.7500 0.8333
vt 0.7778 0.8333
vt 0.8056 0.8333
vt 0.8333 0.8333
vt 0.8611 0.8333
vt 0.8889 0.8333
vt 0.9167 0.8333
vt 0.9444 0.8333
vt 0.9722 0.8333
vt 1.0000 0.8333
vt 0.0000 0.8611
vt 0.0278 0.8611
vt 0.0556 0.8611
vt 0.0833 0.8611
vt 0.1111 0.8611
vt 0.1389 0.8611
vt 0.1667 0.8611
vt 0.1944 0.8611
vt 0.2222 0.8611
vt 0.2500 0.8611
vt 0.2778 0.8611
vt 0.3056 0.8611
vt 0.3333 0.8611
vt 0.3611 0.8611
vt 0.3889 0.8611
vt 0.4167 0.8611
vt 0.4444 0.8611
vt 0.4722 0.8611
vt 0.5000 0.8611
vt 0.5278 0.8611
vt 0.5556 0.8611
vt 0.5833 0.8611
vt 0.6111 0.8611
vt 0.6389 0.8611
vt 0.6667 0.8611
vt 0.6944 0.8611
vt 0.7222 0.8611
vt 0.7500 0.8611
vt 0.7778 0.8611
vt 0.8056 0.8611
vt 0.8333 0.8611
vt 0.8611 0.8611
vt 0.8889 0.8611
vt 0.9167 0.8611
vt 0.9444 0.8611
vt 0.9722 0.8611
vt 1.0000 0.8611
vt 0.0000 0.8889
vt 0.0278 0.8889
vt 0.0556 0.8889
vt 0.0833 0.8889
vt 0.1111 0.8889
vt 0.1389 0.8889
vt 0.1667 0.8889
vt 0.1944 0.8889
vt 0.2222 0.8889
vt 0.2500 0.8889
vt 0.2778 0.8889
vt 0.3056 0.8889
vt 0.3333 0.8889
vt 0.3611 0.8889
vt 0.3889 0.8889
vt 0.4167 0.8889
vt 0.4444 0.8889
vt 0.4722 0.8889
vt 0.5000 0.8889
vt 0.5278 0.8889
vt 0.5556 0.8889
vt 0.5833 0.8889
vt 0.6111 0.8889
vt 0.6389 0.8889
vt 0.6667 0.8889
vt 0.6944 0.8889
vt 0.7222 0.8889
vt 0.7500 0.8889
vt 0.7778 0.8889
vt 0.8056 0.8889
vt 0.8333 0.8889
vt 0.8611 0.8889
vt 0.8889 0.8889
vt 0.9167 0.8889
vt 0.9444 0.8889
vt 0.9722 0.8889
vt 1.0000 0.8889
vt 0.0000 0.9167
vt 0.0278 0.9167
vt 0.0556 0.9167
vt 0.0833 0.9167
vt 0.1111 0.9167
vt 0.1389 0.9167
vt 0.1667 0.9167
vt 0.1944 0.9167
vt 0.2222 0.9167
vt 0.2500 0.9167
vt 0.2778 0.9167
vt 0.3056 0.9167
vt 0.3333 0.9167
vt 0.3611 0.9167
vt 0.3889 0.9167
vt 0.4167 0.9167
vt 0.4444 0.9167
vt 0.4722 0.9167
vt 0.5000 0.9167
vt 0.5278 0.9167
vt 0.5556 0.9167
vt 0.5833 0.9167
vt 0.6111 0.9167
vt 0.6389 0.9167
vt 0.6667 0.9167
vt 0.6944 0.9167
vt 0.7222 0.9167
vt 0.7500 0.9167
vt 0.7778 0.9167
vt 0.8056 0.9167
vt 0.8333 0.9167
vt 0.8611 0.9167
vt 0.8889 0.9167
vt 0.9167 0.9167
vt 0.9444 0.9167
vt 0.9722 0.9167
vt 1.0000 0.9167
vt 0.0000 0.9444
vt 0.0278 0.9444
vt 0.0556 0.9444
vt 0.0833 0.9444
vt 0.1111 0.9444
vt 0.1389 0.9444
vt 0.1667 0.9444
vt 0.1944 0.9444
vt 0.2222 0.9444
vt 0.2500 0.9444
vt 0.2778 0.9444
vt 0.3056 0.9444
vt 0.3333 0.9444
vt 0.3611 0.9444
vt 0.3889 0.9444
vt 0.4167 0.9444
vt 0.4444 0.9444
vt 0.4722 0.9444
vt 0.5000 0.9444
vt 0.5278 0.9444
vt 0.5556 0.9444
vt 0.5833 0.9444
vt 0.6111 0.9444
vt 0.6389 0.9444
vt 0.6667 0.9444
vt 0.6944 0.9444
vt 0.7222 0.9444
vt 0.7500 0.9444
vt 0.7778 0.9444
vt 0.8056 0.9444
vt 0.8333 0.9444
vt 0.8611 0.9444
vt 0.8889 0.9444
vt 0.9167 0.9444
vt 0.9444 0.9444
vt 0.9722 0.9444
vt 1.0000 0.9444
vt 0.0000 0.9722
vt 0.0278 0.9722
vt 0.0556 0.9722
vt 0.0833 0.9722
vt 0.1111 0.9722
vt 0.1389 0.9722
vt 0.1667 0.9722
vt 0.1944 0.9722
vt 0.2222 0.9722
vt 0.2500 0.9722
vt 0.2778 0.9722
vt 0.3056 0.9722
vt 0.3333 0.9722
vt 0.3611 0.9722
vt 0.3889 0.9722
vt 0.4167 0.9722
vt 0.4444 0.9722
vt 0.4722 0.9722
vt 0.5000 0.9722
vt 0.5278 0.9722
vt 0.5556 0.9722
vt 0.5833 0.9722
vt 0.6111 0.9722
vt 0.6389 0.9722
vt 0.6667 0.9722
vt 0.6944 0.9722
vt 0.7222 0.9722
vt 0.7500 0.9722
vt 0.7778 0.9722
vt 0.8056 0.9722
vt 0.8333 0.9722
vt 0.8611 0.9722
vt 0.8889 0.9722
vt 0.9167 0.9722
vt 0.9444 0.9722
vt 0.9722 0.9722
vt 1.0000 0.9722
vt 0.0000 1.0000
vt 0.0278 1.0000
vt 0.0556 1.0000
vt 0.0833 1.0000
vt 0.1111 1.0000
vt 0.1389 1.0000
vt 0.1667 1.0000
vt 0.1944 1.0000
vt 0.2222 1.0000
vt 0.2500 1.0000
vt 0.2778 1.0000
vt 0.3056 1.0000
vt 0.3333 1.0000
vt 0.3611 1.0000
vt 0.3889 1.0000
vt 0.4167 1.0000
vt 0.4444 1.0000
vt 0.4722 1.0000
vt 0.5000 1.0000
vt 0.5278 1.0000
vt 0.5556 1.0000
vt 0.5833 1.0000
vt 0.6111 1.0000
vt 0.6389 1.0000
vt 0.6667 1.0000
vt 0.6944 1.0000
vt 0.7222 1.0000
vt 0.7500 1.0000
vt 0.7778 1.0000
vt 0.8056 1.0000
vt 0.8333 1.0000
vt 0.8611 1.0000
vt 0.8889 1.0000
vt 0.9167 1.0000
vt 0.9444 1.0000
vt 0.9722 1.0000
vt 1.0000 1.0000
vn 0.0000 1.0000 0.0000
vn 0.0000 1.0000 0.0000
vn 0.0000 1.0000 0.0000
vn 0.0000 1.0000 0.0000
vn 0.0000 1.0000 0.0000
vn 0.0000 1.0000 0.0000
vn 0.0000 1.0000 0.0000
vn 0.0000 1.0000 0.0000
vn 0.0000 1.0000 0.0000
vn 0.0000 1.0000 0.0000
vn -0.0000 1.0000 0.0000
vn -0.0000 1.0000 0.0000
vn -0.0000 1.0000 0.0000
vn -0.0000 1.0000 0.0000
vn -0.0000 1.0000 0.0000
vn -0.0000 1.0000 0.0000
vn -0.0000 1.0000 0.0000
vn -0.0000 1.0000 0.0000
vn -0.0000 1.0000 0.0000
vn -0.0000 1.0000 -0.0000
vn -0.0000 1.0000 -0.0000
vn -0.0000 1.0000 -0.0000
vn -0.0000 1.0000 -0.0000
vn -0.0000 1.0000 -0.0000
vn -0.0000 1.0000 -0.0000
vn -0.0000 1.0000 -0.0000
vn -0.0000 1.0000 -0.0000
vn -0.0000 1.0000 -0.0000
vn 0.0000 1.0000 -0.0000
vn 0.0000 1.0000 -0.0000
vn 0.0000 1.0000 -0.0000
vn 0.0000 1.0000 -0.0000
vn 0.0000 1.0000 -0.0000
vn 0.0000 1.0000 -0.0000
vn 0.0000 1.0000 -0.0000
vn 0.0000 1.0000 -0.0000
vn 0.0000 1.0000 -0.0000
vn 0.0514 0.9987 0.0000
vn 0.0508 0.9987 0.0090
vn 0.0485 0.9987 0.0177
vn 0.0447 0.9987 0.0258
vn 0.0395 0.9987 0.0331
vn 0.0330 0.9987 0.0393
vn 0.0256 0.9987 0.0444
vn 0.0175 0.9987 0.0481
vn 0.0089 0.9987 0.0505
vn 0.0000 0.9987 0.0514
vn -0.0090 0.9987 0.0508
vn -0.0177 0.9987 0.0485
vn -0.0258 0.9987 0.0447
vn -0.0331 0.9987 0.0395
vn -0.0393 0.9987 0.0330
vn -0.0444 0.9987 0.0256
vn -0.0481 0.9987 0.0175
vn -0.0505 0.9987 0.0089
vn -0.0514 0.9987 0.0000
vn -0.0508 0.9987 -0.0090
vn -0.0485 0.9987 -0.0177
vn -0.0447 0.9987 -0.0258
vn -0.0395 0.9987 -0.0331
vn -0.0330 0.9987 -0.0393
vn -0.0256 0.9987 -0.0444
vn -0.0175 0.9987 -0.0481
vn -0.0089 0.9987 -0.0505
vn -0.0000 0.9987 -0.0514
vn 0.0090 0.9987 -0.0508
vn 0.0177 0.9987 -0.0485
vn 0.0258 0.9987 -0.0447
vn 0.0331 0.9987 -0.0395
vn 0.0393 0.9987 -0.0330
vn 0.0444 0.9987 -0.0256
vn 0.0481 0.9987 -0.0175
vn 0.0505 0.9987 -0.0089
vn 0.0514 0.9987 -0.0000
vn 0.1134 0.9935 0.0000
vn 0.1123 0.9935 0.0198
vn 0.1075 0.9934 0.0391
vn 0.0990 0.9934 0.0571
vn 0.0871 0.9935 0.0731
vn 0.0727 0.9936 0.0866
vn 0.0563 0.9936 0.0975
vn 0.0385 0.9937 0.1057
vn 0.0196 0.9936 0.1111
vn 0.0000 0.9935 0.1134
vn -0.0198 0.9935 0.1123
vn -0.0391 0.9934 0.1075
vn -0.0571 0.9934 0.0990
vn -0.0731 0.9935 0.0871
vn -0.0866 0.9936 0.0727
vn -0.0975 0.9936 0.0563
vn -0.1057 0.9937 0.0385
vn -0.1111 0.9936 0.0196
vn -0.1134 0.9935 0.0000
vn -0.1123 0.9935 -0.0198
vn -0.1075 0.9934 -0.0391
vn -0.0990 0.9934 -0.0571
vn -0.0871 0.9935 -0.0731
vn -0.0727 0.9936 -0.0866
vn -0.0563 0.9936 -0.0975
vn -0.0385 0.9937 -0.1057
vn -0.0196 0.9936 -0.1111
vn -0.0000 0.9935 -0.1134
vn 0.0198 0.9935 -0.1123
vn 0.0391 0.9934 -0.1075
vn 0.0571 0.9934 -0.0990
vn 0.0731 0.9935 -0.0871
vn 0.0866 0.9936 -0.0727
vn 0.0975 0.9936 -0.0563
vn 0.1057 0.9937 -0.0385
vn 0.1111 0.9936 -0.0196
vn 0.1134 0.9935 -0.0000
vn 0.1855 0.9826 0.0000
vn 0.1841 0.9824 0.0325
vn 0.1764 0.9822 0.0642
vn 0.1624 0.9823 0.0937
vn 0.1427 0.9825 0.1197
vn 0.1187 0.9828 0.1415
vn 0.0917 0.9830 0.1589
vn 0.0627 0.9831 0.1721
vn 0.0319 0.9829 0.1812
vn 0.0000 0.9826 0.1855
vn -0.0325 0.9824 0.1841
vn -0.0642 0.9822 0.1764
vn -0.0937 0.9823 0.1624
vn -0.1197 0.9825 0.1427
vn -0.1415 0.9828 0.1187
vn -0.1589 0.9830 0.0917
vn -0.1721 0.9831 0.0627
vn -0.1812 0.9829 0.0319
vn -0.1855 0.9826 0.0000
vn -0.1841 0.9824 -0.0325
vn -0.1764 0.9822 -0.0642
vn -0.1624 0.9823 -0.0937
vn -0.1427 0.9825 -0.1197
vn -0.1187 0.9828 -0.1415
vn -0.0917 0.9830 -0.1589
vn -0.0627 0.9831 -0.1721
vn -0.0319 0.9829 -0.1812
vn -0.0000 0.9826 -0.1855
vn 0.0325 0.9824 -0.1841
vn 0.0642 0.9822 -0.1764
vn 0.0937 0.9823 -0.1624
vn 0.1197 0.9825 -0.1427
vn 0.1415 0.9828 -0.1187
vn 0.1589 0.9830 -0.0917
vn 0.1721 0.9831 -0.0627
vn 0.1812 0.9829 -0.0319
vn 0.1855 0.9826 -0.0000
vn 0.2663 0.9639 0.0000
vn 0.2650 0.9631 0.0467
vn 0.2542 0.9627 0.0925
vn 0.2338 0.9629 0.1350
vn 0.2051 0.9635 0.1721
vn 0.1703 0.9643 0.2029
vn 0.1313 0.9649 0.2275
vn 0.0897 0.9650 0.2464
vn 0.0458 0.9646 0.2596
vn 0.0000 0.9639 0.2663
vn -0.0467 0.9631 0.2650
vn -0.0925 0.9627 0.2542
vn -0.1350 0.9629 0.2338
vn -0.1721 0.9635 0.2051
vn -0.2029 0.9643 0.1703
vn -0.2275 0.9649 0.1313
vn -0.2464 0.9650 0.0897
vn -0.2596 0.9646 0.0458
vn -0.2663 0.9639 0.0000
vn -0.2650 0.9631 -0.0467
vn -0.2542 0.9627 -0.0925
vn -0.2338 0.9629 -0.1350
vn -0.2051 0.9635 -0.1721
vn -0.1703 0.9643 -0.2029
vn -0.1313 0.9649 -0.2275
vn -0.0897 0.9650 -0.2464
vn -0.0458 0.9646 -0.2596
vn -0.0000 0.9639 -0.2663
vn 0.0467 0.9631 -0.2650
vn 0.0925 0.9627 -0.2542
vn 0.1350 0.9629 -0.2338
vn 0.1721 0.9635 -0.2051
vn 0.2029 0.9643 -0.1703
vn 0.2275 0.9649 -0.1313
vn 0.2464 0.9650 -0.0897
vn 0.2596 0.9646 -0.0458
vn 0.2663 0.9639 -0.0000
vn 0.3538 0.9353 0.0000
vn 0.3526 0.9337 0.0622
vn 0.3385 0.9329 0.1232
vn 0.3113 0.9331 0.1797
vn 0.2728 0.9345 0.2289
vn 0.2260 0.9361 0.2693
vn 0.1741 0.9374 0.3015
vn 0.1188 0.9377 0.3264
vn 0.0607 0.9369 0.3443
vn 0.0000 0.9353 0.3538
vn -0.0622 0.9337 0.3526
vn -0.1232 0.9329 0.3385
vn -0.1797 0.9331 0.3113
vn -0.2289 0.9345 0.2728
vn -0.2693 0.9361 0.2260
vn -0.3015 0.9374 0.1741
vn -0.3264 0.9377 0.1188
vn -0.3443 0.9369 0.0607
vn -0.3538 0.9353 0.0000
vn -0.3526 0.9337 -0.0622
vn -0.3385 0.9329 -0.1232
vn -0.3113 0.9331 -0.1797
vn -0.2728 0.9345 -0.2289
vn -0.2260 0.9361 -0.2693
vn -0.1741 0.9374 -0.3015
vn -0.1188 0.9377 -0.3264
vn -0.0607 0.9369 -0.3443
vn -0.0000 0.9353 -0.3538
vn 0.0622 0.9337 -0.3526
vn 0.1232 0.9329 -0.3385
vn 0.1797 0.9331 -0.3113
vn 0.2289 0.9345 -0.2728
vn 0.2693 0.9361 -0.2260
vn 0.3015 0.9374 -0.1741
vn 0.3264 0.9377 -0.1188
vn 0.3443 0.9369 -0.0607
vn 0.3538 0.9353 -0.0000
vn 0.4449 0.8956 0.0000
vn 0.4437 0.8927 0.0782
vn 0.4262 0.8912 0.1551
vn 0.3919 0.8917 0.2263
vn 0.3431 0.8941 0.2879
vn 0.2840 0.8971 0.3385
vn 0.2186 0.8994 0.3785
vn 0.1491 0.8999 0.4097
vn 0.0763 0.8984 0.4324
vn 0.0000 0.8956 0.4449
vn -0.0782 0.8927 0.4437
vn -0.1551 0.8912 0.4262
vn -0.2263 0.8917 0.3919
vn -0.2879 0.8941 0.3431
vn -0.3385 0.8971 0.2840
vn -0.3785 0.8994 0.2186
vn -0.4097 0.8999 0.1491
vn -0.4324 0.8984 0.0763
vn -0.4449 0.8956 0.0000
vn -0.4437 0.8927 -0.0782
vn -0.4262 0.8912 -0.1551
vn -0.3919 0.8917 -0.2263
vn -0.3431 0.8941 -0.2879
vn -0.2840 0.8971 -0.3385
vn -0.2186 0.8994 -0.3785
vn -0.1491 0.8999 -0.4097
vn -0.0763 0.8984 -0.4324
vn -0.0000 0.8956 -0.4449
vn 0.0782 0.8927 -0.4437
vn 0.1551 0.8912 -0.4262
vn 0.2263 0.8917 -0.3919
vn 0.2879 0.8941 -0.3431
vn 0.3385 0.8971 -0.2840
vn 0.3785 0.8994 -0.2186
vn 0.4097 0.8999 -0.1491
vn 0.4324 0.8984 -0.0763
vn 0.4449 0.8956 -0.0000
vn 0.5356 0.8444 0.0000
vn 0.5344 0.8400 0.0942
vn 0.5134 0.8376 0.1868
vn 0.4720 0.8384 0.2725
vn 0.4132 0.8421 0.3467
vn 0.3419 0.8468 0.4074
vn 0.2630 0.8505 0.4556
vn 0.1795 0.8513 0.4931
vn 0.0918 0.8489 0.5205
vn 0.0000 0.8444 0.5356
vn -0.0942 0.8400 0.5344
vn -0.1868 0.8376 0.5134
vn -0.2725 0.8384 0.4720
vn -0.3467 0.8421 0.4132
vn -0.4074 0.8468 0.3419
vn -0.4556 0.8505 0.2630
vn -0.4931 0.8513 0.1795
vn -0.5205 0.8489 0.0918
vn -0.5356 0.8444 0.0000
vn -0.5344 0.8400 -0.0942
vn -0.5134 0.8376 -0.1868
vn -0.4720 0.8384 -0.2725
vn -0.4132 0.8421 -0.3467
vn -0.3419 0.8468 -0.4074
vn -0.2630 0.8505 -0.4556
vn -0.1795 0.8513 -0.4931
vn -0.0918 0.8489 -0.5205
vn -0.0000 0.8444 -0.5356
vn 0.0942 0.8400 -0.5344
vn 0.1868 0.8376 -0.5134
vn 0.2725 0.8384 -0.4720
vn 0.3467 0.8421 -0.4132
vn 0.4074 0.8468 -0.3419
vn 0.4556 0.8505 -0.2630
vn 0.4931 0.8513 -0.1795
vn 0.5205 0.8489 -0.0918
vn 0.5356 0.8444 -0.0000
vn 0.6222 0.7829 0.0000
vn 0.6204 0.7766 0.1094
vn 0.5958 0.7733 0.2169
vn 0.5479 0.7744 0.3163
vn 0.4798 0.7795 0.4026
vn 0.3972 0.7862 0.4734
vn 0.3057 0.7913 0.5295
vn 0.2086 0.7925 0.5731
vn 0.1067 0.7891 0.6049
vn 0.0000 0.7829 0.6222
vn -0.1094 0.7766 0.6204
vn -0.2169 0.7733 0.5958
vn -0.3163 0.7744 0.5479
vn -0.4026 0.7795 0.4798
vn -0.4734 0.7862 0.3972
vn -0.5295 0.7913 0.3057
vn -0.5731 0.7925 0.2086
vn -0.6049 0.7891 0.1067
vn -0.6222 0.7829 0.0000
vn -0.6204 0.7766 -0.1094
vn -0.5958 0.7733 -0.2169
vn -0.5479 0.7744 -0.3163
vn -0.4798 0.7795 -0.4026
vn -0.3972 0.7862 -0.4734
vn -0.3057 0.7913 -0.5295
vn -0.2086 0.7925 -0.5731
vn -0.1067 0.7891 -0.6049
vn -0.0000 0.7829 -0.6222
vn 0.1094 0.7766 -0.6204
vn 0.2169 0.7733 -0.5958
vn 0.3163 0.7744 -0.5479
vn 0.4026 0.7795 -0.4798
vn 0.4734 0.7862 -0.3972
vn 0.5295 0.7913 -0.3057
vn 0.5731 0.7925 -0.2086
vn 0.6049 0.7891 -0.1067
vn 0.6222 0.7829 -0.0000
vn 0.7012 0.7130 0.0000
vn 0.6984 0.7050 0.1231
vn 0.6703 0.7009 0.2440
vn 0.6165 0.7023 0.3559
vn 0.5404 0.7087 0.4535
vn 0.4479 0.7172 0.5338
vn 0.3450 0.7238 0.5976
vn 0.2355 0.7253 0.6470
vn 0.1203 0.7210 0.6824
vn 0.0000 0.7130 0.7012
vn -0.1231 0.7050 0.6984
vn -0.2440 0.7009 0.6703
vn -0.3559 0.7023 0.6165
vn -0.4535 0.7087 0.5404
vn -0.5338 0.7172 0.4479
vn -0.5976 0.7238 0.3450
vn -0.6470 0.7253 0.2355
vn -0.6824 0.7210 0.1203
vn -0.7012 0.7130 0.0000
vn -0.6984 0.7050 -0.1231
vn -0.6703 0.7009 -0.2440
vn -0.6165 0.7023 -0.3559
vn -0.5404 0.7087 -0.4535
vn -0.4479 0.7172 -0.5338
vn -0.3450 0.7238 -0.5976
vn -0.2355 0.7253 -0.6470
vn -0.1203 0.7210 -0.6824
vn -0.0000 0.7130 -0.7012
vn 0.1231 0.7050 -0.6984
vn 0.2440 0.7009 -0.6703
vn 0.3559 0.7023 -0.6165
vn 0.4535 0.7087 -0.5404
vn 0.5338 0.7172 -0.4479
vn 0.5976 0.7238 -0.3450
vn 0.6470 0.7253 -0.2355
vn 0.6824 0.7210 -0.1203
vn 0.7012 0.7130 -0.0000
vn 0.7704 0.6376 0.0000
vn 0.7661 0.6284 0.1351
vn 0.7346 0.6235 0.2674
vn 0.6759 0.6252 0.3902
vn 0.5932 0.6327 0.4978
vn 0.4925 0.6426 0.5869
vn 0.3798 0.6503 0.6579
vn 0.2593 0.6521 0.7124
vn 0.1324 0.6470 0.7509
vn 0.0000 0.6376 0.7704
vn -0.1351 0.6284 0.7661
vn -0.2674 0.6235 0.7346
vn -0.3902 0.6252 0.6759
vn -0.4978 0.6327 0.5932
vn -0.5869 0.6426 0.4925
vn -0.6579 0.6503 0.3798
vn -0.7124 0.6521 0.2593
vn -0.7509 0.6470 0.1324
vn -0.7704 0.6376 0.0000
vn -0.7661 0.6284 -0.1351
vn -0.7346 0.6235 -0.2674
vn -0.6759 0.6252 -0.3902
vn -0.5932 0.6327 -0.4978
vn -0.4925 0.6426 -0.5869
vn -0.3798 0.6503 -0.6579
vn -0.2593 0.6521 -0.7124
vn -0.1324 0.6470 -0.7509
vn -0.0000 0.6376 -0.7704
vn 0.1351 0.6284 -0.7661
vn 0.2674 0.6235 -0.7346
vn 0.3902 0.6252 -0.6759
vn 0.4978 0.6327 -0.5932
vn 0.5869 0.6426 -0.4925
vn 0.6579 0.6503 -0.3798
vn 0.7124 0.6521 -0.2593
vn 0.7509 0.6470 -0.1324
vn 0.7704 0.6376 -0.0000
vn 0.8286 0.5598 0.0000
vn 0.8226 0.5498 0.1450
vn 0.7881 0.5446 0.2869
vn 0.7253 0.5464 0.4188
vn 0.6375 0.5544 0.5349
vn 0.5303 0.5652 0.6320
vn 0.4095 0.5737 0.7094
vn 0.2797 0.5756 0.7684
vn 0.1427 0.5700 0.8091
vn 0.0000 0.5598 0.8286
vn -0.1450 0.5498 0.8226
vn -0.2869 0.5446 0.7881
vn -0.4188 0.5464 0.7253
vn -0.5349 0.5544 0.6375
vn -0.6320 0.5652 0.5303
vn -0.7094 0.5737 0.4095
vn -0.7684 0.5756 0.2797
vn -0.8091 0.5700 0.1427
vn -0.8286 0.5598 0.0000
vn -0.8226 0.5498 -0.1450
vn -0.7881 0.5446 -0.2869
vn -0.7253 0.5464 -0.4188
vn -0.6375 0.5544 -0.5349
vn -0.5303 0.5652 -0.6320
vn -0.4095 0.5737 -0.7094
vn -0.2797 0.5756 -0.7684
vn -0.1427 0.5700 -0.8091
vn -0.0000 0.5598 -0.8286
vn 0.1450 0.5498 -0.8226
vn 0.2869 0.5446 -0.7881
vn 0.4188 0.5464 -0.7253
vn 0.5349 0.5544 -0.6375
vn 0.6320 0.5652 -0.5303
vn 0.7094 0.5737 -0.4095
vn 0.7684 0.5756 -0.2797
vn 0.8091 0.5700 -0.1427
vn 0.8286 0.5598 -0.0000
vn 0.8762 0.4820 0.0000
vn 0.8683 0.4719 0.1531
vn 0.8311 0.4666 0.3025
vn 0.7651 0.4684 0.4418
vn 0.6735 0.4765 0.5651
vn 0.5612 0.4875 0.6688
vn 0.4341 0.4962 0.7519
vn 0.2966 0.4982 0.8148
vn 0.1511 0.4925 0.8571
vn 0.0000 0.4820 0.8762
vn -0.1531 0.4719 0.8683
vn -0.3025 0.4666 0.8311
vn -0.4418 0.4684 0.7651
vn -0.5651 0.4765 0.6735
vn -0.6688 0.4875 0.5612
vn -0.7519 0.4962 0.4341
vn -0.8148 0.4982 0.2966
vn -0.8571 0.4925 0.1511
vn -0.8762 0.4820 0.0000
vn -0.8683 0.4719 -0.1531
vn -0.8311 0.4666 -0.3025
vn -0.7651 0.4684 -0.4418
vn -0.6735 0.4765 -0.5651
vn -0.5612 0.4875 -0.6688
vn -0.4341 0.4962 -0.7519
vn -0.2966 0.4982 -0.8148
vn -0.1511 0.4925 -0.8571
vn -0.0000 0.4820 -0.8762
vn 0.1531 0.4719 -0.8683
vn 0.3025 0.4666 -0.8311
vn 0.4418 0.4684 -0.7651
vn 0.5651 0.4765 -0.6735
vn 0.6688 0.4875 -0.5612
vn 0.7519 0.4962 -0.4341
vn 0.8148 0.4982 -0.2966
vn 0.8571 0.4925 -0.1511
vn 0.8762 0.4820 -0.0000
vn 0.9138 0.4061 0.0000
vn 0.9041 0.3964 0.1594
vn 0.8647 0.3914 0.3147
vn 0.7963 0.3931 0.4597
vn 0.7018 0.4009 0.5889
vn 0.5859 0.4114 0.6982
vn 0.4538 0.4198 0.7860
vn 0.3101 0.4217 0.8520
vn 0.1579 0.4162 0.8955
vn 0.0000 0.4061 0.9138
vn -0.1594 0.3964 0.9041
vn -0.3147 0.3914 0.8647
vn -0.4597 0.3931 0.7963
vn -0.5889 0.4009 0.7018
vn -0.6982 0.4114 0.5859
vn -0.7860 0.4198 0.4538
vn -0.8520 0.4217 0.3101
vn -0.8955 0.4162 0.1579
vn -0.9138 0.4061 0.0000
vn -0.9041 0.3964 -0.1594
vn -0.8647 0.3914 -0.3147
vn -0.7963 0.3931 -0.4597
vn -0.7018 0.4009 -0.5889
vn -0.5859 0.4114 -0.6982
vn -0.4538 0.4198 -0.7860
vn -0.3101 0.4217 -0.8520
vn -0.1579 0.4162 -0.8955
vn -0.0000 0.4061 -0.9138
vn 0.1594 0.3964 -0.9041
vn 0.3147 0.3914 -0.8647
vn 0.4597 0.3931 -0.7963
vn 0.5889 0.4009 -0.7018
vn 0.6982 0.4114 -0.5859
vn 0.7860 0.4198 -0.4538
vn 0.8520 0.4217 -0.3101
vn 0.8955 0.4162 -0.1579
vn 0.9138 0.4061 -0.0000
vn 0.9429 0.3331 0.0000
vn 0.9315 0.3244 0.1643
vn 0.8903 0.3200 0.3240
vn 0.8201 0.3215 0.4735
vn 0.7235 0.3284 0.6071
vn 0.6050 0.3380 0.7210
vn 0.4692 0.3456 0.8127
vn 0.3207 0.3474 0.8812
vn 0.1632 0.3423 0.9253
vn 0.0000 0.3331 0.9429
vn -0.1643 0.3244 0.9315
vn -0.3240 0.3200 0.8903
vn -0.4735 0.3215 0.8201
vn -0.6071 0.3284 0.7235
vn -0.7210 0.3380 0.6050
vn -0.8127 0.3456 0.4692
vn -0.8812 0.3474 0.3207
vn -0.9253 0.3423 0.1632
vn -0.9429 0.3331 0.0000
vn -0.9315 0.3244 -0.1643
vn -0.8903 0.3200 -0.3240
vn -0.8201 0.3215 -0.4735
vn -0.7235 0.3284 -0.6071
vn -0.6050 0.3380 -0.7210
vn -0.4692 0.3456 -0.8127
vn -0.3207 0.3474 -0.8812
vn -0.1632 0.3423 -0.9253
vn -0.0000 0.3331 -0.9429
vn 0.1643 0.3244 -0.9315
vn 0.3240 0.3200 -0.8903
vn 0.4735 0.3215 -0.8201
vn 0.6071 0.3284 -0.7235
vn 0.7210 0.3380 -0.6050
vn 0.8127 0.3456 -0.4692
vn 0.8812 0.3474 -0.3207
vn 0.9253 0.3423 -0.1632
vn 0.9429 0.3331 -0.0000
vn 0.9646 0.2637 0.0000
vn 0.9519 0.2563 0.1678
vn 0.9092 0.2525 0.3309
vn 0.8377 0.2538 0.4836
vn 0.7398 0.2597 0.6207
vn 0.6193 0.2678 0.7381
vn 0.4808 0.2743 0.8328
vn 0.3287 0.2759 0.9032
vn 0.1671 0.2715 0.9478
vn 0.0000 0.2637 0.9646
vn -0.1678 0.2563 0.9519
vn -0.3309 0.2525 0.9092
vn -0.4836 0.2538 0.8377
vn -0.6207 0.2597 0.7398
vn -0.7381 0.2678 0.6193
vn -0.8328 0.2743 0.4808
vn -0.9032 0.2759 0.3287
vn -0.9478 0.2715 0.1671
vn -0.9646 0.2637 0.0000
vn -0.9519 0.2563 -0.1678
vn -0.9092 0.2525 -0.3309
vn -0.8377 0.2538 -0.4836
vn -0.7398 0.2597 -0.6207
vn -0.6193 0.2678 -0.7381
vn -0.4808 0.2743 -0.8328
vn -0.3287 0.2759 -0.9032
vn -0.1671 0.2715 -0.9478
vn -0.0000 0.2637 -0.9646
vn 0.1678 0.2563 -0.9519
vn 0.3309 0.2525 -0.9092
vn 0.4836 0.2538 -0.8377
vn 0.6207 0.2597 -0.7398
vn 0.7381 0.2678 -0.6193
vn 0.8328 0.2743 -0.4808
vn 0.9032 0.2759 -0.3287
vn 0.9478 0.2715 -0.1671
vn 0.9646 0.2637 -0.0000
vn 0.9803 0.1977 0.0000
vn 0.9665 0.1918 0.1704
vn 0.9228 0.1889 0.3359
vn 0.8503 0.1899 0.4909
vn 0.7514 0.1945 0.6305
vn 0.6297 0.2009 0.7504
vn 0.4893 0.2061 0.8474
vn 0.3346 0.2073 0.9193
vn 0.1700 0.2039 0.9641
vn 0.0000 0.1977 0.9803
vn -0.1704 0.1918 0.9665
vn -0.3359 0.1889 0.9228
vn -0.4909 0.1899 0.8503
vn -0.6305 0.1945 0.7514
vn -0.7504 0.2009 0.6297
vn -0.8474 0.2061 0.4893
vn -0.9193 0.2073 0.3346
vn -0.9641 0.2039 0.1700
vn -0.9803 0.1977 0.0000
vn -0.9665 0.1918 -0.1704
vn -0.9228 0.1889 -0.3359
vn -0.8503 0.1899 -0.4909
vn -0.7514 0.1945 -0.6305
vn -0.6297 0.2009 -0.7504
vn -0.4893 0.2061 -0.8474
vn -0.3346 0.2073 -0.9193
vn -0.1700 0.2039 -0.9641
vn -0.0000 0.1977 -0.9803
vn 0.1704 0.1918 -0.9665
vn 0.3359 0.1889 -0.9228
vn 0.4909 0.1899 -0.8503
vn 0.6305 0.1945 -0.7514
vn 0.7504 0.2009 -0.6297
vn 0.8474 0.2061 -0.4893
vn 0.9193 0.2073 -0.3346
vn 0.9641 0.2039 -0.1700
vn 0.9803 0.1977 -0.0000
vn 0.9909 0.1347 0.0000
vn 0.9764 0.1306 0.1722
vn 0.9319 0.1285 0.3392
vn 0.8588 0.1293 0.4958
vn 0.7593 0.1325 0.6371
vn 0.6367 0.1370 0.7588
vn 0.4950 0.1407 0.8574
vn 0.3386 0.1416 0.9302
vn 0.1720 0.1391 0.9752
vn 0.0000 0.1347 0.9909
vn -0.1722 0.1306 0.9764
vn -0.3392 0.1285 0.9319
vn -0.4958 0.1293 0.8588
vn -0.6371 0.1325 0.7593
vn -0.7588 0.1370 0.6367
vn -0.8574 0.1407 0.4950
vn -0.9302 0.1416 0.3386
vn -0.9752 0.1391 0.1720
vn -0.9909 0.1347 0.0000
vn -0.9764 0.1306 -0.1722
vn -0.9319 0.1285 -0.3392
vn -0.8588 0.1293 -0.4958
vn -0.7593 0.1325 -0.6371
vn -0.6367 0.1370 -0.7588
vn -0.4950 0.1407 -0.8574
vn -0.3386 0.1416 -0.9302
vn -0.1720 0.1391 -0.9752
vn -0.0000 0.1347 -0.9909
vn 0.1722 0.1306 -0.9764
vn 0.3392 0.1285 -0.9319
vn 0.4958 0.1293 -0.8588
vn 0.6371 0.1325 -0.7593
vn 0.7588 0.1370 -0.6367
vn 0.8574 0.1407 -0.4950
vn 0.9302 0.1416 -0.3386
vn 0.9752 0.1391 -0.1720
vn 0.9909 0.1347 -0.0000
vn 0.9972 0.0744 0.0000
vn 0.9822 0.0721 0.1732
vn 0.9373 0.0709 0.3412
vn 0.8638 0.0713 0.4987
vn 0.7640 0.0731 0.6411
vn 0.6409 0.0757 0.7638
vn 0.4985 0.0777 0.8634
vn 0.3410 0.0782 0.9368
vn 0.1731 0.0768 0.9819
vn 0.0000 0.0744 0.9972
vn -0.1732 0.0721 0.9822
vn -0.3412 0.0709 0.9373
vn -0.4987 0.0713 0.8638
vn -0.6411 0.0731 0.7640
vn -0.7638 0.0757 0.6409
vn -0.8634 0.0777 0.4985
vn -0.9368 0.0782 0.3410
vn -0.9819 0.0768 0.1731
vn -0.9972 0.0744 0.0000
vn -0.9822 0.0721 -0.1732
vn -0.9373 0.0709 -0.3412
vn -0.8638 0.0713 -0.4987
vn -0.7640 0.0731 -0.6411
vn -0.6409 0.0757 -0.7638
vn -0.4985 0.0777 -0.8634
vn -0.3410 0.0782 -0.9368
vn -0.1731 0.0768 -0.9819
vn -0.0000 0.0744 -0.9972
vn 0.1732 0.0721 -0.9822
vn 0.3412 0.0709 -0.9373
vn 0.4987 0.0713 -0.8638
vn 0.6411 0.0731 -0.7640
vn 0.7638 0.0757 -0.6409
vn 0.8634 0.0777 -0.4985
vn 0.9368 0.0782 -0.3410
vn 0.9819 0.0768 -0.1731
vn 0.9972 0.0744 -0.0000
vn 0.9999 0.0159 0.0000
vn 0.9847 0.0154 0.1736
vn 0.9396 0.0152 0.3420
vn 0.8659 0.0152 0.4999
vn 0.7660 0.0156 0.6427
vn 0.6427 0.0162 0.7659
vn 0.4999 0.0166 0.8659
vn 0.3420 0.0167 0.9396
vn 0.1736 0.0164 0.9847
vn 0.0000 0.0159 0.9999
vn -0.1736 0.0154 0.9847
vn -0.3420 0.0152 0.9396
vn -0.4999 0.0152 0.8659
vn -0.6427 0.0156 0.7660
vn -0.7659 0.0162 0.6427
vn -0.8659 0.0166 0.4999
vn -0.9396 0.0167 0.3420
vn -0.9847 0.0164 0.1736
vn -0.9999 0.0159 0.0000
vn -0.9847 0.0154 -0.1736
vn -0.9396 0.0152 -0.3420
vn -0.8659 0.0152 -0.4999
vn -0.7660 0.0156 -0.6427
vn -0.6427 0.0162 -0.7659
vn -0.4999 0.0166 -0.8659
vn -0.3420 0.0167 -0.9396
vn -0.1736 0.0164 -0.9847
vn -0.0000 0.0159 -0.9999
vn 0.1736 0.0154 -0.9847
vn 0.3420 0.0152 -0.9396
vn 0.4999 0.0152 -0.8659
vn 0.6427 0.0156 -0.7660
vn 0.7659 0.0162 -0.6427
vn 0.8659 0.0166 -0.4999
vn 0.9396 0.0167 -0.3420
vn 0.9847 0.0164 -0.1736
vn 0.9999 0.0159 -0.0000
vn 0.9991 -0.0414 0.0000
vn 0.9840 -0.0401 0.1735
vn 0.9390 -0.0395 0.3418
vn 0.8653 -0.0397 0.4996
vn 0.7654 -0.0407 0.6423
vn 0.6422 -0.0421 0.7654
vn 0.4995 -0.0433 0.8652
vn 0.3417 -0.0435 0.9388
vn 0.1735 -0.0428 0.9839
vn 0.0000 -0.0414 0.9991
vn -0.1735 -0.0401 0.9840
vn -0.3418 -0.0395 0.9390
vn -0.4996 -0.0397 0.8653
vn -0.6423 -0.0407 0.7654
vn -0.7654 -0.0421 0.6422
vn -0.8652 -0.0433 0.4995
vn -0.9388 -0.0435 0.3417
vn -0.9839 -0.0428 0.1735
vn -0.9991 -0.0414 0.0000
vn -0.9840 -0.0401 -0.1735
vn -0.9390 -0.0395 -0.3418
vn -0.8653 -0.0397 -0.4996
vn -0.7654 -0.0407 -0.6423
vn -0.6422 -0.0421 -0.7654
vn -0.4995 -0.0433 -0.8652
vn -0.3417 -0.0435 -0.9388
vn -0.1735 -0.0428 -0.9839
vn -0.0000 -0.0414 -0.9991
vn 0.1735 -0.0401 -0.9840
vn 0.3418 -0.0395 -0.9390
vn 0.4996 -0.0397 -0.8653
vn 0.6423 -0.0407 -0.7654
vn 0.7654 -0.0421 -0.6422
vn 0.8652 -0.0433 -0.4995
vn 0.9388 -0.0435 -0.3417
vn 0.9839 -0.0428 -0.1735
vn 0.9991 -0.0414 -0.0000
vn 0.9952 -0.0983 0.0000
vn 0.9803 -0.0954 0.1729
vn 0.9355 -0.0939 0.3405
vn 0.8622 -0.0944 0.4978
vn 0.7625 -0.0967 0.6398
vn 0.6396 -0.0999 0.7622
vn 0.4974 -0.1025 0.8615
vn 0.3402 -0.1031 0.9347
vn 0.1728 -0.1014 0.9797
vn 0.0000 -0.0983 0.9952
vn -0.1729 -0.0954 0.9803
vn -0.3405 -0.0939 0.9355
vn -0.4978 -0.0944 0.8622
vn -0.6398 -0.0967 0.7625
vn -0.7622 -0.0999 0.6396
vn -0.8615 -0.1025 0.4974
vn -0.9347 -0.1031 0.3402
vn -0.9797 -0.1014 0.1728
vn -0.9952 -0.0983 0.0000
vn -0.9803 -0.0954 -0.1729
vn -0.9355 -0.0939 -0.3405
vn -0.8622 -0.0944 -0.4978
vn -0.7625 -0.0967 -0.6398
vn -0.6396 -0.0999 -0.7622
vn -0.4974 -0.1025 -0.8615
vn -0.3402 -0.1031 -0.9347
vn -0.1728 -0.1014 -0.9797
vn -0.0000 -0.0983 -0.9952
vn 0.1729 -0.0954 -0.9803
vn 0.3405 -0.0939 -0.9355
vn 0.4978 -0.0944 -0.8622
vn 0.6398 -0.0967 -0.7625
vn 0.7622 -0.0999 -0.6396
vn 0.8615 -0.1025 -0.4974
vn 0.9347 -0.1031 -0.3402
vn 0.9797 -0.1014 -0.1728
vn 0.9952 -0.0983 -0.0000
vn 0.9878 -0.1555 0.0000
vn 0.9735 -0.1511 0.1717
vn 0.9292 -0.1488 0.3382
vn 0.8563 -0.1496 0.4944
vn 0.7570 -0.1531 0.6352
vn 0.6347 -0.1580 0.7564
vn 0.4934 -0.1619 0.8546
vn 0.3375 -0.1629 0.9271
vn 0.1714 -0.1602 0.9721
vn 0.0000 -0.1555 0.9878
vn -0.1717 -0.1511 0.9735
vn -0.3382 -0.1488 0.9292
vn -0.4944 -0.1496 0.8563
vn -0.6352 -0.1531 0.7570
vn -0.7564 -0.1580 0.6347
vn -0.8546 -0.1619 0.4934
vn -0.9271 -0.1629 0.3375
vn -0.9721 -0.1602 0.1714
vn -0.9878 -0.1555 0.0000
vn -0.9735 -0.1511 -0.1717
vn -0.9292 -0.1488 -0.3382
vn -0.8563 -0.1496 -0.4944
vn -0.7570 -0.1531 -0.6352
vn -0.6347 -0.1580 -0.7564
vn -0.4934 -0.1619 -0.8546
vn -0.3375 -0.1629 -0.9271
vn -0.1714 -0.1602 -0.9721
vn -0.0000 -0.1555 -0.9878
vn 0.1717 -0.1511 -0.9735
vn 0.3382 -0.1488 -0.9292
vn 0.4944 -0.1496 -0.8563
vn 0.6352 -0.1531 -0.7570
vn 0.7564 -0.1580 -0.6347
vn 0.8546 -0.1619 -0.4934
vn 0.9271 -0.1629 -0.3375
vn 0.9721 -0.1602 -0.1714
vn 0.9878 -0.1555 -0.0000
vn 0.9769 -0.2138 0.0000
vn 0.9633 -0.2080 0.1698
vn 0.9197 -0.2051 0.3348
vn 0.8474 -0.2061 0.4893
vn 0.7489 -0.2107 0.6284
vn 0.6275 -0.2170 0.7478
vn 0.4875 -0.2221 0.8444
vn 0.3334 -0.2233 0.9160
vn 0.1694 -0.2199 0.9607
vn 0.0000 -0.2138 0.9769
vn -0.1698 -0.2080 0.9633
vn -0.3348 -0.2051 0.9197
vn -0.4893 -0.2061 0.8474
vn -0.6284 -0.2107 0.7489
vn -0.7478 -0.2170 0.6275
vn -0.8444 -0.2221 0.4875
vn -0.9160 -0.2233 0.3334
vn -0.9607 -0.2199 0.1694
vn -0.9769 -0.2138 0.0000
vn -0.9633 -0.2080 -0.1698
vn -0.9197 -0.2051 -0.3348
vn -0.8474 -0.2061 -0.4893
vn -0.7489 -0.2107 -0.6284
vn -0.6275 -0.2170 -0.7478
vn -0.4875 -0.2221 -0.8444
vn -0.3334 -0.2233 -0.9160
vn -0.1694 -0.2199 -0.9607
vn -0.0000 -0.2138 -0.9769
vn 0.1698 -0.2080 -0.9633
vn 0.3348 -0.2051 -0.9197
vn 0.4893 -0.2061 -0.8474
vn 0.6284 -0.2107 -0.7489
vn 0.7478 -0.2170 -0.6275
vn 0.8444 -0.2221 -0.4875
vn 0.9160 -0.2233 -0.3334
vn 0.9607 -0.2199 -0.1694
vn 0.9769 -0.2138 -0.0000
vn 0.9618 -0.2739 0.0000
vn 0.9490 -0.2670 0.1673
vn 0.9065 -0.2635 0.3299
vn 0.8351 -0.2647 0.4822
vn 0.7376 -0.2702 0.6189
vn 0.6175 -0.2777 0.7359
vn 0.4795 -0.2837 0.8304
vn 0.3278 -0.2851 0.9007
vn 0.1666 -0.2811 0.9451
vn 0.0000 -0.2739 0.9618
vn -0.1673 -0.2670 0.9490
vn -0.3299 -0.2635 0.9065
vn -0.4822 -0.2647 0.8351
vn -0.6189 -0.2702 0.7376
vn -0.7359 -0.2777 0.6175
vn -0.8304 -0.2837 0.4795
vn -0.9007 -0.2851 0.3278
vn -0.9451 -0.2811 0.1666
vn -0.9618 -0.2739 0.0000
vn -0.9490 -0.2670 -0.1673
vn -0.9065 -0.2635 -0.3299
vn -0.8351 -0.2647 -0.4822
vn -0.7376 -0.2702 -0.6189
vn -0.6175 -0.2777 -0.7359
vn -0.4795 -0.2837 -0.8304
vn -0.3278 -0.2851 -0.9007
vn -0.1666 -0.2811 -0.9451
vn -0.0000 -0.2739 -0.9618
vn 0.1673 -0.2670 -0.9490
vn 0.3299 -0.2635 -0.9065
vn 0.4822 -0.2647 -0.8351
vn 0.6189 -0.2702 -0.7376
vn 0.7359 -0.2777 -0.6175
vn 0.8304 -0.2837 -0.4795
vn 0.9007 -0.2851 -0.3278
vn 0.9451 -0.2811 -0.1666
vn 0.9618 -0.2739 -0.0000
vn 0.9417 -0.3365 0.0000
vn 0.9301 -0.3288 0.1640
vn 0.8887 -0.3248 0.3235
vn 0.8187 -0.3262 0.4726
vn 0.7225 -0.3324 0.6062
vn 0.6043 -0.3407 0.7202
vn 0.4689 -0.3474 0.8121
vn 0.3205 -0.3489 0.8806
vn 0.1630 -0.3445 0.9245
vn 0.0000 -0.3365 0.9417
vn -0.1640 -0.3288 0.9301
vn -0.3235 -0.3248 0.8887
vn -0.4726 -0.3262 0.8187
vn -0.6062 -0.3324 0.7225
vn -0.7202 -0.3407 0.6043
vn -0.8121 -0.3474 0.4689
vn -0.8806 -0.3489 0.3205
vn -0.9245 -0.3445 0.1630
vn -0.9417 -0.3365 0.0000
vn -0.9301 -0.3288 -0.1640
vn -0.8887 -0.3248 -0.3235
vn -0.8187 -0.3262 -0.4726
vn -0.7225 -0.3324 -0.6062
vn -0.6043 -0.3407 -0.7202
vn -0.4689 -0.3474 -0.8121
vn -0.3205 -0.3489 -0.8806
vn -0.1630 -0.3445 -0.9245
vn -0.0000 -0.3365 -0.9417
vn 0.1640 -0.3288 -0.9301
vn 0.3235 -0.3248 -0.8887
vn 0.4726 -0.3262 -0.8187
vn 0.6062 -0.3324 -0.7225
vn 0.7202 -0.3407 -0.6043
vn 0.8121 -0.3474 -0.4689
vn 0.8806 -0.3489 -0.3205
vn 0.9245 -0.3445 -0.1630
vn 0.9417 -0.3365 -0.0000
vn 0.9156 -0.4021 0.0000
vn 0.9052 -0.3940 0.1596
vn 0.8654 -0.3897 0.3150
vn 0.7970 -0.3912 0.4602
vn 0.7028 -0.3977 0.5898
vn 0.5873 -0.4066 0.6999
vn 0.4552 -0.4136 0.7885
vn 0.3111 -0.4152 0.8549
vn 0.1583 -0.4106 0.8980
vn 0.0000 -0.4021 0.9156
vn -0.1596 -0.3940 0.9052
vn -0.3150 -0.3897 0.8654
vn -0.4602 -0.3912 0.7970
vn -0.5898 -0.3977 0.7028
vn -0.6999 -0.4066 0.5873
vn -0.7885 -0.4136 0.4552
vn -0.8549 -0.4152 0.3111
vn -0.8980 -0.4106 0.1583
vn -0.9156 -0.4021 0.0000
vn -0.9052 -0.3940 -0.1596
vn -0.8654 -0.3897 -0.3150
vn -0.7970 -0.3912 -0.4602
vn -0.7028 -0.3977 -0.5898
vn -0.5873 -0.4066 -0.6999
vn -0.4552 -0.4136 -0.7885
vn -0.3111 -0.4152 -0.8549
vn -0.1583 -0.4106 -0.8980
vn -0.0000 -0.4021 -0.9156
vn 0.1596 -0.3940 -0.9052
vn 0.3150 -0.3897 -0.8654
vn 0.4602 -0.3912 -0.7970
vn 0.5898 -0.3977 -0.7028
vn 0.6999 -0.4066 -0.5873
vn 0.7885 -0.4136 -0.4552
vn 0.8549 -0.4152 -0.3111
vn 0.8980 -0.4106 -0.1583
vn 0.9156 -0.4021 -0.0000
vn 0.8821 -0.4712 0.0000
vn 0.8729 -0.4629 0.1539
vn 0.8350 -0.4587 0.3039
vn 0.7689 -0.4602 0.4439
vn 0.6775 -0.4668 0.5685
vn 0.5654 -0.4756 0.6739
vn 0.4379 -0.4826 0.7585
vn 0.2992 -0.4842 0.8222
vn 0.1524 -0.4796 0.8641
vn 0.0000 -0.4712 0.8821
vn -0.1539 -0.4629 0.8729
vn -0.3039 -0.4587 0.8350
vn -0.4439 -0.4602 0.7689
vn -0.5685 -0.4668 0.6775
vn -0.6739 -0.4756 0.5654
vn -0.7585 -0.4826 0.4379
vn -0.8222 -0.4842 0.2992
vn -0.8641 -0.4796 0.1524
vn -0.8821 -0.4712 0.0000
vn -0.8729 -0.4629 -0.1539
vn -0.8350 -0.4587 -0.3039
vn -0.7689 -0.4602 -0.4439
vn -0.6775 -0.4668 -0.5685
vn -0.5654 -0.4756 -0.6739
vn -0.4379 -0.4826 -0.7585
vn -0.2992 -0.4842 -0.8222
vn -0.1524 -0.4796 -0.8641
vn -0.0000 -0.4712 -0.8821
vn 0.1539 -0.4629 -0.8729
vn 0.3039 -0.4587 -0.8350
vn 0.4439 -0.4602 -0.7689
vn 0.5685 -0.4668 -0.6775
vn 0.6739 -0.4756 -0.5654
vn 0.7585 -0.4826 -0.4379
vn 0.8222 -0.4842 -0.2992
vn 0.8641 -0.4796 -0.1524
vn 0.8821 -0.4712 -0.0000
vn 0.8393 -0.5437 0.0000
vn 0.8315 -0.5358 0.1466
vn 0.7958 -0.5318 0.2897
vn 0.7327 -0.5332 0.4230
vn 0.6450 -0.5395 0.5412
vn 0.5377 -0.5479 0.6408
vn 0.4161 -0.5545 0.7207
vn 0.2843 -0.5560 0.7811
vn 0.1448 -0.5517 0.8214
vn 0.0000 -0.5437 0.8393
vn -0.1466 -0.5358 0.8315
vn -0.2897 -0.5318 0.7958
vn -0.4230 -0.5332 0.7327
vn -0.5412 -0.5395 0.6450
vn -0.6408 -0.5479 0.5377
vn -0.7207 -0.5545 0.4161
vn -0.7811 -0.5560 0.2843
vn -0.8214 -0.5517 0.1448
vn -0.8393 -0.5437 0.0000
vn -0.8315 -0.5358 -0.1466
vn -0.7958 -0.5318 -0.2897
vn -0.7327 -0.5332 -0.4230
vn -0.6450 -0.5395 -0.5412
vn -0.5377 -0.5479 -0.6408
vn -0.4161 -0.5545 -0.7207
vn -0.2843 -0.5560 -0.7811
vn -0.1448 -0.5517 -0.8214
vn -0.0000 -0.5437 -0.8393
vn 0.1466 -0.5358 -0.8315
vn 0.2897 -0.5318 -0.7958
vn 0.4230 -0.5332 -0.7327
vn 0.5412 -0.5395 -0.6450
vn 0.6408 -0.5479 -0.5377
vn 0.7207 -0.5545 -0.4161
vn 0.7811 -0.5560 -0.2843
vn 0.8214 -0.5517 -0.1448
vn 0.8393 -0.5437 -0.0000
vn 0.7994 -0.6008 0.0000
vn 0.7924 -0.5938 0.1397
vn 0.7586 -0.5901 0.2761
vn 0.6983 -0.5914 0.4032
vn 0.6145 -0.5971 0.5156
vn 0.5120 -0.6046 0.6102
vn 0.3960 -0.6105 0.6859
vn 0.2705 -0.6118 0.7433
vn 0.1379 -0.6080 0.7819
vn 0.0000 -0.6008 0.7994
vn -0.1397 -0.5938 0.7924
vn -0.2761 -0.5901 0.7586
vn -0.4032 -0.5914 0.6983
vn -0.5156 -0.5971 0.6145
vn -0.6102 -0.6046 0.5120
vn -0.6859 -0.6105 0.3960
vn -0.7433 -0.6118 0.2705
vn -0.7819 -0.6080 0.1379
vn -0.7994 -0.6008 0.0000
vn -0.7924 -0.5938 -0.1397
vn -0.7586 -0.5901 -0.2761
vn -0.6983 -0.5914 -0.4032
vn -0.6145 -0.5971 -0.5156
vn -0.5120 -0.6046 -0.6102
vn -0.3960 -0.6105 -0.6859
vn -0.2705 -0.6118 -0.7433
vn -0.1379 -0.6080 -0.7819
vn -0.0000 -0.6008 -0.7994
vn 0.1397 -0.5938 -0.7924
vn 0.2761 -0.5901 -0.7586
vn 0.4032 -0.5914 -0.6983
vn 0.5156 -0.5971 -0.6145
vn 0.6102 -0.6046 -0.5120
vn 0.6859 -0.6105 -0.3960
vn 0.7433 -0.6118 -0.2705
vn 0.7819 -0.6080 -0.1379
vn 0.7994 -0.6008 -0.0000
vn 0.7509 -0.6605 0.0000
vn 0.7446 -0.6545 0.1313
vn 0.7130 -0.6514 0.2595
vn 0.6563 -0.6524 0.3789
vn 0.5773 -0.6573 0.4844
vn 0.4808 -0.6636 0.5730
vn 0.3718 -0.6686 0.6440
vn 0.2540 -0.6697 0.6978
vn 0.1295 -0.6665 0.7342
vn 0.0000 -0.6605 0.7509
vn -0.1313 -0.6545 0.7446
vn -0.2595 -0.6514 0.7130
vn -0.3789 -0.6524 0.6563
vn -0.4844 -0.6573 0.5773
vn -0.5730 -0.6636 0.4808
vn -0.6440 -0.6686 0.3718
vn -0.6978 -0.6697 0.2540
vn -0.7342 -0.6665 0.1295
vn -0.7509 -0.6605 0.0000
vn -0.7446 -0.6545 -0.1313
vn -0.7130 -0.6514 -0.2595
vn -0.6563 -0.6524 -0.3789
vn -0.5773 -0.6573 -0.4844
vn -0.4808 -0.6636 -0.5730
vn -0.3718 -0.6686 -0.6440
vn -0.2540 -0.6697 -0.6978
vn -0.1295 -0.6665 -0.7342
vn -0.0000 -0.6605 -0.7509
vn 0.1313 -0.6545 -0.7446
vn 0.2595 -0.6514 -0.7130
vn 0.3789 -0.6524 -0.6563
vn 0.4844 -0.6573 -0.5773
vn 0.5730 -0.6636 -0.4808
vn 0.6440 -0.6686 -0.3718
vn 0.6978 -0.6697 -0.2540
vn 0.7342 -0.6665 -0.1295
vn 0.7509 -0.6605 -0.0000
vn 0.6860 -0.7276 0.0000
vn 0.6804 -0.7230 0.1200
vn 0.6516 -0.7205 0.2372
vn 0.5998 -0.7214 0.3463
vn 0.5275 -0.7252 0.4426
vn 0.4392 -0.7301 0.5235
vn 0.3396 -0.7339 0.5882
vn 0.2320 -0.7348 0.6374
vn 0.1183 -0.7323 0.6706
vn 0.0000 -0.7276 0.6860
vn -0.1200 -0.7230 0.6804
vn -0.2372 -0.7205 0.6516
vn -0.3463 -0.7214 0.5998
vn -0.4426 -0.7252 0.5275
vn -0.5235 -0.7301 0.4392
vn -0.5882 -0.7339 0.3396
vn -0.6374 -0.7348 0.2320
vn -0.6706 -0.7323 0.1183
vn -0.6860 -0.7276 0.0000
vn -0.6804 -0.7230 -0.1200
vn -0.6516 -0.7205 -0.2372
vn -0.5998 -0.7214 -0.3463
vn -0.5275 -0.7252 -0.4426
vn -0.4392 -0.7301 -0.5235
vn -0.3396 -0.7339 -0.5882
vn -0.2320 -0.7348 -0.6374
vn -0.1183 -0.7323 -0.6706
vn -0.0000 -0.7276 -0.6860
vn 0.1200 -0.7230 -0.6804
vn 0.2372 -0.7205 -0.6516
vn 0.3463 -0.7214 -0.5998
vn 0.4426 -0.7252 -0.5275
vn 0.5235 -0.7301 -0.4392
vn 0.5882 -0.7339 -0.3396
vn 0.6374 -0.7348 -0.2320
vn 0.6706 -0.7323 -0.1183
vn 0.6860 -0.7276 -0.0000
vn 0.5996 -0.8003 0.0000
vn 0.5946 -0.7971 0.1048
vn 0.5695 -0.7955 0.2073
vn 0.5241 -0.7960 0.3026
vn 0.4610 -0.7986 0.3868
vn 0.3840 -0.8020 0.4576
vn 0.2969 -0.8046 0.5143
vn 0.2028 -0.8052 0.5573
vn 0.1034 -0.8035 0.5863
vn 0.0000 -0.8003 0.5996
vn -0.1048 -0.7971 0.5946
vn -0.2073 -0.7955 0.5695
vn -0.3026 -0.7960 0.5241
vn -0.3868 -0.7986 0.4610
vn -0.4576 -0.8020 0.3840
vn -0.5143 -0.8046 0.2969
vn -0.5573 -0.8052 0.2028
vn -0.5863 -0.8035 0.1034
vn -0.5996 -0.8003 0.0000
vn -0.5946 -0.7971 -0.1048
vn -0.5695 -0.7955 -0.2073
vn -0.5241 -0.7960 -0.3026
vn -0.4610 -0.7986 -0.3868
vn -0.3840 -0.8020 -0.4576
vn -0.2969 -0.8046 -0.5143
vn -0.2028 -0.8052 -0.5573
vn -0.1034 -0.8035 -0.5863
vn -0.0000 -0.8003 -0.5996
vn 0.1048 -0.7971 -0.5946
vn 0.2073 -0.7955 -0.5695
vn 0.3026 -0.7960 -0.5241
vn 0.3868 -0.7986 -0.4610
vn 0.4576 -0.8020 -0.3840
vn 0.5143 -0.8046 -0.2969
vn 0.5573 -0.8052 -0.2028
vn 0.5863 -0.8035 -0.1034
vn 0.5996 -0.8003 -0.0000
vn 0.4868 -0.8735 0.0000
vn 0.4825 -0.8718 0.0851
vn 0.4619 -0.8709 0.1681
vn 0.4252 -0.8712 0.2455
vn 0.3742 -0.8726 0.3140
vn 0.3119 -0.8744 0.3717
vn 0.2413 -0.8758 0.4180
vn 0.1649 -0.8761 0.4530
vn 0.0840 -0.8752 0.4764
vn 0.0000 -0.8735 0.4868
vn -0.0851 -0.8718 0.4825
vn -0.1681 -0.8709 0.4619
vn -0.2455 -0.8712 0.4252
vn -0.3140 -0.8726 0.3742
vn -0.3717 -0.8744 0.3119
vn -0.4180 -0.8758 0.2413
vn -0.4530 -0.8761 0.1649
vn -0.4764 -0.8752 0.0840
vn -0.4868 -0.8735 0.0000
vn -0.4825 -0.8718 -0.0851
vn -0.4619 -0.8709 -0.1681
vn -0.4252 -0.8712 -0.2455
vn -0.3742 -0.8726 -0.3140
vn -0.3119 -0.8744 -0.3717
vn -0.2413 -0.8758 -0.4180
vn -0.1649 -0.8761 -0.4530
vn -0.0840 -0.8752 -0.4764
vn -0.0000 -0.8735 -0.4868
vn 0.0851 -0.8718 -0.4825
vn 0.1681 -0.8709 -0.4619
vn 0.2455 -0.8712 -0.4252
vn 0.3140 -0.8726 -0.3742
vn 0.3717 -0.8744 -0.3119
vn 0.4180 -0.8758 -0.2413
vn 0.4530 -0.8761 -0.1649
vn 0.4764 -0.8752 -0.0840
vn 0.4868 -0.8735 -0.0000
vn 0.3454 -0.9385 0.0000
vn 0.3418 -0.9378 0.0603
vn 0.3270 -0.9375 0.1190
vn 0.3011 -0.9376 0.1738
vn 0.2653 -0.9381 0.2226
vn 0.2214 -0.9388 0.2639
vn 0.1716 -0.9393 0.2971
vn 0.1172 -0.9394 0.3221
vn 0.0597 -0.9391 0.3385
vn 0.0000 -0.9385 0.3454
vn -0.0603 -0.9378 0.3418
vn -0.1190 -0.9375 0.3270
vn -0.1738 -0.9376 0.3011
vn -0.2226 -0.9381 0.2653
vn -0.2639 -0.9388 0.2214
vn -0.2971 -0.9393 0.1716
vn -0.3221 -0.9394 0.1172
vn -0.3385 -0.9391 0.0597
vn -0.3454 -0.9385 0.0000
vn -0.3418 -0.9378 -0.0603
vn -0.3270 -0.9375 -0.1190
vn -0.3011 -0.9376 -0.1738
vn -0.2653 -0.9381 -0.2226
vn -0.2214 -0.9388 -0.2639
vn -0.1716 -0.9393 -0.2971
vn -0.1172 -0.9394 -0.3221
vn -0.0597 -0.9391 -0.3385
vn -0.0000 -0.9385 -0.3454
vn 0.0603 -0.9378 -0.3418
vn 0.1190 -0.9375 -0.3270
vn 0.1738 -0.9376 -0.3011
vn 0.2226 -0.9381 -0.2653
vn 0.2639 -0.9388 -0.2214
vn 0.2971 -0.9393 -0.1716
vn 0.3221 -0.9394 -0.1172
vn 0.3385 -0.9391 -0.0597
vn 0.3454 -0.9385 -0.0000
vn 0.1791 -0.9838 0.0000
vn 0.1769 -0.9837 0.0312
vn 0.1690 -0.9837 0.0615
vn 0.1557 -0.9837 0.0899
vn 0.1374 -0.9838 0.1153
vn 0.1150 -0.9839 0.1370
vn 0.0892 -0.9839 0.1546
vn 0.0610 -0.9840 0.1676
vn 0.0310 -0.9839 0.1759
vn 0.0000 -0.9838 0.1791
vn -0.0312 -0.9837 0.1769
vn -0.0615 -0.9837 0.1690
vn -0.0899 -0.9837 0.1557
vn -0.1153 -0.9838 0.1374
vn -0.1370 -0.9839 0.1150
vn -0.1546 -0.9839 0.0892
vn -0.1676 -0.9840 0.0610
vn -0.1759 -0.9839 0.0310
vn -0.1791 -0.9838 0.0000
vn -0.1769 -0.9837 -0.0312
vn -0.1690 -0.9837 -0.0615
vn -0.1557 -0.9837 -0.0899
vn -0.1374 -0.9838 -0.1153
vn -0.1150 -0.9839 -0.1370
vn -0.0892 -0.9839 -0.1546
vn -0.0610 -0.9840 -0.1676
vn -0.0310 -0.9839 -0.1759
vn -0.0000 -0.9838 -0.1791
vn 0.0312 -0.9837 -0.1769
vn 0.0615 -0.9837 -0.1690
vn 0.0899 -0.9837 -0.1557
vn 0.1153 -0.9838 -0.1374
vn 0.1370 -0.9839 -0.1150
vn 0.1546 -0.9839 -0.0892
vn 0.1676 -0.9840 -0.0610
vn 0.1759 -0.9839 -0.0310
vn 0.1791 -0.9838 -0.0000
vn 0.0000 -1.0000 0.0000
vn 0.0000 -1.0000 0.0000
vn 0.0000 -1.0000 0.0000
vn 0.0000 -1.0000 0.0000
vn 0.0000 -1.0000 0.0000
vn 0.0000 -1.0000 0.0000
vn 0.0000 -1.0000 0.0000
vn 0.0000 -1.0000 0.0000
vn 0.0000 -1.0000 0.0000
vn 0.0000 -1.0000 0.0000
vn -0.0000 -1.0000 0.0000
vn -0.0000 -1.0000 0.0000
vn -0.0000 -1.0000 0.0000
vn -0.0000 -1.0000 0.0000
vn -0.0000 -1.0000 0.0000
vn -0.0000 -1.0000 0.0000
vn -0.0000 -1.0000 0.0000
vn -0.0000 -1.0000 0.0000
vn -0.0000 -1.0000 0.0000
vn -0.0000 -1.0000 -0.0000
vn -0.0000 -1.0000 -0.0000
vn -0.0000 -1.0000 -0.0000
vn -0.0000 -1.0000 -0.0000
vn -0.0000 -1.0000 -0.0000
vn -0.0000 -1.0000 -0.0000
vn -0.0000 -1.0000 -0.0000
vn -0.0000 -1.0000 -0.0000
vn -0.0000 -1.0000 -0.0000
vn 0.0000 -1.0000 -0.0000
vn 0.0000 -1.0000 -0.0000
vn 0.0000 -1.0000 -0.0000
vn 0.0000 -1.0000 -0.0000
vn 0.0000 -1.0000 -0.0000
vn 0.0000 -1.0000 -0.0000
vn 0.0000 -1.0000 -0.0000
vn 0.0000 -1.0000 -0.0000
vn 0.0000 -1.0000 -0.0000
f 1/1/1 38/38/38 39/39/39
f 1/1/1 39/39/39 2/2/2
f 2/2/2 39/39/39 40/40/40
f 2/2/2 40/40/40 3/3/3
f 3/3/3 40/40/40 41/41/41
f 3/3/3 41/41/41 4/4/4
f 4/4/4 41/41/41 42/42/42
f 4/4/4 42/42/42 5/5/5
f 5/5/5 42/42/42 43/43/43
f 5/5/5 43/43/43 6/6/6
f 6/6/6 43/43/43 44/44/44
f 6/6/6 44/44/44 7/7/7
f 7/7/7 44/44/44 45/45/45
f 7/7/7 45/45/45 8/8/8
f 8/8/8 45/45/45 46/46/46
f 8/8/8 46/46/46 9/9/9
f 9/9/9 46/46/46 47/47/47
f 9/9/9 47/47/47 10/10/10
f 10/10/10 47/47/47 48/48/48
f 10/10/10 48/48/48 11/11/11
f 11/11/11 48/48/48 49/49/49
f 11/11/11 49/49/49 12/12/12
f 12/12/12 49/49/49 50/50/50
f 12/12/12 50/50/50 13/13/13
f 13/13/13 50/50/50 51/51/51
f 13/13/13 51/51/51 14/14/14
f 14/14/14 51/51/51 52/52/52
f 14/14/14 52/52/52 15/15/15
f 15/15/15 52/52/52 53/53/53
f 15/15/15 53/53/53 16/16/16
f 16/16/16 53/53/53 54/54/54
f 16/16/16 54/54/54 17/17/17
f 17/17/17 54/54/54 55/55/55
f 17/17/17 55/55/55 18/18/18
f 18/18/18 55/55/55 56/56/56
f 18/18/18 56/56/56 19/19/19
f 19/19/19 56/56/56 57/57/57
f 19/19/19 57/57/57 20/20/20
f 20/20/20 57/57/57 58/58/58
f 20/20/20 58/58/58 21/21/21
f 21/21/21 58/58/58 59/59/59
f 21/21/21 59/59/59 22/22/22
f 22/22/22 59/59/59 60/60/60
f 22/22/22 60/60/60 23/23/23
f 23/23/23 60/60/60 61/61/61
f 23/23/23 61/61/61 24/24/24
f 24/24/24 61/61/61 62/62/62
f 24/24/24 62/62/62 25/25/25
f 25/25/25 62/62/62 63/63/63
f 25/25/25 63/63/63 26/26/26
f 26/26/26 63/63/63 64/64/64
f 26/26/26 64/64/64 27/27/27
f 27/27/27 64/64/64 65/65/65
f 27/27/27 65/65/65 28/28/28
f 28/28/28 65/65/65 66/66/66
f 28/28/28 66/66/66 29/29/29
f 29/29/29 66/66/66 67/67/67
f 29/29/29 67/67/67 30/30/30
f 30/30/30 67/67/67 68/68/68
f 30/30/30 68/68/68 31/31/31
f 31/31/31 68/68/68 69/69/69
f 31/31/31 69/69/69 32/32/32
f 32/32/32 69/69/69 70/70/70
f 32/32/32 70/70/70 33/33/33
f 33/33/33 70/70/70 71/71/71
f 33/33/33 71/71/71 34/34/34
f 34/34/34 71/71/71 72/72/72
f 34/34/34 72/72/72 35/35/35
f 35/35/35 72/72/72 73/73/73
f 35/35/35 73/73/73 36/36/36
f 36/36/36 73/73/73 74/74/74
f 36/36/36 74/74/74 37/37/37
f 38/38/38 75/75/75 76/76/76
f 38/38/38 76/76/76 39/39/39
f 39/39/39 76/76/76 77/77/77
f 39/39/39 77/77/77 40/40/40
f 40/40/40 77/77/77 78/78/78
f 40/40/40 78/78/78 41/41/41
f 41/41/41 78/78/78 79/79/79
f 41/41/41 79/79/79 42/42/42
f 42/42/42 79/79/79 80/80/80
f 42/42/42 80/80/80 43/43/43
f 43/43/43 80/80/80 81/81/81
f 43/43/43 81/81/81 44/44/44
f 44/44/44 81/81/81 82/82/82
f 44/44/44 82/82/82 45/45/45
f 45/45/45 82/82/82 83/83/83
f 45/45/45 83/83/83 46/46/46
f 46/46/46 83/83/83 84/84/84
f 46/46/46 84/84/84 47/47/47
f 47/47/47 84/84/84 85/85/85
f 47/47/47 85/85/85 48/48/48
f 48/48/48 85/85/85 86/86/86
f 48/48/48 86/86/86 49/49/49
f 49/49/49 86/86/86 87/87/87
f 49/49/49 87/87/87 50/50/50
f 50/50/50 87/87/87 88/88/88
f 50/50/50 88/88/88 51/51/51
f 51/51/51 88/88/88 89/89/89
f 51/51/51 89/89/89 52/52/52
f 52/52/52 89/89/89 90/90/90
f 52/52/52 90/90/90 53/53/53
f 53/53/53 90/90/90 91/91/91
f 53/53/53 91/91/91 54/54/54
f 54/54/54 91/91/91 92/92/92
f 54/54/54 92/92/92 55/55/55
f 55/55/55 92/92/92 93/93/93
f 55/55/55 93/93/93 56/56/56
f 56/56/56 93/93/93 94/94/94
f 56/56/56 94/94/94 57/57/57
f 57/57/57 94/94/94 95/95/95
f 57/57/57 95/95/95 58/58/58
f 58/58/58 95/95/95 96/96/96
f 58/58/58 96/96/96 59/59/59
f 59/59/59 96/96/96 97/97/97
f 59/59/59 97/97/97 60/60/60
f 60/60/60 97/97/97 98/98/98
f 60/60/60 98/98/98 61/61/61
f 61/61/61 98/98/98 99/99/99
f 61/61/61 99/99/99 62/62/62
f 62/62/62 99/99/99 100/100/100
f 62/62/62 100/100/100 63/63/63
f 63/63/63 100/100/100 101/101/101
f 63/63/63 101/101/101 64/64/64
f 64/64/64 101/101/101 102/102/102
f 64/64/64 102/102/102 65/65/65
f 65/65/65 102/102/102 103/103/103
f 65/65/65 103/103/103 66/66/66
f 66/66/66 103/103/103 104/104/104
f 66/66/66 104/104/104 67/67/67
f 67/67/67 104/104/104 105/105/105
f 67/67/67 105/105/105 68/68/68
f 68/68/68 105/105/105 106/106/106
f 68/68/68 106/106/106 69/69/69
f 69/69/69 106/106/106 107/107/107
f 69/69/69 107/107/107 70/70/70
f 70/70/70 107/107/107 108/108/108
f 70/70/70 108/108/108 71/71/71
f 71/71/71 108/108/108 109/109/109
f 71/71/71 109/109/109 72/72/72
f 72/72/72 109/109/109 110/110/110
f 72/72/72 110/110/110 73/73/73
f 73/73/73 110/110/110 111/111/111
f 73/73/73 111/111/111 74/74/74
f 75/75/75 112/112/112 113/113/113
f 75/75/75 113/113/113 76/76/76
f 76/76/76 113/113/113 114/114/114
f 76/76/76 114/114/114 77/77/77
f 77/77/77 114/114/114 115/115/115
f 77/77/77 115/115/115 78/78/78
f 78/78/78 115/115/115 116/116/116
f 78/78/78 116/116/116 79/79/79
f 79/79/79 116/116/116 117/117/117
f 79/79/79 117/117/117 80/80/80
f 80/80/80 117/117/117 118/118/118
f 80/80/80 118/118/118 81/81/81
f 81/81/81 118/118/118 119/119/119
f 81/81/81 119/119/119 82/82/82
f 82/82/82 119/119/119 120/120/120
f 82/82/82 120/120/120 83/83/83
f 83/83/83 120/120/120 121/121/121
f 83/83/83 121/121/121 84/84/84
f 84/84/84 121/121/121 122/122/122
f 84/84/84 122/122/122 85/85/85
f 85/85/85 122/122/122 123/123/123
f 85/85/85 123/123/123 86/86/86
f 86/86/86 123/123/123 124/124/124
f 86/86/86 124/124/124 87/87/87
f 87/87/87 124/124/124 125/125/125
f 87/87/87 125/125/125 88/88/88
f 88/88/88 125/125/125 126/126/126
f 88/88/88 126/126/126 89/89/89
f 89/89/89 126/126/126 127/127/127
f 89/89/89 127/127/127 90/90/90
f 90/90/90 127/127/127 128/128/128
f 90/90/90 128/128/128 91/91/91
f 91/91/91 128/128/128 129/129/129
f 91/91/91 129/129/129 92/92/92
f 92/92/92 129/129/129 130/130/130
f 92/92/92 130/130/130 93/93/93
f 93/93/93 130/130/130 131/131/131
f 93/93/93 131/131/131 94/94/94
f 94/94/94 131/131/131 132/132/132
f 94/94/94 132/132/132 95/95/95
f 95/95/95 132/132/132 133/133/133
f 95/95/95 133/133/133 96/96/96
f 96/96/96 133/133/133 134/134/134
f 96/96/96 134/134/134 97/97/97
f 97/97/97 134/134/134 135/135/135
f 97/97/97 135/135/135 98/98/98
f 98/98/98 135/135/135 136/136/136
f 98/98/98 136/136/136 99/99/99
f 99/99/99 136/136/136 137/137/137
f 99/99/99 137/137/137 100/100/100
f 100/100/100 137/137/137 138/138/138
f 100/100/100 138/138/138 101/101/101
f 101/101/101 138/138/138 139/139/139
f 101/101/101 139/139/139 102/102/102
f 102/102/102 139/139/139 140/140/140
f 102/102/102 140/140/140 103/103/103
f 103/103/103 140/140/140 141/141/141
f 103/103/103 141/141/141 104/104/104
f 104/104/104 141/141/141 142/142/142
f 104/104/104 142/142/142 105/105/105
f 105/105/105 142/142/142 143/143/143
f 105/105/105 143/143/143 106/106/106
f 106/106/106 143/143/143 144/144/144
f 106/106/106 144/144/144 107/107/107
f 107/107/107 144/144/144 145/145/145
f 107/107/107 145/145/145 108/108/108
f 108/108/108 145/145/145 146/146/146
f 108/108/108 146/146/146 109/109/109
f 109/109/109 146/146/146 147/147/147
f 109/109/109 147/147/147 110/110/110
f 110/110/110 147/147/147 148/148/148
f 110/110/110 148/148/148 111/111/111
f 112/112/112 149/149/149 150/150/150
f 112/112/112 150/150/150 113/113/113
f 113/113/113 150/150/150 151/151/151
f 113/113/113 151/151/151 114/114/114
f 114/114/114 151/151/151 152/152/152
f 114/114/114 152/152/152 115/115/115
f 115/115/115 152/152/152 153/153/153
f 115/115/115 153/153/153 116/116/116
f 116/116/116 153/153/153 154/154/154
f 116/116/116 154/154/154 117/117/117
f 117/117/117 154/154/154 155/155/155
f 117/117/117 155/155/155 118/118/118
f 118/118/118 155/155/155 156/156/156
f 118/118/118 156/156/156 119/119/119
f 119/119/119 156/156/156 157/157/157
f 119/119/119 157/157/157 120/120/120
f 120/120/120 157/157/157 158/158/158
f 120/120/120 158/158/158 121/121/121
f 121/121/121 158/158/158 159/159/159
f 121/121/121 159/159/159 122/122/122
f 122/122/122 159/159/159 160/160/160
f 122/122/122 160/160/160 123/123/123
f 123/123/123 160/160/160 161/161/161
f 123/123/123 161/161/161 124/124/124
f 124/124/124 161/161/161 162/162/162
f 124/124/124 162/162/162 125/125/125
f 125/125/125 162/162/162 163/163/163
f 125/125/125 163/163/163 126/126/126
f 126/126/126 163/163/163 164/164/164
f 126/126/126 164/164/164 127/127/127
f 127/127/127 164/164/164 165/165/165
f 127/127/127 165/165/165 128/128/128
f 128/128/128 165/165/165 166/166/166
f 128/128/128 166/166/166 129/129/129
f 129/129/129 166/166/166 167/167/167
f 129/129/129 167/167/167 130/130/130
f 130/130/130 167/167/167 168/168/168
f 130/130/130 168/168/168 131/131/131
f 131/131/131 168/168/168 169/169/169
f 131/131/131 169/169/169 132/132/132
f 132/132/132 169/169/169 170/170/170
f 132/132/132 170/170/170 133/133/133
f 133/133/133 170/170/170 171/171/171
f 133/133/133 171/171/171 134/134/134
f 134/134/134 171/171/171 172/172/172
f 134/134/134 172/172/172 135/135/135
f 135/135/135 172/172/172 173/173/173
f 135/135/135 173/173/173 136/136/136
f 136/136/136 173/173/173 174/174/174
f 136/136/136 174/174/174 137/137/137
f 137/137/137 174/174/174 175/175/175
f 137/137/137 175/175/175 138/138/138
f 138/138/138 175/175/175 176/176/176
f 138/138/138 176/176/176 139/139/139
f 139/139/139 176/176/176 177/177/177
f 139/139/139 177/177/177 140/140/140
f 140/140/140 177/177/177 178/178/178
f 140/140/140 178/178/178 141/141/141
f 141/141/141 178/178/178 179/179/179
f 141/141/141 179/179/179 142/142/142
f 142/142/142 179/179/179 180/180/180
f 142/142/142 180/180/180 143/143/143
f 143/143/143 180/180/180 181/181/181
f 143/143/143 181/181/181 144/144/144
f 144/144/144 181/181/181 182/182/182
f 144/144/144 182/182/182 145/145/145
f 145/145/145 182/182/182 183/183/183
f 145/145/145 183/183/183 146/146/146
f 146/146/146 183/183/183 184/184/184
f 146/146/146 184/184/184 147/147/147
f 147/147/147 184/184/184 185/185/185
f 147/147/147 185/185/185 148/148/148
f 149/149/149 186/186/186 187/187/187
f 149/149/149 187/187/187 150/150/150
f 150/150/150 187/187/187 188/188/188
f 150/150/150 188/188/188 151/151/151
f 151/151/151 188/188/188 189/189/189
f 151/151/151 189/189/189 152/152/152
f 152/152/152 189/189/189 190/190/190
f 152/152/152 190/190/190 153/153/153
f 153/153/153 190/190/190 191/191/191
f 153/153/153 191/191/191 154/154/154
f 154/154/154 191/191/191 192/192/192
f 154/154/154 192/192/192 155/155/155
f 155/155/155 192/192/192 193/193/193
f 155/155/155 193/193/193 156/156/156
f 156/156/156 193/193/193 194/194/194
f 156/156/156 194/194/194 157/157/157
f 157/157/157 194/194/194 195/195/195
f 157/157/157 195/195/195 158/158/158
f 158/158/158 195/195/195 196/196/196
f 158/158/158 196/196/196 159/159/159
f 159/159/159 196/196/196 197/197/197
f 159/159/159 197/197/197 160/160/160
f 160/160/160 197/197/197 198/198/198
f 160/160/160 198/198/198 161/161/161
f 161/161/161 198/198/198 199/199/199
f 161/161/161 199/199/199 162/162/162
f 162/162/162 199/199/199 200/200/200
f 162/162/162 200/200/200 163/163/163
f 163/163/163 200/200/200 201/201/201
f 163/163/163 201/201/201 164/164/164
f 164/164/164 201/201/201 202/202/202
f 164/164/164 202/202/202 165/165/165
f 165/165/165 202/202/202 203/203/203
f 165/165/165 203/203/203 166/166/166
f 166/166/166 203/203/203 204/204/204
f 166/166/166 204/204/204 167/167/167
f 167/167/167 204/204/204 205/205/205
f 167/167/167 205/205/205 168/168/168
f 168/168/168 205/205/205 206/206/206
f 168/168/168 206/206/206 169/169/169
f 169/169/169 206/206/206 207/207/207
f 169/169/169 207/207/207 170/170/170
f 170/170/170 207/207/207 208/208/208
f 170/170/170 208/208/208 171/171/171
f 171/171/171 208/208/208 209/209/209
f 171/171/171 209/209/209 172/172/172
f 172/172/172 209/209/209 210/210/210
f 172/172/172 210/210/210 173/173/173
f 173/173/173 210/210/210 211/211/211
f 173/173/173 211/211/211 174/174/174
f 174/174/174 211/211/211 212/212/212
f 174/174/174 212/212/212 175/175/175
f 175/175/175 212/212/212 213/213/213
f 175/175/175 213/213/213 176/176/176
f 176/176/176 213/213/213 214/214/214
f 176/176/176 214/214/214 177/177/177
f 177/177/177 214/214/214 215/215/215
f 177/177/177 215/215/215 178/178/178
f 178/178/178 215/215/215 216/216/216
f 178/178/178 216/216/216 179/179/179
f 179/179/179 216/216/216 217/217/217
f 179/179/179 217/217/217 180/180/180
f 180/180/180 217/217/217 218/218/218
f 180/180/180 218/218/218 181/181/181
f 181/181/181 218/218/218 219/219/219
f 181/181/181 219/219/219 182/182/182
f 182/182/182 219/219/219 220/220/220
f 182/182/182 220/220/220 183/183/183
f 183/183/183 220/220/220 221/221/221
f 183/183/183 221/221/221 184/184/184
f 184/184/184 221/221/221 222/222/222
f 184/184/184 222/222/222 185/185/185
f 186/186/186 223/223/223 224/224/224
f 186/186/186 224/224/224 187/187/187
f 187/187/187 224/224/224 225/225/225
f 187/187/187 225/225/225 188/188/188
f 188/188/188 225/225/225 226/226/226
f 188/188/188 226/226/226 189/189/189
f 189/189/189 226/226/226 227/227/227
f 189/189/189 227/227/227 190/190/190
f 190/190/190 227/227/227 228/228/228
f 190/190/190 228/228/228 191/191/191
f 191/191/191 228/228/228 229/229/229
f 191/191/191 229/229/229 192/192/192
f 192/192/192 229/229/229 230/230/230
f 192/192/192 230/230/230 193/193/193
f 193/193/193 230/230/230 231/231/231
f 193/193/193 231/231/231 194/194/194
f 194/194/194 231/231/231 232/232/232
f 194/194/194 232/232/232 195/195/195
f 195/195/195 232/232/232 233/233/233
f 195/195/195 233/233/233 196/196/196
f 196/196/196 233/233/233 234/234/234
f 196/196/196 234/234/234 197/197/197
f 197/197/197 234/234/234 235/235/235
f 197/197/197 235/235/235 198/198/198
f 198/198/198 235/235/235 236/236/236
f 198/198/198 236/236/236 199/199/199
f 199/199/199 236/236/236 237/237/237
f 199/199/199 237/237/237 200/200/200
f 200/200/200 237/237/237 238/238/238
f 200/200/200 238/238/238 201/201/201
f 201/201/201 238/238/238 239/239/239
f 201/201/201 239/239/239 202/202/202
f 202/202/202 239/239/239 240/240/240
f 202/202/202 240/240/240 203/203/203
f 203/203/203 240/240/240 241/241/241
f 203/203/203 241/241/241 204/204/204
f 204/204/204 241/241/241 242/242/242
f 204/204/204 242/242/242 205/205/205
f 205/205/205 242/242/242 243/243/243
f 205/205/205 243/243/243 206/206/206
f 206/206/206 243/243/243 244/244/244
f 206/206/206 244/244/244 207/207/207
f 207/207/207 244/244/244 245/245/245
f 207/207/207 245/245/245 208/208/208
f 208/208/208 245/245/245 246/246/246
f 208/208/208 246/246/246 209/209/209
f 209/209/209 246/246/246 247/247/247
f 209/209/209 247/247/247 210/210/210
f 210/210/210 247/247/247 248/248/248
f 210/210/210 248/248/248 211/211/211
f 211/211/211 248/248/248 249/249/249
f 211/211/211 249/249/249 212/212/212
f 212/212/212 249/249/249 250/250/250
f 212/212/212 250/250/250 213/213/213
f 213/213/213 250/250/250 251/251/251
f 213/213/213 251/251/251 214/214/214
f 214/214/214 251/251/251 252/252/252
f 214/214/214 252/252/252 215/215/215
f 215/215/215 252/252/252 253/253/253
f 215/215/215 253/253/253 216/216/216
f 216/216/216 253/253/253 254/254/254
f 216/216/216 254/254/254 217/217/217
f 217/217/217 254/254/254 255/255/255
f 217/217/217 255/255/255 218/218/218
f 218/218/218 255/255/255 256/256/256
f 218/218/218 256/256/256 219/219/219
f 219/219/219 256/256/256 257/257/257
f 219/219/219 257/257/257 220/220/220
f 220/220/220 257/257/257 258/258/258
f 220/220/220 258/258/258 221/221/221
f 221/221/221 258/258/258 259/259/259
f 221/221/221 259/259/259 222/222/222
f 223/223/223 260/260/260 261/261/261
f 223/223/223 261/261/261 224/224/224
f 224/224/224 261/261/261 262/262/262
f 224/224/224 262/262/262 225/225/225
f 225/225/225 262/262/262 263/263/263
f 225/225/225 263/263/263 226/226/226
f 226/226/226 263/263/263 264/264/264
f 226/226/226 264/264/264 227/227/227
f 227/227/227 264/264/264 265/265/265
f 227/227/227 265/265/265 228/228/228
f 228/228/228 265/265/265 266/266/266
f 228/228/228 266/266/266 229/229/229
f 229/229/229 266/266/266 267/267/267
f 229/229/229 267/267/267 230/230/230
f 230/230/230 267/267/267 268/268/268
f 230/230/230 268/268/268 231/231/231
f 231/231/231 268/268/268 269/269/269
f 231/231/231 269/269/269 232/232/232
f 232/232/232 269/269/269 270/270/270
f 232/232/232 270/270/270 233/233/233
f 233/233/233 270/270/270 271/271/271
f 233/233/233 271/271/271 234/234/234
f 234/234/234 271/271/271 272/272/272
f 234/234/234 272/272/272 235/235/235
f 235/235/235 272/272/272 273/273/273
f 235/235/235 273/273/273 236/236/236
f 236/236/236 273/273/273 274/274/274
f 236/236/236 274/274/274 237/237/237
f 237/237/237 274/274/274 275/275/275
f 237/237/237 275/275/275 238/238/238
f 238/238/238 275/275/275 276/276/276
f 238/238/238 276/276/276 239/239/239
f 239/239/239 276/276/276 277/277/277
f 239/239/239 277/277/277 240/240/240
f 240/240/240 277/277/277 278/278/278
f 240/240/240 278/278/278 241/241/241
f 241/241/241 278/278/278 279/279/279
f 241/241/241 279/279/279 242/242/242
f 242/242/242 279/279/279 280/280/280
f 242/242/242 280/280/280 243/243/243
f 243/243/243 280/280/280 281/281/281
f 243/243/243 281/281/281 244/244/244
f 244/244/244 281/281/281 282/282/282
f 244/244/244 282/282/282 245/245/245
f 245/245/245 282/282/282 283/283/283
f 245/245/245 283/283/283 246/246/246
f 246/246/246 283/283/283 284/284/284
f 246/246/246 284/284/284 247/247/247
f 247/247/247 284/284/284 285/285/285
f 247/247/247 285/285/285 248/248/248
f 248/248/248 285/285/285 286/286/286
f 248/248/248 286/286/286 249/249/249
f 249/249/249 286/286/286 287/287/287
f 249/249/249 287/287/287 250/250/250
f 250/250/250 287/287/287 288/288/288
f 250/250/250 288/288/288 251/251/251
f 251/251/251 288/288/288 289/289/289
f 251/251/251 289/289/289 252/252/252
f 252/252/252 289/289/289 290/290/290
f 252/252/252 290/290/290 253/253/253
f 253/253/253 290/290/290 291/291/291
f 253/253/253 291/291/291 254/254/254
f 254/254/254 291/291/291 292/292/292
f 254/254/254 292/292/292 255/255/255
f 255/255/255 292/292/292 293/293/293
f 255/255/255 293/293/293 256/256/256
f 256/256/256 293/293/293 294/294/294
f 256/256/256 294/294/294 257/257/257
f 257/257/257 294/294/294 295/295/295
f 257/257/257 295/295/295 258/258/258
f 258/258/258 295/295/295 296/296/296
f 258/258/258 296/296/296 259/259/259
f 260/260/260 297/297/297 298/298/298
f 260/260/260 298/298/298 261/261/261
f 261/261/261 298/298/298 299/299/299
f 261/261/261 299/299/299 262/262/262
f 262/262/262 299/299/299 300/300/300
f 262/262/262 300/300/300 263/263/263
f 263/263/263 300/300/300 301/301/301
f 263/263/263 301/301/301 264/264/264
f 264/264/264 301/301/301 302/302/302
f 264/264/264 302/302/302 265/265/265
f 265/265/265 302/302/302 303/303/303
f 265/265/265 303/303/303 266/266/266
f 266/266/266 303/303/303 304/304/304
f 266/266/266 304/304/304 267/267/267
f 267/267/267 304/304/304 305/305/305
f 267/267/267 305/305/305 268/268/268
f 268/268/268 305/305/305 306/306/306
f 268/268/268 306/306/306 269/269/269
f 269/269/269 306/306/306 307/307/307
f 269/269/269 307/307/307 270/270/270
f 270/270/270 307/307/307 308/308/308
f 270/270/270 308/308/308 271/271/271
f 271/271/271 308/308/308 309/309/309
f 271/271/271 309/309/309 272/272/272
f 272/272/272 309/309/309 310/310/310
f 272/272/272 310/310/310 273/273/273
f 273/273/273 310/310/310 311/311/311
f 273/273/273 311/311/311 274/274/274
f 274/274/274 311/311/311 312/312/312
f 274/274/274 312/312/312 275/275/275
f 275/275/275 312/312/312 313/313/313
f 275/275/275 313/313/313 276/276/276
f 276/276/276 313/313/313 314/314/314
f 276/276/276 314/314/314 277/277/277
f 277/277/277 314/314/314 315/315/315
f 277/277/277 315/315/315 278/278/278
f 278/278/278 315/315/315 316/316/316
f 278/278/278 316/316/316 279/279/279
f 279/279/279 316/316/316 317/317/317
f 279/279/279 317/317/317 280/280/280
f 280/280/280 317/317/317 318/318/318
f 280/280/280 318/318/318 281/281/281
f 281/281/281 318/318/318 319/319/319
f 281/281/281 319/319/319 282/282/282
f 282/282/282 319/319/319 320/320/320
f 282/282/282 320/320/320 283/283/283
f 283/283/283 320/320/320 321/321/321
f 283/283/283 321/321/321 284/284/284
f 284/284/284 321/321/321 322/322/322
f 284/284/284 322/322/322 285/285/285
f 285/285/285 322/322/322 323/323/323
f 285/285/285 323/323/323 286/286/286
f 286/286/286 323/323/323 324/324/324
f 286/286/286 324/324/324 287/287/287
f 287/287/287 324/324/324 325/325/325
f 287/287/287 325/325/325 288/288/288
f 288/288/288 325/325/325 326/326/326
f 288/288/288 326/326/326 289/289/289
f 289/289/289 326/326/326 327/327/327
f 289/289/289 327/327/327 290/290/290
f 290/290/290 327/327/327 328/328/328
f 290/290/290 328/328/328 291/291/291
f 291/291/291 328/328/328 329/329/329
f 291/291/291 329/329/329 292/292/292
f 292/292/292 329/329/329 330/330/330
f 292/292/292 330/330/330 293/293/293
f 293/293/293 330/330/330 331/331/331
f 293/293/293 331/331/331 294/294/294
f 294/294/294 331/331/331 332/332/332
f 294/294/294 332/332/332 295/295/295
f 295/295/295 332/332/332 333/333/333
f 295/295/295 333/333/333 296/296/296
f 297/297/297 334/334/334 335/335/335
f 297/297/297 335/335/335 298/298/298
f 298/298/298 335/335/335 336/336/336
f 298/298/298 336/336/336 299/299/299
f 299/299/299 336/336/336 337/337/337
f 299/299/299 337/337/337 300/300/300
f 300/300/300 337/337/337 338/338/338
f 300/300/300 338/338/338 301/301/301
f 301/301/301 338/338/338 339/339/339
f 301/301/301 339/339/339 302/302/302
f 302/302/302 339/339/339 340/340/340
f 302/302/302 340/340/340 303/303/303
f 303/303/303 340/340/340 341/341/341
f 303/303/303 341/341/341 304/304/304
f 304/304/304 341/341/341 342/342/342
f 304/304/304 342/342/342 305/305/305
f 305/305/305 342/342/342 343/343/343
f 305/305/305 343/343/343 306/306/306
f 306/306/306 343/343/343 344/344/344
f 306/306/306 344/344/344 307/307/307
f 307/307/307 344/344/344 345/345/345
f 307/307/307 345/345/345 308/308/308
f 308/308/308 345/345/345 346/346/346
f 308/308/308 346/346/346 309/309/309
f 309/309/309 346/346/346 347/347/347
f 309/309/309 347/347/347 310/310/310
f 310/310/310 347/347/347 348/348/348
f 310/310/310 348/348/348 311/311/311
f 311/311/311 348/348/348 349/349/349
f 311/311/311 349/349/349 312/312/312
f 312/312/312 349/349/349 350/350/350
f 312/312/312 350/350/350 313/313/313
f 313/313/313 350/350/350 351/351/351
f 313/313/313 351/351/351 314/314/314
f 314/314/314 351/351/351 352/352/352
f 314/314/314 352/352/352 315/315/315
f 315/315/315 352/352/352 353/353/353
f 315/315/315 353/353/353 316/316/316
f 316/316/316 353/353/353 354/354/354
f 316/316/316 354/354/354 317/317/317
f 317/317/317 354/354/354 355/355/355
f 317/317/317 355/355/355 318/318/318
f 318/318/318 355/355/355 356/356/356
f 318/318/318 356/356/356 319/319/319
f 319/319/319 356/356/356 357/357/357
f 319/319/319 357/357/357 320/320/320
f 320/320/320 357/357/357 358/358/358
f 320/320/320 358/358/358 321/321/321
f 321/321/321 358/358/358 359/359/359
f 321/321/321 359/359/359 322/322/322
f 322/322/322 359/359/359 360/360/360
f 322/322/322 360/360/360 323/323/323
f 323/323/323 360/360/360 361/361/361
f 323/323/323 361/361/361 324/324/324
f 324/324/324 361/361/361 362/362/362
f 324/324/324 362/362/362 325/325/325
f 325/325/325 362/362/362 363/363/363
f 325/325/325 363/363/363 326/326/326
f 326/326/326 363/363/363 364/364/364
f 326/326/326 364/364/364 327/327/327
f 327/327/327 364/364/364 365/365/365
f 327/327/327 365/365/365 328/328/328
f 328/328/328 365/365/365 366/366/366
f 328/328/328 366/366/366 329/329/329
f 329/329/329 366/366/366 367/367/367
f 329/329/329 367/367/367 330/330/330
f 330/330/330 367/367/367 368/368/368
f 330/330/330 368/368/368 331/331/331
f 331/331/331 368/368/368 369/369/369
f 331/331/331 369/369/369 332/332/332
f 332/332/332 369/369/369 370/370/370
f 332/332/332 370/370/370 333/333/333
f 334/334/334 371/371/371 372/372/372
f 334/334/334 372/372/372 335/335/335
f 335/335/335 372/372/372 373/373/373
f 335/335/335 373/373/373 336/336/336
f 336/336/336 373/373/373 374/374/374
f 336/336/336 374/374/374 337/337/337
f 337/337/337 374/374/374 375/375/375
f 337/337/337 375/375/375 338/338/338
f 338/338/338 375/375/375 376/376/376
f 338/338/338 376/376/376 339/339/339
f 339/339/339 376/376/376 377/377/377
f 339/339/339 377/377/377 340/340/340
f 340/340/340 377/377/377 378/378/378
f 340/340/340 378/378/378 341/341/341
f 341/341/341 378/378/378 379/379/379
f 341/341/341 379/379/379 342/342/342
f 342/342/342 379/379/379 380/380/380
f 342/342/342 380/380/380 343/343/343
f 343/343/343 380/380/380 381/381/381
f 343/343/343 381/381/381 344/344/344
f 344/344/344 381/381/381 382/382/382
f 344/344/344 382/382/382 345/345/345
f 345/345/345 382/382/382 383/383/383
f 345/345/345 383/383/383 346/346/346
f 346/346/346 383/383/383 384/384/384
f 346/346/346 384/384/384 347/347/347
f 347/347/347 384/384/384 385/385/385
f 347/347/347 385/385/385 348/348/348
f 348/348/348 385/385/385 386/386/386
f 348/348/348 386/386/386 349/349/349
f 349/349/349 386/386/386 387/387/387
f 349/349/349 387/387/387 350/350/350
f 350/350/350 387/387/387 388/388/388
f 350/350/350 388/388/388 351/351/351
f 351/351/351 388/388/388 389/389/389
f 351/351/351 389/389/389 352/352/352
f 352/352/352 389/389/389 390/390/390
f 352/352/352 390/390/390 353/353/353
f 353/353/353 390/390/390 391/391/391
f 353/353/353 391/391/391 354/354/354
f 354/354/354 391/391/391 392/392/392
f 354/354/354 392/392/392 355/355/355
f 355/355/355 392/392/392 393/393/393
f 355/355/355 393/393/393 356/356/356
f 356/356/356 393/393/393 394/394/394
f 356/356/356 394/394/394 357/357/357
f 357/357/357 394/394/394 395/395/395
f 357/357/357 395/395/395 358/358/358
f 358/358/358 395/395/395 396/396/396
f 358/358/358 396/396/396 359/359/359
f 359/359/359 396/396/396 397/397/397
f 359/359/359 397/397/397 360/360/360
f 360/360/360 397/397/397 398/398/398
f 360/360/360 398/398/398 361/361/361
f 361/361/361 398/398/398 399/399/399
f 361/361/361 399/399/399 362/362/362
f 362/362/362 399/399/399 400/400/400
f 362/362/362 400/400/400 363/363/363
f 363/363/363 400/400/400 401/401/401
f 363/363/363 401/401/401 364/364/364
f 364/364/364 401/401/401 402/402/402
f 364/364/364 402/402/402 365/365/365
f 365/365/365 402/402/402 403/403/403
f 365/365/365 403/403/403 366/366/366
f 366/366/366 403/403/403 404/404/404
f 366/366/366 404/404/404 367/367/367
f 367/367/367 404/404/404 405/405/405
f 367/367/367 405/405/405 368/368/368
f 368/368/368 405/405/405 406/406/406
f 368/368/368 406/406/406 369/369/369
f 369/369/369 406/406/406 407/407/407
f 369/369/369 407/407/407 370/370/370
f 371/371/371 408/408/408 409/409/409
f 371/371/371 409/409/409 372/372/372
f 372/372/372 409/409/409 410/410/410
f 372/372/372 410/410/410 373/373/373
f 373/373/373 410/410/410 411/411/411
f 373/373/373 411/411/411 374/374/374
f 374/374/374 411/411/411 412/412/412
f 374/374/374 412/412/412 375/375/375
f 375/375/375 412/412/412 413/413/413
f 375/375/375 413/413/413 376/376/376
f 376/376/376 413/413/413 414/414/414
f 376/376/376 414/414/414 377/377/377
f 377/377/377 414/414/414 415/415/415
f 377/377/377 415/415/415 378/378/378
f 378/378/378 415/415/415 416/416/416
f 378/378/378 416/416/416 379/379/379
f 379/379/379 416/416/416 417/417/417
f 379/379/379 417/417/417 380/380/380
f 380/380/380 417/417/417 418/418/418
f 380/380/380 418/418/418 381/381/381
f 381/381/381 418/418/418 419/419/419
f 381/381/381 419/419/419 382/382/382
f 382/382/382 419/419/419 420/420/420
f 382/382/382 420/420/420 383/383/383
f 383/383/383 420/420/420 421/421/421
f 383/383/383 421/421/421 384/384/384
f 384/384/384 421/421/421 422/422/422
f 384/384/384 422/422/422 385/385/385
f 385/385/385 422/422/422 423/423/423
f 385/385/385 423/423/423 386/386/386
f 386/386/386 423/423/423 424/424/424
f 386/386/386 424/424/424 387/387/387
f 387/387/387 424/424/424 425/425/425
f 387/387/387 425/425/425 388/388/388
f 388/388/388 425/425/425 426/426/426
f 388/388/388 426/426/426 389/389/389
f 389/389/389 426/426/426 427/427/427
f 389/389/389 427/427/427 390/390/390
f 390/390/390 427/427/427 428/428/428
f 390/390/390 428/428/428 391/391/391
f 391/391/391 428/428/428 429/429/429
f 391/391/391 429/429/429 392/392/392
f 392/392/392 429/429/429 430/430/430
f 392/392/392 430/430/430 393/393/393
f 393/393/393 430/430/430 431/431/431
f 393/393/393 431/431/431 394/394/394
f 394/394/394 431/431/431 432/432/432
f 394/394/394 432/432/432 395/395/395
f 395/395/395 432/432/432 433/433/433
f 395/395/395 433/433/433 396/396/396
f 396/396/396 433/433/433 434/434/434
f 396/396/396 434/434/434 397/397/397
f 397/397/397 434/434/434 435/435/435
f 397/397/397 435/435/435 398/398/398
f 398/398/398 435/435/435 436/436/436
f 398/398/398 436/436/436 399/399/399
f 399/399/399 436/436/436 437/437/437
f 399/399/399 437/437/437 400/400/400
f 400/400/400 437/437/437 438/438/438
f 400/400/400 438/438/438 401/401/401
f 401/401/401 438/438/438 439/439/439
f 401/401/401 439/439/439 402/402/402
f 402/402/402 439/439/439 440/440/440
f 402/402/402 440/440/440 403/403/403
f 403/403/403 440/440/440 441/441/441
f 403/403/403 441/441/441 404/404/404
f 404/404/404 441/441/441 442/442/442
f 404/404/404 442/442/442 405/405/405
f 405/405/405 442/442/442 443/443/443
f 405/405/405 443/443/443 406/406/406
f 406/406/406 443/443/443 444/444/444
f 406/406/406 444/444/444 407/407/407
f 408/408/408 445/445/445 446/446/446
f 408/408/408 446/446/446 409/409/409
f 409/409/409 446/446/446 447/447/447
f 409/409/409 447/447/447 410/410/410
f 410/410/410 447/447/447 448/448/448
f 410/410/410 448/448/448 411/411/411
f 411/411/411 448/448/448 449/449/449
f 411/411/411 449/449/449 412/412/412
f 412/412/412 449/449/449 450/450/450
f 412/412/412 450/450/450 413/413/413
f 413/413/413 450/450/450 451/451/451
f 413/413/413 451/451/451 414/414/414
f 414/414/414 451/451/451 452/452/452
f 414/414/414 452/452/452 415/415/415
f 415/415/415 452/452/452 453/453/453
f 415/415/415 453/453/453 416/416/416
f 416/416/416 453/453/453 454/454/454
f 416/416/416 454/454/454 417/417/417
f 417/417/417 454/454/454 455/455/455
f 417/417/417 455/455/455 418/418/418
f 418/418/418 455/455/455 456/456/456
f 418/418/418 456/456/456 419/419/419
f 419/419/419 456/456/456 457/457/457
f 419/419/419 457/457/457 420/420/420
f 420/420/420 457/457/457 458/458/458
f 420/420/420 458/458/458 421/421/421
f 421/421/421 458/458/458 459/459/459
f 421/421/421 459/459/459 422/422/422
f 422/422/422 459/459/459 460/460/460
f 422/422/422 460/460/460 423/423/423
f 423/423/423 460/460/460 461/461/461
f 423/423/423 461/461/461 424/424/424
f 424/424/424 461/461/461 462/462/462
f 424/424/424 462/462/462 425/425/425
f 425/425/425 462/462/462 463/463/463
f 425/425/425 463/463/463 426/426/426
f 426/426/426 463/463/463 464/464/464
f 426/426/426 464/464/464 427/427/427
f 427/427/427 464/464/464 465/465/465
f 427/427/427 465/465/465 428/428/428
f 428/428/428 465/465/465 466/466/466
f 428/428/428 466/466/466 429/429/429
f 429/429/429 466/466/466 467/467/467
f 429/429/429 467/467/467 430/430/430
f 430/430/430 467/467/467 468/468/468
f 430/430/430 468/468/468 431/431/431
f 431/431/431 468/468/468 469/469/469
f 431/431/431 469/469/469 432/432/432
f 432/432/432 469/469/469 470/470/470
f 432/432/432 470/470/470 433/433/433
f 433/433/433 470/470/470 471/471/471
f 433/433/433 471/471/471 434/434/434
f 434/434/434 471/471/471 472/472/472
f 434/434/434 472/472/472 435/435/435
f 435/435/435 472/472/472 473/473/473
f 435/435/435 473/473/473 436/436/436
f 436/436/436 473/473/473 474/474/474
f 436/436/436 474/474/474 437/437/437
f 437/437/437 474/474/474 475/475/475
f 437/437/437 475/475/475 438/438/438
f 438/438/438 475/475/475 476/476/476
f 438/438/438 476/476/476 439/439/439
f 439/439/439 476/476/476 477/477/477
f 439/439/439 477/477/477 440/440/440
f 440/440/440 477/477/477 478/478/478
f 440/440/440 478/478/478 441/441/441
f 441/441/441 478/478/478 479/479/479
f 441/441/441 479/479/479 442/442/442
f 442/442/442 479/479/479 480/480/480
f 442/442/442 480/480/480 443/443/443
f 443/443/443 480/480/480 481/481/481
f 443/443/443 481/481/481 444/444/444
f 445/445/445 482/482/482 483/483/483
f 445/445/445 483/483/483 446/446/446
f 446/446/446 483/483/483 484/484/484
f 446/446/446 484/484/484 447/447/447
f 447/447/447 484/484/484 485/485/485
f 447/447/447 485/485/485 448/448/448
f 448/448/448 485/485/485 486/486/486
f 448/448/448 486/486/486 449/449/449
f 449/449/449 486/486/486 487/487/487
f 449/449/449 487/487/487 450/450/450
f 450/450/450 487/487/487 488/488/488
f 450/450/450 488/488/488 451/451/451
f 451/451/451 488/488/488 489/489/489
f 451/451/451 489/489/489 452/452/452
f 452/452/452 489/489/489 490/490/490
f 452/452/452 490/490/490 453/453/453
f 453/453/453 490/490/490 491/491/491
f 453/453/453 491/491/491 454/454/454
f 454/454/454 491/491/491 492/492/492
f 454/454/454 492/492/492 455/455/455
f 455/455/455 492/492/492 493/493/493
f 455/455/455 493/493/493 456/456/456
f 456/456/456 493/493/493 494/494/494
f 456/456/456 494/494/494 457/457/457
f 457/457/457 494/494/494 495/495/495
f 457/457/457 495/495/495 458/458/458
f 458/458/458 495/495/495 496/496/496
f 458/458/458 496/496/496 459/459/459
f 459/459/459 496/496/496 497/497/497
f 459/459/459 497/497/497 460/460/460
f 460/460/460 497/497/497 498/498/498
f 460/460/460 498/498/498 461/461/461
f 461/461/461 498/498/498 499/499/499
f 461/461/461 499/499/499 462/462/462
f 462/462/462 499/499/499 500/500/500
f 462/462/462 500/500/500 463/463/463
f 463/463/463 500/500/500 501/501/501
f 463/463/463 501/501/501 464/464/464
f 464/464/464 501/501/501 502/502/502
f 464/464/464 502/502/502 465/465/465
f 465/465/465 502/502/502 503/503/503
f 465/465/465 503/503/503 466/466/466
f 466/466/466 503/503/503 504/504/504
f 466/466/466 504/504/504 467/467/467
f 467/467/467 504/504/504 505/505/505
f 467/467/467 505/505/505 468/468/468
f 468/468/468 505/505/505 506/506/506
f 468/468/468 506/506/506 469/469/469
f 469/469/469 506/506/506 507/507/507
f 469/469/469 507/507/507 470/470/470
f 470/470/470 507/507/507 508/508/508
f 470/470/470 508/508/508 471/471/471
f 471/471/471 508/508/508 509/509/509
f 471/471/471 509/509/509 472/472/472
f 472/472/472 509/509/509 510/510/510
f 472/472/472 510/510/510 473/473/473
f 473/473/473 510/510/510 511/511/511
f 473/473/473 511/511/511 474/474/474
f 474/474/474 511/511/511 512/512/512
f 474/474/474 512/512/512 475/475/475
f 475/475/475 512/512/512 513/513/513
f 475/475/475 513/513/513 476/476/476
f 476/476/476 513/513/513 514/514/514
f 476/476/476 514/514/514 477/477/477
f 477/477/477 514/514/514 515/515/515
f 477/477/477 515/515/515 478/478/478
f 478/478/478 515/515/515 516/516/516
f 478/478/478 516/516/516 479/479/479
f 479/479/479 516/516/516 517/517/517
f 479/479/479 517/517/517 480/480/480
f 480/480/480 517/517/517 518/518/518
f 480/480/480 518/518/518 481/481/481
f 482/482/482 519/519/519 520/520/520
f 482/482/482 520/520/520 483/483/483
f 483/483/483 520/520/520 521/521/521
f 483/483/483 521/521/521 484/484/484
f 484/484/484 521/521/521 522/522/522
f 484/484/484 522/522/522 485/485/485
f 485/485/485 522/522/522 523/523/523
f 485/485/485 523/523/523 486/486/486
f 486/486/486 523/523/523 524/524/524
f 486/486/486 524/524/524 487/487/487
f 487/487/487 524/524/524 525/525/525
f 487/487/487 525/525/525 488/488/488
f 488/488/488 525/525/525 526/526/526
f 488/488/488 526/526/526 489/489/489
f 489/489/489 526/526/526 527/527/527
f 489/489/489 527/527/527 490/490/490
f 490/490/490 527/527/527 528/528/528
f 490/490/490 528/528/528 491/491/491
f 491/491/491 528/528/528 529/529/529
f 491/491/491 529/529/529 492/492/492
f 492/492/492 529/529/529 530/530/530
f 492/492/492 530/530/530 493/493/493
f 493/493/493 530/530/530 531/531/531
f 493/493/493 531/531/531 494/494/494
f 494/494/494 531/531/531 532/532/532
f 494/494/494 532/532/532 495/495/495
f 495/495/495 532/532/532 533/533/533
f 495/495/495 533/533/533 496/496/496
f 496/496/496 533/533/533 534/534/534
f 496/496/496 534/534/534 497/497/497
f 497/497/497 534/534/534 535/535/535
f 497/497/497 535/535/535 498/498/498
f 498/498/498 535/535/535 536/536/536
f 498/498/498 536/536/536 499/499/499
f 499/499/499 536/536/536 537/537/537
f 499/499/499 537/537/537 500/500/500
f 500/500/500 537/537/537 538/538/538
f 500/500/500 538/538/538 501/501/501
f 501/501/501 538/538/538 539/539/539
f 501/501/501 539/539/539 502/502/502
f 502/502/502 539/539/539 540/540/540
f 502/502/502 540/540/540 503/503/503
f 503/503/503 540/540/540 541/541/541
f 503/503/503 541/541/541 504/504/504
f 504/504/504 541/541/541 542/542/542
f 504/504/504 542/542/542 505/505/505
f 505/505/505 542/542/542 543/543/543
f 505/505/505 543/543/543 506/506/506
f 506/506/506 543/543/543 544/544/544
f 506/506/506 544/544/544 507/507/507
f 507/507/507 544/544/544 545/545/545
f 507/507/507 545/545/545 508/508/508
f 508/508/508 545/545/545 546/546/546
f 508/508/508 546/546/546 509/509/509
f 509/509/509 546/546/546 547/547/547
f 509/509/509 547/547/547 510/510/510
f 510/510/510 547/547/547 548/548/548
f 510/510/510 548/548/548 511/511/511
f 511/511/511 548/548/548 549/549/549
f 511/511/511 549/549/549 512/512/512
f 512/512/512 549/549/549 550/550/550
f 512/512/512 550/550/550 513/513/513
f 513/513/513 550/550/550 551/551/551
f 513/513/513 551/551/551 514/514/514
f 514/514/514 551/551/551 552/552/552
f 514/514/514 552/552/552 515/515/515
f 515/515/515 552/552/552 553/553/553
f 515/515/515 553/553/553 516/516/516
f 516/516/516 553/553/553 554/554/554
f 516/516/516 554/554/554 517/517/517
f 517/517/517 554/554/554 555/555/555
f 517/517/517 555/555/555 518/518/518
f 519/519/519 556/556/556 557/557/557
f 519/519/519 557/557/557 520/520/520
f 520/520/520 557/557/557 558/558/558
f 520/520/520 558/558/558 521/521/521
f 521/521/521 558/558/558 559/559/559
f 521/521/521 559/559/559 522/522/522
f 522/522/522 559/559/559 560/560/560
f 522/522/522 560/560/560 523/523/523
f 523/523/523 560/560/560 561/561/561
f 523/523/523 561/561/561 524/524/524
f 524/524/524 561/561/561 562/562/562
f 524/524/524 562/562/562 525/525/525
f 525/525/525 562/562/562 563/563/563
f 525/525/525 563/563/563 526/526/526
f 526/526/526 563/563/563 564/564/564
f 526/526/526 564/564/564 527/527/527
f 527/527/527 564/564/564 565/565/565
f 527/527/527 565/565/565 528/528/528
f 528/528/528 565/565/565 566/566/566
f 528/528/528 566/566/566 529/529/529
f 529/529/529 566/566/566 567/567/567
f 529/529/529 567/567/567 530/530/530
f 530/530/530 567/567/567 568/568/568
f 530/530/530 568/568/568 531/531/531
f 531/531/531 568/568/568 569/569/569
f 531/531/531 569/569/569 532/532/532
f 532/532/532 569/569/569 570/570/570
f 532/532/532 570/570/570 533/533/533
f 533/533/533 570/570/570 571/571/571
f 533/533/533 571/571/571 534/534/534
f 534/534/534 571/571/571 572/572/572
f 534/534/534 572/572/572 535/535/535
f 535/535/535 572/572/572 573/573/573
f 535/535/535 573/573/573 536/536/536
f 536/536/536 573/573/573 574/574/574
f 536/536/536 574/574/574 537/537/537
f 537/537/537 574/574/574 575/575/575
f 537/537/537 575/575/575 538/538/538
f 538/538/538 575/575/575 576/576/576
f 538/538/538 576/576/576 539/539/539
f 539/539/539 576/576/576 577/577/577
f 539/539/539 577/577/577 540/540/540
f 540/540/540 577/577/577 578/578/578
f 540/540/540 578/578/578 541/541/541
f 541/541/541 578/578/578 579/579/579
f 541/541/541 579/579/579 542/542/542
f 542/542/542 579/579/579 580/580/580
f 542/542/542 580/580/580 543/543/543
f 543/543/543 580/580/580 581/581/581
f 543/543/543 581/581/581 544/544/544
f 544/544/544 581/581/581 582/582/582
f 544/544/544 582/582/582 545/545/545
f 545/545/545 582/582/582 583/583/583
f 545/545/545 583/583/583 546/546/546
f 546/546/546 583/583/583 584/584/584
f 546/546/546 584/584/584 547/547/547
f 547/547/547 584/584/584 585/585/585
f 547/547/547 585/585/585 548/548/548
f 548/548/548 585/585/585 586/586/586
f 548/548/548 586/586/586 549/549/549
f 549/549/549 586/586/586 587/587/587
f 549/549/549 587/587/587 550/550/550
f 550/550/550 587/587/587 588/588/588
f 550/550/550 588/588/588 551/551/551
f 551/551/551 588/588/588 589/589/589
f 551/551/551 589/589/589 552/552/552
f 552/552/552 589/589/589 590/590/590
f 552/552/552 590/590/590 553/553/553
f 553/553/553 590/590/590 591/591/591
f 553/553/553 591/591/591 554/554/554
f 554/554/554 591/591/591 592/592/592
f 554/554/554 592/592/592 555/555/555
f 556/556/556 593/593/593 594/594/594
f 556/556/556 594/594/594 557/557/557
f 557/557/557 594/594/594 595/595/595
f 557/557/557 595/595/595 558/558/558
f 558/558/558 595/595/595 596/596/596
f 558/558/558 596/596/596 559/559/559
f 559/559/559 596/596/596 597/597/597
f 559/559/559 597/597/597 560/560/560
f 560/560/560 597/597/597 598/598/598
f 560/560/560 598/598/598 561/561/561
f 561/561/561 598/598/598 599/599/599
f 561/561/561 599/599/599 562/562/562
f 562/562/562 599/599/599 600/600/600
f 562/562/562 600/600/600 563/563/563
f 563/563/563 600/600/600 601/601/601
f 563/563/563 601/601/601 564/564/564
f 564/564/564 601/601/601 602/602/602
f 564/564/564 602/602/602 565/565/565
f 565/565/565 602/602/602 603/603/603
f 565/565/565 603/603/603 566/566/566
f 566/566/566 603/603/603 604/604/604
f 566/566/566 604/604/604 567/567/567
f 567/567/567 604/604/604 605/605/605
f 567/567/567 605/605/605 568/568/568
f 568/568/568 605/605/605 606/606/606
f 568/568/568 606/606/606 569/569/569
f 569/569/569 606/606/606 607/607/607
f 569/569/569 607/607/607 570/570/570
f 570/570/570 607/607/607 608/608/608
f 570/570/570 608/608/608 571/571/571
f 571/571/571 608/608/608 609/609/609
f 571/571/571 609/609/609 572/572/572
f 572/572/572 609/609/609 610/610/610
f 572/572/572 610/610/610 573/573/573
f 573/573/573 610/610/610 611/611/611
f 573/573/573 611/611/611 574/574/574
f 574/574/574 611/611/611 612/612/612
f 574/574/574 612/612/612 575/575/575
f 575/575/575 612/612/612 613/613/613
f 575/575/575 613/613/613 576/576/576
f 576/576/576 613/613/613 614/614/614
f 576/576/576 614/614/614 577/577/577
f 577/577/577 614/614/614 615/615/615
f 577/577/577 615/615/615 578/578/578
f 578/578/578 615/615/615 616/616/616
f 578/578/578 616/616/616 579/579/579
f 579/579/579 616/616/616 617/617/617
f 579/579/579 617/617/617 580/580/580
f 580/580/580 617/617/617 618/618/618
f 580/580/580 618/618/618 581/581/581
f 581/581/581 618/618/618 619/619/619
f 581/581/581 619/619/619 582/582/582
f 582/582/582 619/619/619 620/620/620
f 582/582/582 620/620/620 583/583/583
f 583/583/583 620/620/620 621/621/621
f 583/583/583 621/621/621 584/584/584
f 584/584/584 621/621/621 622/622/622
f 584/584/584 622/622/622 585/585/585
f 585/585/585 622/622/622 623/623/623
f 585/585/585 623/623/623 586/586/586
f 586/586/586 623/623/623 624/624/624
f 586/586/586 624/624/624 587/587/587
f 587/587/587 624/624/624 625/625/625
f 587/587/587 625/625/625 588/588/588
f 588/588/588 625/625/625 626/626/626
f 588/588/588 626/626/626 589/589/589
f 589/589/589 626/626/626 627/627/627
f 589/589/589 627/627/627 590/590/590
f 590/590/590 627/627/627 628/628/628
f 590/590/590 628/628/628 591/591/591
f 591/591/591 628/628/628 629/629/629
f 591/591/591 629/629/629 592/592/592
f 593/593/593 630/630/630 631/631/631
f 593/593/593 631/631/631 594/594/594
f 594/594/594 631/631/631 632/632/632
f 594/594/594 632/632/632 595/595/595
f 595/595/595 632/632/632 633/633/633
f 595/595/595 633/633/633 596/596/596
f 596/596/596 633/633/633 634/634/634
f 596/596/596 634/634/634 597/597/597
f 597/597/597 634/634/634 635/635/635
f 597/597/597 635/635/635 598/598/598
f 598/598/598 635/635/635 636/636/636
f 598/598/598 636/636/636 599/599/599
f 599/599/599 636/636/636 637/637/637
f 599/599/599 637/637/637 600/600/600
f 600/600/600 637/637/637 638/638/638
f 600/600/600 638/638/638 601/601/601
f 601/601/601 638/638/638 639/639/639
f 601/601/601 639/639/639 602/602/602
f 602/602/602 639/639/639 640/640/640
f 602/602/602 640/640/640 603/603/603
f 603/603/603 640/640/640 641/641/641
f 603/603/603 641/641/641 604/604/604
f 604/604/604 641/641/641 642/642/642
f 604/604/604 642/642/642 605/605/605
f 605/605/605 642/642/642 643/643/643
f 605/605/605 643/643/643 606/606/606
f 606/606/606 643/643/643 644/644/644
f 606/606/606 644/644/644 607/607/607
f 607/607/607 644/644/644 645/645/645
f 607/607/607 645/645/645 608/608/608
f 608/608/608 645/645/645 646/646/646
f 608/608/608 646/646/646 609/609/609
f 609/609/609 646/646/646 647/647/647
f 609/609/609 647/647/647 610/610/610
f 610/610/610 647/647/647 648/648/648
f 610/610/610 648/648/648 611/611/611
f 611/611/611 648/648/648 649/649/649
f 611/611/611 649/649/649 612/612/612
f 612/612/612 649/649/649 650/650/650
f 612/612/612 650/650/650 613/613/613
f 613/613/613 650/650/650 651/651/651
f 613/613/613 651/651/651 614/614/614
f 614/614/614 651/651/651 652/652/652
f 614/614/614 652/652/652 615/615/615
f 615/615/615 652/652/652 653/653/653
f 615/615/615 653/653/653 616/616/616
f 616/616/616 653/653/653 654/654/654
f 616/616/616 654/654/654 617/617/617
f 617/617/617 654/654/654 655/655/655
f 617/617/617 655/655/655 618/618/618
f 618/618/618 655/655/655 656/656/656
f 618/618/618 656/656/656 619/619/619
f 619/619/619 656/656/656 657/657/657
f 619/619/619 657/657/657 620/620/620
f 620/620/620 657/657/657 658/658/658
f 620/620/620 658/658/658 621/621/621
f 621/621/621 658/658/658 659/659/659
f 621/621/621 659/659/659 622/622/622
f 622/622/622 659/659/659 660/660/660
f 622/622/622 660/660/660 623/623/623
f 623/623/623 660/660/660 661/661/661
f 623/623/623 661/661/661 624/624/624
f 624/624/624 661/661/661 662/662/662
f 624/624/624 662/662/662 625/625/625
f 625/625/625 662/662/662 663/663/663
f 625/625/625 663/663/663 626/626/626
f 626/626/626 663/663/663 664/664/664
f 626/626/626 664/664/664 627/627/627
f 627/627/627 664/664/664 665/665/665
f 627/627/627 665/665/665 628/628/628
f 628/628/628 665/665/665 666/666/666
f 628/628/628 666/666/666 629/629/629
f 630/630/630 667/667/667 668/668/668
f 630/630/630 668/668/668 631/631/631
f 631/631/631 668/668/668 669/669/669
f 631/631/631 669/669/669 632/632/632
f 632/632/632 669/669/669 670/670/670
f 632/632/632 670/670/670 633/633/633
f 633/633/633 670/670/670 671/671/671
f 633/633/633 671/671/671 634/634/634
f 634/634/634 671/671/671 672/672/672
f 634/634/634 672/672/672 635/635/635
f 635/635/635 672/672/672 673/673/673
f 635/635/635 673/673/673 636/636/636
f 636/636/636 673/673/673 674/674/674
f 636/636/636 674/674/674 637/637/637
f 637/637/637 674/674/674 675/675/675
f 637/637/637 675/675/675 638/638/638
f 638/638/638 675/675/675 676/676/676
f 638/638/638 676/676/676 639/639/639
f 639/639/639 676/676/676 677/677/677
f 639/639/639 677/677/677 640/640/640
f 640/640/640 677/677/677 678/678/678
f 640/640/640 678/678/678 641/641/641
f 641/641/641 678/678/678 679/679/679
f 641/641/641 679/679/679 642/642/642
f 642/642/642 679/679/679 680/680/680
f 642/642/642 680/680/680 643/643/643
f 643/643/643 680/680/680 681/681/681
f 643/643/643 681/681/681 644/644/644
f 644/644/644 681/681/681 682/682/682
f 644/644/644 682/682/682 645/645/645
f 645/645/645 682/682/682 683/683/683
f 645/645/645 683/683/683 646/646/646
f 646/646/646 683/683/683 684/684/684
f 646/646/646 684/684/684 647/647/647
f 647/647/647 684/684/684 685/685/685
f 647/647/647 685/685/685 648/648/648
f 648/648/648 685/685/685 686/686/686
f 648/648/648 686/686/686 649/649/649
f 649/649/649 686/686/686 687/687/687
f 649/649/649 687/687/687 650/650/650
f 650/650/650 687/687/687 688/688/688
f 650/650/650 688/688/688 651/651/651
f 651/651/651 688/688/688 689/689/689
f 651/651/651 689/689/689 652/652/652
f 652/652/652 689/689/689 690/690/690
f 652/652/652 690/690/690 653/653/653
f 653/653/653 690/690/690 691/691/691
f 653/653/653 691/691/691 654/654/654
f 654/654/654 691/691/691 692/692/692
f 654/654/654 692/692/692 655/655/655
f 655/655/655 692/692/692 693/693/693
f 655/655/655 693/693/693 656/656/656
f 656/656/656 693/693/693 694/694/694
f 656/656/656 694/694/694 657/657/657
f 657/657/657 694/694/694 695/695/695
f 657/657/657 695/695/695 658/658/658
f 658/658/658 695/695/695 696/696/696
f 658/658/658 696/696/696 659/659/659
f 659/659/659 696/696/696 697/697/697
f 659/659/659 697/697/697 660/660/660
f 660/660/660 697/697/697 698/698/698
f 660/660/660 698/698/698 661/661/661
f 661/661/661 698/698/698 699/699/699
f 661/661/661 699/699/699 662/662/662
f 662/662/662 699/699/699 700/700/700
f 662/662/662 700/700/700 663/663/663
f 663/663/663 700/700/700 701/701/701
f 663/663/663 701/701/701 664/664/664
f 664/664/664 701/701/701 702/702/702
f 664/664/664 702/702/702 665/665/665
f 665/665/665 702/702/702 703/703/703
f 665/665/665 703/703/703 666/666/666
f 667/667/667 704/704/704 705/705/705
f 667/667/667 705/705/705 668/668/668
f 668/668/668 705/705/705 706/706/706
f 668/668/668 706/706/706 669/669/669
f 669/669/669 706/706/706 707/707/707
f 669/669/669 707/707/707 670/670/670
f 670/670/670 707/707/707 708/708/708
f 670/670/670 708/708/708 671/671/671
f 671/671/671 708/708/708 709/709/709
f 671/671/671 709/709/709 672/672/672
f 672/672/672 709/709/709 710/710/710
f 672/672/672 710/710/710 673/673/673
f 673/673/673 710/710/710 711/711/711
f 673/673/673 711/711/711 674/674/674
f 674/674/674 711/711/711 712/712/712
f 674/674/674 712/712/712 675/675/675
f 675/675/675 712/712/712 713/713/713
f 675/675/675 713/713/713 676/676/676
f 676/676/676 713/713/713 714/714/714
f 676/676/676 714/714/714 677/677/677
f 677/677/677 714/714/714 715/715/715
f 677/677/677 715/715/715 678/678/678
f 678/678/678 715/715/715 716/716/716
f 678/678/678 716/716/716 679/679/679
f 679/679/679 716/716/716 717/717/717
f 679/679/679 717/717/717 680/680/680
f 680/680/680 717/717/717 718/718/718
f 680/680/680 718/718/718 681/681/681
f 681/681/681 718/718/718 719/719/719
f 681/681/681 719/719/719 682/682/682
f 682/682/682 719/719/719 720/720/720
f 682/682/682 720/720/720 683/683/683
f 683/683/683 720/720/720 721/721/721
f 683/683/683 721/721/721 684/684/684
f 684/684/684 721/721/721 722/722/722
f 684/684/684 722/722/722 685/685/685
f 685/685/685 722/722/722 723/723/723
f 685/685/685 723/723/723 686/686/686
f 686/686/686 723/723/723 724/724/724
f 686/686/686 724/724/724 687/687/687
f 687/687/687 724/724/724 725/725/725
f 687/687/687 725/725/725 688/688/688
f 688/688/688 725/725/725 726/726/726
f 688/688/688 726/726/726 689/689/689
f 689/689/689 726/726/726 727/727/727
f 689/689/689 727/727/727 690/690/690
f 690/690/690 727/727/727 728/728/728
f 690/690/690 728/728/728 691/691/691
f 691/691/691 728/728/728 729/729/729
f 691/691/691 729/729/729 692/692/692
f 692/692/692 729/729/729 730/730/730
f 692/692/692 730/730/730 693/693/693
f 693/693/693 730/730/730 731/731/731
f 693/693/693 731/731/731 694/694/694
f 694/694/694 731/731/731 732/732/732
f 694/694/694 732/732/732 695/695/695
f 695/695/695 732/732/732 733/733/733
f 695/695/695 733/733/733 696/696/696
f 696/696/696 733/733/733 734/734/734
f 696/696/696 734/734/734 697/697/697
f 697/697/697 734/734/734 735/735/735
f 697/697/697 735/735/735 698/698/698
f 698/698/698 735/735/735 736/736/736
f 698/698/698 736/736/736 699/699/699
f 699/699/699 736/736/736 737/737/737
f 699/699/699 737/737/737 700/700/700
f 700/700/700 737/737/737 738/738/738
f 700/700/700 738/738/738 701/701/701
f 701/701/701 738/738/738 739/739/739
f 701/701/701 739/739/739 702/702/702
f 702/702/702 739/739/739 740/740/740
f 702/702/702 740/740/740 703/703/703
f 704/704/704 741/741/741 742/742/742
f 704/704/704 742/742/742 705/705/705
f 705/705/705 742/742/742 743/743/743
f 705/705/705 743/743/743 706/706/706
f 706/706/706 743/743/743 744/744/744
f 706/706/706 744/744/744 707/707/707
f 707/707/707 744/744/744 745/745/745
f 707/707/707 745/745/745 708/708/708
f 708/708/708 745/745/745 746/746/746
f 708/708/708 746/746/746 709/709/709
f 709/709/709 746/746/746 747/747/747
f 709/709/709 747/747/747 710/710/710
f 710/710/710 747/747/747 748/748/748
f 710/710/710 748/748/748 711/711/711
f 711/711/711 748/748/748 749/749/749
f 711/711/711 749/749/749 712/712/712
f 712/712/712 749/749/749 750/750/750
f 712/712/712 750/750/750 713/713/713
f 713/713/713 750/750/750 751/751/751
f 713/713/713 751/751/751 714/714/714
f 714/714/714 751/751/751 752/752/752
f 714/714/714 752/752/752 715/715/715
f 715/715/715 752/752/752 753/753/753
f 715/715/715 753/753/753 716/716/716
f 716/716/716 753/753/753 754/754/754
f 716/716/716 754/754/754 717/717/717
f 717/717/717 754/754/754 755/755/755
f 717/717/717 755/755/755 718/718/718
f 718/718/718 755/755/755 756/756/756
f 718/718/718 756/756/756 719/719/719
f 719/719/719 756/756/756 757/757/757
f 719/719/719 757/757/757 720/720/720
f 720/720/720 757/757/757 758/758/758
f 720/720/720 758/758/758 721/721/721
f 721/721/721 758/758/758 759/759/759
f 721/721/721 759/759/759 722/722/722
f 722/722/722 759/759/759 760/760/760
f 722/722/722 760/760/760 723/723/723
f 723/723/723 760/760/760 761/761/761
f 723/723/723 761/761/761 724/724/724
f 724/724/724 761/761/761 762/762/762
f 724/724/724 762/762/762 725/725/725
f 725/725/725 762/762/762 763/763/763
f 725/725/725 763/763/763 726/726/726
f 726/726/726 763/763/763 764/764/764
f 726/726/726 764/764/764 727/727/727
f 727/727/727 764/764/764 765/765/765
f 727/727/727 765/765/765 728/728/728
f 728/728/728 765/765/765 766/766/766
f 728/728/728 766/766/766 729/729/729
f 729/729/729 766/766/766 767/767/767
f 729/729/729 767/767/767 730/730/730
f 730/730/730 767/767/767 768/768/768
f 730/730/730 768/768/768 731/731/731
f 731/731/731 768/768/768 769/769/769
f 731/731/731 769/769/769 732/732/732
f 732/732/732 769/769/769 770/770/770
f 732/732/732 770/770/770 733/733/733
f 733/733/733 770/770/770 771/771/771
f 733/733/733 771/771/771 734/734/734
f 734/734/734 771/771/771 772/772/772
f 734/734/734 772/772/772 735/735/735
f 735/735/735 772/772/772 773/773/773
f 735/735/735 773/773/773 736/736/736
f 736/736/736 773/773/773 774/774/774
f 736/736/736 774/774/774 737/737/737
f 737/737/737 774/774/774 775/775/775
f 737/737/737 775/775/775 738/738/738
f 738/738/738 775/775/775 776/776/776
f 738/738/738 776/776/776 739/739/739
f 739/739/739 776/776/776 777/777/777
f 739/739/739 777/777/777 740/740/740
f 741/741/741 778/778/778 779/779/779
f 741/741/741 779/779/779 742/742/742
f 742/742/742 779/779/779 780/780/780
f 742/742/742 780/780/780 743/743/743
f 743/743/743 780/780/780 781/781/781
f 743/743/743 781/781/781 744/744/744
f 744/744/744 781/781/781 782/782/782
f 744/744/744 782/782/782 745/745/745
f 745/745/745 782/782/782 783/783/783
f 745/745/745 783/783/783 746/746/746
f 746/746/746 783/783/783 784/784/784
f 746/746/746 784/784/784 747/747/747
f 747/747/747 784/784/784 785/785/785
f 747/747/747 785/785/785 748/748/748
f 748/748/748 785/785/785 786/786/786
f 748/748/748 786/786/786 749/749/749
f 749/749/749 786/786/786 787/787/787
f 749/749/749 787/787/787 750/750/750
f 750/750/750 787/787/787 788/788/788
f 750/750/750 788/788/788 751/751/751
f 751/751/751 788/788/788 789/789/789
f 751/751/751 789/789/789 752/752/752
f 752/752/752 789/789/789 790/790/790
f 752/752/752 790/790/790 753/753/753
f 753/753/753 790/790/790 791/791/791
f 753/753/753 791/791/791 754/754/754
f 754/754/754 791/791/791 792/792/792
f 754/754/754 792/792/792 755/755/755
f 755/755/755 792/792/792 793/793/793
f 755/755/755 793/793/793 756/756/756
f 756/756/756 793/793/793 794/794/794
f 756/756/756 794/794/794 757/757/757
f 757/757/757 794/794/794 795/795/795
f 757/757/757 795/795/795 758/758/758
f 758/758/758 795/795/795 796/796/796
f 758/758/758 796/796/796 759/759/759
f 759/759/759 796/796/796 797/797/797
f 759/759/759 797/797/797 760/760/760
f 760/760/760 797/797/797 798/798/798
f 760/760/760 798/798/798 761/761/761
f 761/761/761 798/798/798 799/799/799
f 761/761/761 799/799/799 762/762/762
f 762/762/762 799/799/799 800/800/800
f 762/762/762 800/800/800 763/763/763
f 763/763/763 800/800/800 801/801/801
f 763/763/763 801/801/801 764/764/764
f 764/764/764 801/801/801 802/802/802
f 764/764/764 802/802/802 765/765/765
f 765/765/765 802/802/802 803/803/803
f 765/765/765 803/803/803 766/766/766
f 766/766/766 803/803/803 804/804/804
f 766/766/766 804/804/804 767/767/767
f 767/767/767 804/804/804 805/805/805
f 767/767/767 805/805/805 768/768/768
f 768/768/768 805/805/805 806/806/806
f 768/768/768 806/806/806 769/769/769
f 769/769/769 806/806/806 807/807/807
f 769/769/769 807/807/807 770/770/770
f 770/770/770 807/807/807 808/808/808
f 770/770/770 808/808/808 771/771/771
f 771/771/771 808/808/808 809/809/809
f 771/771/771 809/809/809 772/772/772
f 772/772/772 809/809/809 810/810/810
f 772/772/772 810/810/810 773/773/773
f 773/773/773 810/810/810 811/811/811
f 773/773/773 811/811/811 774/774/774
f 774/774/774 811/811/811 812/812/812
f 774/774/774 812/812/812 775/775/775
f 775/775/775 812/812/812 813/813/813
f 775/775/775 813/813/813 776/776/776
f 776/776/776 813/813/813 814/814/814
f 776/776/776 814/814/814 777/777/777
f 778/778/778 815/815/815 816/816/816
f 778/778/778 816/816/816 779/779/779
f 779/779/779 816/816/816 817/817/817
f 779/779/779 817/817/817 780/780/780
f 780/780/780 817/817/817 818/818/818
f 780/780/780 818/818/818 781/781/781
f 781/781/781 818/818/818 819/819/819
f 781/781/781 819/819/819 782/782/782
f 782/782/782 819/819/819 820/820/820
f 782/782/782 820/820/820 783/783/783
f 783/783/783 820/820/820 821/821/821
f 783/783/783 821/821/821 784/784/784
f 784/784/784 821/821/821 822/822/822
f 784/784/784 822/822/822 785/785/785
f 785/785/785 822/822/822 823/823/823
f 785/785/785 823/823/823 786/786/786
f 786/786/786 823/823/823 824/824/824
f 786/786/786 824/824/824 787/787/787
f 787/787/787 824/824/824 825/825/825
f 787/787/787 825/825/825 788/788/788
f 788/788/788 825/825/825 826/826/826
f 788/788/788 826/826/826 789/789/789
f 789/789/789 826/826/826 827/827/827
f 789/789/789 827/827/827 790/790/790
f 790/790/790 827/827/827 828/828/828
f 790/790/790 828/828/828 791/791/791
f 791/791/791 828/828/828 829/829/829
f 791/791/791 829/829/829 792/792/792
f 792/792/792 829/829/829 830/830/830
f 792/792/792 830/830/830 793/793/793
f 793/793/793 830/830/830 831/831/831
f 793/793/793 831/831/831 794/794/794
f 794/794/794 831/831/831 832/832/832
f 794/794/794 832/832/832 795/795/795
f 795/795/795 832/832/832 833/833/833
f 795/795/795 833/833/833 796/796/796
f 796/796/796 833/833/833 834/834/834
f 796/796/796 834/834/834 797/797/797
f 797/797/797 834/834/834 835/835/835
f 797/797/797 835/835/835 798/798/798
f 798/798/798 835/835/835 836/836/836
f 798/798/798 836/836/836 799/799/799
f 799/799/799 836/836/836 837/837/837
f 799/799/799 837/837/837 800/800/800
f 800/800/800 837/837/837 838/838/838
f 800/800/800 838/838/838 801/801/801
f 801/801/801 838/838/838 839/839/839
f 801/801/801 839/839/839 802/802/802
f 802/802/802 839/839/839 840/840/840
f 802/802/802 840/840/840 803/803/803
f 803/803/803 840/840/840 841/841/841
f 803/803/803 841/841/841 804/804/804
f 804/804/804 841/841/841 842/842/842
f 804/804/804 842/842/842 805/805/805
f 805/805/805 842/842/842 843/843/843
f 805/805/805 843/843/843 806/806/806
f 806/806/806 843/843/843 844/844/844
f 806/806/806 844/844/844 807/807/807
f 807/807/807 844/844/844 845/845/845
f 807/807/807 845/845/845 808/808/808
f 808/808/808 845/845/845 846/846/846
f 808/808/808 846/846/846 809/809/809
f 809/809/809 846/846/846 847/847/847
f 809/809/809 847/847/847 810/810/810
f 810/810/810 847/847/847 848/848/848
f 810/810/810 848/848/848 811/811/811
f 811/811/811 848/848/848 849/849/849
f 811/811/811 849/849/849 812/812/812
f 812/812/812 849/849/849 850/850/850
f 812/812/812 850/850/850 813/813/813
f 813/813/813 850/850/850 851/851/851
f 813/813/813 851/851/851 814/814/814
f 815/815/815 852/852/852 853/853/853
f 815/815/815 853/853/853 816/816/816
f 816/816/816 853/853/853 854/854/854
f 816/816/816 854/854/854 817/817/817
f 817/817/817 854/854/854 855/855/855
f 817/817/817 855/855/855 818/818/818
f 818/818/818 855/855/855 856/856/856
f 818/818/818 856/856/856 819/819/819
f 819/819/819 856/856/856 857/857/857
f 819/819/819 857/857/857 820/820/820
f 820/820/820 857/857/857 858/858/858
f 820/820/820 858/858/858 821/821/821
f 821/821/821 858/858/858 859/859/859
f 821/821/821 859/859/859 822/822/822
f 822/822/822 859/859/859 860/860/860
f 822/822/822 860/860/860 823/823/823
f 823/823/823 860/860/860 861/861/861
f 823/823/823 861/861/861 824/824/824
f 824/824/824 861/861/861 862/862/862
f 824/824/824 862/862/862 825/825/825
f 825/825/825 862/862/862 863/863/863
f 825/825/825 863/863/863 826/826/826
f 826/826/826 863/863/863 864/864/864
f 826/826/826 864/864/864 827/827/827
f 827/827/827 864/864/864 865/865/865
f 827/827/827 865/865/865 828/828/828
f 828/828/828 865/865/865 866/866/866
f 828/828/828 866/866/866 829/829/829
f 829/829/829 866/866/866 867/867/867
f 829/829/829 867/867/867 830/830/830
f 830/830/830 867/867/867 868/868/868
f 830/830/830 868/868/868 831/831/831
f 831/831/831 868/868/868 869/869/869
f 831/831/831 869/869/869 832/832/832
f 832/832/832 869/869/869 870/870/870
f 832/832/832 870/870/870 833/833/833
f 833/833/833 870/870/870 871/871/871
f 833/833/833 871/871/871 834/834/834
f 834/834/834 871/871/871 872/872/872
f 834/834/834 872/872/872 835/835/835
f 835/835/835 872/872/872 873/873/873
f 835/835/835 873/873/873 836/836/836
f 836/836/836 873/873/873 874/874/874
f 836/836/836 874/874/874 837/837/837
f 837/837/837 874/874/874 875/875/875
f 837/837/837 875/875/875 838/838/838
f 838/838/838 875/875/875 876/876/876
f 838/838/838 876/876/876 839/839/839
f 839/839/839 876/876/876 877/877/877
f 839/839/839 877/877/877 840/840/840
f 840/840/840 877/877/877 878/878/878
f 840/840/840 878/878/878 841/841/841
f 841/841/841 878/878/878 879/879/879
f 841/841/841 879/879/879 842/842/842
f 842/842/842 879/879/879 880/880/880
f 842/842/842 880/880/880 843/843/843
f 843/843/843 880/880/880 881/881/881
f 843/843/843 881/881/881 844/844/844
f 844/844/844 881/881/881 882/882/882
f 844/844/844 882/882/882 845/845/845
f 845/845/845 882/882/882 883/883/883
f 845/845/845 883/883/883 846/846/846
f 846/846/846 883/883/883 884/884/884
f 846/846/846 884/884/884 847/847/847
f 847/847/847 884/884/884 885/885/885
f 847/847/847 885/885/885 848/848/848
f 848/848/848 885/885/885 886/886/886
f 848/848/848 886/886/886 849/849/849
f 849/849/849 886/886/886 887/887/887
f 849/849/849 887/887/887 850/850/850
f 850/850/850 887/887/887 888/888/888
f 850/850/850 888/888/888 851/851/851
f 852/852/852 889/889/889 890/890/890
f 852/852/852 890/890/890 853/853/853
f 853/853/853 890/890/890 891/891/891
f 853/853/853 891/891/891 854/854/854
f 854/854/854 891/891/891 892/892/892
f 854/854/854 892/892/892 855/855/855
f 855/855/855 892/892/892 893/893/893
f 855/855/855 893/893/893 856/856/856
f 856/856/856 893/893/893 894/894/894
f 856/856/856 894/894/894 857/857/857
f 857/857/857 894/894/894 895/895/895
f 857/857/857 895/895/895 858/858/858
f 858/858/858 895/895/895 896/896/896
f 858/858/858 896/896/896 859/859/859
f 859/859/859 896/896/896 897/897/897
f 859/859/859 897/897/897 860/860/860
f 860/860/860 897/897/897 898/898/898
f 860/860/860 898/898/898 861/861/861
f 861/861/861 898/898/898 899/899/899
f 861/861/861 899/899/899 862/862/862
f 862/862/862 899/899/899 900/900/900
f 862/862/862 900/900/900 863/863/863
f 863/863/863 900/900/900 901/901/901
f 863/863/863 901/901/901 864/864/864
f 864/864/864 901/901/901 902/902/902
f 864/864/864 902/902/902 865/865/865
f 865/865/865 902/902/902 903/903/903
f 865/865/865 903/903/903 866/866/866
f 866/866/866 903/903/903 904/904/904
f 866/866/866 904/904/904 867/867/867
f 867/867/867 904/904/904 905/905/905
f 867/867/867 905/905/905 868/868/868
f 868/868/868 905/905/905 906/906/906
f 868/868/868 906/906/906 869/869/869
f 869/869/869 906/906/906 907/907/907
f 869/869/869 907/907/907 870/870/870
f 870/870/870 907/907/907 908/908/908
f 870/870/870 908/908/908 871/871/871
f 871/871/871 908/908/908 909/909/909
f 871/871/871 909/909/909 872/872/872
f 872/872/872 909/909/909 910/910/910
f 872/872/872 910/910/910 873/873/873
f 873/873/873 910/910/910 911/911/911
f 873/873/873 911/911/911 874/874/874
f 874/874/874 911/911/911 912/912/912
f 874/874/874 912/912/912 875/875/875
f 875/875/875 912/912/912 913/913/913
f 875/875/875 913/913/913 876/876/876
f 876/876/876 913/913/913 914/914/914
f 876/876/876 914/914/914 877/877/877
f 877/877/877 914/914/914 915/915/915
f 877/877/877 915/915/915 878/878/878
f 878/878/878 915/915/915 916/916/916
f 878/878/878 916/916/916 879/879/879
f 879/879/879 916/916/916 917/917/917
f 879/879/879 917/917/917 880/880/880
f 880/880/880 917/917/917 918/918/918
f 880/880/880 918/918/918 881/881/881
f 881/881/881 918/918/918 919/919/919
f 881/881/881 919/919/919 882/882/882
f 882/882/882 919/919/919 920/920/920
f 882/882/882 920/920/920 883/883/883
f 883/883/883 920/920/920 921/921/921
f 883/883/883 921/921/921 884/884/884
f 884/884/884 921/921/921 922/922/922
f 884/884/884 922/922/922 885/885/885
f 885/885/885 922/922/922 923/923/923
f 885/885/885 923/923/923 886/886/886
f 886/886/886 923/923/923 924/924/924
f 886/886/886 924/924/924 887/887/887
f 887/887/887 924/924/924 925/925/925
f 887/887/887 925/925/925 888/888/888
f 889/889/889 926/926/926 927/927/927
f 889/889/889 927/927/927 890/890/890
f 890/890/890 927/927/927 928/928/928
f 890/890/890 928/928/928 891/891/891
f 891/891/891 928/928/928 929/929/929
f 891/891/891 929/929/929 892/892/892
f 892/892/892 929/929/929 930/930/930
f 892/892/892 930/930/930 893/893/893
f 893/893/893 930/930/930 931/931/931
f 893/893/893 931/931/931 894/894/894
f 894/894/894 931/931/931 932/932/932
f 894/894/894 932/932/932 895/895/895
f 895/895/895 932/932/932 933/933/933
f 895/895/895 933/933/933 896/896/896
f 896/896/896 933/933/933 934/934/934
f 896/896/896 934/934/934 897/897/897
f 897/897/897 934/934/934 935/935/935
f 897/897/897 935/935/935 898/898/898
f 898/898/898 935/935/935 936/936/936
f 898/898/898 936/936/936 899/899/899
f 899/899/899 936/936/936 937/937/937
f 899/899/899 937/937/937 900/900/900
f 900/900/900 937/937/937 938/938/938
f 900/900/900 938/938/938 901/901/901
f 901/901/901 938/938/938 939/939/939
f 901/901/901 939/939/939 902/902/902
f 902/902/902 939/939/939 940/940/940
f 902/902/902 940/940/940 903/903/903
f 903/903/903 940/940/940 941/941/941
f 903/903/903 941/941/941 904/904/904
f 904/904/904 941/941/941 942/942/942
f 904/904/904 942/942/942 905/905/905
f 905/905/905 942/942/942 943/943/943
f 905/905/905 943/943/943 906/906/906
f 906/906/906 943/943/943 944/944/944
f 906/906/906 944/944/944 907/907/907
f 907/907/907 944/944/944 945/945/945
f 907/907/907 945/945/945 908/908/908
f 908/908/908 945/945/945 946/946/946
f 908/908/908 946/946/946 909/909/909
f 909/909/909 946/946/946 947/947/947
f 909/909/909 947/947/947 910/910/910
f 910/910/910 947/947/947 948/948/948
f 910/910/910 948/948/948 911/911/911
f 911/911/911 948/948/948 949/949/949
f 911/911/911 949/949/949 912/912/912
f 912/912/912 949/949/949 950/950/950
f 912/912/912 950/950/950 913/913/913
f 913/913/913 950/950/950 951/951/951
f 913/913/913 951/951/951 914/914/914
f 914/914/914 951/951/951 952/952/952
f 914/914/914 952/952/952 915/915/915
f 915/915/915 952/952/952 953/953/953
f 915/915/915 953/953/953 916/916/916
f 916/916/916 953/953/953 954/954/954
f 916/916/916 954/954/954 917/917/917
f 917/917/917 954/954/954 955/955/955
f 917/917/917 955/955/955 918/918/918
f 918/918/918 955/955/955 956/956/956
f 918/918/918 956/956/956 919/919/919
f 919/919/919 956/956/956 957/957/957
f 919/919/919 957/957/957 920/920/920
f 920/920/920 957/957/957 958/958/958
f 920/920/920 958/958/958 921/921/921
f 921/921/921 958/958/958 959/959/959
f 921/921/921 959/959/959 922/922/922
f 922/922/922 959/959/959 960/960/960
f 922/922/922 960/960/960 923/923/923
f 923/923/923 960/960/960 961/961/961
f 923/923/923 961/961/961 924/924/924
f 924/924/924 961/961/961 962/962/962
f 924/924/924 962/962/962 925/925/925
f 926/926/926 963/963/963 964/964/964
f 926/926/926 964/964/964 927/927/927
f 927/927/927 964/964/964 965/965/965
f 927/927/927 965/965/965 928/928/928
f 928/928/928 965/965/965 966/966/966
f 928/928/928 966/966/966 929/929/929
f 929/929/929 966/966/966 967/967/967
f 929/929/929 967/967/967 930/930/930
f 930/930/930 967/967/967 968/968/968
f 930/930/930 968/968/968 931/931/931
f 931/931/931 968/968/968 969/969/969
f 931/931/931 969/969/969 932/932/932
f 932/932/932 969/969/969 970/970/970
f 932/932/932 970/970/970 933/933/933
f 933/933/933 970/970/970 971/971/971
f 933/933/933 971/971/971 934/934/934
f 934/934/934 971/971/971 972/972/972
f 934/934/934 972/972/972 935/935/935
f 935/935/935 972/972/972 973/973/973
f 935/935/935 973/973/973 936/936/936
f 936/936/936 973/973/973 974/974/974
f 936/936/936 974/974/974 937/937/937
f 937/937/937 974/974/974 975/975/975
f 937/937/937 975/975/975 938/938/938
f 938/938/938 975/975/975 976/976/976
f 938/938/938 976/976/976 939/939/939
f 939/939/939 976/976/976 977/977/977
f 939/939/939 977/977/977 940/940/940
f 940/940/940 977/977/977 978/978/978
f 940/940/940 978/978/978 941/941/941
f 941/941/941 978/978/978 979/979/979
f 941/941/941 979/979/979 942/942/942
f 942/942/942 979/979/979 980/980/980
f 942/942/942 980/980/980 943/943/943
f 943/943/943 980/980/980 981/981/981
f 943/943/943 981/981/981 944/944/944
f 944/944/944 981/981/981 982/982/982
f 944/944/944 982/982/982 945/945/945
f 945/945/945 982/982/982 983/983/983
f 945/945/945 983/983/983 946/946/946
f 946/946/946 983/983/983 984/984/984
f 946/946/946 984/984/984 947/947/947
f 947/947/947 984/984/984 985/985/985
f 947/947/947 985/985/985 948/948/948
f 948/948/948 985/985/985 986/986/986
f 948/948/948 986/986/986 949/949/949
f 949/949/949 986/986/986 987/987/987
f 949/949/949 987/987/987 950/950/950
f 950/950/950 987/987/987 988/988/988
f 950/950/950 988/988/988 951/951/951
f 951/951/951 988/988/988 989/989/989
f 951/951/951 989/989/989 952/952/952
f 952/952/952 989/989/989 990/990/990
f 952/952/952 990/990/990 953/953/953
f 953/953/953 990/990/990 991/991/991
f 953/953/953 991/991/991 954/954/954
f 954/954/954 991/991/991 992/992/992
f 954/954/954 992/992/992 955/955/955
f 955/955/955 992/992/992 993/993/993
f 955/955/955 993/993/993 956/956/956
f 956/956/956 993/993/993 994/994/994
f 956/956/956 994/994/994 957/957/957
f 957/957/957 994/994/994 995/995/995
f 957/957/957 995/995/995 958/958/958
f 958/958/958 995/995/995 996/996/996
f 958/958/958 996/996/996 959/959/959
f 959/959/959 996/996/996 997/997/997
f 959/959/959 997/997/997 960/960/960
f 960/960/960 997/997/997 998/998/998
f 960/960/960 998/998/998 961/961/961
f 961/961/961 998/998/998 999/999/999
f 961/961/961 999/999/999 962/962/962
f 963/963/963 1000/1000/1000 1001/1001/1001
f 963/963/963 1001/1001/1001 964/964/964
f 964/964/964 1001/1001/1001 1002/1002/1002
f 964/964/964 1002/1002/1002 965/965/965
f 965/965/965 1002/1002/1002 1003/1003/1003
f 965/965/965 1003/1003/1003 966/966/966
f 966/966/966 1003/1003/1003 1004/1004/1004
f 966/966/966 1004/1004/1004 967/967/967
f 967/967/967 1004/1004/1004 1005/1005/1005
f 967/967/967 1005/1005/1005 968/968/968
f 968/968/968 1005/1005/1005 1006/1006/1006
f 968/968/968 1006/1006/1006 969/969/969
f 969/969/969 1006/1006/1006 1007/1007/1007
f 969/969/969 1007/1007/1007 970/970/970
f 970/970/970 1007/1007/1007 1008/1008/1008
f 970/970/970 1008/1008/1008 971/971/971
f 971/971/971 1008/1008/1008 1009/1009/1009
f 971/971/971 1009/1009/1009 972/972/972
f 972/972/972 1009/1009/1009 1010/1010/1010
f 972/972/972 1010/1010/1010 973/973/973
f 973/973/973 1010/1010/1010 1011/1011/1011
f 973/973/973 1011/1011/1011 974/974/974
f 974/974/974 1011/1011/1011 1012/1012/1012
f 974/974/974 1012/1012/1012 975/975/975
f 975/975/975 1012/1012/1012 1013/1013/1013
f 975/975/975 1013/1013/1013 976/976/976
f 976/976/976 1013/1013/1013 1014/1014/1014
f 976/976/976 1014/1014/1014 977/977/977
f 977/977/977 1014/1014/1014 1015/1015/1015
f 977/977/977 1015/1015/1015 978/978/978
f 978/978/978 1015/1015/1015 1016/1016/1016
f 978/978/978 1016/1016/1016 979/979/979
f 979/979/979 1016/1016/1016 1017/1017/1017
f 979/979/979 1017/1017/1017 980/980/980
f 980/980/980 1017/1017/1017 1018/1018/1018
f 980/980/980 1018/1018/1018 981/981/981
f 981/981/981 1018/1018/1018 1019/1019/1019
f 981/981/981 1019/1019/1019 982/982/982
f 982/982/982 1019/1019/1019 1020/1020/1020
f 982/982/982 1020/1020/1020 983/983/983
f 983/983/983 1020/1020/1020 1021/1021/1021
f 983/983/983 1021/1021/1021 984/984/984
f 984/984/984 1021/1021/1021 1022/1022/1022
f 984/984/984 1022/1022/1022 985/985/985
f 985/985/985 1022/1022/1022 1023/1023/1023
f 985/985/985 1023/1023/1023 986/986/986
f 986/986/986 1023/1023/1023 1024/1024/1024
f 986/986/986 1024/1024/1024 987/987/987
f 987/987/987 1024/1024/1024 1025/1025/1025
f 987/987/987 1025/1025/1025 988/988/988
f 988/988/988 1025/1025/1025 1026/1026/1026
f 988/988/988 1026/1026/1026 989/989/989
f 989/989/989 1026/1026/1026 1027/1027/1027
f 989/989/989 1027/1027/1027 990/990/990
f 990/990/990 1027/1027/1027 1028/1028/1028
f 990/990/990 1028/1028/1028 991/991/991
f 991/991/991 1028/1028/1028 1029/1029/1029
f 991/991/991 1029/1029/1029 992/992/992
f 992/992/992 1029/1029/1029 1030/1030/1030
f 992/992/992 1030/1030/1030 993/993/993
f 993/993/993 1030/1030/1030 1031/1031/1031
f 993/993/993 1031/1031/1031 994/994/994
f 994/994/994 1031/1031/1031 1032/1032/1032
f 994/994/994 1032/1032/1032 995/995/995
f 995/995/995 1032/1032/1032 1033/1033/1033
f 995/995/995 1033/1033/1033 996/996/996
f 996/996/996 1033/1033/1033 1034/1034/1034
f 996/996/996 1034/1034/1034 997/997/997
f 997/997/997 1034/1034/1034 1035/1035/1035
f 997/997/997 1035/1035/1035 998/998/998
f 998/998/998 1035/1035/1035 1036/1036/1036
f 998/998/998 1036/1036/1036 999/999/999
f 1000/1000/1000 1037/1037/1037 1038/1038/1038
f 1000/1000/1000 1038/1038/1038 1001/1001/1001
f 1001/1001/1001 1038/1038/1038 1039/1039/1039
f 1001/1001/1001 1039/1039/1039 1002/1002/1002
f 1002/1002/1002 1039/1039/1039 1040/1040/1040
f 1002/1002/1002 1040/1040/1040 1003/1003/1003
f 1003/1003/1003 1040/1040/1040 1041/1041/1041
f 1003/1003/1003 1041/1041/1041 1004/1004/1004
f 1004/1004/1004 1041/1041/1041 1042/1042/1042
f 1004/1004/1004 1042/1042/1042 1005/1005/1005
f 1005/1005/1005 1042/1042/1042 1043/1043/1043
f 1005/1005/1005 1043/1043/1043 1006/1006/1006
f 1006/1006/1006 1043/1043/1043 1044/1044/1044
f 1006/1006/1006 1044/1044/1044 1007/1007/1007
f 1007/1007/1007 1044/1044/1044 1045/1045/1045
f 1007/1007/1007 1045/1045/1045 1008/1008/1008
f 1008/1008/1008 1045/1045/1045 1046/1046/1046
f 1008/1008/1008 1046/1046/1046 1009/1009/1009
f 1009/1009/1009 1046/1046/1046 1047/1047/1047
f 1009/1009/1009 1047/1047/1047 1010/1010/1010
f 1010/1010/1010 1047/1047/1047 1048/1048/1048
f 1010/1010/1010 1048/1048/1048 1011/1011/1011
f 1011/1011/1011 1048/1048/1048 1049/1049/1049
f 1011/1011/1011 1049/1049/1049 1012/1012/1012
f 1012/1012/1012 1049/1049/1049 1050/1050/1050
f 1012/1012/1012 1050/1050/1050 1013/1013/1013
f 1013/1013/1013 1050/1050/1050 1051/1051/1051
f 1013/1013/1013 1051/1051/1051 1014/1014/1014
f 1014/1014/1014 1051/1051/1051 1052/1052/1052
f 1014/1014/1014 1052/1052/1052 1015/1015/1015
f 1015/1015/1015 1052/1052/1052 1053/1053/1053
f 1015/1015/1015 1053/1053/1053 1016/1016/1016
f 1016/1016/1016 1053/1053/1053 1054/1054/1054
f 1016/1016/1016 1054/1054/1054 1017/1017/1017
f 1017/1017/1017 1054/1054/1054 1055/1055/1055
f 1017/1017/1017 1055/1055/1055 1018/1018/1018
f 1018/1018/1018 1055/1055/1055 1056/1056/1056
f 1018/1018/1018 1056/1056/1056 1019/1019/1019
f 1019/1019/1019 1056/1056/1056 1057/1057/1057
f 1019/1019/1019 1057/1057/1057 1020/1020/1020
f 1020/1020/1020 1057/1057/1057 1058/1058/1058
f 1020/1020/1020 1058/1058/1058 1021/1021/1021
f 1021/1021/1021 1058/1058/1058 1059/1059/1059
f 1021/1021/1021 1059/1059/1059 1022/1022/1022
f 1022/1022/1022 1059/1059/1059 1060/1060/1060
f 1022/1022/1022 1060/1060/1060 1023/1023/1023
f 1023/1023/1023 1060/1060/1060 1061/1061/1061
f 1023/1023/1023 1061/1061/1061 1024/1024/1024
f 1024/1024/1024 1061/1061/1061 1062/1062/1062
f 1024/1024/1024 1062/1062/1062 1025/1025/1025
f 1025/1025/1025 1062/1062/1062 1063/1063/1063
f 1025/1025/1025 1063/1063/1063 1026/1026/1026
f 1026/1026/1026 1063/1063/1063 1064/1064/1064
f 1026/1026/1026 1064/1064/1064 1027/1027/1027
f 1027/1027/1027 1064/1064/1064 1065/1065/1065
f 1027/1027/1027 1065/1065/1065 1028/1028/1028
f 1028/1028/1028 1065/1065/1065 1066/1066/1066
f 1028/1028/1028 1066/1066/1066 1029/1029/1029
f 1029/1029/1029 1066/1066/1066 1067/1067/1067
f 1029/1029/1029 1067/1067/1067 1030/1030/1030
f 1030/1030/1030 1067/1067/1067 1068/1068/1068
f 1030/1030/1030 1068/1068/1068 1031/1031/1031
f 1031/1031/1031 1068/1068/1068 1069/1069/1069
f 1031/1031/1031 1069/1069/1069 1032/1032/1032
f 1032/1032/1032 1069/1069/1069 1070/1070/1070
f 1032/1032/1032 1070/1070/1070 1033/1033/1033
f 1033/1033/1033 1070/1070/1070 1071/1071/1071
f 1033/1033/1033 1071/1071/1071 1034/1034/1034
f 1034/1034/1034 1071/1071/1071 1072/1072/1072
f 1034/1034/1034 1072/1072/1072 1035/1035/1035
f 1035/1035/1035 1072/1072/1072 1073/1073/1073
f 1035/1035/1035 1073/1073/1073 1036/1036/1036
f 1037/1037/1037 1074/1074/1074 1075/1075/1075
f 1037/1037/1037 1075/1075/1075 1038/1038/1038
f 1038/1038/1038 1075/1075/1075 1076/1076/1076
f 1038/1038/1038 1076/1076/1076 1039/1039/1039
f 1039/1039/1039 1076/1076/1076 1077/1077/1077
f 1039/1039/1039 1077/1077/1077 1040/1040/1040
f 1040/1040/1040 1077/1077/1077 1078/1078/1078
f 1040/1040/1040 1078/1078/1078 1041/1041/1041
f 1041/1041/1041 1078/1078/1078 1079/1079/1079
f 1041/1041/1041 1079/1079/1079 1042/1042/1042
f 1042/1042/1042 1079/1079/1079 1080/1080/1080
f 1042/1042/1042 1080/1080/1080 1043/1043/1043
f 1043/1043/1043 1080/1080/1080 1081/1081/1081
f 1043/1043/1043 1081/1081/1081 1044/1044/1044
f 1044/1044/1044 1081/1081/1081 1082/1082/1082
f 1044/1044/1044 1082/1082/1082 1045/1045/1045
f 1045/1045/1045 1082/1082/1082 1083/1083/1083
f 1045/1045/1045 1083/1083/1083 1046/1046/1046
f 1046/1046/1046 1083/1083/1083 1084/1084/1084
f 1046/1046/1046 1084/1084/1084 1047/1047/1047
f 1047/1047/1047 1084/1084/1084 1085/1085/1085
f 1047/1047/1047 1085/1085/1085 1048/1048/1048
f 1048/1048/1048 1085/1085/1085 1086/1086/1086
f 1048/1048/1048 1086/1086/1086 1049/1049/1049
f 1049/1049/1049 1086/1086/1086 1087/1087/1087
f 1049/1049/1049 1087/1087/1087 1050/1050/1050
f 1050/1050/1050 1087/1087/1087 1088/1088/1088
f 1050/1050/1050 1088/1088/1088 1051/1051/1051
f 1051/1051/1051 1088/1088/1088 1089/1089/1089
f 1051/1051/1051 1089/1089/1089 1052/1052/1052
f 1052/1052/1052 1089/1089/1089 1090/1090/1090
f 1052/1052/1052 1090/1090/1090 1053/1053/1053
f 1053/1053/1053 1090/1090/1090 1091/1091/1091
f 1053/1053/1053 1091/1091/1091 1054/1054/1054
f 1054/1054/1054 1091/1091/1091 1092/1092/1092
f 1054/1054/1054 1092/1092/1092 1055/1055/1055
f 1055/1055/1055 1092/1092/1092 1093/1093/1093
f 1055/1055/1055 1093/1093/1093 1056/1056/1056
f 1056/1056/1056 1093/1093/1093 1094/1094/1094
f 1056/1056/1056 1094/1094/1094 1057/1057/1057
f 1057/1057/1057 1094/1094/1094 1095/1095/1095
f 1057/1057/1057 1095/1095/1095 1058/1058/1058
f 1058/1058/1058 1095/1095/1095 1096/1096/1096
f 1058/1058/1058 1096/1096/1096 1059/1059/1059
f 1059/1059/1059 1096/1096/1096 1097/1097/1097
f 1059/1059/1059 1097/1097/1097 1060/1060/1060
f 1060/1060/1060 1097/1097/1097 1098/1098/1098
f 1060/1060/1060 1098/1098/1098 1061/1061/1061
f 1061/1061/1061 1098/1098/1098 1099/1099/1099
f 1061/1061/1061 1099/1099/1099 1062/1062/1062
f 1062/1062/1062 1099/1099/1099 1100/1100/1100
f 1062/1062/1062 1100/1100/1100 1063/1063/1063
f 1063/1063/1063 1100/1100/1100 1101/1101/1101
f 1063/1063/1063 1101/1101/1101 1064/1064/1064
f 1064/1064/1064 1101/1101/1101 1102/1102/1102
f 1064/1064/1064 1102/1102/1102 1065/1065/1065
f 1065/1065/1065 1102/1102/1102 1103/1103/1103
f 1065/1065/1065 1103/1103/1103 1066/1066/1066
f 1066/1066/1066 1103/1103/1103 1104/1104/1104
f 1066/1066/1066 1104/1104/1104 1067/1067/1067
f 1067/1067/1067 1104/1104/1104 1105/1105/1105
f 1067/1067/1067 1105/1105/1105 1068/1068/1068
f 1068/1068/1068 1105/1105/1105 1106/1106/1106
f 1068/1068/1068 1106/1106/1106 1069/1069/1069
f 1069/1069/1069 1106/1106/1106 1107/1107/1107
f 1069/1069/1069 1107/1107/1107 1070/1070/1070
f 1070/1070/1070 1107/1107/1107 1108/1108/1108
f 1070/1070/1070 1108/1108/1108 1071/1071/1071
f 1071/1071/1071 1108/1108/1108 1109/1109/1109
f 1071/1071/1071 1109/1109/1109 1072/1072/1072
f 1072/1072/1072 1109/1109/1109 1110/1110/1110
f 1072/1072/1072 1110/1110/1110 1073/1073/1073
f 1074/1074/1074 1111/1111/1111 1112/1112/1112
f 1074/1074/1074 1112/1112/1112 1075/1075/1075
f 1075/1075/1075 1112/1112/1112 1113/1113/1113
f 1075/1075/1075 1113/1113/1113 1076/1076/1076
f 1076/1076/1076 1113/1113/1113 1114/1114/1114
f 1076/1076/1076 1114/1114/1114 1077/1077/1077
f 1077/1077/1077 1114/1114/1114 1115/1115/1115
f 1077/1077/1077 1115/1115/1115 1078/1078/1078
f 1078/1078/1078 1115/1115/1115 1116/1116/1116
f 1078/1078/1078 1116/1116/1116 1079/1079/1079
f 1079/1079/1079 1116/1116/1116 1117/1117/1117
f 1079/1079/1079 1117/1117/1117 1080/1080/1080
f 1080/1080/1080 1117/1117/1117 1118/1118/1118
f 1080/1080/1080 1118/1118/1118 1081/1081/1081
f 1081/1081/1081 1118/1118/1118 1119/1119/1119
f 1081/1081/1081 1119/1119/1119 1082/1082/1082
f 1082/1082/1082 1119/1119/1119 1120/1120/1120
f 1082/1082/1082 1120/1120/1120 1083/1083/1083
f 1083/1083/1083 1120/1120/1120 1121/1121/1121
f 1083/1083/1083 1121/1121/1121 1084/1084/1084
f 1084/1084/1084 1121/1121/1121 1122/1122/1122
f 1084/1084/1084 1122/1122/1122 1085/1085/1085
f 1085/1085/1085 1122/1122/1122 1123/1123/1123
f 1085/1085/1085 1123/1123/1123 1086/1086/1086
f 1086/1086/1086 1123/1123/1123 1124/1124/1124
f 1086/1086/1086 1124/1124/1124 1087/1087/1087
f 1087/1087/1087 1124/1124/1124 1125/1125/1125
f 1087/1087/1087 1125/1125/1125 1088/1088/1088
f 1088/1088/1088 1125/1125/1125 1126/1126/1126
f 1088/1088/1088 1126/1126/1126 1089/1089/1089
f 1089/1089/1089 1126/1126/1126 1127/1127/1127
f 1089/1089/1089 1127/1127/1127 1090/1090/1090
f 1090/1090/1090 1127/1127/1127 1128/1128/1128
f 1090/1090/1090 1128/1128/1128 1091/1091/1091
f 1091/1091/1091 1128/1128/1128 1129/1129/1129
f 1091/1091/1091 1129/1129/1129 1092/1092/1092
f 1092/1092/1092 1129/1129/1129 1130/1130/1130
f 1092/1092/1092 1130/1130/1130 1093/1093/1093
f 1093/1093/1093 1130/1130/1130 1131/1131/1131
f 1093/1093/1093 1131/1131/1131 1094/1094/1094
f 1094/1094/1094 1131/1131/1131 1132/1132/1132
f 1094/1094/1094 1132/1132/1132 1095/1095/1095
f 1095/1095/1095 1132/1132/1132 1133/1133/1133
f 1095/1095/1095 1133/1133/1133 1096/1096/1096
f 1096/1096/1096 1133/1133/1133 1134/1134/1134
f 1096/1096/1096 1134/1134/1134 1097/1097/1097
f 1097/1097/1097 1134/1134/1134 1135/1135/1135
f 1097/1097/1097 1135/1135/1135 1098/1098/1098
f 1098/1098/1098 1135/1135/1135 1136/1136/1136
f 1098/1098/1098 1136/1136/1136 1099/1099/1099
f 1099/1099/1099 1136/1136/1136 1137/1137/1137
f 1099/1099/1099 1137/1137/1137 1100/1100/1100
f 1100/1100/1100 1137/1137/1137 1138/1138/1138
f 1100/1100/1100 1138/1138/1138 1101/1101/1101
f 1101/1101/1101 1138/1138/1138 1139/1139/1139
f 1101/1101/1101 1139/1139/1139 1102/1102/1102
f 1102/1102/1102 1139/1139/1139 1140/1140/1140
f 1102/1102/1102 1140/1140/1140 1103/1103/1103
f 1103/1103/1103 1140/1140/1140 1141/1141/1141
f 1103/1103/1103 1141/1141/1141 1104/1104/1104
f 1104/1104/1104 1141/1141/1141 1142/1142/1142
f 1104/1104/1104 1142/1142/1142 1105/1105/1105
f 1105/1105/1105 1142/1142/1142 1143/1143/1143
f 1105/1105/1105 1143/1143/1143 1106/1106/1106
f 1106/1106/1106 1143/1143/1143 1144/1144/1144
f 1106/1106/1106 1144/1144/1144 1107/1107/1107
f 1107/1107/1107 1144/1144/1144 1145/1145/1145
f 1107/1107/1107 1145/1145/1145 1108/1108/1108
f 1108/1108/1108 1145/1145/1145 1146/1146/1146
f 1108/1108/1108 1146/1146/1146 1109/1109/1109
f 1109/1109/1109 1146/1146/1146 1147/1147/1147
f 1109/1109/1109 1147/1147/1147 1110/1110/1110
f 1111/1111/1111 1148/1148/1148 1149/1149/1149
f 1111/1111/1111 1149/1149/1149 1112/1112/1112
f 1112/1112/1112 1149/1149/1149 1150/1150/1150
f 1112/1112/1112 1150/1150/1150 1113/1113/1113
f 1113/1113/1113 1150/1150/1150 1151/1151/1151
f 1113/1113/1113 1151/1151/1151 1114/1114/1114
f 1114/1114/1114 1151/1151/1151 1152/1152/1152
f 1114/1114/1114 1152/1152/1152 1115/1115/1115
f 1115/1115/1115 1152/1152/1152 1153/1153/1153
f 1115/1115/1115 1153/1153/1153 1116/1116/1116
f 1116/1116/1116 1153/1153/1153 1154/1154/1154
f 1116/1116/1116 1154/1154/1154 1117/1117/1117
f 1117/1117/1117 1154/1154/1154 1155/1155/1155
f 1117/1117/1117 1155/1155/1155 1118/1118/1118
f 1118/1118/1118 1155/1155/1155 1156/1156/1156
f 1118/1118/1118 1156/1156/1156 1119/1119/1119
f 1119/1119/1119 1156/1156/1156 1157/1157/1157
f 1119/1119/1119 1157/1157/1157 1120/1120/1120
f 1120/1120/1120 1157/1157/1157 1158/1158/1158
f 1120/1120/1120 1158/1158/1158 1121/1121/1121
f 1121/1121/1121 1158/1158/1158 1159/1159/1159
f 1121/1121/1121 1159/1159/1159 1122/1122/1122
f 1122/1122/1122 1159/1159/1159 1160/1160/1160
f 1122/1122/1122 1160/1160/1160 1123/1123/1123
f 1123/1123/1123 1160/1160/1160 1161/1161/1161
f 1123/1123/1123 1161/1161/1161 1124/1124/1124
f 1124/1124/1124 1161/1161/1161 1162/1162/1162
f 1124/1124/1124 1162/1162/1162 1125/1125/1125
f 1125/1125/1125 1162/1162/1162 1163/1163/1163
f 1125/1125/1125 1163/1163/1163 1126/1126/1126
f 1126/1126/1126 1163/1163/1163 1164/1164/1164
f 1126/1126/1126 1164/1164/1164 1127/1127/1127
f 1127/1127/1127 1164/1164/1164 1165/1165/1165
f 1127/1127/1127 1165/1165/1165 1128/1128/1128
f 1128/1128/1128 1165/1165/1165 1166/1166/1166
f 1128/1128/1128 1166/1166/1166 1129/1129/1129
f 1129/1129/1129 1166/1166/1166 1167/1167/1167
f 1129/1129/1129 1167/1167/1167 1130/1130/1130
f 1130/1130/1130 1167/1167/1167 1168/1168/1168
f 1130/1130/1130 1168/1168/1168 1131/1131/1131
f 1131/1131/1131 1168/1168/1168 1169/1169/1169
f 1131/1131/1131 1169/1169/1169 1132/1132/1132
f 1132/1132/1132 1169/1169/1169 1170/1170/1170
f 1132/1132/1132 1170/1170/1170 1133/1133/1133
f 1133/1133/1133 1170/1170/1170 1171/1171/1171
f 1133/1133/1133 1171/1171/1171 1134/1134/1134
f 1134/1134/1134 1171/1171/1171 1172/1172/1172
f 1134/1134/1134 1172/1172/1172 1135/1135/1135
f 1135/1135/1135 1172/1172/1172 1173/1173/1173
f 1135/1135/1135 1173/1173/1173 1136/1136/1136
f 1136/1136/1136 1173/1173/1173 1174/1174/1174
f 1136/1136/1136 1174/1174/1174 1137/1137/1137
f 1137/1137/1137 1174/1174/1174 1175/1175/1175
f 1137/1137/1137 1175/1175/1175 1138/1138/1138
f 1138/1138/1138 1175/1175/1175 1176/1176/1176
f 1138/1138/1138 1176/1176/1176 1139/1139/1139
f 1139/1139/1139 1176/1176/1176 1177/1177/1177
f 1139/1139/1139 1177/1177/1177 1140/1140/1140
f 1140/1140/1140 1177/1177/1177 1178/1178/1178
f 1140/1140/1140 1178/1178/1178 1141/1141/1141
f 1141/1141/1141 1178/1178/1178 1179/1179/1179
f 1141/1141/1141 1179/1179/1179 1142/1142/1142
f 1142/1142/1142 1179/1179/1179 1180/1180/1180
f 1142/1142/1142 1180/1180/1180 1143/1143/1143
f 1143/1143/1143 1180/1180/1180 1181/1181/1181
f 1143/1143/1143 1181/1181/1181 1144/1144/1144
f 1144/1144/1144 1181/1181/1181 1182/1182/1182
f 1144/1144/1144 1182/1182/1182 1145/1145/1145
f 1145/1145/1145 1182/1182/1182 1183/1183/1183
f 1145/1145/1145 1183/1183/1183 1146/1146/1146
f 1146/1146/1146 1183/1183/1183 1184/1184/1184
f 1146/1146/1146 1184/1184/1184 1147/1147/1147
f 1148/1148/1148 1185/1185/1185 1186/1186/1186
f 1148/1148/1148 1186/1186/1186 1149/1149/1149
f 1149/1149/1149 1186/1186/1186 1187/1187/1187
f 1149/1149/1149 1187/1187/1187 1150/1150/1150
f 1150/1150/1150 1187/1187/1187 1188/1188/1188
f 1150/1150/1150 1188/1188/1188 1151/1151/1151
f 1151/1151/1151 1188/1188/1188 1189/1189/1189
f 1151/1151/1151 1189/1189/1189 1152/1152/1152
f 1152/1152/1152 1189/1189/1189 1190/1190/1190
f 1152/1152/1152 1190/1190/1190 1153/1153/1153
f 1153/1153/1153 1190/1190/1190 1191/1191/1191
f 1153/1153/1153 1191/1191/1191 1154/1154/1154
f 1154/1154/1154 1191/1191/1191 1192/1192/1192
f 1154/1154/1154 1192/1192/1192 1155/1155/1155
f 1155/1155/1155 1192/1192/1192 1193/1193/1193
f 1155/1155/1155 1193/1193/1193 1156/1156/1156
f 1156/1156/1156 1193/1193/1193 1194/1194/1194
f 1156/1156/1156 1194/1194/1194 1157/1157/1157
f 1157/1157/1157 1194/1194/1194 1195/1195/1195
f 1157/1157/1157 1195/1195/1195 1158/1158/1158
f 1158/1158/1158 1195/1195/1195 1196/1196/1196
f 1158/1158/1158 1196/1196/1196 1159/1159/1159
f 1159/1159/1159 1196/1196/1196 1197/1197/1197
f 1159/1159/1159 1197/1197/1197 1160/1160/1160
f 1160/1160/1160 1197/1197/1197 1198/1198/1198
f 1160/1160/1160 1198/1198/1198 1161/1161/1161
f 1161/1161/1161 1198/1198/1198 1199/1199/1199
f 1161/1161/1161 1199/1199/1199 1162/1162/1162
f 1162/1162/1162 1199/1199/1199 1200/1200/1200
f 1162/1162/1162 1200/1200/1200 1163/1163/1163
f 1163/1163/1163 1200/1200/1200 1201/1201/1201
f 1163/1163/1163 1201/1201/1201 1164/1164/1164
f 1164/1164/1164 1201/1201/1201 1202/1202/1202
f 1164/1164/1164 1202/1202/1202 1165/1165/1165
f 1165/1165/1165 1202/1202/1202 1203/1203/1203
f 1165/1165/1165 1203/1203/1203 1166/1166/1166
f 1166/1166/1166 1203/1203/1203 1204/1204/1204
f 1166/1166/1166 1204/1204/1204 1167/1167/1167
f 1167/1167/1167 1204/1204/1204 1205/1205/1205
f 1167/1167/1167 1205/1205/1205 1168/1168/1168
f 1168/1168/1168 1205/1205/1205 1206/1206/1206
f 1168/1168/1168 1206/1206/1206 1169/1169/1169
f 1169/1169/1169 1206/1206/1206 1207/1207/1207
f 1169/1169/1169 1207/1207/1207 1170/1170/1170
f 1170/1170/1170 1207/1207/1207 1208/1208/1208
f 1170/1170/1170 1208/1208/1208 1171/1171/1171
f 1171/1171/1171 1208/1208/1208 1209/1209/1209
f 1171/1171/1171 1209/1209/1209 1172/1172/1172
f 1172/1172/1172 1209/1209/1209 1210/1210/1210
f 1172/1172/1172 1210/1210/1210 1173/1173/1173
f 1173/1173/1173 1210/1210/1210 1211/1211/1211
f 1173/1173/1173 1211/1211/1211 1174/1174/1174
f 1174/1174/1174 1211/1211/1211 1212/1212/1212
f 1174/1174/1174 1212/1212/1212 1175/1175/1175
f 1175/1175/1175 1212/1212/1212 1213/1213/1213
f 1175/1175/1175 1213/1213/1213 1176/1176/1176
f 1176/1176/1176 1213/1213/1213 1214/1214/1214
f 1176/1176/1176 1214/1214/1214 1177/1177/1177
f 1177/1177/1177 1214/1214/1214 1215/1215/1215
f 1177/1177/1177 1215/1215/1215 1178/1178/1178
f 1178/1178/1178 1215/1215/1215 1216/1216/1216
f 1178/1178/1178 1216/1216/1216 1179/1179/1179
f 1179/1179/1179 1216/1216/1216 1217/1217/1217
f 1179/1179/1179 1217/1217/1217 1180/1180/1180
f 1180/1180/1180 1217/1217/1217 1218/1218/1218
f 1180/1180/1180 1218/1218/1218 1181/1181/1181
f 1181/1181/1181 1218/1218/1218 1219/1219/1219
f 1181/1181/1181 1219/1219/1219 1182/1182/1182
f 1182/1182/1182 1219/1219/1219 1220/1220/1220
f 1182/1182/1182 1220/1220/1220 1183/1183/1183
f 1183/1183/1183 1220/1220/1220 1221/1221/1221
f 1183/1183/1183 1221/1221/1221 1184/1184/1184
f 1185/1185/1185 1222/1222/1222 1223/1223/1223
f 1185/1185/1185 1223/1223/1223 1186/1186/1186
f 1186/1186/1186 1223/1223/1223 1224/1224/1224
f 1186/1186/1186 1224/1224/1224 1187/1187/1187
f 1187/1187/1187 1224/1224/1224 1225/1225/1225
f 1187/1187/1187 1225/1225/1225 1188/1188/1188
f 1188/1188/1188 1225/1225/1225 1226/1226/1226
f 1188/1188/1188 1226/1226/1226 1189/1189/1189
f 1189/1189/1189 1226/1226/1226 1227/1227/1227
f 1189/1189/1189 1227/1227/1227 1190/1190/1190
f 1190/1190/1190 1227/1227/1227 1228/1228/1228
f 1190/1190/1190 1228/1228/1228 1191/1191/1191
f 1191/1191/1191 1228/1228/1228 1229/1229/1229
f 1191/1191/1191 1229/1229/1229 1192/1192/1192
f 1192/1192/1192 1229/1229/1229 1230/1230/1230
f 1192/1192/1192 1230/1230/1230 1193/1193/1193
f 1193/1193/1193 1230/1230/1230 1231/1231/1231
f 1193/1193/1193 1231/1231/1231 1194/1194/1194
f 1194/1194/1194 1231/1231/1231 1232/1232/1232
f 1194/1194/1194 1232/1232/1232 1195/1195/1195
f 1195/1195/1195 1232/1232/1232 1233/1233/1233
f 1195/1195/1195 1233/1233/1233 1196/1196/1196
f 1196/1196/1196 1233/1233/1233 1234/1234/1234
f 1196/1196/1196 1234/1234/1234 1197/1197/1197
f 1197/1197/1197 1234/1234/1234 1235/1235/1235
f 1197/1197/1197 1235/1235/1235 1198/1198/1198
f 1198/1198/1198 1235/1235/1235 1236/1236/1236
f 1198/1198/1198 1236/1236/1236 1199/1199/1199
f 1199/1199/1199 1236/1236/1236 1237/1237/1237
f 1199/1199/1199 1237/1237/1237 1200/1200/1200
f 1200/1200/1200 1237/1237/1237 1238/1238/1238
f 1200/1200/1200 1238/1238/1238 1201/1201/1201
f 1201/1201/1201 1238/1238/1238 1239/1239/1239
f 1201/1201/1201 1239/1239/1239 1202/1202/1202
f 1202/1202/1202 1239/1239/1239 1240/1240/1240
f 1202/1202/1202 1240/1240/1240 1203/1203/1203
f 1203/1203/1203 1240/1240/1240 1241/1241/1241
f 1203/1203/1203 1241/1241/1241 1204/1204/1204
f 1204/1204/1204 1241/1241/1241 1242/1242/1242
f 1204/1204/1204 1242/1242/1242 1205/1205/1205
f 1205/1205/1205 1242/1242/1242 1243/1243/1243
f 1205/1205/1205 1243/1243/1243 1206/1206/1206
f 1206/1206/1206 1243/1243/1243 1244/1244/1244
f 1206/1206/1206 1244/1244/1244 1207/1207/1207
f 1207/1207/1207 1244/1244/1244 1245/1245/1245
f 1207/1207/1207 1245/1245/1245 1208/1208/1208
f 1208/1208/1208 1245/1245/1245 1246/1246/1246
f 1208/1208/1208 1246/1246/1246 1209/1209/1209
f 1209/1209/1209 1246/1246/1246 1247/1247/1247
f 1209/1209/1209 1247/1247/1247 1210/1210/1210
f 1210/1210/1210 1247/1247/1247 1248/1248/1248
f 1210/1210/1210 1248/1248/1248 1211/1211/1211
f 1211/1211/1211 1248/1248/1248 1249/1249/1249
f 1211/1211/1211 1249/1249/1249 1212/1212/1212
f 1212/1212/1212 1249/1249/1249 1250/1250/1250
f 1212/1212/1212 1250/1250/1250 1213/1213/1213
f 1213/1213/1213 1250/1250/1250 1251/1251/1251
f 1213/1213/1213 1251/1251/1251 1214/1214/1214
f 1214/1214/1214 1251/1251/1251 1252/1252/1252
f 1214/1214/1214 1252/1252/1252 1215/1215/1215
f 1215/1215/1215 1252/1252/1252 1253/1253/1253
f 1215/1215/1215 1253/1253/1253 1216/1216/1216
f 1216/1216/1216 1253/1253/1253 1254/1254/1254
f 1216/1216/1216 1254/1254/1254 1217/1217/1217
f 1217/1217/1217 1254/1254/1254 1255/1255/1255
f 1217/1217/1217 1255/1255/1255 1218/1218/1218
f 1218/1218/1218 1255/1255/1255 1256/1256/1256
f 1218/1218/1218 1256/1256/1256 1219/1219/1219
f 1219/1219/1219 1256/1256/1256 1257/1257/1257
f 1219/1219/1219 1257/1257/1257 1220/1220/1220
f 1220/1220/1220 1257/1257/1257 1258/1258/1258
f 1220/1220/1220 1258/1258/1258 1221/1221/1221
f 1222/1222/1222 1259/1259/1259 1260/1260/1260
f 1222/1222/1222 1260/1260/1260 1223/1223/1223
f 1223/1223/1223 1260/1260/1260 1261/1261/1261
f 1223/1223/1223 1261/1261/1261 1224/1224/1224
f 1224/1224/1224 1261/1261/1261 1262/1262/1262
f 1224/1224/1224 1262/1262/1262 1225/1225/1225
f 1225/1225/1225 1262/1262/1262 1263/1263/1263
f 1225/1225/1225 1263/1263/1263 1226/1226/1226
f 1226/1226/1226 1263/1263/1263 1264/1264/1264
f 1226/1226/1226 1264/1264/1264 1227/1227/1227
f 1227/1227/1227 1264/1264/1264 1265/1265/1265
f 1227/1227/1227 1265/1265/1265 1228/1228/1228
f 1228/1228/1228 1265/1265/1265 1266/1266/1266
f 1228/1228/1228 1266/1266/1266 1229/1229/1229
f 1229/1229/1229 1266/1266/1266 1267/1267/1267
f 1229/1229/1229 1267/1267/1267 1230/1230/1230
f 1230/1230/1230 1267/1267/1267 1268/1268/1268
f 1230/1230/1230 1268/1268/1268 1231/1231/1231
f 1231/1231/1231 1268/1268/1268 1269/1269/1269
f 1231/1231/1231 1269/1269/1269 1232/1232/1232
f 1232/1232/1232 1269/1269/1269 1270/1270/1270
f 1232/1232/1232 1270/1270/1270 1233/1233/1233
f 1233/1233/1233 1270/1270/1270 1271/1271/1271
f 1233/1233/1233 1271/1271/1271 1234/1234/1234
f 1234/1234/1234 1271/1271/1271 1272/1272/1272
f 1234/1234/1234 1272/1272/1272 1235/1235/1235
f 1235/1235/1235 1272/1272/1272 1273/1273/1273
f 1235/1235/1235 1273/1273/1273 1236/1236/1236
f 1236/1236/1236 1273/1273/1273 1274/1274/1274
f 1236/1236/1236 1274/1274/1274 1237/1237/1237
f 1237/1237/1237 1274/1274/1274 1275/1275/1275
f 1237/1237/1237 1275/1275/1275 1238/1238/1238
f 1238/1238/1238 1275/1275/1275 1276/1276/1276
f 1238/1238/1238 1276/1276/1276 1239/1239/1239
f 1239/1239/1239 1276/1276/1276 1277/1277/1277
f 1239/1239/1239 1277/1277/1277 1240/1240/1240
f 1240/1240/1240 1277/1277/1277 1278/1278/1278
f 1240/1240/1240 1278/1278/1278 1241/1241/1241
f 1241/1241/1241 1278/1278/1278 1279/1279/1279
f 1241/1241/1241 1279/1279/1279 1242/1242/1242
f 1242/1242/1242 1279/1279/1279 1280/1280/1280
f 1242/1242/1242 1280/1280/1280 1243/1243/1243
f 1243/1243/1243 1280/1280/1280 1281/1281/1281
f 1243/1243/1243 1281/1281/1281 1244/1244/1244
f 1244/1244/1244 1281/1281/1281 1282/1282/1282
f 1244/1244/1244 1282/1282/1282 1245/1245/1245
f 1245/1245/1245 1282/1282/1282 1283/1283/1283
f 1245/1245/1245 1283/1283/1283 1246/1246/1246
f 1246/1246/1246 1283/1283/1283 1284/1284/1284
f 1246/1246/1246 1284/1284/1284 1247/1247/1247
f 1247/1247/1247 1284/1284/1284 1285/1285/1285
f 1247/1247/1247 1285/1285/1285 1248/1248/1248
f 1248/1248/1248 1285/1285/1285 1286/1286/1286
f 1248/1248/1248 1286/1286/1286 1249/1249/1249
f 1249/1249/1249 1286/1286/1286 1287/1287/1287
f 1249/1249/1249 1287/1287/1287 1250/1250/1250
f 1250/1250/1250 1287/1287/1287 1288/1288/1288
f 1250/1250/1250 1288/1288/1288 1251/1251/1251
f 1251/1251/1251 1288/1288/1288 1289/1289/1289
f 1251/1251/1251 1289/1289/1289 1252/1252/1252
f 1252/1252/1252 1289/1289/1289 1290/1290/1290
f 1252/1252/1252 1290/1290/1290 1253/1253/1253
f 1253/1253/1253 1290/1290/1290 1291/1291/1291
f 1253/1253/1253 1291/1291/1291 1254/1254/1254
f 1254/1254/1254 1291/1291/1291 1292/1292/1292
f 1254/1254/1254 1292/1292/1292 1255/1255/1255
f 1255/1255/1255 1292/1292/1292 1293/1293/1293
f 1255/1255/1255 1293/1293/1293 1256/1256/1256
f 1256/1256/1256 1293/1293/1293 1294/1294/1294
f 1256/1256/1256 1294/1294/1294 1257/1257/1257
f 1257/1257/1257 1294/1294/1294 1295/1295/1295
f 1257/1257/1257 1295/1295/1295 1258/1258/1258
f 1259/1259/1259 1296/1296/1296 1297/1297/1297
f 1259/1259/1259 1297/1297/1297 1260/1260/1260
f 1260/1260/1260 1297/1297/1297 1298/1298/1298
f 1260/1260/1260 1298/1298/1298 1261/1261/1261
f 1261/1261/1261 1298/1298/1298 1299/1299/1299
f 1261/1261/1261 1299/1299/1299 1262/1262/1262
f 1262/1262/1262 1299/1299/1299 1300/1300/1300
f 1262/1262/1262 1300/1300/1300 1263/1263/1263
f 1263/1263/1263 1300/1300/1300 1301/1301/1301
f 1263/1263/1263 1301/1301/1301 1264/1264/1264
f 1264/1264/1264 1301/1301/1301 1302/1302/1302
f 1264/1264/1264 1302/1302/1302 1265/1265/1265
f 1265/1265/1265 1302/1302/1302 1303/1303/1303
f 1265/1265/1265 1303/1303/1303 1266/1266/1266
f 1266/1266/1266 1303/1303/1303 1304/1304/1304
f 1266/1266/1266 1304/1304/1304 1267/1267/1267
f 1267/1267/1267 1304/1304/1304 1305/1305/1305
f 1267/1267/1267 1305/1305/1305 1268/1268/1268
f 1268/1268/1268 1305/1305/1305 1306/1306/1306
f 1268/1268/1268 1306/1306/1306 1269/1269/1269
f 1269/1269/1269 1306/1306/1306 1307/1307/1307
f 1269/1269/1269 1307/1307/1307 1270/1270/1270
f 1270/1270/1270 1307/1307/1307 1308/1308/1308
f 1270/1270/1270 1308/1308/1308 1271/1271/1271
f 1271/1271/1271 1308/1308/1308 1309/1309/1309
f 1271/1271/1271 1309/1309/1309 1272/1272/1272
f 1272/1272/1272 1309/1309/1309 1310/1310/1310
f 1272/1272/1272 1310/1310/1310 1273/1273/1273
f 1273/1273/1273 1310/1310/1310 1311/1311/1311
f 1273/1273/1273 1311/1311/1311 1274/1274/1274
f 1274/1274/1274 1311/1311/1311 1312/1312/1312
f 1274/1274/1274 1312/1312/1312 1275/1275/1275
f 1275/1275/1275 1312/1312/1312 1313/1313/1313
f 1275/1275/1275 1313/1313/1313 1276/1276/1276
f 1276/1276/1276 1313/1313/1313 1314/1314/1314
f 1276/1276/1276 1314/1314/1314 1277/1277/1277
f 1277/1277/1277 1314/1314/1314 1315/1315/1315
f 1277/1277/1277 1315/1315/1315 1278/1278/1278
f 1278/1278/1278 1315/1315/1315 1316/1316/1316
f 1278/1278/1278 1316/1316/1316 1279/1279/1279
f 1279/1279/1279 1316/1316/1316 1317/1317/1317
f 1279/1279/1279 1317/1317/1317 1280/1280/1280
f 1280/1280/1280 1317/1317/1317 1318/1318/1318
f 1280/1280/1280 1318/1318/1318 1281/1281/1281
f 1281/1281/1281 1318/1318/1318 1319/1319/1319
f 1281/1281/1281 1319/1319/1319 1282/1282/1282
f 1282/1282/1282 1319/1319/1319 1320/1320/1320
f 1282/1282/1282 1320/1320/1320 1283/1283/1283
f 1283/1283/1283 1320/1320/1320 1321/1321/1321
f 1283/1283/1283 1321/1321/1321 1284/1284/1284
f 1284/1284/1284 1321/1321/1321 1322/1322/1322
f 1284/1284/1284 1322/1322/1322 1285/1285/1285
f 1285/1285/1285 1322/1322/1322 1323/1323/1323
f 1285/1285/1285 1323/1323/1323 1286/1286/1286
f 1286/1286/1286 1323/1323/1323 1324/1324/1324
f 1286/1286/1286 1324/1324/1324 1287/1287/1287
f 1287/1287/1287 1324/1324/1324 1325/1325/1325
f 1287/1287/1287 1325/1325/1325 1288/1288/1288
f 1288/1288/1288 1325/1325/1325 1326/1326/1326
f 1288/1288/1288 1326/1326/1326 1289/1289/1289
f 1289/1289/1289 1326/1326/1326 1327/1327/1327
f 1289/1289/1289 1327/1327/1327 1290/1290/1290
f 1290/1290/1290 1327/1327/1327 1328/1328/1328
f 1290/1290/1290 1328/1328/1328 1291/1291/1291
f 1291/1291/1291 1328/1328/1328 1329/1329/1329
f 1291/1291/1291 1329/1329/1329 1292/1292/1292
f 1292/1292/1292 1329/1329/1329 1330/1330/1330
f 1292/1292/1292 1330/1330/1330 1293/1293/1293
f 1293/1293/1293 1330/1330/1330 1331/1331/1331
f 1293/1293/1293 1331/1331/1331 1294/1294/1294
f 1294/1294/1294 1331/1331/1331 1332/1332/1332
f 1294/1294/1294 1332/1332/1332 1295/1295/1295
f 1296/1296/1296 1333/1333/1333 1334/1334/1334
f 1296/1296/1296 1334/1334/1334 1297/1297/1297
f 1297/1297/1297 1334/1334/1334 1335/1335/1335
f 1297/1297/1297 1335/1335/1335 1298/1298/1298
f 1298/1298/1298 1335/1335/1335 1336/1336/1336
f 1298/1298/1298 1336/1336/1336 1299/1299/1299
f 1299/1299/1299 1336/1336/1336 1337/1337/1337
f 1299/1299/1299 1337/1337/1337 1300/1300/1300
f 1300/1300/1300 1337/1337/1337 1338/1338/1338
f 1300/1300/1300 1338/1338/1338 1301/1301/1301
f 1301/1301/1301 1338/1338/1338 1339/1339/1339
f 1301/1301/1301 1339/1339/1339 1302/1302/1302
f 1302/1302/1302 1339/1339/1339 1340/1340/1340
f 1302/1302/1302 1340/1340/1340 1303/1303/1303
f 1303/1303/1303 1340/1340/1340 1341/1341/1341
f 1303/1303/1303 1341/1341/1341 1304/1304/1304
f 1304/1304/1304 1341/1341/1341 1342/1342/1342
f 1304/1304/1304 1342/1342/1342 1305/1305/1305
f 1305/1305/1305 1342/1342/1342 1343/1343/1343
f 1305/1305/1305 1343/1343/1343 1306/1306/1306
f 1306/1306/1306 1343/1343/1343 1344/1344/1344
f 1306/1306/1306 1344/1344/1344 1307/1307/1307
f 1307/1307/1307 1344/1344/1344 1345/1345/1345
f 1307/1307/1307 1345/1345/1345 1308/1308/1308
f 1308/1308/1308 1345/1345/1345 1346/1346/1346
f 1308/1308/1308 1346/1346/1346 1309/1309/1309
f 1309/1309/1309 1346/1346/1346 1347/1347/1347
f 1309/1309/1309 1347/1347/1347 1310/1310/1310
f 1310/1310/1310 1347/1347/1347 1348/1348/1348
f 1310/1310/1310 1348/1348/1348 1311/1311/1311
f 1311/1311/1311 1348/1348/1348 1349/1349/1349
f 1311/1311/1311 1349/1349/1349 1312/1312/1312
f 1312/1312/1312 1349/1349/1349 1350/1350/1350
f 1312/1312/1312 1350/1350/1350 1313/1313/1313
f 1313/1313/1313 1350/1350/1350 1351/1351/1351
f 1313/1313/1313 1351/1351/1351 1314/1314/1314
f 1314/1314/1314 1351/1351/1351 1352/1352/1352
f 1314/1314/1314 1352/1352/1352 1315/1315/1315
f 1315/1315/1315 1352/1352/1352 1353/1353/1353
f 1315/1315/1315 1353/1353/1353 1316/1316/1316
f 1316/1316/1316 1353/1353/1353 1354/1354/1354
f 1316/1316/1316 1354/1354/1354 1317/1317/1317
f 1317/1317/1317 1354/1354/1354 1355/1355/1355
f 1317/1317/1317 1355/1355/1355 1318/1318/1318
f 1318/1318/1318 1355/1355/1355 1356/1356/1356
f 1318/1318/1318 1356/1356/1356 1319/1319/1319
f 1319/1319/1319 1356/1356/1356 1357/1357/1357
f 1319/1319/1319 1357/1357/1357 1320/1320/1320
f 1320/1320/1320 1357/1357/1357 1358/1358/1358
f 1320/1320/1320 1358/1358/1358 1321/1321/1321
f 1321/1321/1321 1358/1358/1358 1359/1359/1359
f 1321/1321/1321 1359/1359/1359 1322/1322/1322
f 1322/1322/1322 1359/1359/1359 1360/1360/1360
f 1322/1322/1322 1360/1360/1360 1323/1323/1323
f 1323/1323/1323 1360/1360/1360 1361/1361/1361
f 1323/1323/1323 1361/1361/1361 1324/1324/1324
f 1324/1324/1324 1361/1361/1361 1362/1362/1362
f 1324/1324/1324 1362/1362/1362 1325/1325/1325
f 1325/1325/1325 1362/1362/1362 1363/1363/1363
f 1325/1325/1325 1363/1363/1363 1326/1326/1326
f 1326/1326/1326 1363/1363/1363 1364/1364/1364
f 1326/1326/1326 1364/1364/1364 1327/1327/1327
f 1327/1327/1327 1364/1364/1364 1365/1365/1365
f 1327/1327/1327 1365/1365/1365 1328/1328/1328
f 1328/1328/1328 1365/1365/1365 1366/1366/1366
f 1328/1328/1328 1366/1366/1366 1329/1329/1329
f 1329/1329/1329 1366/1366/1366 1367/1367/1367
f 1329/1329/1329 1367/1367/1367 1330/1330/1330
f 1330/1330/1330 1367/1367/1367 1368/1368/1368
f 1330/1330/1330 1368/1368/1368 1331/1331/1331
f 1331/1331/1331 1368/1368/1368 1369/1369/1369
f 1331/1331/1331 1369/1369/1369 1332/1332/1332
