# Melodia Real-Time 3D Mesh: SM_Orn_TrebleClef.obj
v 0.0406 -1.4306 0.0000
v 0.0455 -1.4404 0.0292
v 0.0619 -1.4500 0.0540
v 0.0870 -1.4582 0.0706
v 0.1172 -1.4636 0.0764
v 0.1478 -1.4654 0.0706
v 0.1742 -1.4633 0.0540
v 0.1923 -1.4577 0.0292
v 0.1994 -1.4494 0.0000
v 0.1945 -1.4396 -0.0292
v 0.1781 -1.4300 -0.0540
v 0.1530 -1.4218 -0.0706
v 0.1228 -1.4164 -0.0764
v 0.0922 -1.4146 -0.0706
v 0.0658 -1.4167 -0.0540
v 0.0477 -1.4223 -0.0292
v 0.0406 -1.4306 -0.0000
v 0.0447 -1.3962 0.0119
v 0.0501 -1.4057 0.0411
v 0.0669 -1.4145 0.0659
v 0.0924 -1.4215 0.0825
v 0.1228 -1.4255 0.0883
v 0.1534 -1.4259 0.0825
v 0.1797 -1.4227 0.0659
v 0.1975 -1.4164 0.0411
v 0.2043 -1.4078 0.0119
v 0.1989 -1.3984 -0.0174
v 0.1821 -1.3895 -0.0422
v 0.1566 -1.3825 -0.0588
v 0.1262 -1.3785 -0.0646
v 0.0955 -1.3781 -0.0588
v 0.0693 -1.3813 -0.0422
v 0.0514 -1.3877 -0.0174
v 0.0447 -1.3962 0.0119
v 0.0455 -1.3658 0.0235
v 0.0518 -1.3744 0.0528
v 0.0693 -1.3814 0.0777
v 0.0954 -1.3858 0.0943
v 0.1260 -1.3868 0.1001
v 0.1566 -1.3844 0.0943
v 0.1824 -1.3789 0.0777
v 0.1996 -1.3711 0.0528
v 0.2055 -1.3623 0.0235
v 0.1992 -1.3537 -0.0059
v 0.1817 -1.3467 -0.0308
v 0.1557 -1.3423 -0.0474
v 0.1250 -1.3413 -0.0532
v 0.0944 -1.3437 -0.0474
v 0.0686 -1.3492 -0.0308
v 0.0514 -1.3570 -0.0059
v 0.0455 -1.3658 0.0235
v 0.0434 -1.3360 0.0344
v 0.0504 -1.3433 0.0640
v 0.0685 -1.3480 0.0890
v 0.0948 -1.3494 0.1057
v 0.1254 -1.3472 0.1116
v 0.1556 -1.3418 0.1057
v 0.1808 -1.3340 0.0890
v 0.1971 -1.3250 0.0640
v 0.2022 -1.3162 0.0344
v 0.1951 -1.3089 0.0049
v 0.1771 -1.3042 -0.0201
v 0.1507 -1.3028 -0.0368
v 0.1202 -1.3050 -0.0427
v 0.0900 -1.3104 -0.0368
v 0.0648 -1.3181 -0.0201
v 0.0484 -1.3271 0.0049
v 0.0434 -1.3360 0.0344
v 0.0381 -1.3061 0.0446
v 0.0457 -1.3118 0.0743
v 0.0640 -1.3139 0.0995
v 0.0902 -1.3121 0.1163
v 0.1203 -1.3067 0.1223
v 0.1499 -1.2984 0.1163
v 0.1742 -1.2885 0.0995
v 0.1897 -1.2786 0.0743
v 0.1940 -1.2701 0.0446
v 0.1864 -1.2644 0.0148
v 0.1682 -1.2623 -0.0104
v 0.1419 -1.2641 -0.0272
v 0.1118 -1.2695 -0.0331
v 0.0823 -1.2778 -0.0272
v 0.0579 -1.2877 -0.0104
v 0.0424 -1.2976 0.0148
v 0.0381 -1.3061 0.0446
v 0.0295 -1.2757 0.0536
v 0.0372 -1.2796 0.0835
v 0.0553 -1.2791 0.1089
v 0.0811 -1.2741 0.1259
v 0.1105 -1.2655 0.1319
v 0.1391 -1.2546 0.1259
v 0.1625 -1.2429 0.1089
v 0.1773 -1.2324 0.0835
v 0.1811 -1.2246 0.0536
v 0.1733 -1.2206 0.0236
v 0.1552 -1.2212 -0.0018
v 0.1295 -1.2261 -0.0188
v 0.1001 -1.2347 -0.0248
v 0.0715 -1.2457 -0.0188
v 0.0480 -1.2573 -0.0018
v 0.0333 -1.2679 0.0236
v 0.0295 -1.2757 0.0536
v 0.0173 -1.2444 0.0612
v 0.0248 -1.2466 0.0914
v 0.0424 -1.2434 0.1170
v 0.0673 -1.2355 0.1341
v 0.0957 -1.2241 0.1401
v 0.1233 -1.2108 0.1341
v 0.1459 -1.1978 0.1170
v 0.1601 -1.1869 0.0914
v 0.1636 -1.1799 0.0612
v 0.1561 -1.1777 0.0310
v 0.1385 -1.1809 0.0054
v 0.1136 -1.1888 -0.0117
v 0.0852 -1.2002 -0.0177
v 0.0576 -1.2135 -0.0117
v 0.0350 -1.2265 0.0054
v 0.0208 -1.2374 0.0310
v 0.0173 -1.2444 0.0612
v 0.0013 -1.2121 0.0673
v 0.0084 -1.2125 0.0977
v 0.0252 -1.2070 0.1234
v 0.0490 -1.1965 0.1407
v 0.0763 -1.1827 0.1467
v 0.1030 -1.1675 0.1407
v 0.1248 -1.1534 0.1234
v 0.1386 -1.1424 0.0977
v 0.1422 -1.1362 0.0673
v 0.1351 -1.1359 0.0369
v 0.1183 -1.1413 0.0111
v 0.0945 -1.1518 -0.0061
v 0.0672 -1.1657 -0.0121
v 0.0406 -1.1808 -0.0061
v 0.0187 -1.1950 0.0111
v 0.0049 -1.2060 0.0369
v 0.0013 -1.2121 0.0673
v -0.0183 -1.1786 0.0717
v -0.0118 -1.1774 0.1022
v 0.0039 -1.1699 0.1281
v 0.0266 -1.1573 0.1454
v 0.0528 -1.1415 0.1514
v 0.0785 -1.1248 0.1454
v 0.0998 -1.1099 0.1281
v 0.1135 -1.0990 0.1022
v 0.1174 -1.0938 0.0717
v 0.1109 -1.0950 0.0412
v 0.0952 -1.1025 0.0153
v 0.0725 -1.1151 -0.0020
v 0.0462 -1.1309 -0.0081
v 0.0205 -1.1476 -0.0020
v -0.0007 -1.1625 0.0153
v -0.0144 -1.1734 0.0412
v -0.0183 -1.1786 0.0717
v -0.0413 -1.1441 0.0743
v -0.0357 -1.1415 0.1049
v -0.0210 -1.1323 0.1308
v 0.0007 -1.1179 0.1481
v 0.0259 -1.1006 0.1542
v 0.0508 -1.0828 0.1481
v 0.0717 -1.0674 0.1308
v 0.0854 -1.0567 0.1049
v 0.0898 -1.0524 0.0743
v 0.0842 -1.0550 0.0437
v 0.0694 -1.0642 0.0177
v 0.0478 -1.0785 0.0004
v 0.0226 -1.0959 -0.0057
v -0.0024 -1.1136 0.0004
v -0.0233 -1.1290 0.0177
v -0.0369 -1.1397 0.0437
v -0.0413 -1.1441 0.0743
v -0.0674 -1.1085 0.0750
v -0.0626 -1.1047 0.1056
v -0.0489 -1.0942 0.1316
v -0.0282 -1.0784 0.1489
v -0.0038 -1.0599 0.1550
v 0.0206 -1.0415 0.1489
v 0.0413 -1.0259 0.1316
v 0.0552 -1.0155 0.1056
v 0.0602 -1.0120 0.0750
v 0.0554 -1.0158 0.0444
v 0.0417 -1.0263 0.0184
v 0.0210 -1.0421 0.0011
v -0.0034 -1.0606 -0.0050
v -0.0278 -1.0790 0.0011
v -0.0485 -1.0946 0.0184
v -0.0624 -1.1050 0.0444
v -0.0674 -1.1085 0.0750
v -0.0959 -1.0721 0.0738
v -0.0919 -1.0672 0.1044
v -0.0791 -1.0556 0.1303
v -0.0592 -1.0388 0.1476
v -0.0354 -1.0196 0.1537
v -0.0113 -1.0007 0.1476
v 0.0095 -0.9851 0.1303
v 0.0238 -0.9752 0.1044
v 0.0294 -0.9725 0.0738
v 0.0254 -0.9773 0.0432
v 0.0126 -0.9890 0.0173
v -0.0073 -1.0057 -0.0000
v -0.0311 -1.0250 -0.0061
v -0.0552 -1.0438 -0.0000
v -0.0760 -1.0594 0.0173
v -0.0903 -1.0693 0.0432
v -0.0959 -1.0721 0.0738
v -0.1261 -1.0347 0.0708
v -0.1229 -1.0290 0.1013
v -0.1108 -1.0164 0.1271
v -0.0915 -0.9990 0.1444
v -0.0680 -0.9793 0.1505
v -0.0439 -0.9604 0.1444
v -0.0229 -0.9451 0.1271
v -0.0081 -0.9358 0.1013
v -0.0019 -0.9339 0.0708
v -0.0050 -0.9396 0.0402
v -0.0172 -0.9522 0.0144
v -0.0365 -0.9696 -0.0029
v -0.0599 -0.9893 -0.0090
v -0.0840 -1.0082 -0.0029
v -0.1050 -1.0235 0.0144
v -0.1198 -1.0328 0.0402
v -0.1261 -1.0347 0.0708
v -0.1572 -0.9965 0.0659
v -0.1547 -0.9899 0.0963
v -0.1431 -0.9767 0.1221
v -0.1241 -0.9589 0.1393
v -0.1007 -0.9391 0.1454
v -0.0764 -0.9205 0.1393
v -0.0549 -0.9058 0.1221
v -0.0395 -0.8972 0.0963
v -0.0326 -0.8962 0.0659
v -0.0351 -0.9027 0.0355
v -0.0467 -0.9159 0.0097
v -0.0657 -0.9338 -0.0075
v -0.0891 -0.9535 -0.0135
v -0.1134 -0.9722 -0.0075
v -0.1349 -0.9869 0.0097
v -0.1503 -0.9954 0.0355
v -0.1572 -0.9965 0.0659
v -0.1884 -0.9573 0.0594
v -0.1863 -0.9500 0.0897
v -0.1750 -0.9363 0.1154
v -0.1561 -0.9184 0.1325
v -0.1324 -0.8989 0.1385
v -0.1076 -0.8809 0.1325
v -0.0855 -0.8671 0.1154
v -0.0695 -0.8595 0.0897
v -0.0618 -0.8594 0.0594
v -0.0639 -0.8667 0.0292
v -0.0752 -0.8804 0.0035
v -0.0941 -0.8983 -0.0137
v -0.1178 -0.9178 -0.0197
v -0.1426 -0.9358 -0.0137
v -0.1647 -0.9497 0.0035
v -0.1808 -0.9572 0.0292
v -0.1884 -0.9573 0.0594
v -0.2186 -0.9171 0.0514
v -0.2169 -0.9090 0.0815
v -0.2056 -0.8950 0.1071
v -0.1864 -0.8773 0.1241
v -0.1622 -0.8586 0.1301
v -0.1367 -0.8416 0.1241
v -0.1138 -0.8290 0.1071
v -0.0969 -0.8227 0.0815
v -0.0887 -0.8237 0.0514
v -0.0904 -0.8318 0.0213
v -0.1017 -0.8457 -0.0042
v -0.1210 -0.8634 -0.0213
v -0.1452 -0.8822 -0.0272
v -0.1707 -0.8992 -0.0213
v -0.1936 -0.9118 -0.0042
v -0.2104 -0.9180 0.0213
v -0.2186 -0.9171 0.0514
v -0.2471 -0.8755 0.0421
v -0.2455 -0.8667 0.0720
v -0.2338 -0.8527 0.0974
v -0.2140 -0.8356 0.1143
v -0.1889 -0.8180 0.1203
v -0.1624 -0.8026 0.1143
v -0.1385 -0.7918 0.0974
v -0.1210 -0.7871 0.0720
v -0.1123 -0.7893 0.0421
v -0.1139 -0.7981 0.0122
v -0.1256 -0.8121 -0.0131
v -0.1454 -0.8292 -0.0301
v -0.1705 -0.8468 -0.0360
v -0.1970 -0.8622 -0.0301
v -0.2209 -0.8730 -0.0131
v -0.2385 -0.8777 0.0122
v -0.2471 -0.8755 0.0421
v -0.2727 -0.8323 0.0318
v -0.2709 -0.8229 0.0615
v -0.2586 -0.8092 0.0867
v -0.2377 -0.7932 0.1035
v -0.2114 -0.7774 0.1094
v -0.1838 -0.7642 0.1035
v -0.1589 -0.7556 0.0867
v -0.1407 -0.7529 0.0615
v -0.1318 -0.7565 0.0318
v -0.1337 -0.7660 0.0021
v -0.1460 -0.7797 -0.0231
v -0.1668 -0.7957 -0.0399
v -0.1931 -0.8115 -0.0458
v -0.2208 -0.8247 -0.0399
v -0.2456 -0.8333 -0.0231
v -0.2639 -0.8360 0.0021
v -0.2727 -0.8323 0.0318
v -0.2944 -0.7871 0.0206
v -0.2919 -0.7772 0.0501
v -0.2786 -0.7641 0.0751
v -0.2564 -0.7499 0.0918
v -0.2287 -0.7367 0.0977
v -0.1998 -0.7265 0.0918
v -0.1741 -0.7208 0.0751
v -0.1554 -0.7206 0.0501
v -0.1466 -0.7258 0.0206
v -0.1491 -0.7357 -0.0089
v -0.1625 -0.7488 -0.0339
v -0.1847 -0.7630 -0.0506
v -0.2123 -0.7762 -0.0565
v -0.2412 -0.7865 -0.0506
v -0.2670 -0.7921 -0.0339
v -0.2857 -0.7923 -0.0089
v -0.2944 -0.7871 0.0206
v -0.3109 -0.7396 0.0089
v -0.3074 -0.7295 0.0383
v -0.2926 -0.7178 0.0631
v -0.2689 -0.7061 0.0797
v -0.2398 -0.6963 0.0856
v -0.2098 -0.6899 0.0797
v -0.1835 -0.6879 0.0631
v -0.1648 -0.6905 0.0383
v -0.1566 -0.6974 0.0089
v -0.1602 -0.7074 -0.0204
v -0.1749 -0.7192 -0.0453
v -0.1986 -0.7309 -0.0619
v -0.2277 -0.7406 -0.0677
v -0.2577 -0.7470 -0.0619
v -0.2840 -0.7491 -0.0453
v -0.3027 -0.7465 -0.0204
v -0.3109 -0.7396 0.0089
v -0.3208 -0.6899 -0.0030
v -0.3158 -0.6801 0.0263
v -0.2995 -0.6705 0.0510
v -0.2743 -0.6623 0.0676
v -0.2441 -0.6570 0.0734
v -0.2135 -0.6552 0.0676
v -0.1871 -0.6572 0.0510
v -0.1690 -0.6628 0.0263
v -0.1619 -0.6711 -0.0030
v -0.1669 -0.6809 -0.0322
v -0.1832 -0.6905 -0.0570
v -0.2084 -0.6987 -0.0736
v -0.2386 -0.7041 -0.0794
v -0.2692 -0.7059 -0.0736
v -0.2955 -0.7038 -0.0570
v -0.3137 -0.6982 -0.0322
v -0.3208 -0.6899 -0.0030
v -0.3226 -0.6386 -0.0148
v -0.3161 -0.6299 0.0145
v -0.2984 -0.6232 0.0393
v -0.2722 -0.6194 0.0559
v -0.2416 -0.6191 0.0617
v -0.2111 -0.6224 0.0559
v -0.1854 -0.6288 0.0393
v -0.1685 -0.6372 0.0145
v -0.1628 -0.6465 -0.0148
v -0.1693 -0.6551 -0.0441
v -0.1870 -0.6619 -0.0689
v -0.2132 -0.6657 -0.0855
v -0.2439 -0.6659 -0.0913
v -0.2744 -0.6626 -0.0855
v -0.3000 -0.6563 -0.0689
v -0.3170 -0.6479 -0.0441
v -0.3226 -0.6386 -0.0148
v -0.3157 -0.5872 -0.0263
v -0.3079 -0.5803 0.0032
v -0.2894 -0.5771 0.0281
v -0.2631 -0.5781 0.0448
v -0.2328 -0.5831 0.0506
v -0.2033 -0.5914 0.0448
v -0.1790 -0.6017 0.0281
v -0.1636 -0.6124 0.0032
v -0.1595 -0.6219 -0.0263
v -0.1673 -0.6288 -0.0557
v -0.1858 -0.6320 -0.0807
v -0.2121 -0.6310 -0.0973
v -0.2424 -0.6260 -0.1032
v -0.2719 -0.6177 -0.0973
v -0.2962 -0.6074 -0.0807
v -0.3116 -0.5967 -0.0557
v -0.3157 -0.5872 -0.0263
v -0.3001 -0.5370 -0.0371
v -0.2917 -0.5323 -0.0074
v -0.2732 -0.5328 0.0178
v -0.2475 -0.5384 0.0346
v -0.2186 -0.5484 0.0405
v -0.1907 -0.5611 0.0346
v -0.1681 -0.5746 0.0178
v -0.1544 -0.5870 -0.0074
v -0.1515 -0.5962 -0.0371
v -0.1599 -0.6009 -0.0668
v -0.1784 -0.6004 -0.0919
v -0.2041 -0.5947 -0.1087
v -0.2331 -0.5848 -0.1146
v -0.2609 -0.5721 -0.1087
v -0.2835 -0.5585 -0.0919
v -0.2972 -0.5462 -0.0668
v -0.3001 -0.5370 -0.0371
v -0.2768 -0.4890 -0.0469
v -0.2684 -0.4865 -0.0170
v -0.2507 -0.4904 0.0084
v -0.2264 -0.5001 0.0254
v -0.1991 -0.5142 0.0313
v -0.1732 -0.5305 0.0254
v -0.1524 -0.5465 0.0084
v -0.1400 -0.5597 -0.0170
v -0.1379 -0.5683 -0.0469
v -0.1463 -0.5707 -0.0769
v -0.1640 -0.5668 -0.1023
v -0.1884 -0.5571 -0.1192
v -0.2156 -0.5430 -0.1252
v -0.2415 -0.5267 -0.1192
v -0.2623 -0.5108 -0.1023
v -0.2747 -0.4975 -0.0769
v -0.2768 -0.4890 -0.0469
v -0.2469 -0.4433 -0.0556
v -0.2390 -0.4428 -0.0254
v -0.2225 -0.4495 0.0002
v -0.1998 -0.4626 0.0173
v -0.1746 -0.4799 0.0233
v -0.1505 -0.4988 0.0173
v -0.1313 -0.5165 0.0002
v -0.1199 -0.5303 -0.0254
v -0.1180 -0.5380 -0.0556
v -0.1259 -0.5385 -0.0858
v -0.1425 -0.5317 -0.1114
v -0.1651 -0.5187 -0.1285
v -0.1904 -0.5014 -0.1345
v -0.2144 -0.4824 -0.1285
v -0.2336 -0.4647 -0.1114
v -0.2451 -0.4510 -0.0858
v -0.2469 -0.4433 -0.0556
v -0.2114 -0.3996 -0.0629
v -0.2043 -0.4007 -0.0325
v -0.1891 -0.4098 -0.0068
v -0.1683 -0.4254 0.0104
v -0.1448 -0.4451 0.0165
v -0.1224 -0.4660 0.0104
v -0.1045 -0.4848 -0.0068
v -0.0937 -0.4988 -0.0325
v -0.0917 -0.5057 -0.0629
v -0.0988 -0.5046 -0.0932
v -0.1140 -0.4955 -0.1190
v -0.1348 -0.4800 -0.1362
v -0.1583 -0.4602 -0.1422
v -0.1807 -0.4394 -0.1362
v -0.1986 -0.4205 -0.1190
v -0.2094 -0.4066 -0.0932
v -0.2114 -0.3996 -0.0629
v -0.1712 -0.3576 -0.0686
v -0.1650 -0.3600 -0.0381
v -0.1512 -0.3708 -0.0122
v -0.1320 -0.3883 0.0051
v -0.1101 -0.4097 0.0111
v -0.0891 -0.4320 0.0051
v -0.0720 -0.4516 -0.0122
v -0.0615 -0.4655 -0.0381
v -0.0592 -0.4718 -0.0686
v -0.0654 -0.4693 -0.0991
v -0.0791 -0.4586 -0.1249
v -0.0984 -0.4411 -0.1422
v -0.1202 -0.4196 -0.1482
v -0.1413 -0.3974 -0.1422
v -0.1584 -0.3778 -0.1249
v -0.1689 -0.3638 -0.0991
v -0.1712 -0.3576 -0.0686
v -0.1272 -0.3168 -0.0725
v -0.1219 -0.3203 -0.0419
v -0.1094 -0.3324 -0.0160
v -0.0915 -0.3512 0.0013
v -0.0710 -0.3739 0.0074
v -0.0509 -0.3970 0.0013
v -0.0344 -0.4171 -0.0160
v -0.0240 -0.4310 -0.0419
v -0.0211 -0.4366 -0.0725
v -0.0264 -0.4331 -0.1031
v -0.0389 -0.4210 -0.1290
v -0.0568 -0.4022 -0.1463
v -0.0773 -0.3795 -0.1524
v -0.0974 -0.3564 -0.1463
v -0.1139 -0.3363 -0.1290
v -0.1244 -0.3224 -0.1031
v -0.1272 -0.3168 -0.0725
v -0.0803 -0.2770 -0.0746
v -0.0759 -0.2813 -0.0440
v -0.0645 -0.2944 -0.0181
v -0.0477 -0.3142 -0.0007
v -0.0282 -0.3377 0.0054
v -0.0088 -0.3614 -0.0007
v 0.0074 -0.3817 -0.0181
v 0.0181 -0.3954 -0.0440
v 0.0215 -0.4005 -0.0746
v 0.0171 -0.3962 -0.1052
v 0.0057 -0.3831 -0.1312
v -0.0111 -0.3633 -0.1485
v -0.0306 -0.3397 -0.1546
v -0.0500 -0.3160 -0.1485
v -0.0662 -0.2958 -0.1312
v -0.0769 -0.2821 -0.1052
v -0.0803 -0.2770 -0.0746
v -0.0315 -0.2379 -0.0749
v -0.0280 -0.2429 -0.0443
v -0.0175 -0.2567 -0.0183
v -0.0016 -0.2772 -0.0010
v 0.0173 -0.3013 0.0051
v 0.0363 -0.3253 -0.0010
v 0.0525 -0.3456 -0.0183
v 0.0635 -0.3590 -0.0443
v 0.0676 -0.3636 -0.0749
v 0.0641 -0.3586 -0.1055
v 0.0536 -0.3448 -0.1314
v 0.0376 -0.3243 -0.1488
v 0.0187 -0.3002 -0.1549
v -0.0003 -0.2762 -0.1488
v -0.0165 -0.2559 -0.1314
v -0.0275 -0.2425 -0.1055
v -0.0315 -0.2379 -0.0749
v 0.0054 -0.3139 -0.0732
v 0.0140 -0.3148 -0.0432
v 0.0307 -0.3077 -0.0178
v 0.0529 -0.2938 -0.0008
v 0.0772 -0.2752 0.0051
v 0.1000 -0.2547 -0.0008
v 0.1177 -0.2354 -0.0178
v 0.1277 -0.2203 -0.0432
v 0.1284 -0.2116 -0.0732
v 0.1198 -0.2108 -0.1032
v 0.1031 -0.2178 -0.1286
v 0.0809 -0.2317 -0.1456
v 0.0566 -0.2504 -0.1516
v 0.0338 -0.2709 -0.1456
v 0.0161 -0.2902 -0.1286
v 0.0061 -0.3053 -0.1032
v 0.0054 -0.3139 -0.0732
v -0.5066 0.2054 0.0749
v -0.4982 0.2050 0.1049
v -0.4819 0.2127 0.1304
v -0.4602 0.2274 0.1474
v -0.4365 0.2468 0.1534
v -0.4143 0.2679 0.1474
v -0.3970 0.2875 0.1304
v -0.3872 0.3027 0.1049
v -0.3865 0.3111 0.0749
v -0.3950 0.3115 0.0448
v -0.4113 0.3037 0.0194
v -0.4329 0.2890 0.0023
v -0.4567 0.2697 -0.0036
v -0.4789 0.2486 0.0023
v -0.4962 0.2289 0.0194
v -0.5059 0.2138 0.0448
v -0.5066 0.2054 0.0749
v -0.5062 0.3339 0.0736
v -0.5001 0.3327 0.1042
v -0.4837 0.3272 0.1301
v -0.4593 0.3181 0.1474
v -0.4309 0.3068 0.1535
v -0.4026 0.2951 0.1474
v -0.3788 0.2847 0.1301
v -0.3631 0.2772 0.1042
v -0.3580 0.2737 0.0736
v -0.3641 0.2749 0.0430
v -0.3805 0.2804 0.0171
v -0.4049 0.2895 -0.0003
v -0.4333 0.3008 -0.0064
v -0.4616 0.3125 -0.0003
v -0.4854 0.3229 0.0171
v -0.5011 0.3304 0.0430
v -0.5062 0.3339 0.0736
v -0.4790 0.3891 0.0709
v -0.4728 0.3878 0.1014
v -0.4569 0.3807 0.1273
v -0.4338 0.3687 0.1446
v -0.4070 0.3539 0.1507
v -0.3807 0.3383 0.1446
v -0.3587 0.3244 0.1273
v -0.3445 0.3143 0.1014
v -0.3402 0.3096 0.0709
v -0.3465 0.3109 0.0403
v -0.3624 0.3181 0.0144
v -0.3854 0.3300 -0.0029
v -0.4122 0.3449 -0.0090
v -0.4386 0.3604 -0.0029
v -0.4605 0.3743 0.0144
v -0.4747 0.3844 0.0403
v -0.4790 0.3891 0.0709
v -0.4446 0.4419 0.0668
v -0.4382 0.4404 0.0973
v -0.4229 0.4320 0.1231
v -0.4010 0.4179 0.1404
v -0.3759 0.4004 0.1465
v -0.3514 0.3820 0.1404
v -0.3313 0.3656 0.1231
v -0.3185 0.3537 0.0973
v -0.3151 0.3480 0.0668
v -0.3215 0.3495 0.0363
v -0.3368 0.3579 0.0104
v -0.3587 0.3720 -0.0069
v -0.3838 0.3895 -0.0130
v -0.4083 0.4079 -0.0069
v -0.4285 0.4243 0.0104
v -0.4412 0.4362 0.0363
v -0.4446 0.4419 0.0668
v -0.4044 0.4925 0.0614
v -0.3978 0.4909 0.0918
v -0.3829 0.4816 0.1177
v -0.3621 0.4660 0.1349
v -0.3384 0.4465 0.1410
v -0.3156 0.4262 0.1349
v -0.2970 0.4080 0.1177
v -0.2855 0.3947 0.0918
v -0.2828 0.3885 0.0614
v -0.2894 0.3901 0.0309
v -0.3043 0.3994 0.0051
v -0.3251 0.4150 -0.0122
v -0.3488 0.4345 -0.0182
v -0.3716 0.4549 -0.0122
v -0.3902 0.4730 0.0051
v -0.4017 0.4863 0.0309
v -0.4044 0.4925 0.0614
v -0.3593 0.5417 0.0548
v -0.3526 0.5399 0.0852
v -0.3381 0.5299 0.1110
v -0.3181 0.5133 0.1282
v -0.2956 0.4925 0.1343
v -0.2741 0.4707 0.1282
v -0.2568 0.4513 0.1110
v -0.2463 0.4371 0.0852
v -0.2443 0.4305 0.0548
v -0.2510 0.4322 0.0244
v -0.2655 0.4422 -0.0014
v -0.2855 0.4589 -0.0187
v -0.3080 0.4797 -0.0247
v -0.3295 0.5014 -0.0187
v -0.3468 0.5209 -0.0014
v -0.3573 0.5350 0.0244
v -0.3593 0.5417 0.0548
v -0.3105 0.5897 0.0472
v -0.3036 0.5878 0.0775
v -0.2894 0.5774 0.1033
v -0.2700 0.5600 0.1205
v -0.2484 0.5383 0.1266
v -0.2279 0.5156 0.1205
v -0.2116 0.4953 0.1033
v -0.2019 0.4806 0.0775
v -0.2004 0.4736 0.0472
v -0.2073 0.4754 0.0168
v -0.2215 0.4859 -0.0090
v -0.2409 0.5033 -0.0262
v -0.2625 0.5250 -0.0322
v -0.2830 0.5477 -0.0262
v -0.2993 0.5680 -0.0090
v -0.3090 0.5827 0.0168
v -0.3105 0.5897 0.0472
v -0.2589 0.6369 0.0386
v -0.2519 0.6350 0.0690
v -0.2379 0.6243 0.0947
v -0.2189 0.6064 0.1119
v -0.1979 0.5841 0.1179
v -0.1781 0.5608 0.1119
v -0.1625 0.5399 0.0947
v -0.1534 0.5247 0.0690
v -0.1523 0.5176 0.0386
v -0.1593 0.5195 0.0083
v -0.1734 0.5302 -0.0175
v -0.1924 0.5480 -0.0347
v -0.2134 0.5703 -0.0407
v -0.2332 0.5937 -0.0347
v -0.2488 0.6145 -0.0175
v -0.2578 0.6297 0.0083
v -0.2589 0.6369 0.0386
v -0.2058 0.6833 0.0293
v -0.1986 0.6814 0.0597
v -0.1846 0.6706 0.0854
v -0.1659 0.6525 0.1025
v -0.1452 0.6299 0.1086
v -0.1259 0.6062 0.1025
v -0.1107 0.5850 0.0854
v -0.1020 0.5696 0.0597
v -0.1012 0.5622 0.0293
v -0.1083 0.5641 -0.0010
v -0.1223 0.5749 -0.0267
v -0.1411 0.5930 -0.0439
v -0.1617 0.6157 -0.0499
v -0.1811 0.6394 -0.0439
v -0.1963 0.6606 -0.0267
v -0.2049 0.6760 -0.0010
v -0.2058 0.6833 0.0293
v -0.1520 0.7292 0.0195
v -0.1447 0.7274 0.0498
v -0.1307 0.7166 0.0755
v -0.1120 0.6984 0.0926
v -0.0915 0.6757 0.0987
v -0.0723 0.6519 0.0926
v -0.0573 0.6305 0.0755
v -0.0488 0.6149 0.0498
v -0.0482 0.6075 0.0195
v -0.0554 0.6093 -0.0108
v -0.0695 0.6201 -0.0365
v -0.0882 0.6383 -0.0537
v -0.1087 0.6610 -0.0597
v -0.1279 0.6849 -0.0537
v -0.1429 0.7062 -0.0365
v -0.1513 0.7218 -0.0108
v -0.1520 0.7292 0.0195
v -0.0987 0.7746 0.0092
v -0.0914 0.7729 0.0395
v -0.0772 0.7622 0.0652
v -0.0584 0.7442 0.0823
v -0.0377 0.7215 0.0884
v -0.0184 0.6978 0.0823
v -0.0034 0.6764 0.0652
v 0.0050 0.6608 0.0395
v 0.0056 0.6533 0.0092
v -0.0018 0.6550 -0.0211
v -0.0160 0.6656 -0.0467
v -0.0348 0.6837 -0.0639
v -0.0555 0.7063 -0.0699
v -0.0747 0.7301 -0.0639
v -0.0897 0.7514 -0.0467
v -0.0982 0.7671 -0.0211
v -0.0987 0.7746 0.0092
v -0.0471 0.8194 -0.0012
v -0.0396 0.8179 0.0291
v -0.0252 0.8075 0.0547
v -0.0061 0.7897 0.0719
v 0.0149 0.7674 0.0779
v 0.0345 0.7439 0.0719
v 0.0497 0.7227 0.0547
v 0.0583 0.7072 0.0291
v 0.0589 0.6996 -0.0012
v 0.0515 0.7011 -0.0315
v 0.0371 0.7115 -0.0571
v 0.0179 0.7292 -0.0743
v -0.0030 0.7516 -0.0803
v -0.0226 0.7751 -0.0743
v -0.0379 0.7963 -0.0571
v -0.0465 0.8118 -0.0315
v -0.0471 0.8194 -0.0012
v 0.0019 0.8637 -0.0116
v 0.0095 0.8624 0.0187
v 0.0242 0.8523 0.0443
v 0.0438 0.8351 0.0615
v 0.0653 0.8133 0.0675
v 0.0855 0.7903 0.0615
v 0.1012 0.7695 0.0443
v 0.1101 0.7541 0.0187
v 0.1109 0.7465 -0.0116
v 0.1033 0.7478 -0.0418
v 0.0886 0.7578 -0.0675
v 0.0690 0.7750 -0.0846
v 0.0475 0.7968 -0.0907
v 0.0274 0.8198 -0.0846
v 0.0116 0.8406 -0.0675
v 0.0027 0.8560 -0.0418
v 0.0019 0.8637 -0.0116
v 0.0474 0.9072 -0.0218
v 0.0550 0.9062 0.0085
v 0.0701 0.8968 0.0342
v 0.0903 0.8803 0.0513
v 0.1126 0.8593 0.0573
v 0.1336 0.8369 0.0513
v 0.1500 0.8167 0.0342
v 0.1595 0.8016 0.0085
v 0.1605 0.7940 -0.0218
v 0.1529 0.7950 -0.0520
v 0.1378 0.8045 -0.0777
v 0.1176 0.8210 -0.0948
v 0.0953 0.8420 -0.1008
v 0.0743 0.8643 -0.0948
v 0.0579 0.8846 -0.0777
v 0.0484 0.8996 -0.0520
v 0.0474 0.9072 -0.0218
v 0.0885 0.9500 -0.0315
v 0.0961 0.9493 -0.0012
v 0.1116 0.9406 0.0244
v 0.1325 0.9251 0.0416
v 0.1558 0.9052 0.0476
v 0.1779 0.8839 0.0416
v 0.1953 0.8645 0.0244
v 0.2055 0.8499 -0.0012
v 0.2069 0.8424 -0.0315
v 0.1992 0.8431 -0.0618
v 0.1838 0.8518 -0.0874
v 0.1628 0.8673 -0.1046
v 0.1395 0.8872 -0.1106
v 0.1175 0.9085 -0.1046
v 0.1000 0.9279 -0.0874
v 0.0899 0.9425 -0.0618
v 0.0885 0.9500 -0.0315
v 0.1244 0.9918 -0.0406
v 0.1320 0.9915 -0.0104
v 0.1479 0.9837 0.0153
v 0.1698 0.9695 0.0325
v 0.1942 0.9510 0.0385
v 0.2175 0.9312 0.0325
v 0.2362 0.9129 0.0153
v 0.2473 0.8991 -0.0104
v 0.2492 0.8917 -0.0406
v 0.2416 0.8920 -0.0709
v 0.2257 0.8999 -0.0966
v 0.2038 0.9141 -0.1137
v 0.1794 0.9325 -0.1198
v 0.1561 0.9524 -0.1137
v 0.1374 0.9706 -0.0966
v 0.1263 0.9845 -0.0709
v 0.1244 0.9918 -0.0406
v 0.1546 1.0324 -0.0490
v 0.1621 1.0326 -0.0187
v 0.1785 1.0258 0.0070
v 0.2013 1.0132 0.0242
v 0.2271 0.9967 0.0302
v 0.2519 0.9787 0.0242
v 0.2720 0.9621 0.0070
v 0.2842 0.9493 -0.0187
v 0.2868 0.9423 -0.0490
v 0.2793 0.9421 -0.0793
v 0.2630 0.9489 -0.1050
v 0.2401 0.9615 -0.1222
v 0.2143 0.9780 -0.1282
v 0.1895 0.9960 -0.1222
v 0.1695 1.0126 -0.1050
v 0.1572 1.0254 -0.0793
v 0.1546 1.0324 -0.0490
v 0.1789 1.0716 -0.0564
v 0.1862 1.0722 -0.0260
v 0.2030 1.0667 -0.0003
v 0.2268 1.0562 0.0169
v 0.2540 1.0421 0.0229
v 0.2804 1.0266 0.0169
v 0.3020 1.0120 -0.0003
v 0.3156 1.0007 -0.0260
v 0.3190 0.9942 -0.0564
v 0.3117 0.9937 -0.0867
v 0.2949 0.9991 -0.1125
v 0.2711 1.0097 -0.1297
v 0.2439 1.0238 -0.1357
v 0.2175 1.0393 -0.1297
v 0.1959 1.0538 -0.1125
v 0.1823 1.0652 -0.0867
v 0.1789 1.0716 -0.0564
v 0.1973 1.1093 -0.0627
v 0.2042 1.1102 -0.0323
v 0.2214 1.1063 -0.0065
v 0.2461 1.0981 0.0107
v 0.2746 1.0870 0.0168
v 0.3026 1.0745 0.0107
v 0.3258 1.0627 -0.0065
v 0.3407 1.0533 -0.0323
v 0.3449 1.0477 -0.0627
v 0.3380 1.0468 -0.0931
v 0.3208 1.0507 -0.1189
v 0.2961 1.0589 -0.1361
v 0.2676 1.0700 -0.1422
v 0.2396 1.0824 -0.1361
v 0.2164 1.0943 -0.1189
v 0.2015 1.1037 -0.0931
v 0.1973 1.1093 -0.0627
v 0.2099 1.1455 -0.0678
v 0.2165 1.1466 -0.0373
v 0.2339 1.1443 -0.0115
v 0.2593 1.1389 0.0058
v 0.2890 1.1313 0.0118
v 0.3183 1.1225 0.0058
v 0.3429 1.1140 -0.0115
v 0.3589 1.1070 -0.0373
v 0.3640 1.1026 -0.0678
v 0.3574 1.1015 -0.0983
v 0.3400 1.1038 -0.1241
v 0.3146 1.1092 -0.1414
v 0.2850 1.1168 -0.1475
v 0.2556 1.1256 -0.1414
v 0.2311 1.1341 -0.1241
v 0.2150 1.1411 -0.0983
v 0.2099 1.1455 -0.0678
v 0.2172 1.1807 -0.0716
v 0.2236 1.1819 -0.0411
v 0.2410 1.1812 -0.0152
v 0.2668 1.1788 0.0021
v 0.2972 1.1749 0.0082
v 0.3275 1.1703 0.0021
v 0.3530 1.1656 -0.0152
v 0.3700 1.1614 -0.0411
v 0.3757 1.1586 -0.0716
v 0.3694 1.1574 -0.1021
v 0.3520 1.1580 -0.1280
v 0.3261 1.1605 -0.1453
v 0.2957 1.1643 -0.1514
v 0.2655 1.1689 -0.1453
v 0.2399 1.1737 -0.1280
v 0.2230 1.1778 -0.1021
v 0.2172 1.1807 -0.0716
v 0.2197 1.2155 -0.0740
v 0.2258 1.2166 -0.0434
v 0.2431 1.2175 -0.0175
v 0.2691 1.2180 -0.0001
v 0.2997 1.2182 0.0059
v 0.3303 1.2178 -0.0001
v 0.3563 1.2171 -0.0175
v 0.3736 1.2161 -0.0434
v 0.3797 1.2149 -0.0740
v 0.3736 1.2138 -0.1046
v 0.3563 1.2129 -0.1305
v 0.3303 1.2123 -0.1479
v 0.2997 1.2122 -0.1540
v 0.2691 1.2126 -0.1479
v 0.2431 1.2133 -0.1305
v 0.2258 1.2143 -0.1046
v 0.2197 1.2155 -0.0740
v 0.2174 1.2507 -0.0750
v 0.2235 1.2516 -0.0444
v 0.2406 1.2539 -0.0184
v 0.2664 1.2573 -0.0011
v 0.2967 1.2612 0.0050
v 0.3271 1.2650 -0.0011
v 0.3529 1.2682 -0.0184
v 0.3701 1.2702 -0.0444
v 0.3762 1.2708 -0.0750
v 0.3701 1.2699 -0.1056
v 0.3530 1.2676 -0.1315
v 0.3272 1.2642 -0.1489
v 0.2969 1.2603 -0.1550
v 0.2665 1.2565 -0.1489
v 0.2407 1.2533 -0.1315
v 0.2235 1.2513 -0.1056
v 0.2174 1.2507 -0.0750
v 0.2105 1.2870 -0.0745
v 0.2166 1.2877 -0.0439
v 0.2336 1.2913 -0.0180
v 0.2589 1.2971 -0.0006
v 0.2886 1.3044 0.0055
v 0.3183 1.3119 -0.0006
v 0.3434 1.3186 -0.0180
v 0.3600 1.3234 -0.0439
v 0.3658 1.3257 -0.0745
v 0.3597 1.3250 -0.1051
v 0.3427 1.3214 -0.1311
v 0.3174 1.3156 -0.1484
v 0.2876 1.3083 -0.1545
v 0.2580 1.3008 -0.1484
v 0.2329 1.2941 -0.1311
v 0.2162 1.2892 -0.1051
v 0.2105 1.2870 -0.0745
v 0.1988 1.3247 -0.0726
v 0.2051 1.3253 -0.0420
v 0.2219 1.3298 -0.0161
v 0.2466 1.3378 0.0012
v 0.2756 1.3478 0.0073
v 0.3042 1.3585 0.0012
v 0.3283 1.3682 -0.0161
v 0.3442 1.3754 -0.0420
v 0.3493 1.3791 -0.0726
v 0.3431 1.3785 -0.1032
v 0.3263 1.3740 -0.1291
v 0.3015 1.3660 -0.1464
v 0.2726 1.3560 -0.1525
v 0.2439 1.3453 -0.1464
v 0.2198 1.3356 -0.1291
v 0.2040 1.3284 -0.1032
v 0.1988 1.3247 -0.0726
v 0.1826 1.3640 -0.0693
v 0.1891 1.3644 -0.0387
v 0.2057 1.3698 -0.0129
v 0.2299 1.3793 0.0044
v 0.2579 1.3917 0.0105
v 0.2855 1.4049 0.0044
v 0.3085 1.4170 -0.0129
v 0.3234 1.4261 -0.0387
v 0.3279 1.4309 -0.0693
v 0.3214 1.4306 -0.0998
v 0.3048 1.4252 -0.1257
v 0.2806 1.4156 -0.1429
v 0.2526 1.4032 -0.1490
v 0.2250 1.3900 -0.1429
v 0.2020 1.3779 -0.1257
v 0.1871 1.3688 -0.0998
v 0.1826 1.3640 -0.0693
v 0.1619 1.4048 -0.0646
v 0.1688 1.4050 -0.0341
v 0.1852 1.4109 -0.0083
v 0.2089 1.4218 0.0089
v 0.2361 1.4359 0.0150
v 0.2626 1.4511 0.0089
v 0.2846 1.4651 -0.0083
v 0.2986 1.4757 -0.0341
v 0.3024 1.4813 -0.0646
v 0.2956 1.4811 -0.0951
v 0.2791 1.4751 -0.1209
v 0.2555 1.4643 -0.1381
v 0.2283 1.4502 -0.1442
v 0.2017 1.4350 -0.1381
v 0.1798 1.4210 -0.1209
v 0.1658 1.4104 -0.0951
v 0.1619 1.4048 -0.0646
v 0.1374 1.4467 -0.0587
v 0.1445 1.4468 -0.0283
v 0.1609 1.4532 -0.0025
v 0.1841 1.4650 0.0147
v 0.2106 1.4804 0.0207
v 0.2363 1.4971 0.0147
v 0.2573 1.5124 -0.0025
v 0.2705 1.5242 -0.0283
v 0.2737 1.5305 -0.0587
v 0.2666 1.5304 -0.0891
v 0.2502 1.5240 -0.1148
v 0.2270 1.5122 -0.1321
v 0.2005 1.4968 -0.1381
v 0.1748 1.4802 -0.1321
v 0.1538 1.4648 -0.1148
v 0.1407 1.4531 -0.0891
v 0.1374 1.4467 -0.0587
v 0.1096 1.4898 -0.0516
v 0.1170 1.4897 -0.0213
v 0.1334 1.4964 0.0044
v 0.1563 1.5088 0.0216
v 0.1823 1.5251 0.0276
v 0.2073 1.5428 0.0216
v 0.2275 1.5592 0.0044
v 0.2400 1.5717 -0.0213
v 0.2427 1.5786 -0.0516
v 0.2354 1.5787 -0.0820
v 0.2190 1.5720 -0.1077
v 0.1961 1.5596 -0.1249
v 0.1701 1.5433 -0.1309
v 0.1451 1.5256 -0.1249
v 0.1249 1.5092 -0.1077
v 0.1124 1.4966 -0.0820
v 0.1096 1.4898 -0.0516
v 0.0793 1.5337 -0.0436
v 0.0870 1.5335 -0.0133
v 0.1034 1.5403 0.0123
v 0.1261 1.5531 0.0295
v 0.1517 1.5699 0.0355
v 0.1762 1.5883 0.0295
v 0.1959 1.6053 0.0123
v 0.2079 1.6185 -0.0133
v 0.2102 1.6258 -0.0436
v 0.2026 1.6260 -0.0739
v 0.1862 1.6192 -0.0995
v 0.1634 1.6064 -0.1167
v 0.1379 1.5896 -0.1227
v 0.1133 1.5712 -0.1167
v 0.0936 1.5542 -0.0995
v 0.0817 1.5410 -0.0739
v 0.0793 1.5337 -0.0436
v 0.0472 1.5785 -0.0347
v 0.0551 1.5780 -0.0045
v 0.0716 1.5848 0.0211
v 0.0943 1.5977 0.0382
v 0.1197 1.6148 0.0442
v 0.1439 1.6335 0.0382
v 0.1633 1.6510 0.0211
v 0.1749 1.6646 -0.0045
v 0.1769 1.6722 -0.0347
v 0.1691 1.6726 -0.0649
v 0.1526 1.6659 -0.0905
v 0.1299 1.6529 -0.1076
v 0.1045 1.6358 -0.1137
v 0.0803 1.6171 -0.1076
v 0.0609 1.5996 -0.0905
v 0.0493 1.5861 -0.0649
v 0.0472 1.5785 -0.0347
v 0.1335 1.6123 -0.0252
v 0.1338 1.6210 0.0048
v 0.1258 1.6372 0.0303
v 0.1107 1.6586 0.0473
v 0.0907 1.6818 0.0532
v 0.0689 1.7034 0.0473
v 0.0487 1.7200 0.0303
v 0.0331 1.7292 0.0048
v 0.0244 1.7294 -0.0252
v 0.0241 1.7208 -0.0551
v 0.0321 1.7045 -0.0806
v 0.0472 1.6832 -0.0976
v 0.0672 1.6599 -0.1035
v 0.0889 1.6384 -0.0976
v 0.1092 1.6217 -0.0806
v 0.1248 1.6126 -0.0551
v 0.1335 1.6123 -0.0252
v 0.0651 1.4882 0.0000
v 0.0598 1.4917 0.0306
v 0.0436 1.4981 0.0565
v 0.0189 1.5062 0.0738
v -0.0105 1.5149 0.0798
v -0.0401 1.5228 0.0738
v -0.0653 1.5287 0.0565
v -0.0825 1.5318 0.0306
v -0.0889 1.5316 0.0000
v -0.0836 1.5280 -0.0306
v -0.0673 1.5217 -0.0565
v -0.0426 1.5136 -0.0738
v -0.0133 1.5049 -0.0798
v 0.0163 1.4970 -0.0738
v 0.0416 1.4910 -0.0565
v 0.0587 1.4879 -0.0306
v 0.0651 1.4882 -0.0000
v 0.0536 1.2920 0.0000
v 0.0475 1.2924 0.0306
v 0.0302 1.2935 0.0566
v 0.0043 1.2952 0.0739
v -0.0263 1.2972 0.0800
v -0.0568 1.2992 0.0739
v -0.0827 1.3009 0.0566
v -0.1000 1.3020 0.0306
v -0.1061 1.3024 0.0000
v -0.1000 1.3020 -0.0306
v -0.0827 1.3009 -0.0566
v -0.0568 1.2992 -0.0739
v -0.0263 1.2972 -0.0800
v 0.0043 1.2952 -0.0739
v 0.0302 1.2935 -0.0566
v 0.0475 1.2924 -0.0306
v 0.0536 1.2920 -0.0000
v 0.0402 1.0798 0.0000
v 0.0341 1.0802 0.0306
v 0.0168 1.0812 0.0566
v -0.0091 1.0827 0.0739
v -0.0396 1.0846 0.0800
v -0.0702 1.0864 0.0739
v -0.0961 1.0879 0.0566
v -0.1134 1.0889 0.0306
v -0.1195 1.0893 0.0000
v -0.1134 1.0889 -0.0306
v -0.0961 1.0879 -0.0566
v -0.0702 1.0864 -0.0739
v -0.0396 1.0846 -0.0800
v -0.0091 1.0827 -0.0739
v 0.0168 1.0812 -0.0566
v 0.0341 1.0802 -0.0306
v 0.0402 1.0798 -0.0000
v 0.0285 0.8678 0.0000
v 0.0224 0.8682 0.0306
v 0.0051 0.8690 0.0566
v -0.0209 0.8703 0.0739
v -0.0514 0.8719 0.0800
v -0.0820 0.8734 0.0739
v -0.1079 0.8748 0.0566
v -0.1252 0.8756 0.0306
v -0.1313 0.8760 0.0000
v -0.1252 0.8756 -0.0306
v -0.1079 0.8748 -0.0566
v -0.0820 0.8734 -0.0739
v -0.0514 0.8719 -0.0800
v -0.0209 0.8703 -0.0739
v 0.0051 0.8690 -0.0566
v 0.0224 0.8682 -0.0306
v 0.0285 0.8678 -0.0000
v 0.0187 0.6560 0.0000
v 0.0127 0.6563 0.0306
v -0.0047 0.6570 0.0566
v -0.0306 0.6580 0.0739
v -0.0612 0.6592 0.0800
v -0.0918 0.6605 0.0739
v -0.1177 0.6615 0.0566
v -0.1350 0.6622 0.0306
v -0.1411 0.6625 0.0000
v -0.1350 0.6622 -0.0306
v -0.1177 0.6615 -0.0566
v -0.0918 0.6605 -0.0739
v -0.0612 0.6592 -0.0800
v -0.0306 0.6580 -0.0739
v -0.0047 0.6570 -0.0566
v 0.0127 0.6563 -0.0306
v 0.0187 0.6560 -0.0000
v 0.0114 0.4443 0.0000
v 0.0053 0.4445 0.0306
v -0.0120 0.4450 0.0566
v -0.0380 0.4457 0.0739
v -0.0686 0.4466 0.0800
v -0.0992 0.4474 0.0739
v -0.1251 0.4482 0.0566
v -0.1424 0.4487 0.0306
v -0.1485 0.4488 0.0000
v -0.1424 0.4487 -0.0306
v -0.1251 0.4482 -0.0566
v -0.0992 0.4474 -0.0739
v -0.0686 0.4466 -0.0800
v -0.0380 0.4457 -0.0739
v -0.0120 0.4450 -0.0566
v 0.0053 0.4445 -0.0306
v 0.0114 0.4443 -0.0000
v 0.0068 0.2327 0.0000
v 0.0007 0.2328 0.0306
v -0.0167 0.2331 0.0566
v -0.0426 0.2335 0.0739
v -0.0732 0.2339 0.0800
v -0.1038 0.2344 0.0739
v -0.1298 0.2348 0.0566
v -0.1471 0.2350 0.0306
v -0.1532 0.2351 0.0000
v -0.1471 0.2350 -0.0306
v -0.1298 0.2348 -0.0566
v -0.1038 0.2344 -0.0739
v -0.0732 0.2339 -0.0800
v -0.0426 0.2335 -0.0739
v -0.0167 0.2331 -0.0566
v 0.0007 0.2328 -0.0306
v 0.0068 0.2327 -0.0000
v 0.0050 0.0212 0.0000
v -0.0011 0.0212 0.0306
v -0.0184 0.0212 0.0566
v -0.0444 0.0212 0.0739
v -0.0750 0.0213 0.0800
v -0.1056 0.0213 0.0739
v -0.1316 0.0213 0.0566
v -0.1489 0.0214 0.0306
v -0.1550 0.0214 0.0000
v -0.1489 0.0214 -0.0306
v -0.1316 0.0213 -0.0566
v -0.1056 0.0213 -0.0739
v -0.0750 0.0213 -0.0800
v -0.0444 0.0212 -0.0739
v -0.0184 0.0212 -0.0566
v -0.0011 0.0212 -0.0306
v 0.0050 0.0212 -0.0000
v 0.0062 -0.1904 0.0000
v 0.0001 -0.1905 0.0306
v -0.0172 -0.1907 0.0566
v -0.0432 -0.1910 0.0739
v -0.0738 -0.1914 0.0800
v -0.1044 -0.1918 0.0739
v -0.1304 -0.1921 0.0566
v -0.1477 -0.1923 0.0306
v -0.1538 -0.1924 0.0000
v -0.1477 -0.1923 -0.0306
v -0.1304 -0.1921 -0.0566
v -0.1044 -0.1918 -0.0739
v -0.0738 -0.1914 -0.0800
v -0.0432 -0.1910 -0.0739
v -0.0172 -0.1907 -0.0566
v 0.0001 -0.1905 -0.0306
v 0.0062 -0.1904 -0.0000
v 0.0103 -0.4020 0.0000
v 0.0042 -0.4022 0.0306
v -0.0132 -0.4026 0.0566
v -0.0391 -0.4033 0.0739
v -0.0697 -0.4041 0.0800
v -0.1003 -0.4048 0.0739
v -0.1263 -0.4055 0.0566
v -0.1436 -0.4059 0.0306
v -0.1497 -0.4061 0.0000
v -0.1436 -0.4059 -0.0306
v -0.1263 -0.4055 -0.0566
v -0.1003 -0.4048 -0.0739
v -0.0697 -0.4041 -0.0800
v -0.0391 -0.4033 -0.0739
v -0.0132 -0.4026 -0.0566
v 0.0042 -0.4022 -0.0306
v 0.0103 -0.4020 -0.0000
v 0.0171 -0.6137 0.0000
v 0.0110 -0.6139 0.0306
v -0.0063 -0.6146 0.0566
v -0.0323 -0.6155 0.0739
v -0.0629 -0.6167 0.0800
v -0.0935 -0.6179 0.0739
v -0.1194 -0.6189 0.0566
v -0.1367 -0.6195 0.0306
v -0.1428 -0.6197 0.0000
v -0.1367 -0.6195 -0.0306
v -0.1194 -0.6189 -0.0566
v -0.0935 -0.6179 -0.0739
v -0.0629 -0.6167 -0.0800
v -0.0323 -0.6155 -0.0739
v -0.0063 -0.6146 -0.0566
v 0.0110 -0.6139 -0.0306
v 0.0171 -0.6137 -0.0000
v 0.0263 -0.8255 0.0000
v 0.0203 -0.8258 0.0306
v 0.0029 -0.8266 0.0566
v -0.0230 -0.8279 0.0739
v -0.0536 -0.8294 0.0800
v -0.0841 -0.8309 0.0739
v -0.1101 -0.8321 0.0566
v -0.1274 -0.8330 0.0306
v -0.1335 -0.8333 0.0000
v -0.1274 -0.8330 -0.0306
v -0.1101 -0.8321 -0.0566
v -0.0841 -0.8309 -0.0739
v -0.0536 -0.8294 -0.0800
v -0.0230 -0.8279 -0.0739
v 0.0029 -0.8266 -0.0566
v 0.0203 -0.8258 -0.0306
v 0.0263 -0.8255 -0.0000
v 0.0377 -1.0374 0.0000
v 0.0317 -1.0378 0.0306
v 0.0143 -1.0388 0.0566
v -0.0116 -1.0403 0.0739
v -0.0421 -1.0420 0.0800
v -0.0727 -1.0438 0.0739
v -0.0986 -1.0453 0.0566
v -0.1159 -1.0463 0.0306
v -0.1220 -1.0466 0.0000
v -0.1159 -1.0463 -0.0306
v -0.0986 -1.0453 -0.0566
v -0.0727 -1.0438 -0.0739
v -0.0421 -1.0420 -0.0800
v -0.0116 -1.0403 -0.0739
v 0.0143 -1.0388 -0.0566
v 0.0317 -1.0378 -0.0306
v 0.0377 -1.0374 -0.0000
v 0.0508 -1.2496 0.0000
v 0.0447 -1.2499 0.0306
v 0.0274 -1.2511 0.0566
v 0.0015 -1.2527 0.0739
v -0.0290 -1.2547 0.0800
v -0.0596 -1.2566 0.0739
v -0.0855 -1.2583 0.0566
v -0.1028 -1.2594 0.0306
v -0.1089 -1.2598 0.0000
v -0.1028 -1.2594 -0.0306
v -0.0855 -1.2583 -0.0566
v -0.0596 -1.2566 -0.0739
v -0.0290 -1.2547 -0.0800
v 0.0015 -1.2527 -0.0739
v 0.0274 -1.2511 -0.0566
v 0.0447 -1.2499 -0.0306
v 0.0508 -1.2496 -0.0000
v 0.0650 -1.4619 0.0000
v 0.0589 -1.4623 0.0306
v 0.0416 -1.4635 0.0566
v 0.0157 -1.4653 0.0739
v -0.0148 -1.4673 0.0800
v -0.0454 -1.4694 0.0739
v -0.0713 -1.4712 0.0566
v -0.0886 -1.4724 0.0306
v -0.0946 -1.4728 0.0000
v -0.0886 -1.4724 -0.0306
v -0.0713 -1.4712 -0.0566
v -0.0454 -1.4694 -0.0739
v -0.0148 -1.4673 -0.0800
v 0.0157 -1.4653 -0.0739
v 0.0416 -1.4635 -0.0566
v 0.0589 -1.4623 -0.0306
v 0.0650 -1.4619 -0.0000
v 0.0798 -1.6744 0.0000
v 0.0737 -1.6749 0.0306
v 0.0564 -1.6761 0.0566
v 0.0305 -1.6779 0.0739
v -0.0000 -1.6800 0.0800
v -0.0305 -1.6821 0.0739
v -0.0564 -1.6839 0.0566
v -0.0737 -1.6851 0.0306
v -0.0798 -1.6856 0.0000
v -0.0737 -1.6851 -0.0306
v -0.0564 -1.6839 -0.0566
v -0.0305 -1.6821 -0.0739
v -0.0000 -1.6800 -0.0800
v 0.0305 -1.6779 -0.0739
v 0.0564 -1.6761 -0.0566
v 0.0737 -1.6749 -0.0306
v 0.0798 -1.6744 -0.0000
vt 0.0000 0.0000
vt 0.0000 0.0625
vt 0.0000 0.1250
vt 0.0000 0.1875
vt 0.0000 0.2500
vt 0.0000 0.3125
vt 0.0000 0.3750
vt 0.0000 0.4375
vt 0.0000 0.5000
vt 0.0000 0.5625
vt 0.0000 0.6250
vt 0.0000 0.6875
vt 0.0000 0.7500
vt 0.0000 0.8125
vt 0.0000 0.8750
vt 0.0000 0.9375
vt 0.0000 1.0000
vt 0.0127 0.0000
vt 0.0127 0.0625
vt 0.0127 0.1250
vt 0.0127 0.1875
vt 0.0127 0.2500
vt 0.0127 0.3125
vt 0.0127 0.3750
vt 0.0127 0.4375
vt 0.0127 0.5000
vt 0.0127 0.5625
vt 0.0127 0.6250
vt 0.0127 0.6875
vt 0.0127 0.7500
vt 0.0127 0.8125
vt 0.0127 0.8750
vt 0.0127 0.9375
vt 0.0127 1.0000
vt 0.0253 0.0000
vt 0.0253 0.0625
vt 0.0253 0.1250
vt 0.0253 0.1875
vt 0.0253 0.2500
vt 0.0253 0.3125
vt 0.0253 0.3750
vt 0.0253 0.4375
vt 0.0253 0.5000
vt 0.0253 0.5625
vt 0.0253 0.6250
vt 0.0253 0.6875
vt 0.0253 0.7500
vt 0.0253 0.8125
vt 0.0253 0.8750
vt 0.0253 0.9375
vt 0.0253 1.0000
vt 0.0380 0.0000
vt 0.0380 0.0625
vt 0.0380 0.1250
vt 0.0380 0.1875
vt 0.0380 0.2500
vt 0.0380 0.3125
vt 0.0380 0.3750
vt 0.0380 0.4375
vt 0.0380 0.5000
vt 0.0380 0.5625
vt 0.0380 0.6250
vt 0.0380 0.6875
vt 0.0380 0.7500
vt 0.0380 0.8125
vt 0.0380 0.8750
vt 0.0380 0.9375
vt 0.0380 1.0000
vt 0.0506 0.0000
vt 0.0506 0.0625
vt 0.0506 0.1250
vt 0.0506 0.1875
vt 0.0506 0.2500
vt 0.0506 0.3125
vt 0.0506 0.3750
vt 0.0506 0.4375
vt 0.0506 0.5000
vt 0.0506 0.5625
vt 0.0506 0.6250
vt 0.0506 0.6875
vt 0.0506 0.7500
vt 0.0506 0.8125
vt 0.0506 0.8750
vt 0.0506 0.9375
vt 0.0506 1.0000
vt 0.0633 0.0000
vt 0.0633 0.0625
vt 0.0633 0.1250
vt 0.0633 0.1875
vt 0.0633 0.2500
vt 0.0633 0.3125
vt 0.0633 0.3750
vt 0.0633 0.4375
vt 0.0633 0.5000
vt 0.0633 0.5625
vt 0.0633 0.6250
vt 0.0633 0.6875
vt 0.0633 0.7500
vt 0.0633 0.8125
vt 0.0633 0.8750
vt 0.0633 0.9375
vt 0.0633 1.0000
vt 0.0759 0.0000
vt 0.0759 0.0625
vt 0.0759 0.1250
vt 0.0759 0.1875
vt 0.0759 0.2500
vt 0.0759 0.3125
vt 0.0759 0.3750
vt 0.0759 0.4375
vt 0.0759 0.5000
vt 0.0759 0.5625
vt 0.0759 0.6250
vt 0.0759 0.6875
vt 0.0759 0.7500
vt 0.0759 0.8125
vt 0.0759 0.8750
vt 0.0759 0.9375
vt 0.0759 1.0000
vt 0.0886 0.0000
vt 0.0886 0.0625
vt 0.0886 0.1250
vt 0.0886 0.1875
vt 0.0886 0.2500
vt 0.0886 0.3125
vt 0.0886 0.3750
vt 0.0886 0.4375
vt 0.0886 0.5000
vt 0.0886 0.5625
vt 0.0886 0.6250
vt 0.0886 0.6875
vt 0.0886 0.7500
vt 0.0886 0.8125
vt 0.0886 0.8750
vt 0.0886 0.9375
vt 0.0886 1.0000
vt 0.1013 0.0000
vt 0.1013 0.0625
vt 0.1013 0.1250
vt 0.1013 0.1875
vt 0.1013 0.2500
vt 0.1013 0.3125
vt 0.1013 0.3750
vt 0.1013 0.4375
vt 0.1013 0.5000
vt 0.1013 0.5625
vt 0.1013 0.6250
vt 0.1013 0.6875
vt 0.1013 0.7500
vt 0.1013 0.8125
vt 0.1013 0.8750
vt 0.1013 0.9375
vt 0.1013 1.0000
vt 0.1139 0.0000
vt 0.1139 0.0625
vt 0.1139 0.1250
vt 0.1139 0.1875
vt 0.1139 0.2500
vt 0.1139 0.3125
vt 0.1139 0.3750
vt 0.1139 0.4375
vt 0.1139 0.5000
vt 0.1139 0.5625
vt 0.1139 0.6250
vt 0.1139 0.6875
vt 0.1139 0.7500
vt 0.1139 0.8125
vt 0.1139 0.8750
vt 0.1139 0.9375
vt 0.1139 1.0000
vt 0.1266 0.0000
vt 0.1266 0.0625
vt 0.1266 0.1250
vt 0.1266 0.1875
vt 0.1266 0.2500
vt 0.1266 0.3125
vt 0.1266 0.3750
vt 0.1266 0.4375
vt 0.1266 0.5000
vt 0.1266 0.5625
vt 0.1266 0.6250
vt 0.1266 0.6875
vt 0.1266 0.7500
vt 0.1266 0.8125
vt 0.1266 0.8750
vt 0.1266 0.9375
vt 0.1266 1.0000
vt 0.1392 0.0000
vt 0.1392 0.0625
vt 0.1392 0.1250
vt 0.1392 0.1875
vt 0.1392 0.2500
vt 0.1392 0.3125
vt 0.1392 0.3750
vt 0.1392 0.4375
vt 0.1392 0.5000
vt 0.1392 0.5625
vt 0.1392 0.6250
vt 0.1392 0.6875
vt 0.1392 0.7500
vt 0.1392 0.8125
vt 0.1392 0.8750
vt 0.1392 0.9375
vt 0.1392 1.0000
vt 0.1519 0.0000
vt 0.1519 0.0625
vt 0.1519 0.1250
vt 0.1519 0.1875
vt 0.1519 0.2500
vt 0.1519 0.3125
vt 0.1519 0.3750
vt 0.1519 0.4375
vt 0.1519 0.5000
vt 0.1519 0.5625
vt 0.1519 0.6250
vt 0.1519 0.6875
vt 0.1519 0.7500
vt 0.1519 0.8125
vt 0.1519 0.8750
vt 0.1519 0.9375
vt 0.1519 1.0000
vt 0.1646 0.0000
vt 0.1646 0.0625
vt 0.1646 0.1250
vt 0.1646 0.1875
vt 0.1646 0.2500
vt 0.1646 0.3125
vt 0.1646 0.3750
vt 0.1646 0.4375
vt 0.1646 0.5000
vt 0.1646 0.5625
vt 0.1646 0.6250
vt 0.1646 0.6875
vt 0.1646 0.7500
vt 0.1646 0.8125
vt 0.1646 0.8750
vt 0.1646 0.9375
vt 0.1646 1.0000
vt 0.1772 0.0000
vt 0.1772 0.0625
vt 0.1772 0.1250
vt 0.1772 0.1875
vt 0.1772 0.2500
vt 0.1772 0.3125
vt 0.1772 0.3750
vt 0.1772 0.4375
vt 0.1772 0.5000
vt 0.1772 0.5625
vt 0.1772 0.6250
vt 0.1772 0.6875
vt 0.1772 0.7500
vt 0.1772 0.8125
vt 0.1772 0.8750
vt 0.1772 0.9375
vt 0.1772 1.0000
vt 0.1899 0.0000
vt 0.1899 0.0625
vt 0.1899 0.1250
vt 0.1899 0.1875
vt 0.1899 0.2500
vt 0.1899 0.3125
vt 0.1899 0.3750
vt 0.1899 0.4375
vt 0.1899 0.5000
vt 0.1899 0.5625
vt 0.1899 0.6250
vt 0.1899 0.6875
vt 0.1899 0.7500
vt 0.1899 0.8125
vt 0.1899 0.8750
vt 0.1899 0.9375
vt 0.1899 1.0000
vt 0.2025 0.0000
vt 0.2025 0.0625
vt 0.2025 0.1250
vt 0.2025 0.1875
vt 0.2025 0.2500
vt 0.2025 0.3125
vt 0.2025 0.3750
vt 0.2025 0.4375
vt 0.2025 0.5000
vt 0.2025 0.5625
vt 0.2025 0.6250
vt 0.2025 0.6875
vt 0.2025 0.7500
vt 0.2025 0.8125
vt 0.2025 0.8750
vt 0.2025 0.9375
vt 0.2025 1.0000
vt 0.2152 0.0000
vt 0.2152 0.0625
vt 0.2152 0.1250
vt 0.2152 0.1875
vt 0.2152 0.2500
vt 0.2152 0.3125
vt 0.2152 0.3750
vt 0.2152 0.4375
vt 0.2152 0.5000
vt 0.2152 0.5625
vt 0.2152 0.6250
vt 0.2152 0.6875
vt 0.2152 0.7500
vt 0.2152 0.8125
vt 0.2152 0.8750
vt 0.2152 0.9375
vt 0.2152 1.0000
vt 0.2278 0.0000
vt 0.2278 0.0625
vt 0.2278 0.1250
vt 0.2278 0.1875
vt 0.2278 0.2500
vt 0.2278 0.3125
vt 0.2278 0.3750
vt 0.2278 0.4375
vt 0.2278 0.5000
vt 0.2278 0.5625
vt 0.2278 0.6250
vt 0.2278 0.6875
vt 0.2278 0.7500
vt 0.2278 0.8125
vt 0.2278 0.8750
vt 0.2278 0.9375
vt 0.2278 1.0000
vt 0.2405 0.0000
vt 0.2405 0.0625
vt 0.2405 0.1250
vt 0.2405 0.1875
vt 0.2405 0.2500
vt 0.2405 0.3125
vt 0.2405 0.3750
vt 0.2405 0.4375
vt 0.2405 0.5000
vt 0.2405 0.5625
vt 0.2405 0.6250
vt 0.2405 0.6875
vt 0.2405 0.7500
vt 0.2405 0.8125
vt 0.2405 0.8750
vt 0.2405 0.9375
vt 0.2405 1.0000
vt 0.2532 0.0000
vt 0.2532 0.0625
vt 0.2532 0.1250
vt 0.2532 0.1875
vt 0.2532 0.2500
vt 0.2532 0.3125
vt 0.2532 0.3750
vt 0.2532 0.4375
vt 0.2532 0.5000
vt 0.2532 0.5625
vt 0.2532 0.6250
vt 0.2532 0.6875
vt 0.2532 0.7500
vt 0.2532 0.8125
vt 0.2532 0.8750
vt 0.2532 0.9375
vt 0.2532 1.0000
vt 0.2658 0.0000
vt 0.2658 0.0625
vt 0.2658 0.1250
vt 0.2658 0.1875
vt 0.2658 0.2500
vt 0.2658 0.3125
vt 0.2658 0.3750
vt 0.2658 0.4375
vt 0.2658 0.5000
vt 0.2658 0.5625
vt 0.2658 0.6250
vt 0.2658 0.6875
vt 0.2658 0.7500
vt 0.2658 0.8125
vt 0.2658 0.8750
vt 0.2658 0.9375
vt 0.2658 1.0000
vt 0.2785 0.0000
vt 0.2785 0.0625
vt 0.2785 0.1250
vt 0.2785 0.1875
vt 0.2785 0.2500
vt 0.2785 0.3125
vt 0.2785 0.3750
vt 0.2785 0.4375
vt 0.2785 0.5000
vt 0.2785 0.5625
vt 0.2785 0.6250
vt 0.2785 0.6875
vt 0.2785 0.7500
vt 0.2785 0.8125
vt 0.2785 0.8750
vt 0.2785 0.9375
vt 0.2785 1.0000
vt 0.2911 0.0000
vt 0.2911 0.0625
vt 0.2911 0.1250
vt 0.2911 0.1875
vt 0.2911 0.2500
vt 0.2911 0.3125
vt 0.2911 0.3750
vt 0.2911 0.4375
vt 0.2911 0.5000
vt 0.2911 0.5625
vt 0.2911 0.6250
vt 0.2911 0.6875
vt 0.2911 0.7500
vt 0.2911 0.8125
vt 0.2911 0.8750
vt 0.2911 0.9375
vt 0.2911 1.0000
vt 0.3038 0.0000
vt 0.3038 0.0625
vt 0.3038 0.1250
vt 0.3038 0.1875
vt 0.3038 0.2500
vt 0.3038 0.3125
vt 0.3038 0.3750
vt 0.3038 0.4375
vt 0.3038 0.5000
vt 0.3038 0.5625
vt 0.3038 0.6250
vt 0.3038 0.6875
vt 0.3038 0.7500
vt 0.3038 0.8125
vt 0.3038 0.8750
vt 0.3038 0.9375
vt 0.3038 1.0000
vt 0.3165 0.0000
vt 0.3165 0.0625
vt 0.3165 0.1250
vt 0.3165 0.1875
vt 0.3165 0.2500
vt 0.3165 0.3125
vt 0.3165 0.3750
vt 0.3165 0.4375
vt 0.3165 0.5000
vt 0.3165 0.5625
vt 0.3165 0.6250
vt 0.3165 0.6875
vt 0.3165 0.7500
vt 0.3165 0.8125
vt 0.3165 0.8750
vt 0.3165 0.9375
vt 0.3165 1.0000
vt 0.3291 0.0000
vt 0.3291 0.0625
vt 0.3291 0.1250
vt 0.3291 0.1875
vt 0.3291 0.2500
vt 0.3291 0.3125
vt 0.3291 0.3750
vt 0.3291 0.4375
vt 0.3291 0.5000
vt 0.3291 0.5625
vt 0.3291 0.6250
vt 0.3291 0.6875
vt 0.3291 0.7500
vt 0.3291 0.8125
vt 0.3291 0.8750
vt 0.3291 0.9375
vt 0.3291 1.0000
vt 0.3418 0.0000
vt 0.3418 0.0625
vt 0.3418 0.1250
vt 0.3418 0.1875
vt 0.3418 0.2500
vt 0.3418 0.3125
vt 0.3418 0.3750
vt 0.3418 0.4375
vt 0.3418 0.5000
vt 0.3418 0.5625
vt 0.3418 0.6250
vt 0.3418 0.6875
vt 0.3418 0.7500
vt 0.3418 0.8125
vt 0.3418 0.8750
vt 0.3418 0.9375
vt 0.3418 1.0000
vt 0.3544 0.0000
vt 0.3544 0.0625
vt 0.3544 0.1250
vt 0.3544 0.1875
vt 0.3544 0.2500
vt 0.3544 0.3125
vt 0.3544 0.3750
vt 0.3544 0.4375
vt 0.3544 0.5000
vt 0.3544 0.5625
vt 0.3544 0.6250
vt 0.3544 0.6875
vt 0.3544 0.7500
vt 0.3544 0.8125
vt 0.3544 0.8750
vt 0.3544 0.9375
vt 0.3544 1.0000
vt 0.3671 0.0000
vt 0.3671 0.0625
vt 0.3671 0.1250
vt 0.3671 0.1875
vt 0.3671 0.2500
vt 0.3671 0.3125
vt 0.3671 0.3750
vt 0.3671 0.4375
vt 0.3671 0.5000
vt 0.3671 0.5625
vt 0.3671 0.6250
vt 0.3671 0.6875
vt 0.3671 0.7500
vt 0.3671 0.8125
vt 0.3671 0.8750
vt 0.3671 0.9375
vt 0.3671 1.0000
vt 0.3797 0.0000
vt 0.3797 0.0625
vt 0.3797 0.1250
vt 0.3797 0.1875
vt 0.3797 0.2500
vt 0.3797 0.3125
vt 0.3797 0.3750
vt 0.3797 0.4375
vt 0.3797 0.5000
vt 0.3797 0.5625
vt 0.3797 0.6250
vt 0.3797 0.6875
vt 0.3797 0.7500
vt 0.3797 0.8125
vt 0.3797 0.8750
vt 0.3797 0.9375
vt 0.3797 1.0000
vt 0.3924 0.0000
vt 0.3924 0.0625
vt 0.3924 0.1250
vt 0.3924 0.1875
vt 0.3924 0.2500
vt 0.3924 0.3125
vt 0.3924 0.3750
vt 0.3924 0.4375
vt 0.3924 0.5000
vt 0.3924 0.5625
vt 0.3924 0.6250
vt 0.3924 0.6875
vt 0.3924 0.7500
vt 0.3924 0.8125
vt 0.3924 0.8750
vt 0.3924 0.9375
vt 0.3924 1.0000
vt 0.4051 0.0000
vt 0.4051 0.0625
vt 0.4051 0.1250
vt 0.4051 0.1875
vt 0.4051 0.2500
vt 0.4051 0.3125
vt 0.4051 0.3750
vt 0.4051 0.4375
vt 0.4051 0.5000
vt 0.4051 0.5625
vt 0.4051 0.6250
vt 0.4051 0.6875
vt 0.4051 0.7500
vt 0.4051 0.8125
vt 0.4051 0.8750
vt 0.4051 0.9375
vt 0.4051 1.0000
vt 0.4177 0.0000
vt 0.4177 0.0625
vt 0.4177 0.1250
vt 0.4177 0.1875
vt 0.4177 0.2500
vt 0.4177 0.3125
vt 0.4177 0.3750
vt 0.4177 0.4375
vt 0.4177 0.5000
vt 0.4177 0.5625
vt 0.4177 0.6250
vt 0.4177 0.6875
vt 0.4177 0.7500
vt 0.4177 0.8125
vt 0.4177 0.8750
vt 0.4177 0.9375
vt 0.4177 1.0000
vt 0.4304 0.0000
vt 0.4304 0.0625
vt 0.4304 0.1250
vt 0.4304 0.1875
vt 0.4304 0.2500
vt 0.4304 0.3125
vt 0.4304 0.3750
vt 0.4304 0.4375
vt 0.4304 0.5000
vt 0.4304 0.5625
vt 0.4304 0.6250
vt 0.4304 0.6875
vt 0.4304 0.7500
vt 0.4304 0.8125
vt 0.4304 0.8750
vt 0.4304 0.9375
vt 0.4304 1.0000
vt 0.4430 0.0000
vt 0.4430 0.0625
vt 0.4430 0.1250
vt 0.4430 0.1875
vt 0.4430 0.2500
vt 0.4430 0.3125
vt 0.4430 0.3750
vt 0.4430 0.4375
vt 0.4430 0.5000
vt 0.4430 0.5625
vt 0.4430 0.6250
vt 0.4430 0.6875
vt 0.4430 0.7500
vt 0.4430 0.8125
vt 0.4430 0.8750
vt 0.4430 0.9375
vt 0.4430 1.0000
vt 0.4557 0.0000
vt 0.4557 0.0625
vt 0.4557 0.1250
vt 0.4557 0.1875
vt 0.4557 0.2500
vt 0.4557 0.3125
vt 0.4557 0.3750
vt 0.4557 0.4375
vt 0.4557 0.5000
vt 0.4557 0.5625
vt 0.4557 0.6250
vt 0.4557 0.6875
vt 0.4557 0.7500
vt 0.4557 0.8125
vt 0.4557 0.8750
vt 0.4557 0.9375
vt 0.4557 1.0000
vt 0.4684 0.0000
vt 0.4684 0.0625
vt 0.4684 0.1250
vt 0.4684 0.1875
vt 0.4684 0.2500
vt 0.4684 0.3125
vt 0.4684 0.3750
vt 0.4684 0.4375
vt 0.4684 0.5000
vt 0.4684 0.5625
vt 0.4684 0.6250
vt 0.4684 0.6875
vt 0.4684 0.7500
vt 0.4684 0.8125
vt 0.4684 0.8750
vt 0.4684 0.9375
vt 0.4684 1.0000
vt 0.4810 0.0000
vt 0.4810 0.0625
vt 0.4810 0.1250
vt 0.4810 0.1875
vt 0.4810 0.2500
vt 0.4810 0.3125
vt 0.4810 0.3750
vt 0.4810 0.4375
vt 0.4810 0.5000
vt 0.4810 0.5625
vt 0.4810 0.6250
vt 0.4810 0.6875
vt 0.4810 0.7500
vt 0.4810 0.8125
vt 0.4810 0.8750
vt 0.4810 0.9375
vt 0.4810 1.0000
vt 0.4937 0.0000
vt 0.4937 0.0625
vt 0.4937 0.1250
vt 0.4937 0.1875
vt 0.4937 0.2500
vt 0.4937 0.3125
vt 0.4937 0.3750
vt 0.4937 0.4375
vt 0.4937 0.5000
vt 0.4937 0.5625
vt 0.4937 0.6250
vt 0.4937 0.6875
vt 0.4937 0.7500
vt 0.4937 0.8125
vt 0.4937 0.8750
vt 0.4937 0.9375
vt 0.4937 1.0000
vt 0.5063 0.0000
vt 0.5063 0.0625
vt 0.5063 0.1250
vt 0.5063 0.1875
vt 0.5063 0.2500
vt 0.5063 0.3125
vt 0.5063 0.3750
vt 0.5063 0.4375
vt 0.5063 0.5000
vt 0.5063 0.5625
vt 0.5063 0.6250
vt 0.5063 0.6875
vt 0.5063 0.7500
vt 0.5063 0.8125
vt 0.5063 0.8750
vt 0.5063 0.9375
vt 0.5063 1.0000
vt 0.5190 0.0000
vt 0.5190 0.0625
vt 0.5190 0.1250
vt 0.5190 0.1875
vt 0.5190 0.2500
vt 0.5190 0.3125
vt 0.5190 0.3750
vt 0.5190 0.4375
vt 0.5190 0.5000
vt 0.5190 0.5625
vt 0.5190 0.6250
vt 0.5190 0.6875
vt 0.5190 0.7500
vt 0.5190 0.8125
vt 0.5190 0.8750
vt 0.5190 0.9375
vt 0.5190 1.0000
vt 0.5316 0.0000
vt 0.5316 0.0625
vt 0.5316 0.1250
vt 0.5316 0.1875
vt 0.5316 0.2500
vt 0.5316 0.3125
vt 0.5316 0.3750
vt 0.5316 0.4375
vt 0.5316 0.5000
vt 0.5316 0.5625
vt 0.5316 0.6250
vt 0.5316 0.6875
vt 0.5316 0.7500
vt 0.5316 0.8125
vt 0.5316 0.8750
vt 0.5316 0.9375
vt 0.5316 1.0000
vt 0.5443 0.0000
vt 0.5443 0.0625
vt 0.5443 0.1250
vt 0.5443 0.1875
vt 0.5443 0.2500
vt 0.5443 0.3125
vt 0.5443 0.3750
vt 0.5443 0.4375
vt 0.5443 0.5000
vt 0.5443 0.5625
vt 0.5443 0.6250
vt 0.5443 0.6875
vt 0.5443 0.7500
vt 0.5443 0.8125
vt 0.5443 0.8750
vt 0.5443 0.9375
vt 0.5443 1.0000
vt 0.5570 0.0000
vt 0.5570 0.0625
vt 0.5570 0.1250
vt 0.5570 0.1875
vt 0.5570 0.2500
vt 0.5570 0.3125
vt 0.5570 0.3750
vt 0.5570 0.4375
vt 0.5570 0.5000
vt 0.5570 0.5625
vt 0.5570 0.6250
vt 0.5570 0.6875
vt 0.5570 0.7500
vt 0.5570 0.8125
vt 0.5570 0.8750
vt 0.5570 0.9375
vt 0.5570 1.0000
vt 0.5696 0.0000
vt 0.5696 0.0625
vt 0.5696 0.1250
vt 0.5696 0.1875
vt 0.5696 0.2500
vt 0.5696 0.3125
vt 0.5696 0.3750
vt 0.5696 0.4375
vt 0.5696 0.5000
vt 0.5696 0.5625
vt 0.5696 0.6250
vt 0.5696 0.6875
vt 0.5696 0.7500
vt 0.5696 0.8125
vt 0.5696 0.8750
vt 0.5696 0.9375
vt 0.5696 1.0000
vt 0.5823 0.0000
vt 0.5823 0.0625
vt 0.5823 0.1250
vt 0.5823 0.1875
vt 0.5823 0.2500
vt 0.5823 0.3125
vt 0.5823 0.3750
vt 0.5823 0.4375
vt 0.5823 0.5000
vt 0.5823 0.5625
vt 0.5823 0.6250
vt 0.5823 0.6875
vt 0.5823 0.7500
vt 0.5823 0.8125
vt 0.5823 0.8750
vt 0.5823 0.9375
vt 0.5823 1.0000
vt 0.5949 0.0000
vt 0.5949 0.0625
vt 0.5949 0.1250
vt 0.5949 0.1875
vt 0.5949 0.2500
vt 0.5949 0.3125
vt 0.5949 0.3750
vt 0.5949 0.4375
vt 0.5949 0.5000
vt 0.5949 0.5625
vt 0.5949 0.6250
vt 0.5949 0.6875
vt 0.5949 0.7500
vt 0.5949 0.8125
vt 0.5949 0.8750
vt 0.5949 0.9375
vt 0.5949 1.0000
vt 0.6076 0.0000
vt 0.6076 0.0625
vt 0.6076 0.1250
vt 0.6076 0.1875
vt 0.6076 0.2500
vt 0.6076 0.3125
vt 0.6076 0.3750
vt 0.6076 0.4375
vt 0.6076 0.5000
vt 0.6076 0.5625
vt 0.6076 0.6250
vt 0.6076 0.6875
vt 0.6076 0.7500
vt 0.6076 0.8125
vt 0.6076 0.8750
vt 0.6076 0.9375
vt 0.6076 1.0000
vt 0.6203 0.0000
vt 0.6203 0.0625
vt 0.6203 0.1250
vt 0.6203 0.1875
vt 0.6203 0.2500
vt 0.6203 0.3125
vt 0.6203 0.3750
vt 0.6203 0.4375
vt 0.6203 0.5000
vt 0.6203 0.5625
vt 0.6203 0.6250
vt 0.6203 0.6875
vt 0.6203 0.7500
vt 0.6203 0.8125
vt 0.6203 0.8750
vt 0.6203 0.9375
vt 0.6203 1.0000
vt 0.6329 0.0000
vt 0.6329 0.0625
vt 0.6329 0.1250
vt 0.6329 0.1875
vt 0.6329 0.2500
vt 0.6329 0.3125
vt 0.6329 0.3750
vt 0.6329 0.4375
vt 0.6329 0.5000
vt 0.6329 0.5625
vt 0.6329 0.6250
vt 0.6329 0.6875
vt 0.6329 0.7500
vt 0.6329 0.8125
vt 0.6329 0.8750
vt 0.6329 0.9375
vt 0.6329 1.0000
vt 0.6456 0.0000
vt 0.6456 0.0625
vt 0.6456 0.1250
vt 0.6456 0.1875
vt 0.6456 0.2500
vt 0.6456 0.3125
vt 0.6456 0.3750
vt 0.6456 0.4375
vt 0.6456 0.5000
vt 0.6456 0.5625
vt 0.6456 0.6250
vt 0.6456 0.6875
vt 0.6456 0.7500
vt 0.6456 0.8125
vt 0.6456 0.8750
vt 0.6456 0.9375
vt 0.6456 1.0000
vt 0.6582 0.0000
vt 0.6582 0.0625
vt 0.6582 0.1250
vt 0.6582 0.1875
vt 0.6582 0.2500
vt 0.6582 0.3125
vt 0.6582 0.3750
vt 0.6582 0.4375
vt 0.6582 0.5000
vt 0.6582 0.5625
vt 0.6582 0.6250
vt 0.6582 0.6875
vt 0.6582 0.7500
vt 0.6582 0.8125
vt 0.6582 0.8750
vt 0.6582 0.9375
vt 0.6582 1.0000
vt 0.6709 0.0000
vt 0.6709 0.0625
vt 0.6709 0.1250
vt 0.6709 0.1875
vt 0.6709 0.2500
vt 0.6709 0.3125
vt 0.6709 0.3750
vt 0.6709 0.4375
vt 0.6709 0.5000
vt 0.6709 0.5625
vt 0.6709 0.6250
vt 0.6709 0.6875
vt 0.6709 0.7500
vt 0.6709 0.8125
vt 0.6709 0.8750
vt 0.6709 0.9375
vt 0.6709 1.0000
vt 0.6835 0.0000
vt 0.6835 0.0625
vt 0.6835 0.1250
vt 0.6835 0.1875
vt 0.6835 0.2500
vt 0.6835 0.3125
vt 0.6835 0.3750
vt 0.6835 0.4375
vt 0.6835 0.5000
vt 0.6835 0.5625
vt 0.6835 0.6250
vt 0.6835 0.6875
vt 0.6835 0.7500
vt 0.6835 0.8125
vt 0.6835 0.8750
vt 0.6835 0.9375
vt 0.6835 1.0000
vt 0.6962 0.0000
vt 0.6962 0.0625
vt 0.6962 0.1250
vt 0.6962 0.1875
vt 0.6962 0.2500
vt 0.6962 0.3125
vt 0.6962 0.3750
vt 0.6962 0.4375
vt 0.6962 0.5000
vt 0.6962 0.5625
vt 0.6962 0.6250
vt 0.6962 0.6875
vt 0.6962 0.7500
vt 0.6962 0.8125
vt 0.6962 0.8750
vt 0.6962 0.9375
vt 0.6962 1.0000
vt 0.7089 0.0000
vt 0.7089 0.0625
vt 0.7089 0.1250
vt 0.7089 0.1875
vt 0.7089 0.2500
vt 0.7089 0.3125
vt 0.7089 0.3750
vt 0.7089 0.4375
vt 0.7089 0.5000
vt 0.7089 0.5625
vt 0.7089 0.6250
vt 0.7089 0.6875
vt 0.7089 0.7500
vt 0.7089 0.8125
vt 0.7089 0.8750
vt 0.7089 0.9375
vt 0.7089 1.0000
vt 0.7215 0.0000
vt 0.7215 0.0625
vt 0.7215 0.1250
vt 0.7215 0.1875
vt 0.7215 0.2500
vt 0.7215 0.3125
vt 0.7215 0.3750
vt 0.7215 0.4375
vt 0.7215 0.5000
vt 0.7215 0.5625
vt 0.7215 0.6250
vt 0.7215 0.6875
vt 0.7215 0.7500
vt 0.7215 0.8125
vt 0.7215 0.8750
vt 0.7215 0.9375
vt 0.7215 1.0000
vt 0.7342 0.0000
vt 0.7342 0.0625
vt 0.7342 0.1250
vt 0.7342 0.1875
vt 0.7342 0.2500
vt 0.7342 0.3125
vt 0.7342 0.3750
vt 0.7342 0.4375
vt 0.7342 0.5000
vt 0.7342 0.5625
vt 0.7342 0.6250
vt 0.7342 0.6875
vt 0.7342 0.7500
vt 0.7342 0.8125
vt 0.7342 0.8750
vt 0.7342 0.9375
vt 0.7342 1.0000
vt 0.7468 0.0000
vt 0.7468 0.0625
vt 0.7468 0.1250
vt 0.7468 0.1875
vt 0.7468 0.2500
vt 0.7468 0.3125
vt 0.7468 0.3750
vt 0.7468 0.4375
vt 0.7468 0.5000
vt 0.7468 0.5625
vt 0.7468 0.6250
vt 0.7468 0.6875
vt 0.7468 0.7500
vt 0.7468 0.8125
vt 0.7468 0.8750
vt 0.7468 0.9375
vt 0.7468 1.0000
vt 0.7595 0.0000
vt 0.7595 0.0625
vt 0.7595 0.1250
vt 0.7595 0.1875
vt 0.7595 0.2500
vt 0.7595 0.3125
vt 0.7595 0.3750
vt 0.7595 0.4375
vt 0.7595 0.5000
vt 0.7595 0.5625
vt 0.7595 0.6250
vt 0.7595 0.6875
vt 0.7595 0.7500
vt 0.7595 0.8125
vt 0.7595 0.8750
vt 0.7595 0.9375
vt 0.7595 1.0000
vt 0.7722 0.0000
vt 0.7722 0.0625
vt 0.7722 0.1250
vt 0.7722 0.1875
vt 0.7722 0.2500
vt 0.7722 0.3125
vt 0.7722 0.3750
vt 0.7722 0.4375
vt 0.7722 0.5000
vt 0.7722 0.5625
vt 0.7722 0.6250
vt 0.7722 0.6875
vt 0.7722 0.7500
vt 0.7722 0.8125
vt 0.7722 0.8750
vt 0.7722 0.9375
vt 0.7722 1.0000
vt 0.7848 0.0000
vt 0.7848 0.0625
vt 0.7848 0.1250
vt 0.7848 0.1875
vt 0.7848 0.2500
vt 0.7848 0.3125
vt 0.7848 0.3750
vt 0.7848 0.4375
vt 0.7848 0.5000
vt 0.7848 0.5625
vt 0.7848 0.6250
vt 0.7848 0.6875
vt 0.7848 0.7500
vt 0.7848 0.8125
vt 0.7848 0.8750
vt 0.7848 0.9375
vt 0.7848 1.0000
vt 0.7975 0.0000
vt 0.7975 0.0625
vt 0.7975 0.1250
vt 0.7975 0.1875
vt 0.7975 0.2500
vt 0.7975 0.3125
vt 0.7975 0.3750
vt 0.7975 0.4375
vt 0.7975 0.5000
vt 0.7975 0.5625
vt 0.7975 0.6250
vt 0.7975 0.6875
vt 0.7975 0.7500
vt 0.7975 0.8125
vt 0.7975 0.8750
vt 0.7975 0.9375
vt 0.7975 1.0000
vt 0.8101 0.0000
vt 0.8101 0.0625
vt 0.8101 0.1250
vt 0.8101 0.1875
vt 0.8101 0.2500
vt 0.8101 0.3125
vt 0.8101 0.3750
vt 0.8101 0.4375
vt 0.8101 0.5000
vt 0.8101 0.5625
vt 0.8101 0.6250
vt 0.8101 0.6875
vt 0.8101 0.7500
vt 0.8101 0.8125
vt 0.8101 0.8750
vt 0.8101 0.9375
vt 0.8101 1.0000
vt 0.8228 0.0000
vt 0.8228 0.0625
vt 0.8228 0.1250
vt 0.8228 0.1875
vt 0.8228 0.2500
vt 0.8228 0.3125
vt 0.8228 0.3750
vt 0.8228 0.4375
vt 0.8228 0.5000
vt 0.8228 0.5625
vt 0.8228 0.6250
vt 0.8228 0.6875
vt 0.8228 0.7500
vt 0.8228 0.8125
vt 0.8228 0.8750
vt 0.8228 0.9375
vt 0.8228 1.0000
vt 0.8354 0.0000
vt 0.8354 0.0625
vt 0.8354 0.1250
vt 0.8354 0.1875
vt 0.8354 0.2500
vt 0.8354 0.3125
vt 0.8354 0.3750
vt 0.8354 0.4375
vt 0.8354 0.5000
vt 0.8354 0.5625
vt 0.8354 0.6250
vt 0.8354 0.6875
vt 0.8354 0.7500
vt 0.8354 0.8125
vt 0.8354 0.8750
vt 0.8354 0.9375
vt 0.8354 1.0000
vt 0.8481 0.0000
vt 0.8481 0.0625
vt 0.8481 0.1250
vt 0.8481 0.1875
vt 0.8481 0.2500
vt 0.8481 0.3125
vt 0.8481 0.3750
vt 0.8481 0.4375
vt 0.8481 0.5000
vt 0.8481 0.5625
vt 0.8481 0.6250
vt 0.8481 0.6875
vt 0.8481 0.7500
vt 0.8481 0.8125
vt 0.8481 0.8750
vt 0.8481 0.9375
vt 0.8481 1.0000
vt 0.8608 0.0000
vt 0.8608 0.0625
vt 0.8608 0.1250
vt 0.8608 0.1875
vt 0.8608 0.2500
vt 0.8608 0.3125
vt 0.8608 0.3750
vt 0.8608 0.4375
vt 0.8608 0.5000
vt 0.8608 0.5625
vt 0.8608 0.6250
vt 0.8608 0.6875
vt 0.8608 0.7500
vt 0.8608 0.8125
vt 0.8608 0.8750
vt 0.8608 0.9375
vt 0.8608 1.0000
vt 0.8734 0.0000
vt 0.8734 0.0625
vt 0.8734 0.1250
vt 0.8734 0.1875
vt 0.8734 0.2500
vt 0.8734 0.3125
vt 0.8734 0.3750
vt 0.8734 0.4375
vt 0.8734 0.5000
vt 0.8734 0.5625
vt 0.8734 0.6250
vt 0.8734 0.6875
vt 0.8734 0.7500
vt 0.8734 0.8125
vt 0.8734 0.8750
vt 0.8734 0.9375
vt 0.8734 1.0000
vt 0.8861 0.0000
vt 0.8861 0.0625
vt 0.8861 0.1250
vt 0.8861 0.1875
vt 0.8861 0.2500
vt 0.8861 0.3125
vt 0.8861 0.3750
vt 0.8861 0.4375
vt 0.8861 0.5000
vt 0.8861 0.5625
vt 0.8861 0.6250
vt 0.8861 0.6875
vt 0.8861 0.7500
vt 0.8861 0.8125
vt 0.8861 0.8750
vt 0.8861 0.9375
vt 0.8861 1.0000
vt 0.8987 0.0000
vt 0.8987 0.0625
vt 0.8987 0.1250
vt 0.8987 0.1875
vt 0.8987 0.2500
vt 0.8987 0.3125
vt 0.8987 0.3750
vt 0.8987 0.4375
vt 0.8987 0.5000
vt 0.8987 0.5625
vt 0.8987 0.6250
vt 0.8987 0.6875
vt 0.8987 0.7500
vt 0.8987 0.8125
vt 0.8987 0.8750
vt 0.8987 0.9375
vt 0.8987 1.0000
vt 0.9114 0.0000
vt 0.9114 0.0625
vt 0.9114 0.1250
vt 0.9114 0.1875
vt 0.9114 0.2500
vt 0.9114 0.3125
vt 0.9114 0.3750
vt 0.9114 0.4375
vt 0.9114 0.5000
vt 0.9114 0.5625
vt 0.9114 0.6250
vt 0.9114 0.6875
vt 0.9114 0.7500
vt 0.9114 0.8125
vt 0.9114 0.8750
vt 0.9114 0.9375
vt 0.9114 1.0000
vt 0.9241 0.0000
vt 0.9241 0.0625
vt 0.9241 0.1250
vt 0.9241 0.1875
vt 0.9241 0.2500
vt 0.9241 0.3125
vt 0.9241 0.3750
vt 0.9241 0.4375
vt 0.9241 0.5000
vt 0.9241 0.5625
vt 0.9241 0.6250
vt 0.9241 0.6875
vt 0.9241 0.7500
vt 0.9241 0.8125
vt 0.9241 0.8750
vt 0.9241 0.9375
vt 0.9241 1.0000
vt 0.9367 0.0000
vt 0.9367 0.0625
vt 0.9367 0.1250
vt 0.9367 0.1875
vt 0.9367 0.2500
vt 0.9367 0.3125
vt 0.9367 0.3750
vt 0.9367 0.4375
vt 0.9367 0.5000
vt 0.9367 0.5625
vt 0.9367 0.6250
vt 0.9367 0.6875
vt 0.9367 0.7500
vt 0.9367 0.8125
vt 0.9367 0.8750
vt 0.9367 0.9375
vt 0.9367 1.0000
vt 0.9494 0.0000
vt 0.9494 0.0625
vt 0.9494 0.1250
vt 0.9494 0.1875
vt 0.9494 0.2500
vt 0.9494 0.3125
vt 0.9494 0.3750
vt 0.9494 0.4375
vt 0.9494 0.5000
vt 0.9494 0.5625
vt 0.9494 0.6250
vt 0.9494 0.6875
vt 0.9494 0.7500
vt 0.9494 0.8125
vt 0.9494 0.8750
vt 0.9494 0.9375
vt 0.9494 1.0000
vt 0.9620 0.0000
vt 0.9620 0.0625
vt 0.9620 0.1250
vt 0.9620 0.1875
vt 0.9620 0.2500
vt 0.9620 0.3125
vt 0.9620 0.3750
vt 0.9620 0.4375
vt 0.9620 0.5000
vt 0.9620 0.5625
vt 0.9620 0.6250
vt 0.9620 0.6875
vt 0.9620 0.7500
vt 0.9620 0.8125
vt 0.9620 0.8750
vt 0.9620 0.9375
vt 0.9620 1.0000
vt 0.9747 0.0000
vt 0.9747 0.0625
vt 0.9747 0.1250
vt 0.9747 0.1875
vt 0.9747 0.2500
vt 0.9747 0.3125
vt 0.9747 0.3750
vt 0.9747 0.4375
vt 0.9747 0.5000
vt 0.9747 0.5625
vt 0.9747 0.6250
vt 0.9747 0.6875
vt 0.9747 0.7500
vt 0.9747 0.8125
vt 0.9747 0.8750
vt 0.9747 0.9375
vt 0.9747 1.0000
vt 0.9873 0.0000
vt 0.9873 0.0625
vt 0.9873 0.1250
vt 0.9873 0.1875
vt 0.9873 0.2500
vt 0.9873 0.3125
vt 0.9873 0.3750
vt 0.9873 0.4375
vt 0.9873 0.5000
vt 0.9873 0.5625
vt 0.9873 0.6250
vt 0.9873 0.6875
vt 0.9873 0.7500
vt 0.9873 0.8125
vt 0.9873 0.8750
vt 0.9873 0.9375
vt 0.9873 1.0000
vt 1.0000 0.0000
vt 1.0000 0.0625
vt 1.0000 0.1250
vt 1.0000 0.1875
vt 1.0000 0.2500
vt 1.0000 0.3125
vt 1.0000 0.3750
vt 1.0000 0.4375
vt 1.0000 0.5000
vt 1.0000 0.5625
vt 1.0000 0.6250
vt 1.0000 0.6875
vt 1.0000 0.7500
vt 1.0000 0.8125
vt 1.0000 0.8750
vt 1.0000 0.9375
vt 1.0000 1.0000
vn -0.9931 0.1173 0.0000
vn -0.9308 -0.0044 0.3655
vn -0.7268 -0.1254 0.6753
vn -0.4122 -0.2273 0.8823
vn -0.0348 -0.2946 0.9550
vn 0.3479 -0.3171 0.8823
vn 0.6776 -0.2913 0.6753
vn 0.9042 -0.2211 0.3655
vn 0.9931 -0.1173 0.0000
vn 0.9308 0.0044 -0.3655
vn 0.7268 0.1254 -0.6753
vn 0.4122 0.2273 -0.8823
vn 0.0348 0.2946 -0.9550
vn -0.3479 0.3171 -0.8823
vn -0.6776 0.2913 -0.6753
vn -0.9042 0.2211 -0.3655
vn -0.9931 0.1173 -0.0000
vn -0.9974 0.0725 0.0000
vn -0.9296 -0.0454 0.3657
vn -0.7203 -0.1564 0.6758
vn -0.4014 -0.2435 0.8829
vn -0.0213 -0.2936 0.9557
vn 0.3620 -0.2990 0.8829
vn 0.6902 -0.2589 0.6758
vn 0.9133 -0.1794 0.3657
vn 0.9974 -0.0725 0.0000
vn 0.9296 0.0454 -0.3657
vn 0.7203 0.1564 -0.6758
vn 0.4014 0.2435 -0.8829
vn 0.0213 0.2936 -0.9557
vn -0.3620 0.2990 -0.8829
vn -0.6902 0.2589 -0.6758
vn -0.9133 0.1794 -0.3657
vn -0.9974 0.0725 -0.0000
vn -0.9997 -0.0224 0.0000
vn -0.9212 -0.1296 0.3668
vn -0.7024 -0.2171 0.6778
vn -0.3767 -0.2716 0.8856
vn 0.0064 -0.2847 0.9586
vn 0.3885 -0.2545 0.8856
vn 0.7114 -0.1855 0.6778
vn 0.9261 -0.0883 0.3668
vn 0.9997 0.0224 0.0000
vn 0.9212 0.1296 -0.3668
vn 0.7024 0.2171 -0.6778
vn 0.3767 0.2716 -0.8856
vn -0.0064 0.2847 -0.9586
vn -0.3885 0.2545 -0.8856
vn -0.7114 0.1855 -0.6778
vn -0.9261 0.0883 -0.3668
vn -0.9997 -0.0224 -0.0000
vn -0.9923 -0.1235 0.0000
vn -0.9042 -0.2151 0.3689
vn -0.6785 -0.2739 0.6817
vn -0.3494 -0.2910 0.8906
vn 0.0328 -0.2638 0.9640
vn 0.4101 -0.1964 0.8906
vn 0.7249 -0.0992 0.6817
vn 0.9294 0.0132 0.3689
vn 0.9923 0.1235 0.0000
vn 0.9042 0.2151 -0.3689
vn 0.6785 0.2739 -0.6817
vn 0.3494 0.2910 -0.8906
vn -0.0328 0.2638 -0.9640
vn -0.4101 0.1964 -0.8906
vn -0.7249 0.0992 -0.6817
vn -0.9294 -0.0132 -0.3689
vn -0.9923 -0.1235 -0.0000
vn -0.9744 -0.2247 0.0000
vn -0.8798 -0.2964 0.3717
vn -0.6512 -0.3230 0.6868
vn -0.3235 -0.3004 0.8973
vn 0.0535 -0.2320 0.9712
vn 0.4223 -0.1284 0.8973
vn 0.7269 -0.0052 0.6868
vn 0.9207 0.1188 0.3717
vn 0.9744 0.2247 0.0000
vn 0.8798 0.2964 -0.3717
vn 0.6512 0.3230 -0.6868
vn 0.3235 0.3004 -0.8973
vn -0.0535 0.2320 -0.9712
vn -0.4223 0.1284 -0.8973
vn -0.7269 0.0052 -0.6868
vn -0.9207 -0.1188 -0.3717
vn -0.9744 -0.2247 -0.0000
vn -0.9475 -0.3196 0.0000
vn -0.8506 -0.3690 0.3747
vn -0.6241 -0.3622 0.6924
vn -0.3026 -0.3002 0.9046
vn 0.0649 -0.1925 0.9791
vn 0.4226 -0.0555 0.9046
vn 0.7159 0.0899 0.6924
vn 0.9003 0.2216 0.3747
vn 0.9475 0.3196 0.0000
vn 0.8506 0.3690 -0.3747
vn 0.6241 0.3622 -0.6924
vn 0.3026 0.3002 -0.9046
vn -0.0649 0.1925 -0.9791
vn -0.4226 0.0555 -0.9046
vn -0.7159 -0.0899 -0.6924
vn -0.9003 -0.2216 -0.3747
vn -0.9475 -0.3196 -0.0000
vn -0.9149 -0.4036 0.0000
vn -0.8201 -0.4301 0.3776
vn -0.6004 -0.3910 0.6976
vn -0.2892 -0.2925 0.9115
vn 0.0659 -0.1494 0.9866
vn 0.4110 0.0165 0.9115
vn 0.6935 0.1798 0.6976
vn 0.8705 0.3158 0.3776
vn 0.9149 0.4036 0.0000
vn 0.8201 0.4301 -0.3776
vn 0.6004 0.3910 -0.6976
vn 0.2892 0.2925 -0.9115
vn -0.0659 0.1494 -0.9866
vn -0.4110 -0.0165 -0.9115
vn -0.6935 -0.1798 -0.6976
vn -0.8705 -0.3158 -0.3776
vn -0.9149 -0.4036 -0.0000
vn -0.8804 -0.4741 0.0000
vn -0.7915 -0.4787 0.3799
vn -0.5821 -0.4104 0.7019
vn -0.2840 -0.2796 0.9171
vn 0.0572 -0.1063 0.9927
vn 0.3898 0.0832 0.9171
vn 0.6630 0.2601 0.7019
vn 0.8353 0.3974 0.3799
vn 0.8804 0.4741 0.0000
vn 0.7915 0.4787 -0.3799
vn 0.5821 0.4104 -0.7019
vn 0.2840 0.2796 -0.9171
vn -0.0572 0.1063 -0.9927
vn -0.3898 -0.0832 -0.9171
vn -0.6630 -0.2601 -0.7019
vn -0.8353 -0.3974 -0.3799
vn -0.8804 -0.4741 -0.0000
vn -0.8477 -0.5305 0.0000
vn -0.7674 -0.5153 0.3815
vn -0.5703 -0.4217 0.7050
vn -0.2863 -0.2639 0.9211
vn 0.0412 -0.0659 0.9970
vn 0.3625 0.1422 0.9211
vn 0.6285 0.3285 0.7050
vn 0.7989 0.4649 0.3815
vn 0.8477 0.5305 0.0000
vn 0.7674 0.5153 -0.3815
vn 0.5703 0.4217 -0.7050
vn 0.2863 0.2639 -0.9211
vn -0.0412 0.0659 -0.9970
vn -0.3625 -0.1422 -0.9211
vn -0.6285 -0.3285 -0.7050
vn -0.7989 -0.4649 -0.3815
vn -0.8477 -0.5305 -0.0000
vn -0.8194 -0.5733 0.0000
vn -0.7492 -0.5408 0.3824
vn -0.5650 -0.4260 0.7067
vn -0.2947 -0.2463 0.9233
vn 0.0204 -0.0291 0.9994
vn 0.3324 0.1925 0.9233
vn 0.5938 0.3848 0.7067
vn 0.7648 0.5185 0.3824
vn 0.8194 0.5733 0.0000
vn 0.7492 0.5408 -0.3824
vn 0.5650 0.4260 -0.7067
vn 0.2947 0.2463 -0.9233
vn -0.0204 0.0291 -0.9994
vn -0.3324 -0.1925 -0.9233
vn -0.5938 -0.3848 -0.7067
vn -0.7648 -0.5185 -0.3824
vn -0.8194 -0.5733 -0.0000
vn -0.7973 -0.6035 0.0000
vn -0.7378 -0.5561 0.3827
vn -0.5659 -0.4240 0.7071
vn -0.3079 -0.2273 0.9239
vn -0.0030 0.0040 1.0000
vn 0.3024 0.2346 0.9239
vn 0.5617 0.4296 0.7071
vn 0.7355 0.5591 0.3827
vn 0.7973 0.6035 0.0000
vn 0.7378 0.5561 -0.3827
vn 0.5659 0.4240 -0.7071
vn 0.3079 0.2273 -0.9239
vn 0.0030 -0.0040 -1.0000
vn -0.3024 -0.2346 -0.9239
vn -0.5617 -0.4296 -0.7071
vn -0.7355 -0.5591 -0.3827
vn -0.7973 -0.6035 -0.0000
vn -0.7828 -0.6223 0.0000
vn -0.7336 -0.5619 0.3823
vn -0.5727 -0.4159 0.7064
vn -0.3246 -0.2067 0.9230
vn -0.0271 0.0341 0.9991
vn 0.2745 0.2696 0.9230
vn 0.5343 0.4641 0.7064
vn 0.7128 0.5880 0.3823
vn 0.7828 0.6223 0.0000
vn 0.7336 0.5619 -0.3823
vn 0.5727 0.4159 -0.7064
vn 0.3246 0.2067 -0.9230
vn 0.0271 -0.0341 -0.9991
vn -0.2745 -0.2696 -0.9230
vn -0.5343 -0.4641 -0.7064
vn -0.7128 -0.5880 -0.3823
vn -0.7828 -0.6223 -0.0000
vn -0.7765 -0.6301 0.0000
vn -0.7367 -0.5583 0.3814
vn -0.5848 -0.4015 0.7048
vn -0.3439 -0.1835 0.9209
vn -0.0506 0.0623 0.9968
vn 0.2504 0.2987 0.9209
vn 0.5133 0.4897 0.7048
vn 0.6980 0.6060 0.3814
vn 0.7765 0.6301 0.0000
vn 0.7367 0.5583 -0.3814
vn 0.5848 0.4015 -0.7048
vn 0.3439 0.1835 -0.9209
vn 0.0506 -0.0623 -0.9968
vn -0.2504 -0.2987 -0.9209
vn -0.5133 -0.4897 -0.7048
vn -0.6980 -0.6060 -0.3814
vn -0.7765 -0.6301 -0.0000
vn -0.7790 -0.6270 0.0000
vn -0.7474 -0.5449 0.3801
vn -0.6020 -0.3798 0.7024
vn -0.3650 -0.1569 0.9177
vn -0.0724 0.0899 0.9933
vn 0.2312 0.3230 0.9177
vn 0.4997 0.5070 0.7024
vn 0.6920 0.6137 0.3801
vn 0.7790 0.6270 0.0000
vn 0.7474 0.5449 -0.3801
vn 0.6020 0.3798 -0.7024
vn 0.3650 0.1569 -0.9177
vn 0.0724 -0.0899 -0.9933
vn -0.2312 -0.3230 -0.9177
vn -0.4997 -0.5070 -0.7024
vn -0.6920 -0.6137 -0.3801
vn -0.7790 -0.6270 -0.0000
vn -0.7908 -0.6121 0.0000
vn -0.7655 -0.5204 0.3784
vn -0.6237 -0.3494 0.6992
vn -0.3870 -0.1252 0.9135
vn -0.0913 0.1180 0.9888
vn 0.2182 0.3433 0.9135
vn 0.4946 0.5163 0.6992
vn 0.6956 0.6107 0.3784
vn 0.7908 0.6121 0.0000
vn 0.7655 0.5204 -0.3784
vn 0.6237 0.3494 -0.6992
vn 0.3870 0.1252 -0.9135
vn 0.0913 -0.1180 -0.9888
vn -0.2182 -0.3433 -0.9135
vn -0.4946 -0.5163 -0.6992
vn -0.6956 -0.6107 -0.3784
vn -0.7908 -0.6121 -0.0000
vn -0.8120 -0.5837 0.0000
vn -0.7908 -0.4828 0.3763
vn -0.6492 -0.3084 0.6953
vn -0.4088 -0.0870 0.9085
vn -0.1061 0.1476 0.9833
vn 0.2127 0.3598 0.9085
vn 0.4991 0.5171 0.6953
vn 0.7095 0.5958 0.3763
vn 0.8120 0.5837 0.0000
vn 0.7908 0.4828 -0.3763
vn 0.6492 0.3084 -0.6953
vn 0.4088 0.0870 -0.9085
vn 0.1061 -0.1476 -0.9833
vn -0.2127 -0.3598 -0.9085
vn -0.4991 -0.5171 -0.6953
vn -0.7095 -0.5958 -0.3763
vn -0.8120 -0.5837 -0.0000
vn -0.8424 -0.5389 0.0000
vn -0.8222 -0.4292 0.3739
vn -0.6768 -0.2541 0.6909
vn -0.4284 -0.0404 0.9027
vn -0.1148 0.1794 0.9770
vn 0.2163 0.3720 0.9027
vn 0.5145 0.5079 0.6909
vn 0.7343 0.5665 0.3739
vn 0.8424 0.5389 0.0000
vn 0.8222 0.4292 -0.3739
vn 0.6768 0.2541 -0.6909
vn 0.4284 0.0404 -0.9027
vn 0.1148 -0.1794 -0.9770
vn -0.2163 -0.3720 -0.9027
vn -0.5145 -0.5079 -0.6909
vn -0.7343 -0.5665 -0.3739
vn -0.8424 -0.5389 -0.0000
vn -0.8808 -0.4735 0.0000
vn -0.8576 -0.3559 0.3713
vn -0.7039 -0.1840 0.6861
vn -0.4430 0.0158 0.8964
vn -0.1147 0.2133 0.9702
vn 0.2311 0.3783 0.8964
vn 0.5417 0.4857 0.6861
vn 0.7698 0.5191 0.3713
vn 0.8808 0.4735 0.0000
vn 0.8576 0.3559 -0.3713
vn 0.7039 0.1840 -0.6861
vn 0.4430 -0.0158 -0.8964
vn 0.1147 -0.2133 -0.9702
vn -0.2311 -0.3783 -0.8964
vn -0.5417 -0.4857 -0.6861
vn -0.7698 -0.5191 -0.3713
vn -0.8808 -0.4735 -0.0000
vn -0.9237 -0.3831 0.0000
vn -0.8926 -0.2594 0.3687
vn -0.7257 -0.0961 0.6813
vn -0.4482 0.0818 0.8902
vn -0.1026 0.2473 0.9635
vn 0.2587 0.3751 0.8902
vn 0.5806 0.4458 0.6813
vn 0.8141 0.4486 0.3687
vn 0.9237 0.3831 0.0000
vn 0.8926 0.2594 -0.3687
vn 0.7257 0.0961 -0.6813
vn 0.4482 -0.0818 -0.8902
vn 0.1026 -0.2473 -0.9635
vn -0.2587 -0.3751 -0.8902
vn -0.5806 -0.4458 -0.6813
vn -0.8141 -0.4486 -0.3687
vn -0.9237 -0.3831 -0.0000
vn -0.9645 -0.2640 0.0000
vn -0.9201 -0.1380 0.3666
vn -0.7356 0.0090 0.6774
vn -0.4391 0.1547 0.8850
vn -0.0758 0.2768 0.9579
vn 0.2991 0.3568 0.8850
vn 0.6284 0.3824 0.6774
vn 0.8621 0.3499 0.3666
vn 0.9645 0.2640 0.0000
vn 0.9201 0.1380 -0.3666
vn 0.7356 -0.0090 -0.6774
vn 0.4391 -0.1547 -0.8850
vn 0.0758 -0.2768 -0.9579
vn -0.2991 -0.3568 -0.8850
vn -0.6284 -0.3824 -0.6774
vn -0.8621 -0.3499 -0.3666
vn -0.9645 -0.2640 -0.0000
vn -0.9931 -0.1170 0.0000
vn -0.9308 0.0046 0.3655
vn -0.7268 0.1255 0.6753
vn -0.4121 0.2273 0.8823
vn -0.0347 0.2944 0.9550
vn 0.3480 0.3168 0.8823
vn 0.6777 0.2909 0.6753
vn 0.9043 0.2208 0.3655
vn 0.9931 0.1170 0.0000
vn 0.9308 -0.0046 -0.3655
vn 0.7268 -0.1255 -0.6753
vn 0.4121 -0.2273 -0.8823
vn 0.0347 -0.2944 -0.9550
vn -0.3480 -0.3168 -0.8823
vn -0.6777 -0.2909 -0.6753
vn -0.9043 -0.2208 -0.3655
vn -0.9931 -0.1170 -0.0000
vn -0.9988 0.0491 0.0000
vn -0.9173 0.1573 0.3659
vn -0.6961 0.2415 0.6761
vn -0.3689 0.2890 0.8834
vn 0.0144 0.2925 0.9562
vn 0.3955 0.2515 0.8834
vn 0.7164 0.1721 0.6761
vn 0.9283 0.0666 0.3659
vn 0.9988 -0.0491 0.0000
vn 0.9173 -0.1573 -0.3659
vn 0.6961 -0.2415 -0.6761
vn 0.3689 -0.2890 -0.8834
vn -0.0144 -0.2925 -0.9562
vn -0.3955 -0.2515 -0.8834
vn -0.7164 -0.1721 -0.6761
vn -0.9283 -0.0666 -0.3659
vn -0.9988 0.0491 -0.0000
vn -0.9761 0.2174 0.0000
vn -0.8789 0.3035 0.3679
vn -0.6479 0.3435 0.6798
vn -0.3183 0.3312 0.8883
vn 0.0598 0.2684 0.9614
vn 0.4288 0.1648 0.8883
vn 0.7325 0.0361 0.6798
vn 0.9247 -0.0981 0.3679
vn 0.9761 -0.2174 0.0000
vn 0.8789 -0.3035 -0.3679
vn 0.6479 -0.3435 -0.6798
vn 0.3183 -0.3312 -0.8883
vn -0.0598 -0.2684 -0.9614
vn -0.4288 -0.1648 -0.8883
vn -0.7325 -0.0361 -0.6798
vn -0.9247 0.0981 -0.3679
vn -0.9761 0.2174 -0.0000
vn -0.9291 0.3699 0.0000
vn -0.8237 0.4288 0.3710
vn -0.5929 0.4225 0.6856
vn -0.2718 0.3518 0.8957
vn 0.0906 0.2276 0.9695
vn 0.4393 0.0687 0.8957
vn 0.7210 -0.1006 0.6856
vn 0.8930 -0.2547 0.3710
vn 0.9291 -0.3699 0.0000
vn 0.8237 -0.4288 -0.3710
vn 0.5929 -0.4225 -0.6856
vn 0.2718 -0.3518 -0.8957
vn -0.0906 -0.2276 -0.9695
vn -0.4393 -0.0687 -0.8957
vn -0.7210 0.1006 -0.6856
vn -0.8930 0.2547 -0.3710
vn -0.9291 0.3699 -0.0000
vn -0.8686 0.4956 0.0000
vn -0.7631 0.5268 0.3744
vn -0.5415 0.4778 0.6917
vn -0.2375 0.3560 0.9038
vn 0.1028 0.1801 0.9783
vn 0.4273 -0.0233 0.9038
vn 0.6868 -0.2231 0.6917
vn 0.8418 -0.3889 0.3744
vn 0.8686 -0.4956 0.0000
vn 0.7631 -0.5268 -0.3744
vn 0.5415 -0.4778 -0.6917
vn 0.2375 -0.3560 -0.9038
vn -0.1028 -0.1801 -0.9783
vn -0.4273 0.0233 -0.9038
vn -0.6868 0.2231 -0.6917
vn -0.8418 0.3889 -0.3744
vn -0.8686 0.4956 -0.0000
vn -0.8058 0.5921 0.0000
vn -0.7067 0.5985 0.3773
vn -0.5000 0.5137 0.6972
vn -0.2171 0.3508 0.9109
vn 0.0988 0.1344 0.9860
vn 0.3996 -0.1024 0.9109
vn 0.6397 -0.3236 0.6972
vn 0.7823 -0.4956 0.3773
vn 0.8058 -0.5921 0.0000
vn 0.7067 -0.5985 -0.3773
vn 0.5000 -0.5137 -0.6972
vn 0.2171 -0.3508 -0.9109
vn -0.0988 -0.1344 -0.9860
vn -0.3996 0.1024 -0.9109
vn -0.6397 0.3236 -0.6972
vn -0.7823 0.4956 -0.3773
vn -0.8058 0.5921 -0.0000
vn -0.7485 0.6631 0.0000
vn -0.6594 0.6489 0.3796
vn -0.4699 0.5359 0.7014
vn -0.2089 0.3413 0.9164
vn 0.0840 0.0948 0.9919
vn 0.3640 -0.1662 0.9164
vn 0.5887 -0.4019 0.7014
vn 0.7237 -0.5763 0.3796
vn 0.7485 -0.6631 0.0000
vn 0.6594 -0.6489 -0.3796
vn 0.4699 -0.5359 -0.7014
vn 0.2089 -0.3413 -0.9164
vn -0.0840 -0.0948 -0.9919
vn -0.3640 0.1662 -0.9164
vn -0.5887 0.4019 -0.7014
vn -0.7237 0.5763 -0.3796
vn -0.7485 0.6631 -0.0000
vn -0.7004 0.7137 0.0000
vn -0.6229 0.6831 0.3812
vn -0.4506 0.5485 0.7043
vn -0.2097 0.3304 0.9203
vn 0.0632 0.0620 0.9961
vn 0.3264 -0.2158 0.9203
vn 0.5400 -0.4608 0.7043
vn 0.6713 -0.6357 0.3812
vn 0.7004 -0.7137 0.0000
vn 0.6229 -0.6831 -0.3812
vn 0.4506 -0.5485 -0.7043
vn 0.2097 -0.3304 -0.9203
vn -0.0632 -0.0620 -0.9961
vn -0.3264 0.2158 -0.9203
vn -0.5400 0.4608 -0.7043
vn -0.6713 0.6357 -0.3812
vn -0.7004 0.7137 -0.0000
vn -0.6629 0.7487 0.0000
vn -0.5972 0.7052 0.3821
vn -0.4407 0.5543 0.7061
vn -0.2170 0.3189 0.9226
vn 0.0396 0.0351 0.9986
vn 0.2903 -0.2541 0.9226
vn 0.4967 -0.5046 0.7061
vn 0.6276 -0.6783 0.3821
vn 0.6629 -0.7487 0.0000
vn 0.5972 -0.7052 -0.3821
vn 0.4407 -0.5543 -0.7061
vn 0.2170 -0.3189 -0.9226
vn -0.0396 -0.0351 -0.9986
vn -0.2903 0.2541 -0.9226
vn -0.4967 0.5046 -0.7061
vn -0.6276 0.6783 -0.3821
vn -0.6629 0.7487 -0.0000
vn -0.6359 0.7718 0.0000
vn -0.5816 0.7178 0.3826
vn -0.4389 0.5546 0.7070
vn -0.2293 0.3069 0.9237
vn 0.0152 0.0126 0.9998
vn 0.2574 -0.2838 0.9237
vn 0.4604 -0.5369 0.7070
vn 0.5933 -0.7082 0.3826
vn 0.6359 -0.7718 0.0000
vn 0.5816 -0.7178 -0.3826
vn 0.4389 -0.5546 -0.7070
vn 0.2293 -0.3069 -0.9237
vn -0.0152 -0.0126 -0.9998
vn -0.2574 0.2838 -0.9237
vn -0.4604 0.5369 -0.7070
vn -0.5933 0.7082 -0.3826
vn -0.6359 0.7718 -0.0000
vn -0.6192 0.7852 0.0000
vn -0.5756 0.7227 0.3827
vn -0.4443 0.5502 0.7071
vn -0.2453 0.2939 0.9238
vn -0.0091 -0.0072 0.9999
vn 0.2286 -0.3071 0.9238
vn 0.4315 -0.5603 0.7071
vn 0.5686 -0.7282 0.3827
vn 0.6192 -0.7852 0.0000
vn 0.5756 -0.7227 -0.3827
vn 0.4443 -0.5502 -0.7071
vn 0.2453 -0.2939 -0.9238
vn 0.0091 0.0072 -0.9999
vn -0.2286 0.3071 -0.9238
vn -0.4315 0.5603 -0.7071
vn -0.5686 0.7282 -0.3827
vn -0.6192 0.7852 -0.0000
vn -0.7691 -0.6392 0.0000
vn -0.6612 -0.6499 0.3748
vn -0.4526 -0.5617 0.6926
vn -0.1751 -0.3880 0.9049
vn 0.1290 -0.1552 0.9794
vn 0.4135 0.1012 0.9049
vn 0.6350 0.3422 0.6926
vn 0.7599 0.5311 0.3748
vn 0.7691 0.6392 0.0000
vn 0.6612 0.6499 -0.3748
vn 0.4526 0.5617 -0.6926
vn 0.1751 0.3880 -0.9049
vn -0.1290 0.1552 -0.9794
vn -0.4135 -0.1012 -0.9049
vn -0.6350 -0.3422 -0.6926
vn -0.7599 -0.5311 -0.3748
vn -0.7691 -0.6392 -0.0000
vn -0.7504 -0.6609 0.0000
vn -0.6450 -0.6654 0.3756
vn -0.4414 -0.5686 0.6941
vn -0.1706 -0.3853 0.9069
vn 0.1261 -0.1432 0.9816
vn 0.4037 0.1206 0.9069
vn 0.6198 0.3661 0.6941
vn 0.7416 0.5558 0.3756
vn 0.7504 0.6609 0.0000
vn 0.6450 0.6654 -0.3756
vn 0.4414 0.5686 -0.6941
vn 0.1706 0.3853 -0.9069
vn -0.1261 0.1432 -0.9816
vn -0.4037 -0.1206 -0.9069
vn -0.6198 -0.3661 -0.6941
vn -0.7416 -0.5558 -0.3756
vn -0.7504 -0.6609 -0.0000
vn -0.9268 0.3757 0.0000
vn -0.8503 0.3616 0.3824
vn -0.6444 0.2925 0.7065
vn -0.3404 0.1788 0.9231
vn 0.0154 0.0379 0.9992
vn 0.3689 -0.1087 0.9231
vn 0.6662 -0.2388 0.7065
vn 0.8621 -0.3326 0.3824
vn 0.9268 -0.3757 0.0000
vn 0.8503 -0.3616 -0.3824
vn 0.6444 -0.2925 -0.7065
vn 0.3404 -0.1788 -0.9231
vn -0.0154 -0.0379 -0.9992
vn -0.3689 0.1087 -0.9231
vn -0.6662 0.2388 -0.7065
vn -0.8621 0.3326 -0.3824
vn -0.9268 0.3757 -0.0000
vn -0.8676 0.4973 0.0000
vn -0.7892 0.4809 0.3819
vn -0.5907 0.3914 0.7056
vn -0.3022 0.2422 0.9219
vn 0.0322 0.0562 0.9979
vn 0.3618 -0.1383 0.9219
vn 0.6363 -0.3119 0.7056
vn 0.8139 -0.4379 0.3819
vn 0.8676 -0.4973 0.0000
vn 0.7892 -0.4809 -0.3819
vn 0.5907 -0.3914 -0.7056
vn 0.3022 -0.2422 -0.9219
vn -0.0322 -0.0562 -0.9979
vn -0.3618 0.1383 -0.9219
vn -0.6363 0.3119 -0.7056
vn -0.8139 0.4379 -0.3819
vn -0.8676 0.4973 -0.0000
vn -0.8099 0.5866 0.0000
vn -0.7294 0.5680 0.3813
vn -0.5378 0.4629 0.7046
vn -0.2644 0.2873 0.9206
vn 0.0493 0.0680 0.9965
vn 0.3554 -0.1617 0.9206
vn 0.6075 -0.3667 0.7046
vn 0.7671 -0.5160 0.3813
vn 0.8099 -0.5866 0.0000
vn 0.7294 -0.5680 -0.3813
vn 0.5378 -0.4629 -0.7046
vn 0.2644 -0.2873 -0.9206
vn -0.0493 -0.0680 -0.9965
vn -0.3554 0.1617 -0.9206
vn -0.6075 0.3667 -0.7046
vn -0.7671 0.5160 -0.3813
vn -0.8099 0.5866 -0.0000
vn -0.7595 0.6505 0.0000
vn -0.6770 0.6298 0.3808
vn -0.4914 0.5132 0.7036
vn -0.2310 0.3185 0.9193
vn 0.0645 0.0753 0.9951
vn 0.3503 -0.1793 0.9193
vn 0.5827 -0.4067 0.7036
vn 0.7264 -0.5721 0.3808
vn 0.7595 -0.6505 0.0000
vn 0.6770 -0.6298 -0.3808
vn 0.4914 -0.5132 -0.7036
vn 0.2310 -0.3185 -0.9193
vn -0.0645 -0.0753 -0.9951
vn -0.3503 0.1793 -0.9193
vn -0.5827 0.4067 -0.7036
vn -0.7264 0.5721 -0.3808
vn -0.7595 0.6505 -0.0000
vn -0.7188 0.6952 0.0000
vn -0.6344 0.6730 0.3803
vn -0.4535 0.5482 0.7027
vn -0.2035 0.3400 0.9181
vn 0.0774 0.0800 0.9938
vn 0.3466 -0.1921 0.9181
vn 0.5630 -0.4350 0.7027
vn 0.6937 -0.6117 0.3803
vn 0.7188 -0.6952 0.0000
vn 0.6344 -0.6730 -0.3803
vn 0.4535 -0.5482 -0.7027
vn 0.2035 -0.3400 -0.9181
vn -0.0774 -0.0800 -0.9938
vn -0.3466 0.1921 -0.9181
vn -0.5630 0.4350 -0.7027
vn -0.6937 0.6117 -0.3803
vn -0.7188 0.6952 -0.0000
vn -0.6879 0.7258 0.0000
vn -0.6019 0.7025 0.3799
vn -0.4242 0.5722 0.7019
vn -0.1820 0.3548 0.9171
vn 0.0880 0.0834 0.9926
vn 0.3445 -0.2007 0.9171
vn 0.5486 -0.4543 0.7019
vn 0.6692 -0.6386 0.3799
vn 0.6879 -0.7258 0.0000
vn 0.6019 -0.7025 -0.3799
vn 0.4242 -0.5722 -0.7019
vn 0.1820 -0.3548 -0.9171
vn -0.0880 -0.0834 -0.9926
vn -0.3445 0.2007 -0.9171
vn -0.5486 0.4543 -0.7019
vn -0.6692 0.6386 -0.3799
vn -0.6879 0.7258 -0.0000
vn -0.6664 0.7456 0.0000
vn -0.5787 0.7219 0.3795
vn -0.4030 0.5882 0.7012
vn -0.1659 0.3650 0.9161
vn 0.0964 0.0862 0.9916
vn 0.3441 -0.2057 0.9161
vn 0.5394 -0.4663 0.7012
vn 0.6525 -0.6559 0.3795
vn 0.6664 -0.7456 0.0000
vn 0.5787 -0.7219 -0.3795
vn 0.4030 -0.5882 -0.7012
vn 0.1659 -0.3650 -0.9161
vn -0.0964 -0.0862 -0.9916
vn -0.3441 0.2057 -0.9161
vn -0.5394 0.4663 -0.7012
vn -0.6525 0.6559 -0.3795
vn -0.6664 0.7456 -0.0000
vn -0.6535 0.7569 0.0000
vn -0.5644 0.7333 0.3791
vn -0.3893 0.5981 0.7005
vn -0.1549 0.3718 0.9153
vn 0.1030 0.0889 0.9907
vn 0.3452 -0.2075 0.9153
vn 0.5349 -0.4723 0.7005
vn 0.6432 -0.6653 0.3791
vn 0.6535 -0.7569 0.0000
vn 0.5644 -0.7333 -0.3791
vn 0.3893 -0.5981 -0.7005
vn 0.1549 -0.3718 -0.9153
vn -0.1030 -0.0889 -0.9907
vn -0.3452 0.2075 -0.9153
vn -0.5349 0.4723 -0.7005
vn -0.6432 0.6653 -0.3791
vn -0.6535 0.7569 -0.0000
vn -0.6488 0.7609 0.0000
vn -0.5582 0.7382 0.3788
vn -0.3826 0.6030 0.7000
vn -0.1487 0.3761 0.9146
vn 0.1078 0.0919 0.9899
vn 0.3479 -0.2063 0.9146
vn 0.5350 -0.4731 0.7000
vn 0.6407 -0.6678 0.3788
vn 0.6488 -0.7609 0.0000
vn 0.5582 -0.7382 -0.3788
vn 0.3826 -0.6030 -0.7000
vn 0.1487 -0.3761 -0.9146
vn -0.1078 -0.0919 -0.9899
vn -0.3479 0.2063 -0.9146
vn -0.5350 0.4731 -0.7000
vn -0.6407 0.6678 -0.3788
vn -0.6488 0.7609 -0.0000
vn -0.6519 0.7583 0.0000
vn -0.5599 0.7370 0.3786
vn -0.3826 0.6035 0.6995
vn -0.1471 0.3782 0.9140
vn 0.1108 0.0953 0.9893
vn 0.3519 -0.2022 0.9140
vn 0.5394 -0.4688 0.6995
vn 0.6447 -0.6641 0.3786
vn 0.6519 -0.7583 0.0000
vn 0.5599 -0.7370 -0.3786
vn 0.3826 -0.6035 -0.6995
vn 0.1471 -0.3782 -0.9140
vn -0.1108 -0.0953 -0.9893
vn -0.3519 0.2022 -0.9140
vn -0.5394 0.4688 -0.6995
vn -0.6447 0.6641 -0.3786
vn -0.6519 0.7583 -0.0000
vn -0.6626 0.7489 0.0000
vn -0.5693 0.7299 0.3784
vn -0.3893 0.5997 0.6992
vn -0.1501 0.3782 0.9135
vn 0.1120 0.0991 0.9887
vn 0.3571 -0.1950 0.9135
vn 0.5478 -0.4595 0.6992
vn 0.6551 -0.6540 0.3784
vn 0.6626 -0.7489 0.0000
vn 0.5693 -0.7299 -0.3784
vn 0.3893 -0.5997 -0.6992
vn 0.1501 -0.3782 -0.9135
vn -0.1120 -0.0991 -0.9887
vn -0.3571 0.1950 -0.9135
vn -0.5478 0.4595 -0.6992
vn -0.6551 0.6540 -0.3784
vn -0.6626 0.7489 -0.0000
vn -0.6809 0.7324 0.0000
vn -0.5865 0.7162 0.3782
vn -0.4028 0.5910 0.6989
vn -0.1578 0.3758 0.9132
vn 0.1112 0.1034 0.9884
vn 0.3633 -0.1848 0.9132
vn 0.5601 -0.4448 0.6989
vn 0.6716 -0.6371 0.3782
vn 0.6809 -0.7324 0.0000
vn 0.5865 -0.7162 -0.3782
vn 0.4028 -0.5910 -0.6989
vn 0.1578 -0.3758 -0.9132
vn -0.1112 -0.1034 -0.9884
vn -0.3633 0.1848 -0.9132
vn -0.5601 0.4448 -0.6989
vn -0.6716 0.6371 -0.3782
vn -0.6809 0.7324 -0.0000
vn -0.7067 0.7075 0.0000
vn -0.6116 0.6949 0.3782
vn -0.4234 0.5766 0.6988
vn -0.1707 0.3704 0.9131
vn 0.1080 0.1079 0.9883
vn 0.3702 -0.1711 0.9131
vn 0.5761 -0.4240 0.6988
vn 0.6942 -0.6124 0.3782
vn 0.7067 -0.7075 0.0000
vn 0.6116 -0.6949 -0.3782
vn 0.4234 -0.5766 -0.6988
vn 0.1707 -0.3704 -0.9131
vn -0.1080 -0.1079 -0.9883
vn -0.3702 0.1711 -0.9131
vn -0.5761 0.4240 -0.6988
vn -0.6942 0.6124 -0.3782
vn -0.7067 0.7075 -0.0000
vn -0.7400 0.6726 0.0000
vn -0.6446 0.6643 0.3783
vn -0.4512 0.5549 0.6989
vn -0.1890 0.3610 0.9132
vn 0.1019 0.1122 0.9884
vn 0.3774 -0.1538 0.9132
vn 0.5953 -0.3963 0.6989
vn 0.7227 -0.5785 0.3783
vn 0.7400 -0.6726 0.0000
vn 0.6446 -0.6643 -0.3783
vn 0.4512 -0.5549 -0.6989
vn 0.1890 -0.3610 -0.9132
vn -0.1019 -0.1122 -0.9884
vn -0.3774 0.1538 -0.9132
vn -0.5953 0.3963 -0.6989
vn -0.7227 0.5785 -0.3783
vn -0.7400 0.6726 -0.0000
vn -0.7803 0.6255 0.0000
vn -0.6854 0.6221 0.3785
vn -0.4862 0.5240 0.6993
vn -0.2130 0.3461 0.9137
vn 0.0926 0.1155 0.9890
vn 0.3842 -0.1326 0.9137
vn 0.6172 -0.3606 0.6993
vn 0.7563 -0.5336 0.3785
vn 0.7803 -0.6255 0.0000
vn 0.6854 -0.6221 -0.3785
vn 0.4862 -0.5240 -0.6993
vn 0.2130 -0.3461 -0.9137
vn -0.0926 -0.1155 -0.9890
vn -0.3842 0.1326 -0.9137
vn -0.6172 0.3606 -0.6993
vn -0.7563 0.5336 -0.3785
vn -0.7803 0.6255 -0.0000
vn -0.8262 0.5634 0.0000
vn -0.7328 0.5652 0.3788
vn -0.5279 0.4810 0.7000
vn -0.2426 0.3235 0.9146
vn 0.0797 0.1168 0.9900
vn 0.3898 -0.1077 0.9146
vn 0.6405 -0.3158 0.7000
vn 0.7938 -0.4758 0.3788
vn 0.8262 -0.5634 0.0000
vn 0.7328 -0.5652 -0.3788
vn 0.5279 -0.4810 -0.7000
vn 0.2426 -0.3235 -0.9146
vn -0.0797 -0.1168 -0.9900
vn -0.3898 0.1077 -0.9146
vn -0.6405 0.3158 -0.7000
vn -0.7938 0.4758 -0.3788
vn -0.8262 0.5634 -0.0000
vn -0.8752 0.4838 0.0000
vn -0.7844 0.4907 0.3794
vn -0.5742 0.4229 0.7010
vn -0.2766 0.2907 0.9160
vn 0.0632 0.1143 0.9914
vn 0.3933 -0.0795 0.9160
vn 0.6635 -0.2612 0.7010
vn 0.8328 -0.4032 0.3794
vn 0.8752 -0.4838 0.0000
vn 0.7844 -0.4907 -0.3794
vn 0.5742 -0.4229 -0.7010
vn 0.2766 -0.2907 -0.9160
vn -0.0632 -0.1143 -0.9914
vn -0.3933 0.0795 -0.9160
vn -0.6635 0.2612 -0.7010
vn -0.8328 0.4032 -0.3794
vn -0.8752 0.4838 -0.0000
vn -0.9229 0.3851 0.0000
vn -0.8357 0.3963 0.3802
vn -0.6213 0.3472 0.7024
vn -0.3123 0.2453 0.9178
vn 0.0442 0.1060 0.9934
vn 0.3940 -0.0495 0.9178
vn 0.6838 -0.1974 0.7024
vn 0.8696 -0.3152 0.3802
vn 0.9229 -0.3851 0.0000
vn 0.8357 -0.3963 -0.3802
vn 0.6213 -0.3472 -0.7024
vn 0.3123 -0.2453 -0.9178
vn -0.0442 -0.1060 -0.9934
vn -0.3940 0.0495 -0.9178
vn -0.6838 0.1974 -0.7024
vn -0.8696 0.3152 -0.3802
vn -0.9229 0.3851 -0.0000
vn -0.9633 0.2683 0.0000
vn -0.8804 0.2824 0.3810
vn -0.6634 0.2534 0.7040
vn -0.3455 0.1859 0.9198
vn 0.0251 0.0901 0.9956
vn 0.3918 -0.0194 0.9198
vn 0.6989 -0.1260 0.7040
vn 0.8996 -0.2134 0.3810
vn 0.9633 -0.2683 0.0000
vn 0.8804 -0.2824 -0.3810
vn 0.6634 -0.2534 -0.7040
vn 0.3455 -0.1859 -0.9198
vn -0.0251 -0.0901 -0.9956
vn -0.3918 0.0194 -0.9198
vn -0.6989 0.1260 -0.7040
vn -0.8996 0.2134 -0.3810
vn -0.9633 0.2683 -0.0000
vn -0.9904 0.1383 0.0000
vn -0.9115 0.1532 0.3818
vn -0.6937 0.1448 0.7055
vn -0.3704 0.1144 0.9218
vn 0.0093 0.0665 0.9977
vn 0.3876 0.0085 0.9218
vn 0.7069 -0.0507 0.7055
vn 0.9186 -0.1023 0.3818
vn 0.9904 -0.1383 0.0000
vn 0.9115 -0.1532 -0.3818
vn 0.6937 -0.1448 -0.7055
vn 0.3704 -0.1144 -0.9218
vn -0.0093 -0.0665 -0.9977
vn -0.3876 -0.0085 -0.9218
vn -0.7069 0.0507 -0.7055
vn -0.9186 0.1023 -0.3818
vn -0.9904 0.1383 -0.0000
vn -1.0000 0.0035 0.0000
vn -0.9238 0.0174 0.3824
vn -0.7070 0.0287 0.7066
vn -0.3826 0.0356 0.9232
vn 0.0001 0.0370 0.9993
vn 0.3828 0.0329 0.9232
vn 0.7072 0.0237 0.7066
vn 0.9239 0.0109 0.3824
vn 1.0000 -0.0035 0.0000
vn 0.9238 -0.0174 -0.3824
vn 0.7070 -0.0287 -0.7066
vn 0.3826 -0.0356 -0.9232
vn -0.0001 -0.0370 -0.9993
vn -0.3828 -0.0329 -0.9232
vn -0.7072 -0.0237 -0.7066
vn -0.9239 -0.0109 -0.3824
vn -1.0000 0.0035 -0.0000
vn -0.9920 -0.1259 0.0000
vn -0.9168 -0.1143 0.3827
vn -0.7020 -0.0853 0.7071
vn -0.3803 -0.0432 0.9239
vn -0.0007 0.0054 1.0000
vn 0.3790 0.0531 0.9239
vn 0.7010 0.0928 0.7071
vn 0.9163 0.1184 0.3827
vn 0.9920 0.1259 0.0000
vn 0.9168 0.1143 -0.3827
vn 0.7020 0.0853 -0.7071
vn 0.3803 0.0432 -0.9239
vn 0.0007 -0.0054 -1.0000
vn -0.3790 -0.0531 -0.9239
vn -0.7010 -0.0928 -0.7071
vn -0.9163 -0.1184 -0.3827
vn -0.9920 -0.1259 -0.0000
vn -0.9703 -0.2418 0.0000
vn -0.8941 -0.2328 0.3826
vn -0.6818 -0.1885 0.7069
vn -0.3656 -0.1154 0.9236
vn 0.0062 -0.0247 0.9997
vn 0.3770 0.0697 0.9236
vn 0.6905 0.1535 0.7069
vn 0.8988 0.2139 0.3826
vn 0.9703 0.2418 0.0000
vn 0.8941 0.2328 -0.3826
vn 0.6818 0.1885 -0.7069
vn 0.3656 0.1154 -0.9236
vn -0.0062 0.0247 -0.9997
vn -0.3770 -0.0697 -0.9236
vn -0.6905 -0.1535 -0.7069
vn -0.8988 -0.2139 -0.3826
vn -0.9703 -0.2418 -0.0000
vn -0.9406 -0.3394 0.0000
vn -0.8620 -0.3330 0.3821
vn -0.6522 -0.2759 0.7061
vn -0.3430 -0.1768 0.9225
vn 0.0183 -0.0508 0.9985
vn 0.3769 0.0830 0.9225
vn 0.6781 0.2041 0.7061
vn 0.8760 0.2942 0.3821
vn 0.9406 0.3394 0.0000
vn 0.8620 0.3330 -0.3821
vn 0.6522 0.2759 -0.7061
vn 0.3430 0.1768 -0.9225
vn -0.0183 0.0508 -0.9985
vn -0.3769 -0.0830 -0.9225
vn -0.6781 -0.2041 -0.7061
vn -0.8760 -0.2942 -0.3821
vn -0.9406 -0.3394 -0.0000
vn -0.9085 -0.4179 0.0000
vn -0.8267 -0.4136 0.3815
vn -0.6190 -0.3464 0.7049
vn -0.3170 -0.2265 0.9210
vn 0.0331 -0.0721 0.9968
vn 0.3783 0.0933 0.9210
vn 0.6658 0.2445 0.7049
vn 0.8520 0.3585 0.3815
vn 0.9085 0.4179 0.0000
vn 0.8267 0.4136 -0.3815
vn 0.6190 0.3464 -0.7049
vn 0.3170 0.2265 -0.9210
vn -0.0331 0.0721 -0.9968
vn -0.3783 -0.0933 -0.9210
vn -0.6658 -0.2445 -0.7049
vn -0.8520 -0.3585 -0.3815
vn -0.9085 -0.4179 -0.0000
vn -0.8781 -0.4784 0.0000
vn -0.7927 -0.4761 0.3807
vn -0.5866 -0.4012 0.7035
vn -0.2913 -0.2653 0.9191
vn 0.0485 -0.0890 0.9949
vn 0.3808 0.1009 0.9191
vn 0.6552 0.2754 0.7035
vn 0.8298 0.4080 0.3807
vn 0.8781 0.4784 0.0000
vn 0.7927 0.4761 -0.3807
vn 0.5866 0.4012 -0.7035
vn 0.2913 0.2653 -0.9191
vn -0.0485 0.0890 -0.9949
vn -0.3808 -0.1009 -0.9191
vn -0.6552 -0.2754 -0.7035
vn -0.8298 -0.4080 -0.3807
vn -0.8781 -0.4784 -0.0000
vn -0.8521 -0.5234 0.0000
vn -0.7632 -0.5227 0.3799
vn -0.5580 -0.4425 0.7020
vn -0.2679 -0.2950 0.9172
vn 0.0629 -0.1025 0.9927
vn 0.3842 0.1056 0.9172
vn 0.6470 0.2976 0.7020
vn 0.8113 0.4443 0.3799
vn 0.8521 0.5234 0.0000
vn 0.7632 0.5227 -0.3799
vn 0.5580 0.4425 -0.7020
vn 0.2679 0.2950 -0.9172
vn -0.0629 0.1025 -0.9927
vn -0.3842 -0.1056 -0.9172
vn -0.6470 -0.2976 -0.7020
vn -0.8113 -0.4443 -0.3799
vn -0.8521 -0.5234 -0.0000
vn -0.8319 -0.5550 0.0000
vn -0.7396 -0.5562 0.3791
vn -0.5347 -0.4727 0.7005
vn -0.2484 -0.3173 0.9152
vn 0.0757 -0.1135 0.9906
vn 0.3883 0.1075 0.9152
vn 0.6418 0.3122 0.7005
vn 0.7975 0.4693 0.3791
vn 0.8319 0.5550 0.0000
vn 0.7396 0.5562 -0.3791
vn 0.5347 0.4727 -0.7005
vn 0.2484 0.3173 -0.9152
vn -0.0757 0.1135 -0.9906
vn -0.3883 -0.1075 -0.9152
vn -0.6418 -0.3122 -0.7005
vn -0.7975 -0.4693 -0.3791
vn -0.8319 -0.5550 -0.0000
vn -0.8180 -0.5753 0.0000
vn -0.7226 -0.5785 0.3783
vn -0.5173 -0.4937 0.6991
vn -0.2332 -0.3337 0.9134
vn 0.0864 -0.1229 0.9886
vn 0.3929 0.1066 0.9134
vn 0.6395 0.3199 0.6991
vn 0.7888 0.4844 0.3783
vn 0.8180 0.5753 0.0000
vn 0.7226 0.5785 -0.3783
vn 0.5173 0.4937 -0.6991
vn 0.2332 0.3337 -0.9134
vn -0.0864 0.1229 -0.9886
vn -0.3929 -0.1066 -0.9134
vn -0.6395 -0.3199 -0.6991
vn -0.7888 -0.4844 -0.3783
vn -0.8180 -0.5753 -0.0000
vn -0.8106 -0.5856 0.0000
vn -0.7126 -0.5912 0.3776
vn -0.5061 -0.5069 0.6978
vn -0.2226 -0.3453 0.9117
vn 0.0948 -0.1312 0.9868
vn 0.3978 0.1028 0.9117
vn 0.6402 0.3213 0.6978
vn 0.7852 0.4908 0.3776
vn 0.8106 0.5856 0.0000
vn 0.7126 0.5912 -0.3776
vn 0.5061 0.5069 -0.6978
vn 0.2226 0.3453 -0.9117
vn -0.0948 0.1312 -0.9868
vn -0.3978 -0.1028 -0.9117
vn -0.6402 -0.3213 -0.6978
vn -0.7852 -0.4908 -0.3776
vn -0.8106 -0.5856 -0.0000
vn 0.6815 -0.7318 0.0000
vn 0.6858 -0.6238 0.3749
vn 0.5858 -0.4208 0.6927
vn 0.3965 -0.1537 0.9051
vn 0.1469 0.1368 0.9796
vn -0.1251 0.4064 0.9051
vn -0.3780 0.6142 0.6927
vn -0.5734 0.7285 0.3749
vn -0.6815 0.7318 0.0000
vn -0.6858 0.6238 -0.3749
vn -0.5858 0.4208 -0.6927
vn -0.3965 0.1537 -0.9051
vn -0.1469 -0.1368 -0.9796
vn 0.1251 -0.4064 -0.9051
vn 0.3780 -0.6142 -0.6927
vn 0.5734 -0.7285 -0.3749
vn 0.6815 -0.7318 -0.0000
vn 0.9626 -0.2710 0.0000
vn 0.8960 -0.2266 0.3819
vn 0.6930 -0.1476 0.7056
vn 0.3846 -0.0462 0.9219
vn 0.0175 0.0622 0.9979
vn -0.3522 0.1612 0.9219
vn -0.6683 0.2356 0.7056
vn -0.8826 0.2742 0.3819
vn -0.9626 0.2710 0.0000
vn -0.8960 0.2266 -0.3819
vn -0.6930 0.1476 -0.7056
vn -0.3846 0.0462 -0.9219
vn -0.0175 -0.0622 -0.9979
vn 0.3522 -0.1612 -0.9219
vn 0.6683 -0.2356 -0.7056
vn 0.8826 -0.2742 -0.3819
vn 0.9626 -0.2710 -0.0000
vn 0.9979 -0.0651 0.0000
vn 0.9219 -0.0602 0.3827
vn 0.7056 -0.0460 0.7071
vn 0.3819 -0.0249 0.9239
vn 0.0000 -0.0000 1.0000
vn -0.3819 0.0249 0.9239
vn -0.7056 0.0460 0.7071
vn -0.9219 0.0602 0.3827
vn -0.9979 0.0651 0.0000
vn -0.9219 0.0602 -0.3827
vn -0.7056 0.0460 -0.7071
vn -0.3819 0.0249 -0.9239
vn -0.0000 0.0000 -1.0000
vn 0.3819 -0.0249 -0.9239
vn 0.7056 -0.0460 -0.7071
vn 0.9219 -0.0602 -0.3827
vn 0.9979 -0.0651 -0.0000
vn 0.9983 -0.0590 0.0000
vn 0.9223 -0.0545 0.3827
vn 0.7059 -0.0417 0.7071
vn 0.3820 -0.0226 0.9239
vn 0.0000 -0.0000 1.0000
vn -0.3820 0.0226 0.9239
vn -0.7059 0.0417 0.7071
vn -0.9223 0.0545 0.3827
vn -0.9983 0.0590 0.0000
vn -0.9223 0.0545 -0.3827
vn -0.7059 0.0417 -0.7071
vn -0.3820 0.0226 -0.9239
vn -0.0000 0.0000 -1.0000
vn 0.3820 -0.0226 -0.9239
vn 0.7059 -0.0417 -0.7071
vn 0.9223 -0.0545 -0.3827
vn 0.9983 -0.0590 -0.0000
vn 0.9987 -0.0506 0.0000
vn 0.9227 -0.0468 0.3827
vn 0.7062 -0.0358 0.7071
vn 0.3822 -0.0194 0.9239
vn 0.0000 -0.0000 1.0000
vn -0.3822 0.0194 0.9239
vn -0.7062 0.0358 0.7071
vn -0.9227 0.0468 0.3827
vn -0.9987 0.0506 0.0000
vn -0.9227 0.0468 -0.3827
vn -0.7062 0.0358 -0.7071
vn -0.3822 0.0194 -0.9239
vn -0.0000 0.0000 -1.0000
vn 0.3822 -0.0194 -0.9239
vn 0.7062 -0.0358 -0.7071
vn 0.9227 -0.0468 -0.3827
vn 0.9987 -0.0506 -0.0000
vn 0.9992 -0.0402 0.0000
vn 0.9231 -0.0372 0.3827
vn 0.7065 -0.0285 0.7071
vn 0.3824 -0.0154 0.9239
vn 0.0000 -0.0000 1.0000
vn -0.3824 0.0154 0.9239
vn -0.7065 0.0285 0.7071
vn -0.9231 0.0372 0.3827
vn -0.9992 0.0402 0.0000
vn -0.9231 0.0372 -0.3827
vn -0.7065 0.0285 -0.7071
vn -0.3824 0.0154 -0.9239
vn -0.0000 0.0000 -1.0000
vn 0.3824 -0.0154 -0.9239
vn 0.7065 -0.0285 -0.7071
vn 0.9231 -0.0372 -0.3827
vn 0.9992 -0.0402 -0.0000
vn 0.9996 -0.0282 0.0000
vn 0.9235 -0.0261 0.3827
vn 0.7068 -0.0200 0.7071
vn 0.3825 -0.0108 0.9239
vn 0.0000 -0.0000 1.0000
vn -0.3825 0.0108 0.9239
vn -0.7068 0.0200 0.7071
vn -0.9235 0.0261 0.3827
vn -0.9996 0.0282 0.0000
vn -0.9235 0.0261 -0.3827
vn -0.7068 0.0200 -0.7071
vn -0.3825 0.0108 -0.9239
vn -0.0000 0.0000 -1.0000
vn 0.3825 -0.0108 -0.9239
vn 0.7068 -0.0200 -0.7071
vn 0.9235 -0.0261 -0.3827
vn 0.9996 -0.0282 -0.0000
vn 0.9999 -0.0151 0.0000
vn 0.9238 -0.0140 0.3827
vn 0.7070 -0.0107 0.7071
vn 0.3826 -0.0058 0.9239
vn 0.0000 -0.0000 1.0000
vn -0.3826 0.0058 0.9239
vn -0.7070 0.0107 0.7071
vn -0.9238 0.0140 0.3827
vn -0.9999 0.0151 0.0000
vn -0.9238 0.0140 -0.3827
vn -0.7070 0.0107 -0.7071
vn -0.3826 0.0058 -0.9239
vn -0.0000 0.0000 -1.0000
vn 0.3826 -0.0058 -0.9239
vn 0.7070 -0.0107 -0.7071
vn 0.9238 -0.0140 -0.3827
vn 0.9999 -0.0151 -0.0000
vn 1.0000 -0.0014 0.0000
vn 0.9239 -0.0013 0.3827
vn 0.7071 -0.0010 0.7071
vn 0.3827 -0.0005 0.9239
vn 0.0000 -0.0000 1.0000
vn -0.3827 0.0005 0.9239
vn -0.7071 0.0010 0.7071
vn -0.9239 0.0013 0.3827
vn -1.0000 0.0014 0.0000
vn -0.9239 0.0013 -0.3827
vn -0.7071 0.0010 -0.7071
vn -0.3827 0.0005 -0.9239
vn -0.0000 0.0000 -1.0000
vn 0.3827 -0.0005 -0.9239
vn 0.7071 -0.0010 -0.7071
vn 0.9239 -0.0013 -0.3827
vn 1.0000 -0.0014 -0.0000
vn 0.9999 0.0124 0.0000
vn 0.9238 0.0115 0.3827
vn 0.7071 0.0088 0.7071
vn 0.3827 0.0047 0.9239
vn 0.0000 0.0000 1.0000
vn -0.3827 -0.0047 0.9239
vn -0.7071 -0.0088 0.7071
vn -0.9238 -0.0115 0.3827
vn -0.9999 -0.0124 0.0000
vn -0.9238 -0.0115 -0.3827
vn -0.7071 -0.0088 -0.7071
vn -0.3827 -0.0047 -0.9239
vn -0.0000 -0.0000 -1.0000
vn 0.3827 0.0047 -0.9239
vn 0.7071 0.0088 -0.7071
vn 0.9238 0.0115 -0.3827
vn 0.9999 0.0124 -0.0000
vn 0.9997 0.0257 0.0000
vn 0.9236 0.0237 0.3827
vn 0.7069 0.0182 0.7071
vn 0.3826 0.0098 0.9239
vn 0.0000 0.0000 1.0000
vn -0.3826 -0.0098 0.9239
vn -0.7069 -0.0182 0.7071
vn -0.9236 -0.0237 0.3827
vn -0.9997 -0.0257 0.0000
vn -0.9236 -0.0237 -0.3827
vn -0.7069 -0.0182 -0.7071
vn -0.3826 -0.0098 -0.9239
vn -0.0000 -0.0000 -1.0000
vn 0.3826 0.0098 -0.9239
vn 0.7069 0.0182 -0.7071
vn 0.9236 0.0237 -0.3827
vn 0.9997 0.0257 -0.0000
vn 0.9993 0.0380 0.0000
vn 0.9232 0.0351 0.3827
vn 0.7066 0.0268 0.7071
vn 0.3824 0.0145 0.9239
vn 0.0000 0.0000 1.0000
vn -0.3824 -0.0145 0.9239
vn -0.7066 -0.0268 0.7071
vn -0.9232 -0.0351 0.3827
vn -0.9993 -0.0380 0.0000
vn -0.9232 -0.0351 -0.3827
vn -0.7066 -0.0268 -0.7071
vn -0.3824 -0.0145 -0.9239
vn -0.0000 -0.0000 -1.0000
vn 0.3824 0.0145 -0.9239
vn 0.7066 0.0268 -0.7071
vn 0.9232 0.0351 -0.3827
vn 0.9993 0.0380 -0.0000
vn 0.9988 0.0487 0.0000
vn 0.9228 0.0450 0.3827
vn 0.7063 0.0344 0.7071
vn 0.3822 0.0186 0.9239
vn 0.0000 0.0000 1.0000
vn -0.3822 -0.0186 0.9239
vn -0.7063 -0.0344 0.7071
vn -0.9228 -0.0450 0.3827
vn -0.9988 -0.0487 0.0000
vn -0.9228 -0.0450 -0.3827
vn -0.7063 -0.0344 -0.7071
vn -0.3822 -0.0186 -0.9239
vn -0.0000 -0.0000 -1.0000
vn 0.3822 0.0186 -0.9239
vn 0.7063 0.0344 -0.7071
vn 0.9228 0.0450 -0.3827
vn 0.9988 0.0487 -0.0000
vn 0.9983 0.0575 0.0000
vn 0.9223 0.0532 0.3827
vn 0.7059 0.0407 0.7071
vn 0.3820 0.0220 0.9239
vn 0.0000 0.0000 1.0000
vn -0.3820 -0.0220 0.9239
vn -0.7059 -0.0407 0.7071
vn -0.9223 -0.0532 0.3827
vn -0.9983 -0.0575 0.0000
vn -0.9223 -0.0532 -0.3827
vn -0.7059 -0.0407 -0.7071
vn -0.3820 -0.0220 -0.9239
vn -0.0000 -0.0000 -1.0000
vn 0.3820 0.0220 -0.9239
vn 0.7059 0.0407 -0.7071
vn 0.9223 0.0532 -0.3827
vn 0.9983 0.0575 -0.0000
vn 0.9979 0.0641 0.0000
vn 0.9220 0.0592 0.3827
vn 0.7057 0.0453 0.7071
vn 0.3819 0.0245 0.9239
vn 0.0000 0.0000 1.0000
vn -0.3819 -0.0245 0.9239
vn -0.7057 -0.0453 0.7071
vn -0.9220 -0.0592 0.3827
vn -0.9979 -0.0641 0.0000
vn -0.9220 -0.0592 -0.3827
vn -0.7057 -0.0453 -0.7071
vn -0.3819 -0.0245 -0.9239
vn -0.0000 -0.0000 -1.0000
vn 0.3819 0.0245 -0.9239
vn 0.7057 0.0453 -0.7071
vn 0.9220 0.0592 -0.3827
vn 0.9979 0.0641 -0.0000
vn 0.9977 0.0681 0.0000
vn 0.9217 0.0629 0.3827
vn 0.7055 0.0482 0.7071
vn 0.3818 0.0261 0.9239
vn 0.0000 0.0000 1.0000
vn -0.3818 -0.0261 0.9239
vn -0.7055 -0.0482 0.7071
vn -0.9217 -0.0629 0.3827
vn -0.9977 -0.0681 0.0000
vn -0.9217 -0.0629 -0.3827
vn -0.7055 -0.0482 -0.7071
vn -0.3818 -0.0261 -0.9239
vn -0.0000 -0.0000 -1.0000
vn 0.3818 0.0261 -0.9239
vn 0.7055 0.0482 -0.7071
vn 0.9217 0.0629 -0.3827
vn 0.9977 0.0681 -0.0000
vn 0.9976 0.0695 0.0000
vn 0.9216 0.0642 0.3827
vn 0.7054 0.0491 0.7071
vn 0.3818 0.0266 0.9239
vn 0.0000 0.0000 1.0000
vn -0.3818 -0.0266 0.9239
vn -0.7054 -0.0491 0.7071
vn -0.9216 -0.0642 0.3827
vn -0.9976 -0.0695 0.0000
vn -0.9216 -0.0642 -0.3827
vn -0.7054 -0.0491 -0.7071
vn -0.3818 -0.0266 -0.9239
vn -0.0000 -0.0000 -1.0000
vn 0.3818 0.0266 -0.9239
vn 0.7054 0.0491 -0.7071
vn 0.9216 0.0642 -0.3827
vn 0.9976 0.0695 -0.0000
f 1/1/1 18/18/18 19/19/19
f 1/1/1 19/19/19 2/2/2
f 2/2/2 19/19/19 20/20/20
f 2/2/2 20/20/20 3/3/3
f 3/3/3 20/20/20 21/21/21
f 3/3/3 21/21/21 4/4/4
f 4/4/4 21/21/21 22/22/22
f 4/4/4 22/22/22 5/5/5
f 5/5/5 22/22/22 23/23/23
f 5/5/5 23/23/23 6/6/6
f 6/6/6 23/23/23 24/24/24
f 6/6/6 24/24/24 7/7/7
f 7/7/7 24/24/24 25/25/25
f 7/7/7 25/25/25 8/8/8
f 8/8/8 25/25/25 26/26/26
f 8/8/8 26/26/26 9/9/9
f 9/9/9 26/26/26 27/27/27
f 9/9/9 27/27/27 10/10/10
f 10/10/10 27/27/27 28/28/28
f 10/10/10 28/28/28 11/11/11
f 11/11/11 28/28/28 29/29/29
f 11/11/11 29/29/29 12/12/12
f 12/12/12 29/29/29 30/30/30
f 12/12/12 30/30/30 13/13/13
f 13/13/13 30/30/30 31/31/31
f 13/13/13 31/31/31 14/14/14
f 14/14/14 31/31/31 32/32/32
f 14/14/14 32/32/32 15/15/15
f 15/15/15 32/32/32 33/33/33
f 15/15/15 33/33/33 16/16/16
f 16/16/16 33/33/33 34/34/34
f 16/16/16 34/34/34 17/17/17
f 18/18/18 35/35/35 36/36/36
f 18/18/18 36/36/36 19/19/19
f 19/19/19 36/36/36 37/37/37
f 19/19/19 37/37/37 20/20/20
f 20/20/20 37/37/37 38/38/38
f 20/20/20 38/38/38 21/21/21
f 21/21/21 38/38/38 39/39/39
f 21/21/21 39/39/39 22/22/22
f 22/22/22 39/39/39 40/40/40
f 22/22/22 40/40/40 23/23/23
f 23/23/23 40/40/40 41/41/41
f 23/23/23 41/41/41 24/24/24
f 24/24/24 41/41/41 42/42/42
f 24/24/24 42/42/42 25/25/25
f 25/25/25 42/42/42 43/43/43
f 25/25/25 43/43/43 26/26/26
f 26/26/26 43/43/43 44/44/44
f 26/26/26 44/44/44 27/27/27
f 27/27/27 44/44/44 45/45/45
f 27/27/27 45/45/45 28/28/28
f 28/28/28 45/45/45 46/46/46
f 28/28/28 46/46/46 29/29/29
f 29/29/29 46/46/46 47/47/47
f 29/29/29 47/47/47 30/30/30
f 30/30/30 47/47/47 48/48/48
f 30/30/30 48/48/48 31/31/31
f 31/31/31 48/48/48 49/49/49
f 31/31/31 49/49/49 32/32/32
f 32/32/32 49/49/49 50/50/50
f 32/32/32 50/50/50 33/33/33
f 33/33/33 50/50/50 51/51/51
f 33/33/33 51/51/51 34/34/34
f 35/35/35 52/52/52 53/53/53
f 35/35/35 53/53/53 36/36/36
f 36/36/36 53/53/53 54/54/54
f 36/36/36 54/54/54 37/37/37
f 37/37/37 54/54/54 55/55/55
f 37/37/37 55/55/55 38/38/38
f 38/38/38 55/55/55 56/56/56
f 38/38/38 56/56/56 39/39/39
f 39/39/39 56/56/56 57/57/57
f 39/39/39 57/57/57 40/40/40
f 40/40/40 57/57/57 58/58/58
f 40/40/40 58/58/58 41/41/41
f 41/41/41 58/58/58 59/59/59
f 41/41/41 59/59/59 42/42/42
f 42/42/42 59/59/59 60/60/60
f 42/42/42 60/60/60 43/43/43
f 43/43/43 60/60/60 61/61/61
f 43/43/43 61/61/61 44/44/44
f 44/44/44 61/61/61 62/62/62
f 44/44/44 62/62/62 45/45/45
f 45/45/45 62/62/62 63/63/63
f 45/45/45 63/63/63 46/46/46
f 46/46/46 63/63/63 64/64/64
f 46/46/46 64/64/64 47/47/47
f 47/47/47 64/64/64 65/65/65
f 47/47/47 65/65/65 48/48/48
f 48/48/48 65/65/65 66/66/66
f 48/48/48 66/66/66 49/49/49
f 49/49/49 66/66/66 67/67/67
f 49/49/49 67/67/67 50/50/50
f 50/50/50 67/67/67 68/68/68
f 50/50/50 68/68/68 51/51/51
f 52/52/52 69/69/69 70/70/70
f 52/52/52 70/70/70 53/53/53
f 53/53/53 70/70/70 71/71/71
f 53/53/53 71/71/71 54/54/54
f 54/54/54 71/71/71 72/72/72
f 54/54/54 72/72/72 55/55/55
f 55/55/55 72/72/72 73/73/73
f 55/55/55 73/73/73 56/56/56
f 56/56/56 73/73/73 74/74/74
f 56/56/56 74/74/74 57/57/57
f 57/57/57 74/74/74 75/75/75
f 57/57/57 75/75/75 58/58/58
f 58/58/58 75/75/75 76/76/76
f 58/58/58 76/76/76 59/59/59
f 59/59/59 76/76/76 77/77/77
f 59/59/59 77/77/77 60/60/60
f 60/60/60 77/77/77 78/78/78
f 60/60/60 78/78/78 61/61/61
f 61/61/61 78/78/78 79/79/79
f 61/61/61 79/79/79 62/62/62
f 62/62/62 79/79/79 80/80/80
f 62/62/62 80/80/80 63/63/63
f 63/63/63 80/80/80 81/81/81
f 63/63/63 81/81/81 64/64/64
f 64/64/64 81/81/81 82/82/82
f 64/64/64 82/82/82 65/65/65
f 65/65/65 82/82/82 83/83/83
f 65/65/65 83/83/83 66/66/66
f 66/66/66 83/83/83 84/84/84
f 66/66/66 84/84/84 67/67/67
f 67/67/67 84/84/84 85/85/85
f 67/67/67 85/85/85 68/68/68
f 69/69/69 86/86/86 87/87/87
f 69/69/69 87/87/87 70/70/70
f 70/70/70 87/87/87 88/88/88
f 70/70/70 88/88/88 71/71/71
f 71/71/71 88/88/88 89/89/89
f 71/71/71 89/89/89 72/72/72
f 72/72/72 89/89/89 90/90/90
f 72/72/72 90/90/90 73/73/73
f 73/73/73 90/90/90 91/91/91
f 73/73/73 91/91/91 74/74/74
f 74/74/74 91/91/91 92/92/92
f 74/74/74 92/92/92 75/75/75
f 75/75/75 92/92/92 93/93/93
f 75/75/75 93/93/93 76/76/76
f 76/76/76 93/93/93 94/94/94
f 76/76/76 94/94/94 77/77/77
f 77/77/77 94/94/94 95/95/95
f 77/77/77 95/95/95 78/78/78
f 78/78/78 95/95/95 96/96/96
f 78/78/78 96/96/96 79/79/79
f 79/79/79 96/96/96 97/97/97
f 79/79/79 97/97/97 80/80/80
f 80/80/80 97/97/97 98/98/98
f 80/80/80 98/98/98 81/81/81
f 81/81/81 98/98/98 99/99/99
f 81/81/81 99/99/99 82/82/82
f 82/82/82 99/99/99 100/100/100
f 82/82/82 100/100/100 83/83/83
f 83/83/83 100/100/100 101/101/101
f 83/83/83 101/101/101 84/84/84
f 84/84/84 101/101/101 102/102/102
f 84/84/84 102/102/102 85/85/85
f 86/86/86 103/103/103 104/104/104
f 86/86/86 104/104/104 87/87/87
f 87/87/87 104/104/104 105/105/105
f 87/87/87 105/105/105 88/88/88
f 88/88/88 105/105/105 106/106/106
f 88/88/88 106/106/106 89/89/89
f 89/89/89 106/106/106 107/107/107
f 89/89/89 107/107/107 90/90/90
f 90/90/90 107/107/107 108/108/108
f 90/90/90 108/108/108 91/91/91
f 91/91/91 108/108/108 109/109/109
f 91/91/91 109/109/109 92/92/92
f 92/92/92 109/109/109 110/110/110
f 92/92/92 110/110/110 93/93/93
f 93/93/93 110/110/110 111/111/111
f 93/93/93 111/111/111 94/94/94
f 94/94/94 111/111/111 112/112/112
f 94/94/94 112/112/112 95/95/95
f 95/95/95 112/112/112 113/113/113
f 95/95/95 113/113/113 96/96/96
f 96/96/96 113/113/113 114/114/114
f 96/96/96 114/114/114 97/97/97
f 97/97/97 114/114/114 115/115/115
f 97/97/97 115/115/115 98/98/98
f 98/98/98 115/115/115 116/116/116
f 98/98/98 116/116/116 99/99/99
f 99/99/99 116/116/116 117/117/117
f 99/99/99 117/117/117 100/100/100
f 100/100/100 117/117/117 118/118/118
f 100/100/100 118/118/118 101/101/101
f 101/101/101 118/118/118 119/119/119
f 101/101/101 119/119/119 102/102/102
f 103/103/103 120/120/120 121/121/121
f 103/103/103 121/121/121 104/104/104
f 104/104/104 121/121/121 122/122/122
f 104/104/104 122/122/122 105/105/105
f 105/105/105 122/122/122 123/123/123
f 105/105/105 123/123/123 106/106/106
f 106/106/106 123/123/123 124/124/124
f 106/106/106 124/124/124 107/107/107
f 107/107/107 124/124/124 125/125/125
f 107/107/107 125/125/125 108/108/108
f 108/108/108 125/125/125 126/126/126
f 108/108/108 126/126/126 109/109/109
f 109/109/109 126/126/126 127/127/127
f 109/109/109 127/127/127 110/110/110
f 110/110/110 127/127/127 128/128/128
f 110/110/110 128/128/128 111/111/111
f 111/111/111 128/128/128 129/129/129
f 111/111/111 129/129/129 112/112/112
f 112/112/112 129/129/129 130/130/130
f 112/112/112 130/130/130 113/113/113
f 113/113/113 130/130/130 131/131/131
f 113/113/113 131/131/131 114/114/114
f 114/114/114 131/131/131 132/132/132
f 114/114/114 132/132/132 115/115/115
f 115/115/115 132/132/132 133/133/133
f 115/115/115 133/133/133 116/116/116
f 116/116/116 133/133/133 134/134/134
f 116/116/116 134/134/134 117/117/117
f 117/117/117 134/134/134 135/135/135
f 117/117/117 135/135/135 118/118/118
f 118/118/118 135/135/135 136/136/136
f 118/118/118 136/136/136 119/119/119
f 120/120/120 137/137/137 138/138/138
f 120/120/120 138/138/138 121/121/121
f 121/121/121 138/138/138 139/139/139
f 121/121/121 139/139/139 122/122/122
f 122/122/122 139/139/139 140/140/140
f 122/122/122 140/140/140 123/123/123
f 123/123/123 140/140/140 141/141/141
f 123/123/123 141/141/141 124/124/124
f 124/124/124 141/141/141 142/142/142
f 124/124/124 142/142/142 125/125/125
f 125/125/125 142/142/142 143/143/143
f 125/125/125 143/143/143 126/126/126
f 126/126/126 143/143/143 144/144/144
f 126/126/126 144/144/144 127/127/127
f 127/127/127 144/144/144 145/145/145
f 127/127/127 145/145/145 128/128/128
f 128/128/128 145/145/145 146/146/146
f 128/128/128 146/146/146 129/129/129
f 129/129/129 146/146/146 147/147/147
f 129/129/129 147/147/147 130/130/130
f 130/130/130 147/147/147 148/148/148
f 130/130/130 148/148/148 131/131/131
f 131/131/131 148/148/148 149/149/149
f 131/131/131 149/149/149 132/132/132
f 132/132/132 149/149/149 150/150/150
f 132/132/132 150/150/150 133/133/133
f 133/133/133 150/150/150 151/151/151
f 133/133/133 151/151/151 134/134/134
f 134/134/134 151/151/151 152/152/152
f 134/134/134 152/152/152 135/135/135
f 135/135/135 152/152/152 153/153/153
f 135/135/135 153/153/153 136/136/136
f 137/137/137 154/154/154 155/155/155
f 137/137/137 155/155/155 138/138/138
f 138/138/138 155/155/155 156/156/156
f 138/138/138 156/156/156 139/139/139
f 139/139/139 156/156/156 157/157/157
f 139/139/139 157/157/157 140/140/140
f 140/140/140 157/157/157 158/158/158
f 140/140/140 158/158/158 141/141/141
f 141/141/141 158/158/158 159/159/159
f 141/141/141 159/159/159 142/142/142
f 142/142/142 159/159/159 160/160/160
f 142/142/142 160/160/160 143/143/143
f 143/143/143 160/160/160 161/161/161
f 143/143/143 161/161/161 144/144/144
f 144/144/144 161/161/161 162/162/162
f 144/144/144 162/162/162 145/145/145
f 145/145/145 162/162/162 163/163/163
f 145/145/145 163/163/163 146/146/146
f 146/146/146 163/163/163 164/164/164
f 146/146/146 164/164/164 147/147/147
f 147/147/147 164/164/164 165/165/165
f 147/147/147 165/165/165 148/148/148
f 148/148/148 165/165/165 166/166/166
f 148/148/148 166/166/166 149/149/149
f 149/149/149 166/166/166 167/167/167
f 149/149/149 167/167/167 150/150/150
f 150/150/150 167/167/167 168/168/168
f 150/150/150 168/168/168 151/151/151
f 151/151/151 168/168/168 169/169/169
f 151/151/151 169/169/169 152/152/152
f 152/152/152 169/169/169 170/170/170
f 152/152/152 170/170/170 153/153/153
f 154/154/154 171/171/171 172/172/172
f 154/154/154 172/172/172 155/155/155
f 155/155/155 172/172/172 173/173/173
f 155/155/155 173/173/173 156/156/156
f 156/156/156 173/173/173 174/174/174
f 156/156/156 174/174/174 157/157/157
f 157/157/157 174/174/174 175/175/175
f 157/157/157 175/175/175 158/158/158
f 158/158/158 175/175/175 176/176/176
f 158/158/158 176/176/176 159/159/159
f 159/159/159 176/176/176 177/177/177
f 159/159/159 177/177/177 160/160/160
f 160/160/160 177/177/177 178/178/178
f 160/160/160 178/178/178 161/161/161
f 161/161/161 178/178/178 179/179/179
f 161/161/161 179/179/179 162/162/162
f 162/162/162 179/179/179 180/180/180
f 162/162/162 180/180/180 163/163/163
f 163/163/163 180/180/180 181/181/181
f 163/163/163 181/181/181 164/164/164
f 164/164/164 181/181/181 182/182/182
f 164/164/164 182/182/182 165/165/165
f 165/165/165 182/182/182 183/183/183
f 165/165/165 183/183/183 166/166/166
f 166/166/166 183/183/183 184/184/184
f 166/166/166 184/184/184 167/167/167
f 167/167/167 184/184/184 185/185/185
f 167/167/167 185/185/185 168/168/168
f 168/168/168 185/185/185 186/186/186
f 168/168/168 186/186/186 169/169/169
f 169/169/169 186/186/186 187/187/187
f 169/169/169 187/187/187 170/170/170
f 171/171/171 188/188/188 189/189/189
f 171/171/171 189/189/189 172/172/172
f 172/172/172 189/189/189 190/190/190
f 172/172/172 190/190/190 173/173/173
f 173/173/173 190/190/190 191/191/191
f 173/173/173 191/191/191 174/174/174
f 174/174/174 191/191/191 192/192/192
f 174/174/174 192/192/192 175/175/175
f 175/175/175 192/192/192 193/193/193
f 175/175/175 193/193/193 176/176/176
f 176/176/176 193/193/193 194/194/194
f 176/176/176 194/194/194 177/177/177
f 177/177/177 194/194/194 195/195/195
f 177/177/177 195/195/195 178/178/178
f 178/178/178 195/195/195 196/196/196
f 178/178/178 196/196/196 179/179/179
f 179/179/179 196/196/196 197/197/197
f 179/179/179 197/197/197 180/180/180
f 180/180/180 197/197/197 198/198/198
f 180/180/180 198/198/198 181/181/181
f 181/181/181 198/198/198 199/199/199
f 181/181/181 199/199/199 182/182/182
f 182/182/182 199/199/199 200/200/200
f 182/182/182 200/200/200 183/183/183
f 183/183/183 200/200/200 201/201/201
f 183/183/183 201/201/201 184/184/184
f 184/184/184 201/201/201 202/202/202
f 184/184/184 202/202/202 185/185/185
f 185/185/185 202/202/202 203/203/203
f 185/185/185 203/203/203 186/186/186
f 186/186/186 203/203/203 204/204/204
f 186/186/186 204/204/204 187/187/187
f 188/188/188 205/205/205 206/206/206
f 188/188/188 206/206/206 189/189/189
f 189/189/189 206/206/206 207/207/207
f 189/189/189 207/207/207 190/190/190
f 190/190/190 207/207/207 208/208/208
f 190/190/190 208/208/208 191/191/191
f 191/191/191 208/208/208 209/209/209
f 191/191/191 209/209/209 192/192/192
f 192/192/192 209/209/209 210/210/210
f 192/192/192 210/210/210 193/193/193
f 193/193/193 210/210/210 211/211/211
f 193/193/193 211/211/211 194/194/194
f 194/194/194 211/211/211 212/212/212
f 194/194/194 212/212/212 195/195/195
f 195/195/195 212/212/212 213/213/213
f 195/195/195 213/213/213 196/196/196
f 196/196/196 213/213/213 214/214/214
f 196/196/196 214/214/214 197/197/197
f 197/197/197 214/214/214 215/215/215
f 197/197/197 215/215/215 198/198/198
f 198/198/198 215/215/215 216/216/216
f 198/198/198 216/216/216 199/199/199
f 199/199/199 216/216/216 217/217/217
f 199/199/199 217/217/217 200/200/200
f 200/200/200 217/217/217 218/218/218
f 200/200/200 218/218/218 201/201/201
f 201/201/201 218/218/218 219/219/219
f 201/201/201 219/219/219 202/202/202
f 202/202/202 219/219/219 220/220/220
f 202/202/202 220/220/220 203/203/203
f 203/203/203 220/220/220 221/221/221
f 203/203/203 221/221/221 204/204/204
f 205/205/205 222/222/222 223/223/223
f 205/205/205 223/223/223 206/206/206
f 206/206/206 223/223/223 224/224/224
f 206/206/206 224/224/224 207/207/207
f 207/207/207 224/224/224 225/225/225
f 207/207/207 225/225/225 208/208/208
f 208/208/208 225/225/225 226/226/226
f 208/208/208 226/226/226 209/209/209
f 209/209/209 226/226/226 227/227/227
f 209/209/209 227/227/227 210/210/210
f 210/210/210 227/227/227 228/228/228
f 210/210/210 228/228/228 211/211/211
f 211/211/211 228/228/228 229/229/229
f 211/211/211 229/229/229 212/212/212
f 212/212/212 229/229/229 230/230/230
f 212/212/212 230/230/230 213/213/213
f 213/213/213 230/230/230 231/231/231
f 213/213/213 231/231/231 214/214/214
f 214/214/214 231/231/231 232/232/232
f 214/214/214 232/232/232 215/215/215
f 215/215/215 232/232/232 233/233/233
f 215/215/215 233/233/233 216/216/216
f 216/216/216 233/233/233 234/234/234
f 216/216/216 234/234/234 217/217/217
f 217/217/217 234/234/234 235/235/235
f 217/217/217 235/235/235 218/218/218
f 218/218/218 235/235/235 236/236/236
f 218/218/218 236/236/236 219/219/219
f 219/219/219 236/236/236 237/237/237
f 219/219/219 237/237/237 220/220/220
f 220/220/220 237/237/237 238/238/238
f 220/220/220 238/238/238 221/221/221
f 222/222/222 239/239/239 240/240/240
f 222/222/222 240/240/240 223/223/223
f 223/223/223 240/240/240 241/241/241
f 223/223/223 241/241/241 224/224/224
f 224/224/224 241/241/241 242/242/242
f 224/224/224 242/242/242 225/225/225
f 225/225/225 242/242/242 243/243/243
f 225/225/225 243/243/243 226/226/226
f 226/226/226 243/243/243 244/244/244
f 226/226/226 244/244/244 227/227/227
f 227/227/227 244/244/244 245/245/245
f 227/227/227 245/245/245 228/228/228
f 228/228/228 245/245/245 246/246/246
f 228/228/228 246/246/246 229/229/229
f 229/229/229 246/246/246 247/247/247
f 229/229/229 247/247/247 230/230/230
f 230/230/230 247/247/247 248/248/248
f 230/230/230 248/248/248 231/231/231
f 231/231/231 248/248/248 249/249/249
f 231/231/231 249/249/249 232/232/232
f 232/232/232 249/249/249 250/250/250
f 232/232/232 250/250/250 233/233/233
f 233/233/233 250/250/250 251/251/251
f 233/233/233 251/251/251 234/234/234
f 234/234/234 251/251/251 252/252/252
f 234/234/234 252/252/252 235/235/235
f 235/235/235 252/252/252 253/253/253
f 235/235/235 253/253/253 236/236/236
f 236/236/236 253/253/253 254/254/254
f 236/236/236 254/254/254 237/237/237
f 237/237/237 254/254/254 255/255/255
f 237/237/237 255/255/255 238/238/238
f 239/239/239 256/256/256 257/257/257
f 239/239/239 257/257/257 240/240/240
f 240/240/240 257/257/257 258/258/258
f 240/240/240 258/258/258 241/241/241
f 241/241/241 258/258/258 259/259/259
f 241/241/241 259/259/259 242/242/242
f 242/242/242 259/259/259 260/260/260
f 242/242/242 260/260/260 243/243/243
f 243/243/243 260/260/260 261/261/261
f 243/243/243 261/261/261 244/244/244
f 244/244/244 261/261/261 262/262/262
f 244/244/244 262/262/262 245/245/245
f 245/245/245 262/262/262 263/263/263
f 245/245/245 263/263/263 246/246/246
f 246/246/246 263/263/263 264/264/264
f 246/246/246 264/264/264 247/247/247
f 247/247/247 264/264/264 265/265/265
f 247/247/247 265/265/265 248/248/248
f 248/248/248 265/265/265 266/266/266
f 248/248/248 266/266/266 249/249/249
f 249/249/249 266/266/266 267/267/267
f 249/249/249 267/267/267 250/250/250
f 250/250/250 267/267/267 268/268/268
f 250/250/250 268/268/268 251/251/251
f 251/251/251 268/268/268 269/269/269
f 251/251/251 269/269/269 252/252/252
f 252/252/252 269/269/269 270/270/270
f 252/252/252 270/270/270 253/253/253
f 253/253/253 270/270/270 271/271/271
f 253/253/253 271/271/271 254/254/254
f 254/254/254 271/271/271 272/272/272
f 254/254/254 272/272/272 255/255/255
f 256/256/256 273/273/273 274/274/274
f 256/256/256 274/274/274 257/257/257
f 257/257/257 274/274/274 275/275/275
f 257/257/257 275/275/275 258/258/258
f 258/258/258 275/275/275 276/276/276
f 258/258/258 276/276/276 259/259/259
f 259/259/259 276/276/276 277/277/277
f 259/259/259 277/277/277 260/260/260
f 260/260/260 277/277/277 278/278/278
f 260/260/260 278/278/278 261/261/261
f 261/261/261 278/278/278 279/279/279
f 261/261/261 279/279/279 262/262/262
f 262/262/262 279/279/279 280/280/280
f 262/262/262 280/280/280 263/263/263
f 263/263/263 280/280/280 281/281/281
f 263/263/263 281/281/281 264/264/264
f 264/264/264 281/281/281 282/282/282
f 264/264/264 282/282/282 265/265/265
f 265/265/265 282/282/282 283/283/283
f 265/265/265 283/283/283 266/266/266
f 266/266/266 283/283/283 284/284/284
f 266/266/266 284/284/284 267/267/267
f 267/267/267 284/284/284 285/285/285
f 267/267/267 285/285/285 268/268/268
f 268/268/268 285/285/285 286/286/286
f 268/268/268 286/286/286 269/269/269
f 269/269/269 286/286/286 287/287/287
f 269/269/269 287/287/287 270/270/270
f 270/270/270 287/287/287 288/288/288
f 270/270/270 288/288/288 271/271/271
f 271/271/271 288/288/288 289/289/289
f 271/271/271 289/289/289 272/272/272
f 273/273/273 290/290/290 291/291/291
f 273/273/273 291/291/291 274/274/274
f 274/274/274 291/291/291 292/292/292
f 274/274/274 292/292/292 275/275/275
f 275/275/275 292/292/292 293/293/293
f 275/275/275 293/293/293 276/276/276
f 276/276/276 293/293/293 294/294/294
f 276/276/276 294/294/294 277/277/277
f 277/277/277 294/294/294 295/295/295
f 277/277/277 295/295/295 278/278/278
f 278/278/278 295/295/295 296/296/296
f 278/278/278 296/296/296 279/279/279
f 279/279/279 296/296/296 297/297/297
f 279/279/279 297/297/297 280/280/280
f 280/280/280 297/297/297 298/298/298
f 280/280/280 298/298/298 281/281/281
f 281/281/281 298/298/298 299/299/299
f 281/281/281 299/299/299 282/282/282
f 282/282/282 299/299/299 300/300/300
f 282/282/282 300/300/300 283/283/283
f 283/283/283 300/300/300 301/301/301
f 283/283/283 301/301/301 284/284/284
f 284/284/284 301/301/301 302/302/302
f 284/284/284 302/302/302 285/285/285
f 285/285/285 302/302/302 303/303/303
f 285/285/285 303/303/303 286/286/286
f 286/286/286 303/303/303 304/304/304
f 286/286/286 304/304/304 287/287/287
f 287/287/287 304/304/304 305/305/305
f 287/287/287 305/305/305 288/288/288
f 288/288/288 305/305/305 306/306/306
f 288/288/288 306/306/306 289/289/289
f 290/290/290 307/307/307 308/308/308
f 290/290/290 308/308/308 291/291/291
f 291/291/291 308/308/308 309/309/309
f 291/291/291 309/309/309 292/292/292
f 292/292/292 309/309/309 310/310/310
f 292/292/292 310/310/310 293/293/293
f 293/293/293 310/310/310 311/311/311
f 293/293/293 311/311/311 294/294/294
f 294/294/294 311/311/311 312/312/312
f 294/294/294 312/312/312 295/295/295
f 295/295/295 312/312/312 313/313/313
f 295/295/295 313/313/313 296/296/296
f 296/296/296 313/313/313 314/314/314
f 296/296/296 314/314/314 297/297/297
f 297/297/297 314/314/314 315/315/315
f 297/297/297 315/315/315 298/298/298
f 298/298/298 315/315/315 316/316/316
f 298/298/298 316/316/316 299/299/299
f 299/299/299 316/316/316 317/317/317
f 299/299/299 317/317/317 300/300/300
f 300/300/300 317/317/317 318/318/318
f 300/300/300 318/318/318 301/301/301
f 301/301/301 318/318/318 319/319/319
f 301/301/301 319/319/319 302/302/302
f 302/302/302 319/319/319 320/320/320
f 302/302/302 320/320/320 303/303/303
f 303/303/303 320/320/320 321/321/321
f 303/303/303 321/321/321 304/304/304
f 304/304/304 321/321/321 322/322/322
f 304/304/304 322/322/322 305/305/305
f 305/305/305 322/322/322 323/323/323
f 305/305/305 323/323/323 306/306/306
f 307/307/307 324/324/324 325/325/325
f 307/307/307 325/325/325 308/308/308
f 308/308/308 325/325/325 326/326/326
f 308/308/308 326/326/326 309/309/309
f 309/309/309 326/326/326 327/327/327
f 309/309/309 327/327/327 310/310/310
f 310/310/310 327/327/327 328/328/328
f 310/310/310 328/328/328 311/311/311
f 311/311/311 328/328/328 329/329/329
f 311/311/311 329/329/329 312/312/312
f 312/312/312 329/329/329 330/330/330
f 312/312/312 330/330/330 313/313/313
f 313/313/313 330/330/330 331/331/331
f 313/313/313 331/331/331 314/314/314
f 314/314/314 331/331/331 332/332/332
f 314/314/314 332/332/332 315/315/315
f 315/315/315 332/332/332 333/333/333
f 315/315/315 333/333/333 316/316/316
f 316/316/316 333/333/333 334/334/334
f 316/316/316 334/334/334 317/317/317
f 317/317/317 334/334/334 335/335/335
f 317/317/317 335/335/335 318/318/318
f 318/318/318 335/335/335 336/336/336
f 318/318/318 336/336/336 319/319/319
f 319/319/319 336/336/336 337/337/337
f 319/319/319 337/337/337 320/320/320
f 320/320/320 337/337/337 338/338/338
f 320/320/320 338/338/338 321/321/321
f 321/321/321 338/338/338 339/339/339
f 321/321/321 339/339/339 322/322/322
f 322/322/322 339/339/339 340/340/340
f 322/322/322 340/340/340 323/323/323
f 324/324/324 341/341/341 342/342/342
f 324/324/324 342/342/342 325/325/325
f 325/325/325 342/342/342 343/343/343
f 325/325/325 343/343/343 326/326/326
f 326/326/326 343/343/343 344/344/344
f 326/326/326 344/344/344 327/327/327
f 327/327/327 344/344/344 345/345/345
f 327/327/327 345/345/345 328/328/328
f 328/328/328 345/345/345 346/346/346
f 328/328/328 346/346/346 329/329/329
f 329/329/329 346/346/346 347/347/347
f 329/329/329 347/347/347 330/330/330
f 330/330/330 347/347/347 348/348/348
f 330/330/330 348/348/348 331/331/331
f 331/331/331 348/348/348 349/349/349
f 331/331/331 349/349/349 332/332/332
f 332/332/332 349/349/349 350/350/350
f 332/332/332 350/350/350 333/333/333
f 333/333/333 350/350/350 351/351/351
f 333/333/333 351/351/351 334/334/334
f 334/334/334 351/351/351 352/352/352
f 334/334/334 352/352/352 335/335/335
f 335/335/335 352/352/352 353/353/353
f 335/335/335 353/353/353 336/336/336
f 336/336/336 353/353/353 354/354/354
f 336/336/336 354/354/354 337/337/337
f 337/337/337 354/354/354 355/355/355
f 337/337/337 355/355/355 338/338/338
f 338/338/338 355/355/355 356/356/356
f 338/338/338 356/356/356 339/339/339
f 339/339/339 356/356/356 357/357/357
f 339/339/339 357/357/357 340/340/340
f 341/341/341 358/358/358 359/359/359
f 341/341/341 359/359/359 342/342/342
f 342/342/342 359/359/359 360/360/360
f 342/342/342 360/360/360 343/343/343
f 343/343/343 360/360/360 361/361/361
f 343/343/343 361/361/361 344/344/344
f 344/344/344 361/361/361 362/362/362
f 344/344/344 362/362/362 345/345/345
f 345/345/345 362/362/362 363/363/363
f 345/345/345 363/363/363 346/346/346
f 346/346/346 363/363/363 364/364/364
f 346/346/346 364/364/364 347/347/347
f 347/347/347 364/364/364 365/365/365
f 347/347/347 365/365/365 348/348/348
f 348/348/348 365/365/365 366/366/366
f 348/348/348 366/366/366 349/349/349
f 349/349/349 366/366/366 367/367/367
f 349/349/349 367/367/367 350/350/350
f 350/350/350 367/367/367 368/368/368
f 350/350/350 368/368/368 351/351/351
f 351/351/351 368/368/368 369/369/369
f 351/351/351 369/369/369 352/352/352
f 352/352/352 369/369/369 370/370/370
f 352/352/352 370/370/370 353/353/353
f 353/353/353 370/370/370 371/371/371
f 353/353/353 371/371/371 354/354/354
f 354/354/354 371/371/371 372/372/372
f 354/354/354 372/372/372 355/355/355
f 355/355/355 372/372/372 373/373/373
f 355/355/355 373/373/373 356/356/356
f 356/356/356 373/373/373 374/374/374
f 356/356/356 374/374/374 357/357/357
f 358/358/358 375/375/375 376/376/376
f 358/358/358 376/376/376 359/359/359
f 359/359/359 376/376/376 377/377/377
f 359/359/359 377/377/377 360/360/360
f 360/360/360 377/377/377 378/378/378
f 360/360/360 378/378/378 361/361/361
f 361/361/361 378/378/378 379/379/379
f 361/361/361 379/379/379 362/362/362
f 362/362/362 379/379/379 380/380/380
f 362/362/362 380/380/380 363/363/363
f 363/363/363 380/380/380 381/381/381
f 363/363/363 381/381/381 364/364/364
f 364/364/364 381/381/381 382/382/382
f 364/364/364 382/382/382 365/365/365
f 365/365/365 382/382/382 383/383/383
f 365/365/365 383/383/383 366/366/366
f 366/366/366 383/383/383 384/384/384
f 366/366/366 384/384/384 367/367/367
f 367/367/367 384/384/384 385/385/385
f 367/367/367 385/385/385 368/368/368
f 368/368/368 385/385/385 386/386/386
f 368/368/368 386/386/386 369/369/369
f 369/369/369 386/386/386 387/387/387
f 369/369/369 387/387/387 370/370/370
f 370/370/370 387/387/387 388/388/388
f 370/370/370 388/388/388 371/371/371
f 371/371/371 388/388/388 389/389/389
f 371/371/371 389/389/389 372/372/372
f 372/372/372 389/389/389 390/390/390
f 372/372/372 390/390/390 373/373/373
f 373/373/373 390/390/390 391/391/391
f 373/373/373 391/391/391 374/374/374
f 375/375/375 392/392/392 393/393/393
f 375/375/375 393/393/393 376/376/376
f 376/376/376 393/393/393 394/394/394
f 376/376/376 394/394/394 377/377/377
f 377/377/377 394/394/394 395/395/395
f 377/377/377 395/395/395 378/378/378
f 378/378/378 395/395/395 396/396/396
f 378/378/378 396/396/396 379/379/379
f 379/379/379 396/396/396 397/397/397
f 379/379/379 397/397/397 380/380/380
f 380/380/380 397/397/397 398/398/398
f 380/380/380 398/398/398 381/381/381
f 381/381/381 398/398/398 399/399/399
f 381/381/381 399/399/399 382/382/382
f 382/382/382 399/399/399 400/400/400
f 382/382/382 400/400/400 383/383/383
f 383/383/383 400/400/400 401/401/401
f 383/383/383 401/401/401 384/384/384
f 384/384/384 401/401/401 402/402/402
f 384/384/384 402/402/402 385/385/385
f 385/385/385 402/402/402 403/403/403
f 385/385/385 403/403/403 386/386/386
f 386/386/386 403/403/403 404/404/404
f 386/386/386 404/404/404 387/387/387
f 387/387/387 404/404/404 405/405/405
f 387/387/387 405/405/405 388/388/388
f 388/388/388 405/405/405 406/406/406
f 388/388/388 406/406/406 389/389/389
f 389/389/389 406/406/406 407/407/407
f 389/389/389 407/407/407 390/390/390
f 390/390/390 407/407/407 408/408/408
f 390/390/390 408/408/408 391/391/391
f 392/392/392 409/409/409 410/410/410
f 392/392/392 410/410/410 393/393/393
f 393/393/393 410/410/410 411/411/411
f 393/393/393 411/411/411 394/394/394
f 394/394/394 411/411/411 412/412/412
f 394/394/394 412/412/412 395/395/395
f 395/395/395 412/412/412 413/413/413
f 395/395/395 413/413/413 396/396/396
f 396/396/396 413/413/413 414/414/414
f 396/396/396 414/414/414 397/397/397
f 397/397/397 414/414/414 415/415/415
f 397/397/397 415/415/415 398/398/398
f 398/398/398 415/415/415 416/416/416
f 398/398/398 416/416/416 399/399/399
f 399/399/399 416/416/416 417/417/417
f 399/399/399 417/417/417 400/400/400
f 400/400/400 417/417/417 418/418/418
f 400/400/400 418/418/418 401/401/401
f 401/401/401 418/418/418 419/419/419
f 401/401/401 419/419/419 402/402/402
f 402/402/402 419/419/419 420/420/420
f 402/402/402 420/420/420 403/403/403
f 403/403/403 420/420/420 421/421/421
f 403/403/403 421/421/421 404/404/404
f 404/404/404 421/421/421 422/422/422
f 404/404/404 422/422/422 405/405/405
f 405/405/405 422/422/422 423/423/423
f 405/405/405 423/423/423 406/406/406
f 406/406/406 423/423/423 424/424/424
f 406/406/406 424/424/424 407/407/407
f 407/407/407 424/424/424 425/425/425
f 407/407/407 425/425/425 408/408/408
f 409/409/409 426/426/426 427/427/427
f 409/409/409 427/427/427 410/410/410
f 410/410/410 427/427/427 428/428/428
f 410/410/410 428/428/428 411/411/411
f 411/411/411 428/428/428 429/429/429
f 411/411/411 429/429/429 412/412/412
f 412/412/412 429/429/429 430/430/430
f 412/412/412 430/430/430 413/413/413
f 413/413/413 430/430/430 431/431/431
f 413/413/413 431/431/431 414/414/414
f 414/414/414 431/431/431 432/432/432
f 414/414/414 432/432/432 415/415/415
f 415/415/415 432/432/432 433/433/433
f 415/415/415 433/433/433 416/416/416
f 416/416/416 433/433/433 434/434/434
f 416/416/416 434/434/434 417/417/417
f 417/417/417 434/434/434 435/435/435
f 417/417/417 435/435/435 418/418/418
f 418/418/418 435/435/435 436/436/436
f 418/418/418 436/436/436 419/419/419
f 419/419/419 436/436/436 437/437/437
f 419/419/419 437/437/437 420/420/420
f 420/420/420 437/437/437 438/438/438
f 420/420/420 438/438/438 421/421/421
f 421/421/421 438/438/438 439/439/439
f 421/421/421 439/439/439 422/422/422
f 422/422/422 439/439/439 440/440/440
f 422/422/422 440/440/440 423/423/423
f 423/423/423 440/440/440 441/441/441
f 423/423/423 441/441/441 424/424/424
f 424/424/424 441/441/441 442/442/442
f 424/424/424 442/442/442 425/425/425
f 426/426/426 443/443/443 444/444/444
f 426/426/426 444/444/444 427/427/427
f 427/427/427 444/444/444 445/445/445
f 427/427/427 445/445/445 428/428/428
f 428/428/428 445/445/445 446/446/446
f 428/428/428 446/446/446 429/429/429
f 429/429/429 446/446/446 447/447/447
f 429/429/429 447/447/447 430/430/430
f 430/430/430 447/447/447 448/448/448
f 430/430/430 448/448/448 431/431/431
f 431/431/431 448/448/448 449/449/449
f 431/431/431 449/449/449 432/432/432
f 432/432/432 449/449/449 450/450/450
f 432/432/432 450/450/450 433/433/433
f 433/433/433 450/450/450 451/451/451
f 433/433/433 451/451/451 434/434/434
f 434/434/434 451/451/451 452/452/452
f 434/434/434 452/452/452 435/435/435
f 435/435/435 452/452/452 453/453/453
f 435/435/435 453/453/453 436/436/436
f 436/436/436 453/453/453 454/454/454
f 436/436/436 454/454/454 437/437/437
f 437/437/437 454/454/454 455/455/455
f 437/437/437 455/455/455 438/438/438
f 438/438/438 455/455/455 456/456/456
f 438/438/438 456/456/456 439/439/439
f 439/439/439 456/456/456 457/457/457
f 439/439/439 457/457/457 440/440/440
f 440/440/440 457/457/457 458/458/458
f 440/440/440 458/458/458 441/441/441
f 441/441/441 458/458/458 459/459/459
f 441/441/441 459/459/459 442/442/442
f 443/443/443 460/460/460 461/461/461
f 443/443/443 461/461/461 444/444/444
f 444/444/444 461/461/461 462/462/462
f 444/444/444 462/462/462 445/445/445
f 445/445/445 462/462/462 463/463/463
f 445/445/445 463/463/463 446/446/446
f 446/446/446 463/463/463 464/464/464
f 446/446/446 464/464/464 447/447/447
f 447/447/447 464/464/464 465/465/465
f 447/447/447 465/465/465 448/448/448
f 448/448/448 465/465/465 466/466/466
f 448/448/448 466/466/466 449/449/449
f 449/449/449 466/466/466 467/467/467
f 449/449/449 467/467/467 450/450/450
f 450/450/450 467/467/467 468/468/468
f 450/450/450 468/468/468 451/451/451
f 451/451/451 468/468/468 469/469/469
f 451/451/451 469/469/469 452/452/452
f 452/452/452 469/469/469 470/470/470
f 452/452/452 470/470/470 453/453/453
f 453/453/453 470/470/470 471/471/471
f 453/453/453 471/471/471 454/454/454
f 454/454/454 471/471/471 472/472/472
f 454/454/454 472/472/472 455/455/455
f 455/455/455 472/472/472 473/473/473
f 455/455/455 473/473/473 456/456/456
f 456/456/456 473/473/473 474/474/474
f 456/456/456 474/474/474 457/457/457
f 457/457/457 474/474/474 475/475/475
f 457/457/457 475/475/475 458/458/458
f 458/458/458 475/475/475 476/476/476
f 458/458/458 476/476/476 459/459/459
f 460/460/460 477/477/477 478/478/478
f 460/460/460 478/478/478 461/461/461
f 461/461/461 478/478/478 479/479/479
f 461/461/461 479/479/479 462/462/462
f 462/462/462 479/479/479 480/480/480
f 462/462/462 480/480/480 463/463/463
f 463/463/463 480/480/480 481/481/481
f 463/463/463 481/481/481 464/464/464
f 464/464/464 481/481/481 482/482/482
f 464/464/464 482/482/482 465/465/465
f 465/465/465 482/482/482 483/483/483
f 465/465/465 483/483/483 466/466/466
f 466/466/466 483/483/483 484/484/484
f 466/466/466 484/484/484 467/467/467
f 467/467/467 484/484/484 485/485/485
f 467/467/467 485/485/485 468/468/468
f 468/468/468 485/485/485 486/486/486
f 468/468/468 486/486/486 469/469/469
f 469/469/469 486/486/486 487/487/487
f 469/469/469 487/487/487 470/470/470
f 470/470/470 487/487/487 488/488/488
f 470/470/470 488/488/488 471/471/471
f 471/471/471 488/488/488 489/489/489
f 471/471/471 489/489/489 472/472/472
f 472/472/472 489/489/489 490/490/490
f 472/472/472 490/490/490 473/473/473
f 473/473/473 490/490/490 491/491/491
f 473/473/473 491/491/491 474/474/474
f 474/474/474 491/491/491 492/492/492
f 474/474/474 492/492/492 475/475/475
f 475/475/475 492/492/492 493/493/493
f 475/475/475 493/493/493 476/476/476
f 477/477/477 494/494/494 495/495/495
f 477/477/477 495/495/495 478/478/478
f 478/478/478 495/495/495 496/496/496
f 478/478/478 496/496/496 479/479/479
f 479/479/479 496/496/496 497/497/497
f 479/479/479 497/497/497 480/480/480
f 480/480/480 497/497/497 498/498/498
f 480/480/480 498/498/498 481/481/481
f 481/481/481 498/498/498 499/499/499
f 481/481/481 499/499/499 482/482/482
f 482/482/482 499/499/499 500/500/500
f 482/482/482 500/500/500 483/483/483
f 483/483/483 500/500/500 501/501/501
f 483/483/483 501/501/501 484/484/484
f 484/484/484 501/501/501 502/502/502
f 484/484/484 502/502/502 485/485/485
f 485/485/485 502/502/502 503/503/503
f 485/485/485 503/503/503 486/486/486
f 486/486/486 503/503/503 504/504/504
f 486/486/486 504/504/504 487/487/487
f 487/487/487 504/504/504 505/505/505
f 487/487/487 505/505/505 488/488/488
f 488/488/488 505/505/505 506/506/506
f 488/488/488 506/506/506 489/489/489
f 489/489/489 506/506/506 507/507/507
f 489/489/489 507/507/507 490/490/490
f 490/490/490 507/507/507 508/508/508
f 490/490/490 508/508/508 491/491/491
f 491/491/491 508/508/508 509/509/509
f 491/491/491 509/509/509 492/492/492
f 492/492/492 509/509/509 510/510/510
f 492/492/492 510/510/510 493/493/493
f 494/494/494 511/511/511 512/512/512
f 494/494/494 512/512/512 495/495/495
f 495/495/495 512/512/512 513/513/513
f 495/495/495 513/513/513 496/496/496
f 496/496/496 513/513/513 514/514/514
f 496/496/496 514/514/514 497/497/497
f 497/497/497 514/514/514 515/515/515
f 497/497/497 515/515/515 498/498/498
f 498/498/498 515/515/515 516/516/516
f 498/498/498 516/516/516 499/499/499
f 499/499/499 516/516/516 517/517/517
f 499/499/499 517/517/517 500/500/500
f 500/500/500 517/517/517 518/518/518
f 500/500/500 518/518/518 501/501/501
f 501/501/501 518/518/518 519/519/519
f 501/501/501 519/519/519 502/502/502
f 502/502/502 519/519/519 520/520/520
f 502/502/502 520/520/520 503/503/503
f 503/503/503 520/520/520 521/521/521
f 503/503/503 521/521/521 504/504/504
f 504/504/504 521/521/521 522/522/522
f 504/504/504 522/522/522 505/505/505
f 505/505/505 522/522/522 523/523/523
f 505/505/505 523/523/523 506/506/506
f 506/506/506 523/523/523 524/524/524
f 506/506/506 524/524/524 507/507/507
f 507/507/507 524/524/524 525/525/525
f 507/507/507 525/525/525 508/508/508
f 508/508/508 525/525/525 526/526/526
f 508/508/508 526/526/526 509/509/509
f 509/509/509 526/526/526 527/527/527
f 509/509/509 527/527/527 510/510/510
f 511/511/511 528/528/528 529/529/529
f 511/511/511 529/529/529 512/512/512
f 512/512/512 529/529/529 530/530/530
f 512/512/512 530/530/530 513/513/513
f 513/513/513 530/530/530 531/531/531
f 513/513/513 531/531/531 514/514/514
f 514/514/514 531/531/531 532/532/532
f 514/514/514 532/532/532 515/515/515
f 515/515/515 532/532/532 533/533/533
f 515/515/515 533/533/533 516/516/516
f 516/516/516 533/533/533 534/534/534
f 516/516/516 534/534/534 517/517/517
f 517/517/517 534/534/534 535/535/535
f 517/517/517 535/535/535 518/518/518
f 518/518/518 535/535/535 536/536/536
f 518/518/518 536/536/536 519/519/519
f 519/519/519 536/536/536 537/537/537
f 519/519/519 537/537/537 520/520/520
f 520/520/520 537/537/537 538/538/538
f 520/520/520 538/538/538 521/521/521
f 521/521/521 538/538/538 539/539/539
f 521/521/521 539/539/539 522/522/522
f 522/522/522 539/539/539 540/540/540
f 522/522/522 540/540/540 523/523/523
f 523/523/523 540/540/540 541/541/541
f 523/523/523 541/541/541 524/524/524
f 524/524/524 541/541/541 542/542/542
f 524/524/524 542/542/542 525/525/525
f 525/525/525 542/542/542 543/543/543
f 525/525/525 543/543/543 526/526/526
f 526/526/526 543/543/543 544/544/544
f 526/526/526 544/544/544 527/527/527
f 528/528/528 545/545/545 546/546/546
f 528/528/528 546/546/546 529/529/529
f 529/529/529 546/546/546 547/547/547
f 529/529/529 547/547/547 530/530/530
f 530/530/530 547/547/547 548/548/548
f 530/530/530 548/548/548 531/531/531
f 531/531/531 548/548/548 549/549/549
f 531/531/531 549/549/549 532/532/532
f 532/532/532 549/549/549 550/550/550
f 532/532/532 550/550/550 533/533/533
f 533/533/533 550/550/550 551/551/551
f 533/533/533 551/551/551 534/534/534
f 534/534/534 551/551/551 552/552/552
f 534/534/534 552/552/552 535/535/535
f 535/535/535 552/552/552 553/553/553
f 535/535/535 553/553/553 536/536/536
f 536/536/536 553/553/553 554/554/554
f 536/536/536 554/554/554 537/537/537
f 537/537/537 554/554/554 555/555/555
f 537/537/537 555/555/555 538/538/538
f 538/538/538 555/555/555 556/556/556
f 538/538/538 556/556/556 539/539/539
f 539/539/539 556/556/556 557/557/557
f 539/539/539 557/557/557 540/540/540
f 540/540/540 557/557/557 558/558/558
f 540/540/540 558/558/558 541/541/541
f 541/541/541 558/558/558 559/559/559
f 541/541/541 559/559/559 542/542/542
f 542/542/542 559/559/559 560/560/560
f 542/542/542 560/560/560 543/543/543
f 543/543/543 560/560/560 561/561/561
f 543/543/543 561/561/561 544/544/544
f 545/545/545 562/562/562 563/563/563
f 545/545/545 563/563/563 546/546/546
f 546/546/546 563/563/563 564/564/564
f 546/546/546 564/564/564 547/547/547
f 547/547/547 564/564/564 565/565/565
f 547/547/547 565/565/565 548/548/548
f 548/548/548 565/565/565 566/566/566
f 548/548/548 566/566/566 549/549/549
f 549/549/549 566/566/566 567/567/567
f 549/549/549 567/567/567 550/550/550
f 550/550/550 567/567/567 568/568/568
f 550/550/550 568/568/568 551/551/551
f 551/551/551 568/568/568 569/569/569
f 551/551/551 569/569/569 552/552/552
f 552/552/552 569/569/569 570/570/570
f 552/552/552 570/570/570 553/553/553
f 553/553/553 570/570/570 571/571/571
f 553/553/553 571/571/571 554/554/554
f 554/554/554 571/571/571 572/572/572
f 554/554/554 572/572/572 555/555/555
f 555/555/555 572/572/572 573/573/573
f 555/555/555 573/573/573 556/556/556
f 556/556/556 573/573/573 574/574/574
f 556/556/556 574/574/574 557/557/557
f 557/557/557 574/574/574 575/575/575
f 557/557/557 575/575/575 558/558/558
f 558/558/558 575/575/575 576/576/576
f 558/558/558 576/576/576 559/559/559
f 559/559/559 576/576/576 577/577/577
f 559/559/559 577/577/577 560/560/560
f 560/560/560 577/577/577 578/578/578
f 560/560/560 578/578/578 561/561/561
f 562/562/562 579/579/579 580/580/580
f 562/562/562 580/580/580 563/563/563
f 563/563/563 580/580/580 581/581/581
f 563/563/563 581/581/581 564/564/564
f 564/564/564 581/581/581 582/582/582
f 564/564/564 582/582/582 565/565/565
f 565/565/565 582/582/582 583/583/583
f 565/565/565 583/583/583 566/566/566
f 566/566/566 583/583/583 584/584/584
f 566/566/566 584/584/584 567/567/567
f 567/567/567 584/584/584 585/585/585
f 567/567/567 585/585/585 568/568/568
f 568/568/568 585/585/585 586/586/586
f 568/568/568 586/586/586 569/569/569
f 569/569/569 586/586/586 587/587/587
f 569/569/569 587/587/587 570/570/570
f 570/570/570 587/587/587 588/588/588
f 570/570/570 588/588/588 571/571/571
f 571/571/571 588/588/588 589/589/589
f 571/571/571 589/589/589 572/572/572
f 572/572/572 589/589/589 590/590/590
f 572/572/572 590/590/590 573/573/573
f 573/573/573 590/590/590 591/591/591
f 573/573/573 591/591/591 574/574/574
f 574/574/574 591/591/591 592/592/592
f 574/574/574 592/592/592 575/575/575
f 575/575/575 592/592/592 593/593/593
f 575/575/575 593/593/593 576/576/576
f 576/576/576 593/593/593 594/594/594
f 576/576/576 594/594/594 577/577/577
f 577/577/577 594/594/594 595/595/595
f 577/577/577 595/595/595 578/578/578
f 579/579/579 596/596/596 597/597/597
f 579/579/579 597/597/597 580/580/580
f 580/580/580 597/597/597 598/598/598
f 580/580/580 598/598/598 581/581/581
f 581/581/581 598/598/598 599/599/599
f 581/581/581 599/599/599 582/582/582
f 582/582/582 599/599/599 600/600/600
f 582/582/582 600/600/600 583/583/583
f 583/583/583 600/600/600 601/601/601
f 583/583/583 601/601/601 584/584/584
f 584/584/584 601/601/601 602/602/602
f 584/584/584 602/602/602 585/585/585
f 585/585/585 602/602/602 603/603/603
f 585/585/585 603/603/603 586/586/586
f 586/586/586 603/603/603 604/604/604
f 586/586/586 604/604/604 587/587/587
f 587/587/587 604/604/604 605/605/605
f 587/587/587 605/605/605 588/588/588
f 588/588/588 605/605/605 606/606/606
f 588/588/588 606/606/606 589/589/589
f 589/589/589 606/606/606 607/607/607
f 589/589/589 607/607/607 590/590/590
f 590/590/590 607/607/607 608/608/608
f 590/590/590 608/608/608 591/591/591
f 591/591/591 608/608/608 609/609/609
f 591/591/591 609/609/609 592/592/592
f 592/592/592 609/609/609 610/610/610
f 592/592/592 610/610/610 593/593/593
f 593/593/593 610/610/610 611/611/611
f 593/593/593 611/611/611 594/594/594
f 594/594/594 611/611/611 612/612/612
f 594/594/594 612/612/612 595/595/595
f 596/596/596 613/613/613 614/614/614
f 596/596/596 614/614/614 597/597/597
f 597/597/597 614/614/614 615/615/615
f 597/597/597 615/615/615 598/598/598
f 598/598/598 615/615/615 616/616/616
f 598/598/598 616/616/616 599/599/599
f 599/599/599 616/616/616 617/617/617
f 599/599/599 617/617/617 600/600/600
f 600/600/600 617/617/617 618/618/618
f 600/600/600 618/618/618 601/601/601
f 601/601/601 618/618/618 619/619/619
f 601/601/601 619/619/619 602/602/602
f 602/602/602 619/619/619 620/620/620
f 602/602/602 620/620/620 603/603/603
f 603/603/603 620/620/620 621/621/621
f 603/603/603 621/621/621 604/604/604
f 604/604/604 621/621/621 622/622/622
f 604/604/604 622/622/622 605/605/605
f 605/605/605 622/622/622 623/623/623
f 605/605/605 623/623/623 606/606/606
f 606/606/606 623/623/623 624/624/624
f 606/606/606 624/624/624 607/607/607
f 607/607/607 624/624/624 625/625/625
f 607/607/607 625/625/625 608/608/608
f 608/608/608 625/625/625 626/626/626
f 608/608/608 626/626/626 609/609/609
f 609/609/609 626/626/626 627/627/627
f 609/609/609 627/627/627 610/610/610
f 610/610/610 627/627/627 628/628/628
f 610/610/610 628/628/628 611/611/611
f 611/611/611 628/628/628 629/629/629
f 611/611/611 629/629/629 612/612/612
f 613/613/613 630/630/630 631/631/631
f 613/613/613 631/631/631 614/614/614
f 614/614/614 631/631/631 632/632/632
f 614/614/614 632/632/632 615/615/615
f 615/615/615 632/632/632 633/633/633
f 615/615/615 633/633/633 616/616/616
f 616/616/616 633/633/633 634/634/634
f 616/616/616 634/634/634 617/617/617
f 617/617/617 634/634/634 635/635/635
f 617/617/617 635/635/635 618/618/618
f 618/618/618 635/635/635 636/636/636
f 618/618/618 636/636/636 619/619/619
f 619/619/619 636/636/636 637/637/637
f 619/619/619 637/637/637 620/620/620
f 620/620/620 637/637/637 638/638/638
f 620/620/620 638/638/638 621/621/621
f 621/621/621 638/638/638 639/639/639
f 621/621/621 639/639/639 622/622/622
f 622/622/622 639/639/639 640/640/640
f 622/622/622 640/640/640 623/623/623
f 623/623/623 640/640/640 641/641/641
f 623/623/623 641/641/641 624/624/624
f 624/624/624 641/641/641 642/642/642
f 624/624/624 642/642/642 625/625/625
f 625/625/625 642/642/642 643/643/643
f 625/625/625 643/643/643 626/626/626
f 626/626/626 643/643/643 644/644/644
f 626/626/626 644/644/644 627/627/627
f 627/627/627 644/644/644 645/645/645
f 627/627/627 645/645/645 628/628/628
f 628/628/628 645/645/645 646/646/646
f 628/628/628 646/646/646 629/629/629
f 630/630/630 647/647/647 648/648/648
f 630/630/630 648/648/648 631/631/631
f 631/631/631 648/648/648 649/649/649
f 631/631/631 649/649/649 632/632/632
f 632/632/632 649/649/649 650/650/650
f 632/632/632 650/650/650 633/633/633
f 633/633/633 650/650/650 651/651/651
f 633/633/633 651/651/651 634/634/634
f 634/634/634 651/651/651 652/652/652
f 634/634/634 652/652/652 635/635/635
f 635/635/635 652/652/652 653/653/653
f 635/635/635 653/653/653 636/636/636
f 636/636/636 653/653/653 654/654/654
f 636/636/636 654/654/654 637/637/637
f 637/637/637 654/654/654 655/655/655
f 637/637/637 655/655/655 638/638/638
f 638/638/638 655/655/655 656/656/656
f 638/638/638 656/656/656 639/639/639
f 639/639/639 656/656/656 657/657/657
f 639/639/639 657/657/657 640/640/640
f 640/640/640 657/657/657 658/658/658
f 640/640/640 658/658/658 641/641/641
f 641/641/641 658/658/658 659/659/659
f 641/641/641 659/659/659 642/642/642
f 642/642/642 659/659/659 660/660/660
f 642/642/642 660/660/660 643/643/643
f 643/643/643 660/660/660 661/661/661
f 643/643/643 661/661/661 644/644/644
f 644/644/644 661/661/661 662/662/662
f 644/644/644 662/662/662 645/645/645
f 645/645/645 662/662/662 663/663/663
f 645/645/645 663/663/663 646/646/646
f 647/647/647 664/664/664 665/665/665
f 647/647/647 665/665/665 648/648/648
f 648/648/648 665/665/665 666/666/666
f 648/648/648 666/666/666 649/649/649
f 649/649/649 666/666/666 667/667/667
f 649/649/649 667/667/667 650/650/650
f 650/650/650 667/667/667 668/668/668
f 650/650/650 668/668/668 651/651/651
f 651/651/651 668/668/668 669/669/669
f 651/651/651 669/669/669 652/652/652
f 652/652/652 669/669/669 670/670/670
f 652/652/652 670/670/670 653/653/653
f 653/653/653 670/670/670 671/671/671
f 653/653/653 671/671/671 654/654/654
f 654/654/654 671/671/671 672/672/672
f 654/654/654 672/672/672 655/655/655
f 655/655/655 672/672/672 673/673/673
f 655/655/655 673/673/673 656/656/656
f 656/656/656 673/673/673 674/674/674
f 656/656/656 674/674/674 657/657/657
f 657/657/657 674/674/674 675/675/675
f 657/657/657 675/675/675 658/658/658
f 658/658/658 675/675/675 676/676/676
f 658/658/658 676/676/676 659/659/659
f 659/659/659 676/676/676 677/677/677
f 659/659/659 677/677/677 660/660/660
f 660/660/660 677/677/677 678/678/678
f 660/660/660 678/678/678 661/661/661
f 661/661/661 678/678/678 679/679/679
f 661/661/661 679/679/679 662/662/662
f 662/662/662 679/679/679 680/680/680
f 662/662/662 680/680/680 663/663/663
f 664/664/664 681/681/681 682/682/682
f 664/664/664 682/682/682 665/665/665
f 665/665/665 682/682/682 683/683/683
f 665/665/665 683/683/683 666/666/666
f 666/666/666 683/683/683 684/684/684
f 666/666/666 684/684/684 667/667/667
f 667/667/667 684/684/684 685/685/685
f 667/667/667 685/685/685 668/668/668
f 668/668/668 685/685/685 686/686/686
f 668/668/668 686/686/686 669/669/669
f 669/669/669 686/686/686 687/687/687
f 669/669/669 687/687/687 670/670/670
f 670/670/670 687/687/687 688/688/688
f 670/670/670 688/688/688 671/671/671
f 671/671/671 688/688/688 689/689/689
f 671/671/671 689/689/689 672/672/672
f 672/672/672 689/689/689 690/690/690
f 672/672/672 690/690/690 673/673/673
f 673/673/673 690/690/690 691/691/691
f 673/673/673 691/691/691 674/674/674
f 674/674/674 691/691/691 692/692/692
f 674/674/674 692/692/692 675/675/675
f 675/675/675 692/692/692 693/693/693
f 675/675/675 693/693/693 676/676/676
f 676/676/676 693/693/693 694/694/694
f 676/676/676 694/694/694 677/677/677
f 677/677/677 694/694/694 695/695/695
f 677/677/677 695/695/695 678/678/678
f 678/678/678 695/695/695 696/696/696
f 678/678/678 696/696/696 679/679/679
f 679/679/679 696/696/696 697/697/697
f 679/679/679 697/697/697 680/680/680
f 681/681/681 698/698/698 699/699/699
f 681/681/681 699/699/699 682/682/682
f 682/682/682 699/699/699 700/700/700
f 682/682/682 700/700/700 683/683/683
f 683/683/683 700/700/700 701/701/701
f 683/683/683 701/701/701 684/684/684
f 684/684/684 701/701/701 702/702/702
f 684/684/684 702/702/702 685/685/685
f 685/685/685 702/702/702 703/703/703
f 685/685/685 703/703/703 686/686/686
f 686/686/686 703/703/703 704/704/704
f 686/686/686 704/704/704 687/687/687
f 687/687/687 704/704/704 705/705/705
f 687/687/687 705/705/705 688/688/688
f 688/688/688 705/705/705 706/706/706
f 688/688/688 706/706/706 689/689/689
f 689/689/689 706/706/706 707/707/707
f 689/689/689 707/707/707 690/690/690
f 690/690/690 707/707/707 708/708/708
f 690/690/690 708/708/708 691/691/691
f 691/691/691 708/708/708 709/709/709
f 691/691/691 709/709/709 692/692/692
f 692/692/692 709/709/709 710/710/710
f 692/692/692 710/710/710 693/693/693
f 693/693/693 710/710/710 711/711/711
f 693/693/693 711/711/711 694/694/694
f 694/694/694 711/711/711 712/712/712
f 694/694/694 712/712/712 695/695/695
f 695/695/695 712/712/712 713/713/713
f 695/695/695 713/713/713 696/696/696
f 696/696/696 713/713/713 714/714/714
f 696/696/696 714/714/714 697/697/697
f 698/698/698 715/715/715 716/716/716
f 698/698/698 716/716/716 699/699/699
f 699/699/699 716/716/716 717/717/717
f 699/699/699 717/717/717 700/700/700
f 700/700/700 717/717/717 718/718/718
f 700/700/700 718/718/718 701/701/701
f 701/701/701 718/718/718 719/719/719
f 701/701/701 719/719/719 702/702/702
f 702/702/702 719/719/719 720/720/720
f 702/702/702 720/720/720 703/703/703
f 703/703/703 720/720/720 721/721/721
f 703/703/703 721/721/721 704/704/704
f 704/704/704 721/721/721 722/722/722
f 704/704/704 722/722/722 705/705/705
f 705/705/705 722/722/722 723/723/723
f 705/705/705 723/723/723 706/706/706
f 706/706/706 723/723/723 724/724/724
f 706/706/706 724/724/724 707/707/707
f 707/707/707 724/724/724 725/725/725
f 707/707/707 725/725/725 708/708/708
f 708/708/708 725/725/725 726/726/726
f 708/708/708 726/726/726 709/709/709
f 709/709/709 726/726/726 727/727/727
f 709/709/709 727/727/727 710/710/710
f 710/710/710 727/727/727 728/728/728
f 710/710/710 728/728/728 711/711/711
f 711/711/711 728/728/728 729/729/729
f 711/711/711 729/729/729 712/712/712
f 712/712/712 729/729/729 730/730/730
f 712/712/712 730/730/730 713/713/713
f 713/713/713 730/730/730 731/731/731
f 713/713/713 731/731/731 714/714/714
f 715/715/715 732/732/732 733/733/733
f 715/715/715 733/733/733 716/716/716
f 716/716/716 733/733/733 734/734/734
f 716/716/716 734/734/734 717/717/717
f 717/717/717 734/734/734 735/735/735
f 717/717/717 735/735/735 718/718/718
f 718/718/718 735/735/735 736/736/736
f 718/718/718 736/736/736 719/719/719
f 719/719/719 736/736/736 737/737/737
f 719/719/719 737/737/737 720/720/720
f 720/720/720 737/737/737 738/738/738
f 720/720/720 738/738/738 721/721/721
f 721/721/721 738/738/738 739/739/739
f 721/721/721 739/739/739 722/722/722
f 722/722/722 739/739/739 740/740/740
f 722/722/722 740/740/740 723/723/723
f 723/723/723 740/740/740 741/741/741
f 723/723/723 741/741/741 724/724/724
f 724/724/724 741/741/741 742/742/742
f 724/724/724 742/742/742 725/725/725
f 725/725/725 742/742/742 743/743/743
f 725/725/725 743/743/743 726/726/726
f 726/726/726 743/743/743 744/744/744
f 726/726/726 744/744/744 727/727/727
f 727/727/727 744/744/744 745/745/745
f 727/727/727 745/745/745 728/728/728
f 728/728/728 745/745/745 746/746/746
f 728/728/728 746/746/746 729/729/729
f 729/729/729 746/746/746 747/747/747
f 729/729/729 747/747/747 730/730/730
f 730/730/730 747/747/747 748/748/748
f 730/730/730 748/748/748 731/731/731
f 732/732/732 749/749/749 750/750/750
f 732/732/732 750/750/750 733/733/733
f 733/733/733 750/750/750 751/751/751
f 733/733/733 751/751/751 734/734/734
f 734/734/734 751/751/751 752/752/752
f 734/734/734 752/752/752 735/735/735
f 735/735/735 752/752/752 753/753/753
f 735/735/735 753/753/753 736/736/736
f 736/736/736 753/753/753 754/754/754
f 736/736/736 754/754/754 737/737/737
f 737/737/737 754/754/754 755/755/755
f 737/737/737 755/755/755 738/738/738
f 738/738/738 755/755/755 756/756/756
f 738/738/738 756/756/756 739/739/739
f 739/739/739 756/756/756 757/757/757
f 739/739/739 757/757/757 740/740/740
f 740/740/740 757/757/757 758/758/758
f 740/740/740 758/758/758 741/741/741
f 741/741/741 758/758/758 759/759/759
f 741/741/741 759/759/759 742/742/742
f 742/742/742 759/759/759 760/760/760
f 742/742/742 760/760/760 743/743/743
f 743/743/743 760/760/760 761/761/761
f 743/743/743 761/761/761 744/744/744
f 744/744/744 761/761/761 762/762/762
f 744/744/744 762/762/762 745/745/745
f 745/745/745 762/762/762 763/763/763
f 745/745/745 763/763/763 746/746/746
f 746/746/746 763/763/763 764/764/764
f 746/746/746 764/764/764 747/747/747
f 747/747/747 764/764/764 765/765/765
f 747/747/747 765/765/765 748/748/748
f 749/749/749 766/766/766 767/767/767
f 749/749/749 767/767/767 750/750/750
f 750/750/750 767/767/767 768/768/768
f 750/750/750 768/768/768 751/751/751
f 751/751/751 768/768/768 769/769/769
f 751/751/751 769/769/769 752/752/752
f 752/752/752 769/769/769 770/770/770
f 752/752/752 770/770/770 753/753/753
f 753/753/753 770/770/770 771/771/771
f 753/753/753 771/771/771 754/754/754
f 754/754/754 771/771/771 772/772/772
f 754/754/754 772/772/772 755/755/755
f 755/755/755 772/772/772 773/773/773
f 755/755/755 773/773/773 756/756/756
f 756/756/756 773/773/773 774/774/774
f 756/756/756 774/774/774 757/757/757
f 757/757/757 774/774/774 775/775/775
f 757/757/757 775/775/775 758/758/758
f 758/758/758 775/775/775 776/776/776
f 758/758/758 776/776/776 759/759/759
f 759/759/759 776/776/776 777/777/777
f 759/759/759 777/777/777 760/760/760
f 760/760/760 777/777/777 778/778/778
f 760/760/760 778/778/778 761/761/761
f 761/761/761 778/778/778 779/779/779
f 761/761/761 779/779/779 762/762/762
f 762/762/762 779/779/779 780/780/780
f 762/762/762 780/780/780 763/763/763
f 763/763/763 780/780/780 781/781/781
f 763/763/763 781/781/781 764/764/764
f 764/764/764 781/781/781 782/782/782
f 764/764/764 782/782/782 765/765/765
f 766/766/766 783/783/783 784/784/784
f 766/766/766 784/784/784 767/767/767
f 767/767/767 784/784/784 785/785/785
f 767/767/767 785/785/785 768/768/768
f 768/768/768 785/785/785 786/786/786
f 768/768/768 786/786/786 769/769/769
f 769/769/769 786/786/786 787/787/787
f 769/769/769 787/787/787 770/770/770
f 770/770/770 787/787/787 788/788/788
f 770/770/770 788/788/788 771/771/771
f 771/771/771 788/788/788 789/789/789
f 771/771/771 789/789/789 772/772/772
f 772/772/772 789/789/789 790/790/790
f 772/772/772 790/790/790 773/773/773
f 773/773/773 790/790/790 791/791/791
f 773/773/773 791/791/791 774/774/774
f 774/774/774 791/791/791 792/792/792
f 774/774/774 792/792/792 775/775/775
f 775/775/775 792/792/792 793/793/793
f 775/775/775 793/793/793 776/776/776
f 776/776/776 793/793/793 794/794/794
f 776/776/776 794/794/794 777/777/777
f 777/777/777 794/794/794 795/795/795
f 777/777/777 795/795/795 778/778/778
f 778/778/778 795/795/795 796/796/796
f 778/778/778 796/796/796 779/779/779
f 779/779/779 796/796/796 797/797/797
f 779/779/779 797/797/797 780/780/780
f 780/780/780 797/797/797 798/798/798
f 780/780/780 798/798/798 781/781/781
f 781/781/781 798/798/798 799/799/799
f 781/781/781 799/799/799 782/782/782
f 783/783/783 800/800/800 801/801/801
f 783/783/783 801/801/801 784/784/784
f 784/784/784 801/801/801 802/802/802
f 784/784/784 802/802/802 785/785/785
f 785/785/785 802/802/802 803/803/803
f 785/785/785 803/803/803 786/786/786
f 786/786/786 803/803/803 804/804/804
f 786/786/786 804/804/804 787/787/787
f 787/787/787 804/804/804 805/805/805
f 787/787/787 805/805/805 788/788/788
f 788/788/788 805/805/805 806/806/806
f 788/788/788 806/806/806 789/789/789
f 789/789/789 806/806/806 807/807/807
f 789/789/789 807/807/807 790/790/790
f 790/790/790 807/807/807 808/808/808
f 790/790/790 808/808/808 791/791/791
f 791/791/791 808/808/808 809/809/809
f 791/791/791 809/809/809 792/792/792
f 792/792/792 809/809/809 810/810/810
f 792/792/792 810/810/810 793/793/793
f 793/793/793 810/810/810 811/811/811
f 793/793/793 811/811/811 794/794/794
f 794/794/794 811/811/811 812/812/812
f 794/794/794 812/812/812 795/795/795
f 795/795/795 812/812/812 813/813/813
f 795/795/795 813/813/813 796/796/796
f 796/796/796 813/813/813 814/814/814
f 796/796/796 814/814/814 797/797/797
f 797/797/797 814/814/814 815/815/815
f 797/797/797 815/815/815 798/798/798
f 798/798/798 815/815/815 816/816/816
f 798/798/798 816/816/816 799/799/799
f 800/800/800 817/817/817 818/818/818
f 800/800/800 818/818/818 801/801/801
f 801/801/801 818/818/818 819/819/819
f 801/801/801 819/819/819 802/802/802
f 802/802/802 819/819/819 820/820/820
f 802/802/802 820/820/820 803/803/803
f 803/803/803 820/820/820 821/821/821
f 803/803/803 821/821/821 804/804/804
f 804/804/804 821/821/821 822/822/822
f 804/804/804 822/822/822 805/805/805
f 805/805/805 822/822/822 823/823/823
f 805/805/805 823/823/823 806/806/806
f 806/806/806 823/823/823 824/824/824
f 806/806/806 824/824/824 807/807/807
f 807/807/807 824/824/824 825/825/825
f 807/807/807 825/825/825 808/808/808
f 808/808/808 825/825/825 826/826/826
f 808/808/808 826/826/826 809/809/809
f 809/809/809 826/826/826 827/827/827
f 809/809/809 827/827/827 810/810/810
f 810/810/810 827/827/827 828/828/828
f 810/810/810 828/828/828 811/811/811
f 811/811/811 828/828/828 829/829/829
f 811/811/811 829/829/829 812/812/812
f 812/812/812 829/829/829 830/830/830
f 812/812/812 830/830/830 813/813/813
f 813/813/813 830/830/830 831/831/831
f 813/813/813 831/831/831 814/814/814
f 814/814/814 831/831/831 832/832/832
f 814/814/814 832/832/832 815/815/815
f 815/815/815 832/832/832 833/833/833
f 815/815/815 833/833/833 816/816/816
f 817/817/817 834/834/834 835/835/835
f 817/817/817 835/835/835 818/818/818
f 818/818/818 835/835/835 836/836/836
f 818/818/818 836/836/836 819/819/819
f 819/819/819 836/836/836 837/837/837
f 819/819/819 837/837/837 820/820/820
f 820/820/820 837/837/837 838/838/838
f 820/820/820 838/838/838 821/821/821
f 821/821/821 838/838/838 839/839/839
f 821/821/821 839/839/839 822/822/822
f 822/822/822 839/839/839 840/840/840
f 822/822/822 840/840/840 823/823/823
f 823/823/823 840/840/840 841/841/841
f 823/823/823 841/841/841 824/824/824
f 824/824/824 841/841/841 842/842/842
f 824/824/824 842/842/842 825/825/825
f 825/825/825 842/842/842 843/843/843
f 825/825/825 843/843/843 826/826/826
f 826/826/826 843/843/843 844/844/844
f 826/826/826 844/844/844 827/827/827
f 827/827/827 844/844/844 845/845/845
f 827/827/827 845/845/845 828/828/828
f 828/828/828 845/845/845 846/846/846
f 828/828/828 846/846/846 829/829/829
f 829/829/829 846/846/846 847/847/847
f 829/829/829 847/847/847 830/830/830
f 830/830/830 847/847/847 848/848/848
f 830/830/830 848/848/848 831/831/831
f 831/831/831 848/848/848 849/849/849
f 831/831/831 849/849/849 832/832/832
f 832/832/832 849/849/849 850/850/850
f 832/832/832 850/850/850 833/833/833
f 834/834/834 851/851/851 852/852/852
f 834/834/834 852/852/852 835/835/835
f 835/835/835 852/852/852 853/853/853
f 835/835/835 853/853/853 836/836/836
f 836/836/836 853/853/853 854/854/854
f 836/836/836 854/854/854 837/837/837
f 837/837/837 854/854/854 855/855/855
f 837/837/837 855/855/855 838/838/838
f 838/838/838 855/855/855 856/856/856
f 838/838/838 856/856/856 839/839/839
f 839/839/839 856/856/856 857/857/857
f 839/839/839 857/857/857 840/840/840
f 840/840/840 857/857/857 858/858/858
f 840/840/840 858/858/858 841/841/841
f 841/841/841 858/858/858 859/859/859
f 841/841/841 859/859/859 842/842/842
f 842/842/842 859/859/859 860/860/860
f 842/842/842 860/860/860 843/843/843
f 843/843/843 860/860/860 861/861/861
f 843/843/843 861/861/861 844/844/844
f 844/844/844 861/861/861 862/862/862
f 844/844/844 862/862/862 845/845/845
f 845/845/845 862/862/862 863/863/863
f 845/845/845 863/863/863 846/846/846
f 846/846/846 863/863/863 864/864/864
f 846/846/846 864/864/864 847/847/847
f 847/847/847 864/864/864 865/865/865
f 847/847/847 865/865/865 848/848/848
f 848/848/848 865/865/865 866/866/866
f 848/848/848 866/866/866 849/849/849
f 849/849/849 866/866/866 867/867/867
f 849/849/849 867/867/867 850/850/850
f 851/851/851 868/868/868 869/869/869
f 851/851/851 869/869/869 852/852/852
f 852/852/852 869/869/869 870/870/870
f 852/852/852 870/870/870 853/853/853
f 853/853/853 870/870/870 871/871/871
f 853/853/853 871/871/871 854/854/854
f 854/854/854 871/871/871 872/872/872
f 854/854/854 872/872/872 855/855/855
f 855/855/855 872/872/872 873/873/873
f 855/855/855 873/873/873 856/856/856
f 856/856/856 873/873/873 874/874/874
f 856/856/856 874/874/874 857/857/857
f 857/857/857 874/874/874 875/875/875
f 857/857/857 875/875/875 858/858/858
f 858/858/858 875/875/875 876/876/876
f 858/858/858 876/876/876 859/859/859
f 859/859/859 876/876/876 877/877/877
f 859/859/859 877/877/877 860/860/860
f 860/860/860 877/877/877 878/878/878
f 860/860/860 878/878/878 861/861/861
f 861/861/861 878/878/878 879/879/879
f 861/861/861 879/879/879 862/862/862
f 862/862/862 879/879/879 880/880/880
f 862/862/862 880/880/880 863/863/863
f 863/863/863 880/880/880 881/881/881
f 863/863/863 881/881/881 864/864/864
f 864/864/864 881/881/881 882/882/882
f 864/864/864 882/882/882 865/865/865
f 865/865/865 882/882/882 883/883/883
f 865/865/865 883/883/883 866/866/866
f 866/866/866 883/883/883 884/884/884
f 866/866/866 884/884/884 867/867/867
f 868/868/868 885/885/885 886/886/886
f 868/868/868 886/886/886 869/869/869
f 869/869/869 886/886/886 887/887/887
f 869/869/869 887/887/887 870/870/870
f 870/870/870 887/887/887 888/888/888
f 870/870/870 888/888/888 871/871/871
f 871/871/871 888/888/888 889/889/889
f 871/871/871 889/889/889 872/872/872
f 872/872/872 889/889/889 890/890/890
f 872/872/872 890/890/890 873/873/873
f 873/873/873 890/890/890 891/891/891
f 873/873/873 891/891/891 874/874/874
f 874/874/874 891/891/891 892/892/892
f 874/874/874 892/892/892 875/875/875
f 875/875/875 892/892/892 893/893/893
f 875/875/875 893/893/893 876/876/876
f 876/876/876 893/893/893 894/894/894
f 876/876/876 894/894/894 877/877/877
f 877/877/877 894/894/894 895/895/895
f 877/877/877 895/895/895 878/878/878
f 878/878/878 895/895/895 896/896/896
f 878/878/878 896/896/896 879/879/879
f 879/879/879 896/896/896 897/897/897
f 879/879/879 897/897/897 880/880/880
f 880/880/880 897/897/897 898/898/898
f 880/880/880 898/898/898 881/881/881
f 881/881/881 898/898/898 899/899/899
f 881/881/881 899/899/899 882/882/882
f 882/882/882 899/899/899 900/900/900
f 882/882/882 900/900/900 883/883/883
f 883/883/883 900/900/900 901/901/901
f 883/883/883 901/901/901 884/884/884
f 885/885/885 902/902/902 903/903/903
f 885/885/885 903/903/903 886/886/886
f 886/886/886 903/903/903 904/904/904
f 886/886/886 904/904/904 887/887/887
f 887/887/887 904/904/904 905/905/905
f 887/887/887 905/905/905 888/888/888
f 888/888/888 905/905/905 906/906/906
f 888/888/888 906/906/906 889/889/889
f 889/889/889 906/906/906 907/907/907
f 889/889/889 907/907/907 890/890/890
f 890/890/890 907/907/907 908/908/908
f 890/890/890 908/908/908 891/891/891
f 891/891/891 908/908/908 909/909/909
f 891/891/891 909/909/909 892/892/892
f 892/892/892 909/909/909 910/910/910
f 892/892/892 910/910/910 893/893/893
f 893/893/893 910/910/910 911/911/911
f 893/893/893 911/911/911 894/894/894
f 894/894/894 911/911/911 912/912/912
f 894/894/894 912/912/912 895/895/895
f 895/895/895 912/912/912 913/913/913
f 895/895/895 913/913/913 896/896/896
f 896/896/896 913/913/913 914/914/914
f 896/896/896 914/914/914 897/897/897
f 897/897/897 914/914/914 915/915/915
f 897/897/897 915/915/915 898/898/898
f 898/898/898 915/915/915 916/916/916
f 898/898/898 916/916/916 899/899/899
f 899/899/899 916/916/916 917/917/917
f 899/899/899 917/917/917 900/900/900
f 900/900/900 917/917/917 918/918/918
f 900/900/900 918/918/918 901/901/901
f 902/902/902 919/919/919 920/920/920
f 902/902/902 920/920/920 903/903/903
f 903/903/903 920/920/920 921/921/921
f 903/903/903 921/921/921 904/904/904
f 904/904/904 921/921/921 922/922/922
f 904/904/904 922/922/922 905/905/905
f 905/905/905 922/922/922 923/923/923
f 905/905/905 923/923/923 906/906/906
f 906/906/906 923/923/923 924/924/924
f 906/906/906 924/924/924 907/907/907
f 907/907/907 924/924/924 925/925/925
f 907/907/907 925/925/925 908/908/908
f 908/908/908 925/925/925 926/926/926
f 908/908/908 926/926/926 909/909/909
f 909/909/909 926/926/926 927/927/927
f 909/909/909 927/927/927 910/910/910
f 910/910/910 927/927/927 928/928/928
f 910/910/910 928/928/928 911/911/911
f 911/911/911 928/928/928 929/929/929
f 911/911/911 929/929/929 912/912/912
f 912/912/912 929/929/929 930/930/930
f 912/912/912 930/930/930 913/913/913
f 913/913/913 930/930/930 931/931/931
f 913/913/913 931/931/931 914/914/914
f 914/914/914 931/931/931 932/932/932
f 914/914/914 932/932/932 915/915/915
f 915/915/915 932/932/932 933/933/933
f 915/915/915 933/933/933 916/916/916
f 916/916/916 933/933/933 934/934/934
f 916/916/916 934/934/934 917/917/917
f 917/917/917 934/934/934 935/935/935
f 917/917/917 935/935/935 918/918/918
f 919/919/919 936/936/936 937/937/937
f 919/919/919 937/937/937 920/920/920
f 920/920/920 937/937/937 938/938/938
f 920/920/920 938/938/938 921/921/921
f 921/921/921 938/938/938 939/939/939
f 921/921/921 939/939/939 922/922/922
f 922/922/922 939/939/939 940/940/940
f 922/922/922 940/940/940 923/923/923
f 923/923/923 940/940/940 941/941/941
f 923/923/923 941/941/941 924/924/924
f 924/924/924 941/941/941 942/942/942
f 924/924/924 942/942/942 925/925/925
f 925/925/925 942/942/942 943/943/943
f 925/925/925 943/943/943 926/926/926
f 926/926/926 943/943/943 944/944/944
f 926/926/926 944/944/944 927/927/927
f 927/927/927 944/944/944 945/945/945
f 927/927/927 945/945/945 928/928/928
f 928/928/928 945/945/945 946/946/946
f 928/928/928 946/946/946 929/929/929
f 929/929/929 946/946/946 947/947/947
f 929/929/929 947/947/947 930/930/930
f 930/930/930 947/947/947 948/948/948
f 930/930/930 948/948/948 931/931/931
f 931/931/931 948/948/948 949/949/949
f 931/931/931 949/949/949 932/932/932
f 932/932/932 949/949/949 950/950/950
f 932/932/932 950/950/950 933/933/933
f 933/933/933 950/950/950 951/951/951
f 933/933/933 951/951/951 934/934/934
f 934/934/934 951/951/951 952/952/952
f 934/934/934 952/952/952 935/935/935
f 936/936/936 953/953/953 954/954/954
f 936/936/936 954/954/954 937/937/937
f 937/937/937 954/954/954 955/955/955
f 937/937/937 955/955/955 938/938/938
f 938/938/938 955/955/955 956/956/956
f 938/938/938 956/956/956 939/939/939
f 939/939/939 956/956/956 957/957/957
f 939/939/939 957/957/957 940/940/940
f 940/940/940 957/957/957 958/958/958
f 940/940/940 958/958/958 941/941/941
f 941/941/941 958/958/958 959/959/959
f 941/941/941 959/959/959 942/942/942
f 942/942/942 959/959/959 960/960/960
f 942/942/942 960/960/960 943/943/943
f 943/943/943 960/960/960 961/961/961
f 943/943/943 961/961/961 944/944/944
f 944/944/944 961/961/961 962/962/962
f 944/944/944 962/962/962 945/945/945
f 945/945/945 962/962/962 963/963/963
f 945/945/945 963/963/963 946/946/946
f 946/946/946 963/963/963 964/964/964
f 946/946/946 964/964/964 947/947/947
f 947/947/947 964/964/964 965/965/965
f 947/947/947 965/965/965 948/948/948
f 948/948/948 965/965/965 966/966/966
f 948/948/948 966/966/966 949/949/949
f 949/949/949 966/966/966 967/967/967
f 949/949/949 967/967/967 950/950/950
f 950/950/950 967/967/967 968/968/968
f 950/950/950 968/968/968 951/951/951
f 951/951/951 968/968/968 969/969/969
f 951/951/951 969/969/969 952/952/952
f 953/953/953 970/970/970 971/971/971
f 953/953/953 971/971/971 954/954/954
f 954/954/954 971/971/971 972/972/972
f 954/954/954 972/972/972 955/955/955
f 955/955/955 972/972/972 973/973/973
f 955/955/955 973/973/973 956/956/956
f 956/956/956 973/973/973 974/974/974
f 956/956/956 974/974/974 957/957/957
f 957/957/957 974/974/974 975/975/975
f 957/957/957 975/975/975 958/958/958
f 958/958/958 975/975/975 976/976/976
f 958/958/958 976/976/976 959/959/959
f 959/959/959 976/976/976 977/977/977
f 959/959/959 977/977/977 960/960/960
f 960/960/960 977/977/977 978/978/978
f 960/960/960 978/978/978 961/961/961
f 961/961/961 978/978/978 979/979/979
f 961/961/961 979/979/979 962/962/962
f 962/962/962 979/979/979 980/980/980
f 962/962/962 980/980/980 963/963/963
f 963/963/963 980/980/980 981/981/981
f 963/963/963 981/981/981 964/964/964
f 964/964/964 981/981/981 982/982/982
f 964/964/964 982/982/982 965/965/965
f 965/965/965 982/982/982 983/983/983
f 965/965/965 983/983/983 966/966/966
f 966/966/966 983/983/983 984/984/984
f 966/966/966 984/984/984 967/967/967
f 967/967/967 984/984/984 985/985/985
f 967/967/967 985/985/985 968/968/968
f 968/968/968 985/985/985 986/986/986
f 968/968/968 986/986/986 969/969/969
f 970/970/970 987/987/987 988/988/988
f 970/970/970 988/988/988 971/971/971
f 971/971/971 988/988/988 989/989/989
f 971/971/971 989/989/989 972/972/972
f 972/972/972 989/989/989 990/990/990
f 972/972/972 990/990/990 973/973/973
f 973/973/973 990/990/990 991/991/991
f 973/973/973 991/991/991 974/974/974
f 974/974/974 991/991/991 992/992/992
f 974/974/974 992/992/992 975/975/975
f 975/975/975 992/992/992 993/993/993
f 975/975/975 993/993/993 976/976/976
f 976/976/976 993/993/993 994/994/994
f 976/976/976 994/994/994 977/977/977
f 977/977/977 994/994/994 995/995/995
f 977/977/977 995/995/995 978/978/978
f 978/978/978 995/995/995 996/996/996
f 978/978/978 996/996/996 979/979/979
f 979/979/979 996/996/996 997/997/997
f 979/979/979 997/997/997 980/980/980
f 980/980/980 997/997/997 998/998/998
f 980/980/980 998/998/998 981/981/981
f 981/981/981 998/998/998 999/999/999
f 981/981/981 999/999/999 982/982/982
f 982/982/982 999/999/999 1000/1000/1000
f 982/982/982 1000/1000/1000 983/983/983
f 983/983/983 1000/1000/1000 1001/1001/1001
f 983/983/983 1001/1001/1001 984/984/984
f 984/984/984 1001/1001/1001 1002/1002/1002
f 984/984/984 1002/1002/1002 985/985/985
f 985/985/985 1002/1002/1002 1003/1003/1003
f 985/985/985 1003/1003/1003 986/986/986
f 987/987/987 1004/1004/1004 1005/1005/1005
f 987/987/987 1005/1005/1005 988/988/988
f 988/988/988 1005/1005/1005 1006/1006/1006
f 988/988/988 1006/1006/1006 989/989/989
f 989/989/989 1006/1006/1006 1007/1007/1007
f 989/989/989 1007/1007/1007 990/990/990
f 990/990/990 1007/1007/1007 1008/1008/1008
f 990/990/990 1008/1008/1008 991/991/991
f 991/991/991 1008/1008/1008 1009/1009/1009
f 991/991/991 1009/1009/1009 992/992/992
f 992/992/992 1009/1009/1009 1010/1010/1010
f 992/992/992 1010/1010/1010 993/993/993
f 993/993/993 1010/1010/1010 1011/1011/1011
f 993/993/993 1011/1011/1011 994/994/994
f 994/994/994 1011/1011/1011 1012/1012/1012
f 994/994/994 1012/1012/1012 995/995/995
f 995/995/995 1012/1012/1012 1013/1013/1013
f 995/995/995 1013/1013/1013 996/996/996
f 996/996/996 1013/1013/1013 1014/1014/1014
f 996/996/996 1014/1014/1014 997/997/997
f 997/997/997 1014/1014/1014 1015/1015/1015
f 997/997/997 1015/1015/1015 998/998/998
f 998/998/998 1015/1015/1015 1016/1016/1016
f 998/998/998 1016/1016/1016 999/999/999
f 999/999/999 1016/1016/1016 1017/1017/1017
f 999/999/999 1017/1017/1017 1000/1000/1000
f 1000/1000/1000 1017/1017/1017 1018/1018/1018
f 1000/1000/1000 1018/1018/1018 1001/1001/1001
f 1001/1001/1001 1018/1018/1018 1019/1019/1019
f 1001/1001/1001 1019/1019/1019 1002/1002/1002
f 1002/1002/1002 1019/1019/1019 1020/1020/1020
f 1002/1002/1002 1020/1020/1020 1003/1003/1003
f 1004/1004/1004 1021/1021/1021 1022/1022/1022
f 1004/1004/1004 1022/1022/1022 1005/1005/1005
f 1005/1005/1005 1022/1022/1022 1023/1023/1023
f 1005/1005/1005 1023/1023/1023 1006/1006/1006
f 1006/1006/1006 1023/1023/1023 1024/1024/1024
f 1006/1006/1006 1024/1024/1024 1007/1007/1007
f 1007/1007/1007 1024/1024/1024 1025/1025/1025
f 1007/1007/1007 1025/1025/1025 1008/1008/1008
f 1008/1008/1008 1025/1025/1025 1026/1026/1026
f 1008/1008/1008 1026/1026/1026 1009/1009/1009
f 1009/1009/1009 1026/1026/1026 1027/1027/1027
f 1009/1009/1009 1027/1027/1027 1010/1010/1010
f 1010/1010/1010 1027/1027/1027 1028/1028/1028
f 1010/1010/1010 1028/1028/1028 1011/1011/1011
f 1011/1011/1011 1028/1028/1028 1029/1029/1029
f 1011/1011/1011 1029/1029/1029 1012/1012/1012
f 1012/1012/1012 1029/1029/1029 1030/1030/1030
f 1012/1012/1012 1030/1030/1030 1013/1013/1013
f 1013/1013/1013 1030/1030/1030 1031/1031/1031
f 1013/1013/1013 1031/1031/1031 1014/1014/1014
f 1014/1014/1014 1031/1031/1031 1032/1032/1032
f 1014/1014/1014 1032/1032/1032 1015/1015/1015
f 1015/1015/1015 1032/1032/1032 1033/1033/1033
f 1015/1015/1015 1033/1033/1033 1016/1016/1016
f 1016/1016/1016 1033/1033/1033 1034/1034/1034
f 1016/1016/1016 1034/1034/1034 1017/1017/1017
f 1017/1017/1017 1034/1034/1034 1035/1035/1035
f 1017/1017/1017 1035/1035/1035 1018/1018/1018
f 1018/1018/1018 1035/1035/1035 1036/1036/1036
f 1018/1018/1018 1036/1036/1036 1019/1019/1019
f 1019/1019/1019 1036/1036/1036 1037/1037/1037
f 1019/1019/1019 1037/1037/1037 1020/1020/1020
f 1021/1021/1021 1038/1038/1038 1039/1039/1039
f 1021/1021/1021 1039/1039/1039 1022/1022/1022
f 1022/1022/1022 1039/1039/1039 1040/1040/1040
f 1022/1022/1022 1040/1040/1040 1023/1023/1023
f 1023/1023/1023 1040/1040/1040 1041/1041/1041
f 1023/1023/1023 1041/1041/1041 1024/1024/1024
f 1024/1024/1024 1041/1041/1041 1042/1042/1042
f 1024/1024/1024 1042/1042/1042 1025/1025/1025
f 1025/1025/1025 1042/1042/1042 1043/1043/1043
f 1025/1025/1025 1043/1043/1043 1026/1026/1026
f 1026/1026/1026 1043/1043/1043 1044/1044/1044
f 1026/1026/1026 1044/1044/1044 1027/1027/1027
f 1027/1027/1027 1044/1044/1044 1045/1045/1045
f 1027/1027/1027 1045/1045/1045 1028/1028/1028
f 1028/1028/1028 1045/1045/1045 1046/1046/1046
f 1028/1028/1028 1046/1046/1046 1029/1029/1029
f 1029/1029/1029 1046/1046/1046 1047/1047/1047
f 1029/1029/1029 1047/1047/1047 1030/1030/1030
f 1030/1030/1030 1047/1047/1047 1048/1048/1048
f 1030/1030/1030 1048/1048/1048 1031/1031/1031
f 1031/1031/1031 1048/1048/1048 1049/1049/1049
f 1031/1031/1031 1049/1049/1049 1032/1032/1032
f 1032/1032/1032 1049/1049/1049 1050/1050/1050
f 1032/1032/1032 1050/1050/1050 1033/1033/1033
f 1033/1033/1033 1050/1050/1050 1051/1051/1051
f 1033/1033/1033 1051/1051/1051 1034/1034/1034
f 1034/1034/1034 1051/1051/1051 1052/1052/1052
f 1034/1034/1034 1052/1052/1052 1035/1035/1035
f 1035/1035/1035 1052/1052/1052 1053/1053/1053
f 1035/1035/1035 1053/1053/1053 1036/1036/1036
f 1036/1036/1036 1053/1053/1053 1054/1054/1054
f 1036/1036/1036 1054/1054/1054 1037/1037/1037
f 1038/1038/1038 1055/1055/1055 1056/1056/1056
f 1038/1038/1038 1056/1056/1056 1039/1039/1039
f 1039/1039/1039 1056/1056/1056 1057/1057/1057
f 1039/1039/1039 1057/1057/1057 1040/1040/1040
f 1040/1040/1040 1057/1057/1057 1058/1058/1058
f 1040/1040/1040 1058/1058/1058 1041/1041/1041
f 1041/1041/1041 1058/1058/1058 1059/1059/1059
f 1041/1041/1041 1059/1059/1059 1042/1042/1042
f 1042/1042/1042 1059/1059/1059 1060/1060/1060
f 1042/1042/1042 1060/1060/1060 1043/1043/1043
f 1043/1043/1043 1060/1060/1060 1061/1061/1061
f 1043/1043/1043 1061/1061/1061 1044/1044/1044
f 1044/1044/1044 1061/1061/1061 1062/1062/1062
f 1044/1044/1044 1062/1062/1062 1045/1045/1045
f 1045/1045/1045 1062/1062/1062 1063/1063/1063
f 1045/1045/1045 1063/1063/1063 1046/1046/1046
f 1046/1046/1046 1063/1063/1063 1064/1064/1064
f 1046/1046/1046 1064/1064/1064 1047/1047/1047
f 1047/1047/1047 1064/1064/1064 1065/1065/1065
f 1047/1047/1047 1065/1065/1065 1048/1048/1048
f 1048/1048/1048 1065/1065/1065 1066/1066/1066
f 1048/1048/1048 1066/1066/1066 1049/1049/1049
f 1049/1049/1049 1066/1066/1066 1067/1067/1067
f 1049/1049/1049 1067/1067/1067 1050/1050/1050
f 1050/1050/1050 1067/1067/1067 1068/1068/1068
f 1050/1050/1050 1068/1068/1068 1051/1051/1051
f 1051/1051/1051 1068/1068/1068 1069/1069/1069
f 1051/1051/1051 1069/1069/1069 1052/1052/1052
f 1052/1052/1052 1069/1069/1069 1070/1070/1070
f 1052/1052/1052 1070/1070/1070 1053/1053/1053
f 1053/1053/1053 1070/1070/1070 1071/1071/1071
f 1053/1053/1053 1071/1071/1071 1054/1054/1054
f 1055/1055/1055 1072/1072/1072 1073/1073/1073
f 1055/1055/1055 1073/1073/1073 1056/1056/1056
f 1056/1056/1056 1073/1073/1073 1074/1074/1074
f 1056/1056/1056 1074/1074/1074 1057/1057/1057
f 1057/1057/1057 1074/1074/1074 1075/1075/1075
f 1057/1057/1057 1075/1075/1075 1058/1058/1058
f 1058/1058/1058 1075/1075/1075 1076/1076/1076
f 1058/1058/1058 1076/1076/1076 1059/1059/1059
f 1059/1059/1059 1076/1076/1076 1077/1077/1077
f 1059/1059/1059 1077/1077/1077 1060/1060/1060
f 1060/1060/1060 1077/1077/1077 1078/1078/1078
f 1060/1060/1060 1078/1078/1078 1061/1061/1061
f 1061/1061/1061 1078/1078/1078 1079/1079/1079
f 1061/1061/1061 1079/1079/1079 1062/1062/1062
f 1062/1062/1062 1079/1079/1079 1080/1080/1080
f 1062/1062/1062 1080/1080/1080 1063/1063/1063
f 1063/1063/1063 1080/1080/1080 1081/1081/1081
f 1063/1063/1063 1081/1081/1081 1064/1064/1064
f 1064/1064/1064 1081/1081/1081 1082/1082/1082
f 1064/1064/1064 1082/1082/1082 1065/1065/1065
f 1065/1065/1065 1082/1082/1082 1083/1083/1083
f 1065/1065/1065 1083/1083/1083 1066/1066/1066
f 1066/1066/1066 1083/1083/1083 1084/1084/1084
f 1066/1066/1066 1084/1084/1084 1067/1067/1067
f 1067/1067/1067 1084/1084/1084 1085/1085/1085
f 1067/1067/1067 1085/1085/1085 1068/1068/1068
f 1068/1068/1068 1085/1085/1085 1086/1086/1086
f 1068/1068/1068 1086/1086/1086 1069/1069/1069
f 1069/1069/1069 1086/1086/1086 1087/1087/1087
f 1069/1069/1069 1087/1087/1087 1070/1070/1070
f 1070/1070/1070 1087/1087/1087 1088/1088/1088
f 1070/1070/1070 1088/1088/1088 1071/1071/1071
f 1072/1072/1072 1089/1089/1089 1090/1090/1090
f 1072/1072/1072 1090/1090/1090 1073/1073/1073
f 1073/1073/1073 1090/1090/1090 1091/1091/1091
f 1073/1073/1073 1091/1091/1091 1074/1074/1074
f 1074/1074/1074 1091/1091/1091 1092/1092/1092
f 1074/1074/1074 1092/1092/1092 1075/1075/1075
f 1075/1075/1075 1092/1092/1092 1093/1093/1093
f 1075/1075/1075 1093/1093/1093 1076/1076/1076
f 1076/1076/1076 1093/1093/1093 1094/1094/1094
f 1076/1076/1076 1094/1094/1094 1077/1077/1077
f 1077/1077/1077 1094/1094/1094 1095/1095/1095
f 1077/1077/1077 1095/1095/1095 1078/1078/1078
f 1078/1078/1078 1095/1095/1095 1096/1096/1096
f 1078/1078/1078 1096/1096/1096 1079/1079/1079
f 1079/1079/1079 1096/1096/1096 1097/1097/1097
f 1079/1079/1079 1097/1097/1097 1080/1080/1080
f 1080/1080/1080 1097/1097/1097 1098/1098/1098
f 1080/1080/1080 1098/1098/1098 1081/1081/1081
f 1081/1081/1081 1098/1098/1098 1099/1099/1099
f 1081/1081/1081 1099/1099/1099 1082/1082/1082
f 1082/1082/1082 1099/1099/1099 1100/1100/1100
f 1082/1082/1082 1100/1100/1100 1083/1083/1083
f 1083/1083/1083 1100/1100/1100 1101/1101/1101
f 1083/1083/1083 1101/1101/1101 1084/1084/1084
f 1084/1084/1084 1101/1101/1101 1102/1102/1102
f 1084/1084/1084 1102/1102/1102 1085/1085/1085
f 1085/1085/1085 1102/1102/1102 1103/1103/1103
f 1085/1085/1085 1103/1103/1103 1086/1086/1086
f 1086/1086/1086 1103/1103/1103 1104/1104/1104
f 1086/1086/1086 1104/1104/1104 1087/1087/1087
f 1087/1087/1087 1104/1104/1104 1105/1105/1105
f 1087/1087/1087 1105/1105/1105 1088/1088/1088
f 1089/1089/1089 1106/1106/1106 1107/1107/1107
f 1089/1089/1089 1107/1107/1107 1090/1090/1090
f 1090/1090/1090 1107/1107/1107 1108/1108/1108
f 1090/1090/1090 1108/1108/1108 1091/1091/1091
f 1091/1091/1091 1108/1108/1108 1109/1109/1109
f 1091/1091/1091 1109/1109/1109 1092/1092/1092
f 1092/1092/1092 1109/1109/1109 1110/1110/1110
f 1092/1092/1092 1110/1110/1110 1093/1093/1093
f 1093/1093/1093 1110/1110/1110 1111/1111/1111
f 1093/1093/1093 1111/1111/1111 1094/1094/1094
f 1094/1094/1094 1111/1111/1111 1112/1112/1112
f 1094/1094/1094 1112/1112/1112 1095/1095/1095
f 1095/1095/1095 1112/1112/1112 1113/1113/1113
f 1095/1095/1095 1113/1113/1113 1096/1096/1096
f 1096/1096/1096 1113/1113/1113 1114/1114/1114
f 1096/1096/1096 1114/1114/1114 1097/1097/1097
f 1097/1097/1097 1114/1114/1114 1115/1115/1115
f 1097/1097/1097 1115/1115/1115 1098/1098/1098
f 1098/1098/1098 1115/1115/1115 1116/1116/1116
f 1098/1098/1098 1116/1116/1116 1099/1099/1099
f 1099/1099/1099 1116/1116/1116 1117/1117/1117
f 1099/1099/1099 1117/1117/1117 1100/1100/1100
f 1100/1100/1100 1117/1117/1117 1118/1118/1118
f 1100/1100/1100 1118/1118/1118 1101/1101/1101
f 1101/1101/1101 1118/1118/1118 1119/1119/1119
f 1101/1101/1101 1119/1119/1119 1102/1102/1102
f 1102/1102/1102 1119/1119/1119 1120/1120/1120
f 1102/1102/1102 1120/1120/1120 1103/1103/1103
f 1103/1103/1103 1120/1120/1120 1121/1121/1121
f 1103/1103/1103 1121/1121/1121 1104/1104/1104
f 1104/1104/1104 1121/1121/1121 1122/1122/1122
f 1104/1104/1104 1122/1122/1122 1105/1105/1105
f 1106/1106/1106 1123/1123/1123 1124/1124/1124
f 1106/1106/1106 1124/1124/1124 1107/1107/1107
f 1107/1107/1107 1124/1124/1124 1125/1125/1125
f 1107/1107/1107 1125/1125/1125 1108/1108/1108
f 1108/1108/1108 1125/1125/1125 1126/1126/1126
f 1108/1108/1108 1126/1126/1126 1109/1109/1109
f 1109/1109/1109 1126/1126/1126 1127/1127/1127
f 1109/1109/1109 1127/1127/1127 1110/1110/1110
f 1110/1110/1110 1127/1127/1127 1128/1128/1128
f 1110/1110/1110 1128/1128/1128 1111/1111/1111
f 1111/1111/1111 1128/1128/1128 1129/1129/1129
f 1111/1111/1111 1129/1129/1129 1112/1112/1112
f 1112/1112/1112 1129/1129/1129 1130/1130/1130
f 1112/1112/1112 1130/1130/1130 1113/1113/1113
f 1113/1113/1113 1130/1130/1130 1131/1131/1131
f 1113/1113/1113 1131/1131/1131 1114/1114/1114
f 1114/1114/1114 1131/1131/1131 1132/1132/1132
f 1114/1114/1114 1132/1132/1132 1115/1115/1115
f 1115/1115/1115 1132/1132/1132 1133/1133/1133
f 1115/1115/1115 1133/1133/1133 1116/1116/1116
f 1116/1116/1116 1133/1133/1133 1134/1134/1134
f 1116/1116/1116 1134/1134/1134 1117/1117/1117
f 1117/1117/1117 1134/1134/1134 1135/1135/1135
f 1117/1117/1117 1135/1135/1135 1118/1118/1118
f 1118/1118/1118 1135/1135/1135 1136/1136/1136
f 1118/1118/1118 1136/1136/1136 1119/1119/1119
f 1119/1119/1119 1136/1136/1136 1137/1137/1137
f 1119/1119/1119 1137/1137/1137 1120/1120/1120
f 1120/1120/1120 1137/1137/1137 1138/1138/1138
f 1120/1120/1120 1138/1138/1138 1121/1121/1121
f 1121/1121/1121 1138/1138/1138 1139/1139/1139
f 1121/1121/1121 1139/1139/1139 1122/1122/1122
f 1123/1123/1123 1140/1140/1140 1141/1141/1141
f 1123/1123/1123 1141/1141/1141 1124/1124/1124
f 1124/1124/1124 1141/1141/1141 1142/1142/1142
f 1124/1124/1124 1142/1142/1142 1125/1125/1125
f 1125/1125/1125 1142/1142/1142 1143/1143/1143
f 1125/1125/1125 1143/1143/1143 1126/1126/1126
f 1126/1126/1126 1143/1143/1143 1144/1144/1144
f 1126/1126/1126 1144/1144/1144 1127/1127/1127
f 1127/1127/1127 1144/1144/1144 1145/1145/1145
f 1127/1127/1127 1145/1145/1145 1128/1128/1128
f 1128/1128/1128 1145/1145/1145 1146/1146/1146
f 1128/1128/1128 1146/1146/1146 1129/1129/1129
f 1129/1129/1129 1146/1146/1146 1147/1147/1147
f 1129/1129/1129 1147/1147/1147 1130/1130/1130
f 1130/1130/1130 1147/1147/1147 1148/1148/1148
f 1130/1130/1130 1148/1148/1148 1131/1131/1131
f 1131/1131/1131 1148/1148/1148 1149/1149/1149
f 1131/1131/1131 1149/1149/1149 1132/1132/1132
f 1132/1132/1132 1149/1149/1149 1150/1150/1150
f 1132/1132/1132 1150/1150/1150 1133/1133/1133
f 1133/1133/1133 1150/1150/1150 1151/1151/1151
f 1133/1133/1133 1151/1151/1151 1134/1134/1134
f 1134/1134/1134 1151/1151/1151 1152/1152/1152
f 1134/1134/1134 1152/1152/1152 1135/1135/1135
f 1135/1135/1135 1152/1152/1152 1153/1153/1153
f 1135/1135/1135 1153/1153/1153 1136/1136/1136
f 1136/1136/1136 1153/1153/1153 1154/1154/1154
f 1136/1136/1136 1154/1154/1154 1137/1137/1137
f 1137/1137/1137 1154/1154/1154 1155/1155/1155
f 1137/1137/1137 1155/1155/1155 1138/1138/1138
f 1138/1138/1138 1155/1155/1155 1156/1156/1156
f 1138/1138/1138 1156/1156/1156 1139/1139/1139
f 1140/1140/1140 1157/1157/1157 1158/1158/1158
f 1140/1140/1140 1158/1158/1158 1141/1141/1141
f 1141/1141/1141 1158/1158/1158 1159/1159/1159
f 1141/1141/1141 1159/1159/1159 1142/1142/1142
f 1142/1142/1142 1159/1159/1159 1160/1160/1160
f 1142/1142/1142 1160/1160/1160 1143/1143/1143
f 1143/1143/1143 1160/1160/1160 1161/1161/1161
f 1143/1143/1143 1161/1161/1161 1144/1144/1144
f 1144/1144/1144 1161/1161/1161 1162/1162/1162
f 1144/1144/1144 1162/1162/1162 1145/1145/1145
f 1145/1145/1145 1162/1162/1162 1163/1163/1163
f 1145/1145/1145 1163/1163/1163 1146/1146/1146
f 1146/1146/1146 1163/1163/1163 1164/1164/1164
f 1146/1146/1146 1164/1164/1164 1147/1147/1147
f 1147/1147/1147 1164/1164/1164 1165/1165/1165
f 1147/1147/1147 1165/1165/1165 1148/1148/1148
f 1148/1148/1148 1165/1165/1165 1166/1166/1166
f 1148/1148/1148 1166/1166/1166 1149/1149/1149
f 1149/1149/1149 1166/1166/1166 1167/1167/1167
f 1149/1149/1149 1167/1167/1167 1150/1150/1150
f 1150/1150/1150 1167/1167/1167 1168/1168/1168
f 1150/1150/1150 1168/1168/1168 1151/1151/1151
f 1151/1151/1151 1168/1168/1168 1169/1169/1169
f 1151/1151/1151 1169/1169/1169 1152/1152/1152
f 1152/1152/1152 1169/1169/1169 1170/1170/1170
f 1152/1152/1152 1170/1170/1170 1153/1153/1153
f 1153/1153/1153 1170/1170/1170 1171/1171/1171
f 1153/1153/1153 1171/1171/1171 1154/1154/1154
f 1154/1154/1154 1171/1171/1171 1172/1172/1172
f 1154/1154/1154 1172/1172/1172 1155/1155/1155
f 1155/1155/1155 1172/1172/1172 1173/1173/1173
f 1155/1155/1155 1173/1173/1173 1156/1156/1156
f 1157/1157/1157 1174/1174/1174 1175/1175/1175
f 1157/1157/1157 1175/1175/1175 1158/1158/1158
f 1158/1158/1158 1175/1175/1175 1176/1176/1176
f 1158/1158/1158 1176/1176/1176 1159/1159/1159
f 1159/1159/1159 1176/1176/1176 1177/1177/1177
f 1159/1159/1159 1177/1177/1177 1160/1160/1160
f 1160/1160/1160 1177/1177/1177 1178/1178/1178
f 1160/1160/1160 1178/1178/1178 1161/1161/1161
f 1161/1161/1161 1178/1178/1178 1179/1179/1179
f 1161/1161/1161 1179/1179/1179 1162/1162/1162
f 1162/1162/1162 1179/1179/1179 1180/1180/1180
f 1162/1162/1162 1180/1180/1180 1163/1163/1163
f 1163/1163/1163 1180/1180/1180 1181/1181/1181
f 1163/1163/1163 1181/1181/1181 1164/1164/1164
f 1164/1164/1164 1181/1181/1181 1182/1182/1182
f 1164/1164/1164 1182/1182/1182 1165/1165/1165
f 1165/1165/1165 1182/1182/1182 1183/1183/1183
f 1165/1165/1165 1183/1183/1183 1166/1166/1166
f 1166/1166/1166 1183/1183/1183 1184/1184/1184
f 1166/1166/1166 1184/1184/1184 1167/1167/1167
f 1167/1167/1167 1184/1184/1184 1185/1185/1185
f 1167/1167/1167 1185/1185/1185 1168/1168/1168
f 1168/1168/1168 1185/1185/1185 1186/1186/1186
f 1168/1168/1168 1186/1186/1186 1169/1169/1169
f 1169/1169/1169 1186/1186/1186 1187/1187/1187
f 1169/1169/1169 1187/1187/1187 1170/1170/1170
f 1170/1170/1170 1187/1187/1187 1188/1188/1188
f 1170/1170/1170 1188/1188/1188 1171/1171/1171
f 1171/1171/1171 1188/1188/1188 1189/1189/1189
f 1171/1171/1171 1189/1189/1189 1172/1172/1172
f 1172/1172/1172 1189/1189/1189 1190/1190/1190
f 1172/1172/1172 1190/1190/1190 1173/1173/1173
f 1174/1174/1174 1191/1191/1191 1192/1192/1192
f 1174/1174/1174 1192/1192/1192 1175/1175/1175
f 1175/1175/1175 1192/1192/1192 1193/1193/1193
f 1175/1175/1175 1193/1193/1193 1176/1176/1176
f 1176/1176/1176 1193/1193/1193 1194/1194/1194
f 1176/1176/1176 1194/1194/1194 1177/1177/1177
f 1177/1177/1177 1194/1194/1194 1195/1195/1195
f 1177/1177/1177 1195/1195/1195 1178/1178/1178
f 1178/1178/1178 1195/1195/1195 1196/1196/1196
f 1178/1178/1178 1196/1196/1196 1179/1179/1179
f 1179/1179/1179 1196/1196/1196 1197/1197/1197
f 1179/1179/1179 1197/1197/1197 1180/1180/1180
f 1180/1180/1180 1197/1197/1197 1198/1198/1198
f 1180/1180/1180 1198/1198/1198 1181/1181/1181
f 1181/1181/1181 1198/1198/1198 1199/1199/1199
f 1181/1181/1181 1199/1199/1199 1182/1182/1182
f 1182/1182/1182 1199/1199/1199 1200/1200/1200
f 1182/1182/1182 1200/1200/1200 1183/1183/1183
f 1183/1183/1183 1200/1200/1200 1201/1201/1201
f 1183/1183/1183 1201/1201/1201 1184/1184/1184
f 1184/1184/1184 1201/1201/1201 1202/1202/1202
f 1184/1184/1184 1202/1202/1202 1185/1185/1185
f 1185/1185/1185 1202/1202/1202 1203/1203/1203
f 1185/1185/1185 1203/1203/1203 1186/1186/1186
f 1186/1186/1186 1203/1203/1203 1204/1204/1204
f 1186/1186/1186 1204/1204/1204 1187/1187/1187
f 1187/1187/1187 1204/1204/1204 1205/1205/1205
f 1187/1187/1187 1205/1205/1205 1188/1188/1188
f 1188/1188/1188 1205/1205/1205 1206/1206/1206
f 1188/1188/1188 1206/1206/1206 1189/1189/1189
f 1189/1189/1189 1206/1206/1206 1207/1207/1207
f 1189/1189/1189 1207/1207/1207 1190/1190/1190
f 1191/1191/1191 1208/1208/1208 1209/1209/1209
f 1191/1191/1191 1209/1209/1209 1192/1192/1192
f 1192/1192/1192 1209/1209/1209 1210/1210/1210
f 1192/1192/1192 1210/1210/1210 1193/1193/1193
f 1193/1193/1193 1210/1210/1210 1211/1211/1211
f 1193/1193/1193 1211/1211/1211 1194/1194/1194
f 1194/1194/1194 1211/1211/1211 1212/1212/1212
f 1194/1194/1194 1212/1212/1212 1195/1195/1195
f 1195/1195/1195 1212/1212/1212 1213/1213/1213
f 1195/1195/1195 1213/1213/1213 1196/1196/1196
f 1196/1196/1196 1213/1213/1213 1214/1214/1214
f 1196/1196/1196 1214/1214/1214 1197/1197/1197
f 1197/1197/1197 1214/1214/1214 1215/1215/1215
f 1197/1197/1197 1215/1215/1215 1198/1198/1198
f 1198/1198/1198 1215/1215/1215 1216/1216/1216
f 1198/1198/1198 1216/1216/1216 1199/1199/1199
f 1199/1199/1199 1216/1216/1216 1217/1217/1217
f 1199/1199/1199 1217/1217/1217 1200/1200/1200
f 1200/1200/1200 1217/1217/1217 1218/1218/1218
f 1200/1200/1200 1218/1218/1218 1201/1201/1201
f 1201/1201/1201 1218/1218/1218 1219/1219/1219
f 1201/1201/1201 1219/1219/1219 1202/1202/1202
f 1202/1202/1202 1219/1219/1219 1220/1220/1220
f 1202/1202/1202 1220/1220/1220 1203/1203/1203
f 1203/1203/1203 1220/1220/1220 1221/1221/1221
f 1203/1203/1203 1221/1221/1221 1204/1204/1204
f 1204/1204/1204 1221/1221/1221 1222/1222/1222
f 1204/1204/1204 1222/1222/1222 1205/1205/1205
f 1205/1205/1205 1222/1222/1222 1223/1223/1223
f 1205/1205/1205 1223/1223/1223 1206/1206/1206
f 1206/1206/1206 1223/1223/1223 1224/1224/1224
f 1206/1206/1206 1224/1224/1224 1207/1207/1207
f 1208/1208/1208 1225/1225/1225 1226/1226/1226
f 1208/1208/1208 1226/1226/1226 1209/1209/1209
f 1209/1209/1209 1226/1226/1226 1227/1227/1227
f 1209/1209/1209 1227/1227/1227 1210/1210/1210
f 1210/1210/1210 1227/1227/1227 1228/1228/1228
f 1210/1210/1210 1228/1228/1228 1211/1211/1211
f 1211/1211/1211 1228/1228/1228 1229/1229/1229
f 1211/1211/1211 1229/1229/1229 1212/1212/1212
f 1212/1212/1212 1229/1229/1229 1230/1230/1230
f 1212/1212/1212 1230/1230/1230 1213/1213/1213
f 1213/1213/1213 1230/1230/1230 1231/1231/1231
f 1213/1213/1213 1231/1231/1231 1214/1214/1214
f 1214/1214/1214 1231/1231/1231 1232/1232/1232
f 1214/1214/1214 1232/1232/1232 1215/1215/1215
f 1215/1215/1215 1232/1232/1232 1233/1233/1233
f 1215/1215/1215 1233/1233/1233 1216/1216/1216
f 1216/1216/1216 1233/1233/1233 1234/1234/1234
f 1216/1216/1216 1234/1234/1234 1217/1217/1217
f 1217/1217/1217 1234/1234/1234 1235/1235/1235
f 1217/1217/1217 1235/1235/1235 1218/1218/1218
f 1218/1218/1218 1235/1235/1235 1236/1236/1236
f 1218/1218/1218 1236/1236/1236 1219/1219/1219
f 1219/1219/1219 1236/1236/1236 1237/1237/1237
f 1219/1219/1219 1237/1237/1237 1220/1220/1220
f 1220/1220/1220 1237/1237/1237 1238/1238/1238
f 1220/1220/1220 1238/1238/1238 1221/1221/1221
f 1221/1221/1221 1238/1238/1238 1239/1239/1239
f 1221/1221/1221 1239/1239/1239 1222/1222/1222
f 1222/1222/1222 1239/1239/1239 1240/1240/1240
f 1222/1222/1222 1240/1240/1240 1223/1223/1223
f 1223/1223/1223 1240/1240/1240 1241/1241/1241
f 1223/1223/1223 1241/1241/1241 1224/1224/1224
f 1225/1225/1225 1242/1242/1242 1243/1243/1243
f 1225/1225/1225 1243/1243/1243 1226/1226/1226
f 1226/1226/1226 1243/1243/1243 1244/1244/1244
f 1226/1226/1226 1244/1244/1244 1227/1227/1227
f 1227/1227/1227 1244/1244/1244 1245/1245/1245
f 1227/1227/1227 1245/1245/1245 1228/1228/1228
f 1228/1228/1228 1245/1245/1245 1246/1246/1246
f 1228/1228/1228 1246/1246/1246 1229/1229/1229
f 1229/1229/1229 1246/1246/1246 1247/1247/1247
f 1229/1229/1229 1247/1247/1247 1230/1230/1230
f 1230/1230/1230 1247/1247/1247 1248/1248/1248
f 1230/1230/1230 1248/1248/1248 1231/1231/1231
f 1231/1231/1231 1248/1248/1248 1249/1249/1249
f 1231/1231/1231 1249/1249/1249 1232/1232/1232
f 1232/1232/1232 1249/1249/1249 1250/1250/1250
f 1232/1232/1232 1250/1250/1250 1233/1233/1233
f 1233/1233/1233 1250/1250/1250 1251/1251/1251
f 1233/1233/1233 1251/1251/1251 1234/1234/1234
f 1234/1234/1234 1251/1251/1251 1252/1252/1252
f 1234/1234/1234 1252/1252/1252 1235/1235/1235
f 1235/1235/1235 1252/1252/1252 1253/1253/1253
f 1235/1235/1235 1253/1253/1253 1236/1236/1236
f 1236/1236/1236 1253/1253/1253 1254/1254/1254
f 1236/1236/1236 1254/1254/1254 1237/1237/1237
f 1237/1237/1237 1254/1254/1254 1255/1255/1255
f 1237/1237/1237 1255/1255/1255 1238/1238/1238
f 1238/1238/1238 1255/1255/1255 1256/1256/1256
f 1238/1238/1238 1256/1256/1256 1239/1239/1239
f 1239/1239/1239 1256/1256/1256 1257/1257/1257
f 1239/1239/1239 1257/1257/1257 1240/1240/1240
f 1240/1240/1240 1257/1257/1257 1258/1258/1258
f 1240/1240/1240 1258/1258/1258 1241/1241/1241
f 1242/1242/1242 1259/1259/1259 1260/1260/1260
f 1242/1242/1242 1260/1260/1260 1243/1243/1243
f 1243/1243/1243 1260/1260/1260 1261/1261/1261
f 1243/1243/1243 1261/1261/1261 1244/1244/1244
f 1244/1244/1244 1261/1261/1261 1262/1262/1262
f 1244/1244/1244 1262/1262/1262 1245/1245/1245
f 1245/1245/1245 1262/1262/1262 1263/1263/1263
f 1245/1245/1245 1263/1263/1263 1246/1246/1246
f 1246/1246/1246 1263/1263/1263 1264/1264/1264
f 1246/1246/1246 1264/1264/1264 1247/1247/1247
f 1247/1247/1247 1264/1264/1264 1265/1265/1265
f 1247/1247/1247 1265/1265/1265 1248/1248/1248
f 1248/1248/1248 1265/1265/1265 1266/1266/1266
f 1248/1248/1248 1266/1266/1266 1249/1249/1249
f 1249/1249/1249 1266/1266/1266 1267/1267/1267
f 1249/1249/1249 1267/1267/1267 1250/1250/1250
f 1250/1250/1250 1267/1267/1267 1268/1268/1268
f 1250/1250/1250 1268/1268/1268 1251/1251/1251
f 1251/1251/1251 1268/1268/1268 1269/1269/1269
f 1251/1251/1251 1269/1269/1269 1252/1252/1252
f 1252/1252/1252 1269/1269/1269 1270/1270/1270
f 1252/1252/1252 1270/1270/1270 1253/1253/1253
f 1253/1253/1253 1270/1270/1270 1271/1271/1271
f 1253/1253/1253 1271/1271/1271 1254/1254/1254
f 1254/1254/1254 1271/1271/1271 1272/1272/1272
f 1254/1254/1254 1272/1272/1272 1255/1255/1255
f 1255/1255/1255 1272/1272/1272 1273/1273/1273
f 1255/1255/1255 1273/1273/1273 1256/1256/1256
f 1256/1256/1256 1273/1273/1273 1274/1274/1274
f 1256/1256/1256 1274/1274/1274 1257/1257/1257
f 1257/1257/1257 1274/1274/1274 1275/1275/1275
f 1257/1257/1257 1275/1275/1275 1258/1258/1258
f 1259/1259/1259 1276/1276/1276 1277/1277/1277
f 1259/1259/1259 1277/1277/1277 1260/1260/1260
f 1260/1260/1260 1277/1277/1277 1278/1278/1278
f 1260/1260/1260 1278/1278/1278 1261/1261/1261
f 1261/1261/1261 1278/1278/1278 1279/1279/1279
f 1261/1261/1261 1279/1279/1279 1262/1262/1262
f 1262/1262/1262 1279/1279/1279 1280/1280/1280
f 1262/1262/1262 1280/1280/1280 1263/1263/1263
f 1263/1263/1263 1280/1280/1280 1281/1281/1281
f 1263/1263/1263 1281/1281/1281 1264/1264/1264
f 1264/1264/1264 1281/1281/1281 1282/1282/1282
f 1264/1264/1264 1282/1282/1282 1265/1265/1265
f 1265/1265/1265 1282/1282/1282 1283/1283/1283
f 1265/1265/1265 1283/1283/1283 1266/1266/1266
f 1266/1266/1266 1283/1283/1283 1284/1284/1284
f 1266/1266/1266 1284/1284/1284 1267/1267/1267
f 1267/1267/1267 1284/1284/1284 1285/1285/1285
f 1267/1267/1267 1285/1285/1285 1268/1268/1268
f 1268/1268/1268 1285/1285/1285 1286/1286/1286
f 1268/1268/1268 1286/1286/1286 1269/1269/1269
f 1269/1269/1269 1286/1286/1286 1287/1287/1287
f 1269/1269/1269 1287/1287/1287 1270/1270/1270
f 1270/1270/1270 1287/1287/1287 1288/1288/1288
f 1270/1270/1270 1288/1288/1288 1271/1271/1271
f 1271/1271/1271 1288/1288/1288 1289/1289/1289
f 1271/1271/1271 1289/1289/1289 1272/1272/1272
f 1272/1272/1272 1289/1289/1289 1290/1290/1290
f 1272/1272/1272 1290/1290/1290 1273/1273/1273
f 1273/1273/1273 1290/1290/1290 1291/1291/1291
f 1273/1273/1273 1291/1291/1291 1274/1274/1274
f 1274/1274/1274 1291/1291/1291 1292/1292/1292
f 1274/1274/1274 1292/1292/1292 1275/1275/1275
f 1276/1276/1276 1293/1293/1293 1294/1294/1294
f 1276/1276/1276 1294/1294/1294 1277/1277/1277
f 1277/1277/1277 1294/1294/1294 1295/1295/1295
f 1277/1277/1277 1295/1295/1295 1278/1278/1278
f 1278/1278/1278 1295/1295/1295 1296/1296/1296
f 1278/1278/1278 1296/1296/1296 1279/1279/1279
f 1279/1279/1279 1296/1296/1296 1297/1297/1297
f 1279/1279/1279 1297/1297/1297 1280/1280/1280
f 1280/1280/1280 1297/1297/1297 1298/1298/1298
f 1280/1280/1280 1298/1298/1298 1281/1281/1281
f 1281/1281/1281 1298/1298/1298 1299/1299/1299
f 1281/1281/1281 1299/1299/1299 1282/1282/1282
f 1282/1282/1282 1299/1299/1299 1300/1300/1300
f 1282/1282/1282 1300/1300/1300 1283/1283/1283
f 1283/1283/1283 1300/1300/1300 1301/1301/1301
f 1283/1283/1283 1301/1301/1301 1284/1284/1284
f 1284/1284/1284 1301/1301/1301 1302/1302/1302
f 1284/1284/1284 1302/1302/1302 1285/1285/1285
f 1285/1285/1285 1302/1302/1302 1303/1303/1303
f 1285/1285/1285 1303/1303/1303 1286/1286/1286
f 1286/1286/1286 1303/1303/1303 1304/1304/1304
f 1286/1286/1286 1304/1304/1304 1287/1287/1287
f 1287/1287/1287 1304/1304/1304 1305/1305/1305
f 1287/1287/1287 1305/1305/1305 1288/1288/1288
f 1288/1288/1288 1305/1305/1305 1306/1306/1306
f 1288/1288/1288 1306/1306/1306 1289/1289/1289
f 1289/1289/1289 1306/1306/1306 1307/1307/1307
f 1289/1289/1289 1307/1307/1307 1290/1290/1290
f 1290/1290/1290 1307/1307/1307 1308/1308/1308
f 1290/1290/1290 1308/1308/1308 1291/1291/1291
f 1291/1291/1291 1308/1308/1308 1309/1309/1309
f 1291/1291/1291 1309/1309/1309 1292/1292/1292
f 1293/1293/1293 1310/1310/1310 1311/1311/1311
f 1293/1293/1293 1311/1311/1311 1294/1294/1294
f 1294/1294/1294 1311/1311/1311 1312/1312/1312
f 1294/1294/1294 1312/1312/1312 1295/1295/1295
f 1295/1295/1295 1312/1312/1312 1313/1313/1313
f 1295/1295/1295 1313/1313/1313 1296/1296/1296
f 1296/1296/1296 1313/1313/1313 1314/1314/1314
f 1296/1296/1296 1314/1314/1314 1297/1297/1297
f 1297/1297/1297 1314/1314/1314 1315/1315/1315
f 1297/1297/1297 1315/1315/1315 1298/1298/1298
f 1298/1298/1298 1315/1315/1315 1316/1316/1316
f 1298/1298/1298 1316/1316/1316 1299/1299/1299
f 1299/1299/1299 1316/1316/1316 1317/1317/1317
f 1299/1299/1299 1317/1317/1317 1300/1300/1300
f 1300/1300/1300 1317/1317/1317 1318/1318/1318
f 1300/1300/1300 1318/1318/1318 1301/1301/1301
f 1301/1301/1301 1318/1318/1318 1319/1319/1319
f 1301/1301/1301 1319/1319/1319 1302/1302/1302
f 1302/1302/1302 1319/1319/1319 1320/1320/1320
f 1302/1302/1302 1320/1320/1320 1303/1303/1303
f 1303/1303/1303 1320/1320/1320 1321/1321/1321
f 1303/1303/1303 1321/1321/1321 1304/1304/1304
f 1304/1304/1304 1321/1321/1321 1322/1322/1322
f 1304/1304/1304 1322/1322/1322 1305/1305/1305
f 1305/1305/1305 1322/1322/1322 1323/1323/1323
f 1305/1305/1305 1323/1323/1323 1306/1306/1306
f 1306/1306/1306 1323/1323/1323 1324/1324/1324
f 1306/1306/1306 1324/1324/1324 1307/1307/1307
f 1307/1307/1307 1324/1324/1324 1325/1325/1325
f 1307/1307/1307 1325/1325/1325 1308/1308/1308
f 1308/1308/1308 1325/1325/1325 1326/1326/1326
f 1308/1308/1308 1326/1326/1326 1309/1309/1309
f 1310/1310/1310 1327/1327/1327 1328/1328/1328
f 1310/1310/1310 1328/1328/1328 1311/1311/1311
f 1311/1311/1311 1328/1328/1328 1329/1329/1329
f 1311/1311/1311 1329/1329/1329 1312/1312/1312
f 1312/1312/1312 1329/1329/1329 1330/1330/1330
f 1312/1312/1312 1330/1330/1330 1313/1313/1313
f 1313/1313/1313 1330/1330/1330 1331/1331/1331
f 1313/1313/1313 1331/1331/1331 1314/1314/1314
f 1314/1314/1314 1331/1331/1331 1332/1332/1332
f 1314/1314/1314 1332/1332/1332 1315/1315/1315
f 1315/1315/1315 1332/1332/1332 1333/1333/1333
f 1315/1315/1315 1333/1333/1333 1316/1316/1316
f 1316/1316/1316 1333/1333/1333 1334/1334/1334
f 1316/1316/1316 1334/1334/1334 1317/1317/1317
f 1317/1317/1317 1334/1334/1334 1335/1335/1335
f 1317/1317/1317 1335/1335/1335 1318/1318/1318
f 1318/1318/1318 1335/1335/1335 1336/1336/1336
f 1318/1318/1318 1336/1336/1336 1319/1319/1319
f 1319/1319/1319 1336/1336/1336 1337/1337/1337
f 1319/1319/1319 1337/1337/1337 1320/1320/1320
f 1320/1320/1320 1337/1337/1337 1338/1338/1338
f 1320/1320/1320 1338/1338/1338 1321/1321/1321
f 1321/1321/1321 1338/1338/1338 1339/1339/1339
f 1321/1321/1321 1339/1339/1339 1322/1322/1322
f 1322/1322/1322 1339/1339/1339 1340/1340/1340
f 1322/1322/1322 1340/1340/1340 1323/1323/1323
f 1323/1323/1323 1340/1340/1340 1341/1341/1341
f 1323/1323/1323 1341/1341/1341 1324/1324/1324
f 1324/1324/1324 1341/1341/1341 1342/1342/1342
f 1324/1324/1324 1342/1342/1342 1325/1325/1325
f 1325/1325/1325 1342/1342/1342 1343/1343/1343
f 1325/1325/1325 1343/1343/1343 1326/1326/1326
f 1327/1327/1327 1344/1344/1344 1345/1345/1345
f 1327/1327/1327 1345/1345/1345 1328/1328/1328
f 1328/1328/1328 1345/1345/1345 1346/1346/1346
f 1328/1328/1328 1346/1346/1346 1329/1329/1329
f 1329/1329/1329 1346/1346/1346 1347/1347/1347
f 1329/1329/1329 1347/1347/1347 1330/1330/1330
f 1330/1330/1330 1347/1347/1347 1348/1348/1348
f 1330/1330/1330 1348/1348/1348 1331/1331/1331
f 1331/1331/1331 1348/1348/1348 1349/1349/1349
f 1331/1331/1331 1349/1349/1349 1332/1332/1332
f 1332/1332/1332 1349/1349/1349 1350/1350/1350
f 1332/1332/1332 1350/1350/1350 1333/1333/1333
f 1333/1333/1333 1350/1350/1350 1351/1351/1351
f 1333/1333/1333 1351/1351/1351 1334/1334/1334
f 1334/1334/1334 1351/1351/1351 1352/1352/1352
f 1334/1334/1334 1352/1352/1352 1335/1335/1335
f 1335/1335/1335 1352/1352/1352 1353/1353/1353
f 1335/1335/1335 1353/1353/1353 1336/1336/1336
f 1336/1336/1336 1353/1353/1353 1354/1354/1354
f 1336/1336/1336 1354/1354/1354 1337/1337/1337
f 1337/1337/1337 1354/1354/1354 1355/1355/1355
f 1337/1337/1337 1355/1355/1355 1338/1338/1338
f 1338/1338/1338 1355/1355/1355 1356/1356/1356
f 1338/1338/1338 1356/1356/1356 1339/1339/1339
f 1339/1339/1339 1356/1356/1356 1357/1357/1357
f 1339/1339/1339 1357/1357/1357 1340/1340/1340
f 1340/1340/1340 1357/1357/1357 1358/1358/1358
f 1340/1340/1340 1358/1358/1358 1341/1341/1341
f 1341/1341/1341 1358/1358/1358 1359/1359/1359
f 1341/1341/1341 1359/1359/1359 1342/1342/1342
f 1342/1342/1342 1359/1359/1359 1360/1360/1360
f 1342/1342/1342 1360/1360/1360 1343/1343/1343
