# Melodia Real-Time 3D Mesh: SM_Orn_TorusKnot.obj
v 1.1000 -0.0005 0.0000
v 1.1057 0.0226 0.0538
v 1.1228 0.0448 0.1055
v 1.1505 0.0652 0.1532
v 1.1877 0.0832 0.1950
v 1.2332 0.0980 0.2293
v 1.2850 0.1090 0.2548
v 1.3413 0.1158 0.2704
v 1.3998 0.1182 0.2757
v 1.4583 0.1160 0.2704
v 1.5146 0.1094 0.2548
v 1.5665 0.0985 0.2293
v 1.6120 0.0839 0.1950
v 1.6493 0.0661 0.1532
v 1.6771 0.0457 0.1055
v 1.6942 0.0235 0.0538
v 1.7000 0.0005 0.0000
v 1.6943 -0.0226 -0.0538
v 1.6772 -0.0448 -0.1055
v 1.6495 -0.0652 -0.1532
v 1.6123 -0.0832 -0.1950
v 1.5668 -0.0980 -0.2293
v 1.5150 -0.1090 -0.2548
v 1.4587 -0.1158 -0.2704
v 1.4002 -0.1182 -0.2757
v 1.3417 -0.1160 -0.2704
v 1.2854 -0.1094 -0.2548
v 1.2335 -0.0985 -0.2293
v 1.1880 -0.0839 -0.1950
v 1.1507 -0.0661 -0.1532
v 1.1229 -0.0457 -0.1055
v 1.1058 -0.0235 -0.0538
v 1.1000 -0.0005 -0.0000
v 1.0919 0.0940 -0.0626
v 1.0937 0.1175 -0.0087
v 1.1067 0.1421 0.0431
v 1.1305 0.1668 0.0909
v 1.1642 0.1907 0.1327
v 1.2065 0.2129 0.1671
v 1.2557 0.2325 0.1926
v 1.3100 0.2488 0.2083
v 1.3672 0.2611 0.2137
v 1.4253 0.2690 0.2083
v 1.4818 0.2722 0.1926
v 1.5348 0.2705 0.1671
v 1.5821 0.2640 0.1327
v 1.6219 0.2529 0.0909
v 1.6527 0.2378 0.0431
v 1.6733 0.2191 -0.0087
v 1.6829 0.1976 -0.0626
v 1.6812 0.1741 -0.1165
v 1.6682 0.1496 -0.1683
v 1.6444 0.1248 -0.2160
v 1.6107 0.1009 -0.2579
v 1.5684 0.0787 -0.2922
v 1.5192 0.0591 -0.3178
v 1.4649 0.0429 -0.3335
v 1.4076 0.0305 -0.3388
v 1.3496 0.0226 -0.3335
v 1.2930 0.0195 -0.3178
v 1.2401 0.0212 -0.2922
v 1.1928 0.0277 -0.2579
v 1.1530 0.0387 -0.2160
v 1.1222 0.0538 -0.1683
v 1.1016 0.0725 -0.1165
v 1.0919 0.0940 -0.0626
v 1.0679 0.1857 -0.1236
v 1.0658 0.2085 -0.0694
v 1.0747 0.2343 -0.0174
v 1.0941 0.2622 0.0306
v 1.1234 0.2910 0.0727
v 1.1615 0.3197 0.1072
v 1.2067 0.3471 0.1329
v 1.2575 0.3722 0.1487
v 1.3119 0.3940 0.1540
v 1.3677 0.4117 0.1487
v 1.4228 0.4247 0.1329
v 1.4752 0.4323 0.1072
v 1.5228 0.4343 0.0727
v 1.5637 0.4307 0.0306
v 1.5964 0.4216 -0.0174
v 1.6197 0.4073 -0.0694
v 1.6326 0.3883 -0.1236
v 1.6347 0.3655 -0.1778
v 1.6258 0.3397 -0.2298
v 1.6064 0.3118 -0.2778
v 1.5771 0.2830 -0.3199
v 1.5391 0.2543 -0.3544
v 1.4938 0.2269 -0.3801
v 1.4430 0.2018 -0.3959
v 1.3887 0.1800 -0.4012
v 1.3328 0.1623 -0.3959
v 1.2777 0.1494 -0.3801
v 1.2253 0.1417 -0.3544
v 1.1778 0.1397 -0.3199
v 1.1368 0.1433 -0.2778
v 1.1041 0.1524 -0.2298
v 1.0808 0.1667 -0.1778
v 1.0679 0.1857 -0.1236
v 1.0288 0.2717 -0.1816
v 1.0234 0.2929 -0.1270
v 1.0283 0.3189 -0.0745
v 1.0433 0.3488 -0.0261
v 1.0677 0.3814 0.0163
v 1.1007 0.4155 0.0511
v 1.1410 0.4497 0.0770
v 1.1869 0.4827 0.0929
v 1.2369 0.5133 0.0983
v 1.2889 0.5402 0.0929
v 1.3409 0.5625 0.0770
v 1.3910 0.5793 0.0511
v 1.4372 0.5900 0.0163
v 1.4777 0.5941 -0.0261
v 1.5110 0.5914 -0.0745
v 1.5359 0.5822 -0.1270
v 1.5513 0.5666 -0.1816
v 1.5566 0.5454 -0.2362
v 1.5517 0.5194 -0.2887
v 1.5367 0.4895 -0.3371
v 1.5123 0.4569 -0.3795
v 1.4793 0.4228 -0.4143
v 1.4391 0.3886 -0.4402
v 1.3931 0.3556 -0.4561
v 1.3431 0.3250 -0.4615
v 1.2912 0.2981 -0.4561
v 1.2391 0.2758 -0.4402
v 1.1891 0.2590 -0.4143
v 1.1429 0.2483 -0.3795
v 1.1023 0.2442 -0.3371
v 1.0690 0.2469 -0.2887
v 1.0442 0.2561 -0.2362
v 1.0288 0.2717 -0.1816
v 0.9761 0.3495 -0.2351
v 0.9682 0.3683 -0.1799
v 0.9697 0.3937 -0.1269
v 0.9803 0.4246 -0.0780
v 0.9998 0.4598 -0.0351
v 1.0273 0.4981 0.0000
v 1.0617 0.5380 0.0262
v 1.1019 0.5778 0.0423
v 1.1462 0.6162 0.0477
v 1.1928 0.6515 0.0423
v 1.2402 0.6825 0.0262
v 1.2863 0.7080 0.0000
v 1.3294 0.7269 -0.0351
v 1.3680 0.7386 -0.0780
v 1.4004 0.7426 -0.1269
v 1.4255 0.7387 -0.1799
v 1.4423 0.7272 -0.2351
v 1.4501 0.7084 -0.2903
v 1.4487 0.6831 -0.3433
v 1.4380 0.6522 -0.3922
v 1.4186 0.6169 -0.4351
v 1.3911 0.5786 -0.4703
v 1.3566 0.5388 -0.4964
v 1.3165 0.4989 -0.5125
v 1.2722 0.4606 -0.5179
v 1.2255 0.4252 -0.5125
v 1.1782 0.3942 -0.4964
v 1.1321 0.3688 -0.4703
v 1.0889 0.3498 -0.4351
v 1.0504 0.3381 -0.3922
v 1.0179 0.3341 -0.3433
v 0.9928 0.3380 -0.2903
v 0.9761 0.3495 -0.2351
v 0.9118 0.4171 -0.2828
v 0.9025 0.4331 -0.2270
v 0.9012 0.4570 -0.1733
v 0.9080 0.4880 -0.1238
v 0.9226 0.5250 -0.0804
v 0.9445 0.5664 -0.0448
v 0.9727 0.6107 -0.0184
v 1.0063 0.6561 -0.0021
v 1.0439 0.7010 0.0034
v 1.0840 0.7436 -0.0021
v 1.1252 0.7823 -0.0184
v 1.1659 0.8156 -0.0448
v 1.2044 0.8422 -0.0804
v 1.2393 0.8610 -0.1238
v 1.2693 0.8715 -0.1733
v 1.2933 0.8730 -0.2270
v 1.3102 0.8657 -0.2828
v 1.3195 0.8498 -0.3387
v 1.3207 0.8258 -0.3924
v 1.3139 0.7948 -0.4419
v 1.2993 0.7579 -0.4853
v 1.2775 0.7165 -0.5209
v 1.2492 0.6722 -0.5473
v 1.2157 0.6267 -0.5636
v 1.1781 0.5818 -0.5691
v 1.1379 0.5392 -0.5636
v 1.0967 0.5005 -0.5473
v 1.0561 0.4672 -0.5209
v 1.0176 0.4407 -0.4853
v 0.9826 0.4218 -0.4419
v 0.9526 0.4114 -0.3924
v 0.9287 0.4098 -0.3387
v 0.9118 0.4171 -0.2828
v 0.8382 0.4728 -0.3236
v 0.8287 0.4858 -0.2670
v 0.8256 0.5079 -0.2126
v 0.8293 0.5384 -0.1625
v 0.8395 0.5762 -0.1186
v 0.8558 0.6197 -0.0825
v 0.8777 0.6672 -0.0557
v 0.9042 0.7171 -0.0392
v 0.9343 0.7673 -0.0336
v 0.9670 0.8159 -0.0392
v 1.0009 0.8610 -0.0557
v 1.0347 0.9009 -0.0825
v 1.0672 0.9342 -0.1186
v 1.0970 0.9594 -0.1625
v 1.1231 0.9756 -0.2126
v 1.1445 0.9823 -0.2670
v 1.1602 0.9791 -0.3236
v 1.1698 0.9662 -0.3802
v 1.1728 0.9440 -0.4346
v 1.1692 0.9135 -0.4847
v 1.1590 0.8758 -0.5286
v 1.1426 0.8323 -0.5647
v 1.1208 0.7847 -0.5915
v 1.0943 0.7349 -0.6080
v 1.0641 0.6847 -0.6136
v 1.0315 0.6361 -0.6080
v 0.9976 0.5910 -0.5915
v 0.9637 0.5510 -0.5647
v 0.9313 0.5178 -0.5286
v 0.9014 0.4926 -0.4847
v 0.8753 0.4763 -0.4346
v 0.8540 0.4697 -0.3802
v 0.8382 0.4728 -0.3236
v 0.7581 0.5157 -0.3564
v 0.7494 0.5258 -0.2991
v 0.7457 0.5460 -0.2440
v 0.7470 0.5757 -0.1933
v 0.7534 0.6136 -0.1488
v 0.7646 0.6583 -0.1123
v 0.7801 0.7081 -0.0851
v 0.7994 0.7611 -0.0684
v 0.8217 0.8152 -0.0628
v 0.8462 0.8684 -0.0684
v 0.8719 0.9186 -0.0851
v 0.8979 0.9639 -0.1123
v 0.9231 1.0025 -0.1488
v 0.9465 1.0329 -0.1933
v 0.9674 1.0541 -0.2440
v 0.9848 1.0651 -0.2991
v 0.9981 1.0656 -0.3564
v 1.0068 1.0555 -0.4137
v 1.0105 1.0353 -0.4688
v 1.0092 1.0056 -0.5195
v 1.0028 0.9677 -0.5640
v 0.9916 0.9230 -0.6005
v 0.9761 0.8731 -0.6277
v 0.9568 0.8202 -0.6444
v 0.9345 0.7660 -0.6500
v 0.9100 0.7129 -0.6444
v 0.8843 0.6627 -0.6277
v 0.8583 0.6174 -0.6005
v 0.8331 0.5788 -0.5640
v 0.8097 0.5484 -0.5195
v 0.7888 0.5272 -0.4688
v 0.7714 0.5162 -0.4137
v 0.7581 0.5157 -0.3564
v 0.6742 0.5452 -0.3804
v 0.6675 0.5530 -0.3225
v 0.6641 0.5716 -0.2668
v 0.6640 0.6003 -0.2155
v 0.6673 0.6381 -0.1705
v 0.6738 0.6834 -0.1336
v 0.6833 0.7345 -0.1062
v 0.6955 0.7895 -0.0893
v 0.7098 0.8463 -0.0836
v 0.7258 0.9026 -0.0893
v 0.7427 0.9563 -0.1062
v 0.7600 1.0054 -0.1336
v 0.7770 1.0479 -0.1705
v 0.7930 1.0822 -0.2155
v 0.8075 1.1070 -0.2668
v 0.8198 1.1214 -0.3225
v 0.8295 1.1248 -0.3804
v 0.8362 1.1170 -0.4383
v 0.8396 1.0984 -0.4940
v 0.8397 1.0697 -0.5453
v 0.8364 1.0320 -0.5903
v 0.8299 0.9866 -0.6272
v 0.8204 0.9355 -0.6547
v 0.8082 0.8805 -0.6716
v 0.7938 0.8238 -0.6773
v 0.7779 0.7674 -0.6716
v 0.7609 0.7137 -0.6547
v 0.7436 0.6647 -0.6272
v 0.7267 0.6221 -0.5903
v 0.7106 0.5878 -0.5453
v 0.6962 0.5630 -0.4940
v 0.6839 0.5486 -0.4383
v 0.6742 0.5452 -0.3804
v 0.5892 0.5617 -0.3951
v 0.5854 0.5680 -0.3367
v 0.5832 0.5854 -0.2806
v 0.5825 0.6134 -0.2289
v 0.5835 0.6509 -0.1836
v 0.5860 0.6964 -0.1464
v 0.5900 0.7481 -0.1187
v 0.5954 0.8042 -0.1017
v 0.6019 0.8623 -0.0959
v 0.6092 0.9204 -0.1017
v 0.6171 0.9761 -0.1187
v 0.6253 1.0274 -0.1464
v 0.6335 1.0722 -0.1836
v 0.6414 1.1088 -0.2289
v 0.6486 1.1359 -0.2806
v 0.6548 1.1523 -0.3367
v 0.6600 1.1575 -0.3951
v 0.6637 1.1513 -0.4534
v 0.6659 1.1338 -0.5095
v 0.6666 1.1058 -0.5613
v 0.6656 1.0684 -0.6066
v 0.6631 1.0229 -0.6438
v 0.6591 0.9712 -0.6714
v 0.6537 0.9151 -0.6885
v 0.6473 0.8569 -0.6942
v 0.6399 0.7989 -0.6885
v 0.6320 0.7431 -0.6714
v 0.6238 0.6919 -0.6438
v 0.6156 0.6471 -0.6066
v 0.6078 0.6104 -0.5613
v 0.6006 0.5834 -0.5095
v 0.5943 0.5669 -0.4534
v 0.5892 0.5617 -0.3951
v 0.5054 0.5661 -0.4000
v 0.5054 0.5718 -0.3415
v 0.5051 0.5889 -0.2852
v 0.5046 0.6166 -0.2333
v 0.5040 0.6539 -0.1879
v 0.5032 0.6994 -0.1506
v 0.5023 0.7512 -0.1228
v 0.5013 0.8075 -0.1058
v 0.5002 0.8660 -0.1000
v 0.4992 0.9245 -0.1058
v 0.4981 0.9808 -0.1228
v 0.4972 1.0327 -0.1506
v 0.4963 1.0781 -0.1879
v 0.4956 1.1154 -0.2333
v 0.4951 1.1431 -0.2852
v 0.4947 1.1602 -0.3415
v 0.4946 1.1660 -0.4000
v 0.4946 1.1602 -0.4585
v 0.4949 1.1431 -0.5148
v 0.4954 1.1154 -0.5667
v 0.4960 1.0781 -0.6121
v 0.4968 1.0327 -0.6494
v 0.4977 0.9808 -0.6772
v 0.4987 0.9245 -0.6942
v 0.4998 0.8660 -0.7000
v 0.5008 0.8075 -0.6942
v 0.5019 0.7512 -0.6772
v 0.5028 0.6994 -0.6494
v 0.5037 0.6539 -0.6121
v 0.5044 0.6166 -0.5667
v 0.5049 0.5889 -0.5148
v 0.5053 0.5718 -0.4585
v 0.5054 0.5661 -0.4000
v 0.4249 0.5596 -0.3951
v 0.4290 0.5660 -0.3368
v 0.4313 0.5836 -0.2807
v 0.4316 0.6117 -0.2290
v 0.4300 0.6491 -0.1837
v 0.4266 0.6946 -0.1465
v 0.4213 0.7462 -0.1189
v 0.4146 0.8021 -0.1019
v 0.4066 0.8601 -0.0962
v 0.3976 0.9179 -0.1019
v 0.3879 0.9734 -0.1189
v 0.3781 1.0244 -0.1465
v 0.3683 1.0689 -0.1837
v 0.3590 1.1052 -0.2290
v 0.3506 1.1320 -0.2807
v 0.3434 1.1482 -0.3368
v 0.3376 1.1532 -0.3951
v 0.3335 1.1468 -0.4534
v 0.3313 1.1292 -0.5095
v 0.3309 1.1011 -0.5611
v 0.3325 1.0636 -0.6064
v 0.3360 1.0182 -0.6436
v 0.3412 0.9665 -0.6712
v 0.3480 0.9106 -0.6882
v 0.3560 0.8527 -0.6940
v 0.3650 0.7948 -0.6882
v 0.3746 0.7394 -0.6712
v 0.3845 0.6884 -0.6436
v 0.3943 0.6439 -0.6064
v 0.4035 0.6075 -0.5611
v 0.4119 0.5807 -0.5095
v 0.4192 0.5646 -0.4534
v 0.4249 0.5596 -0.3951
v 0.3491 0.5439 -0.3804
v 0.3575 0.5521 -0.3228
v 0.3626 0.5712 -0.2674
v 0.3642 0.6003 -0.2163
v 0.3621 0.6384 -0.1716
v 0.3566 0.6840 -0.1349
v 0.3477 0.7354 -0.1076
v 0.3359 0.7905 -0.0908
v 0.3216 0.8472 -0.0851
v 0.3054 0.9035 -0.0908
v 0.2878 0.9570 -0.1076
v 0.2696 1.0058 -0.1349
v 0.2514 1.0480 -0.1716
v 0.2339 1.0819 -0.2163
v 0.2179 1.1063 -0.2674
v 0.2039 1.1202 -0.3228
v 0.1925 1.1231 -0.3804
v 0.1841 1.1149 -0.4380
v 0.1790 1.0958 -0.4934
v 0.1775 1.0667 -0.5445
v 0.1795 1.0286 -0.5893
v 0.1851 0.9830 -0.6260
v 0.1939 0.9316 -0.6533
v 0.2057 0.8765 -0.6701
v 0.2200 0.8198 -0.6758
v 0.2363 0.7635 -0.6701
v 0.2538 0.7100 -0.6533
v 0.2721 0.6612 -0.6260
v 0.2903 0.6190 -0.5893
v 0.3077 0.5851 -0.5445
v 0.3237 0.5607 -0.4934
v 0.3377 0.5468 -0.4380
v 0.3491 0.5439 -0.3804
v 0.2787 0.5208 -0.3564
v 0.2913 0.5319 -0.3000
v 0.2992 0.5533 -0.2458
v 0.3022 0.5842 -0.1959
v 0.3002 0.6234 -0.1521
v 0.2931 0.6694 -0.1162
v 0.2813 0.7205 -0.0895
v 0.2652 0.7746 -0.0730
v 0.2455 0.8297 -0.0675
v 0.2229 0.8838 -0.0730
v 0.1982 0.9346 -0.0895
v 0.1725 0.9802 -0.1162
v 0.1467 1.0190 -0.1521
v 0.1218 1.0493 -0.1959
v 0.0987 1.0701 -0.2458
v 0.0784 1.0805 -0.3000
v 0.0616 1.0802 -0.3564
v 0.0490 1.0691 -0.4128
v 0.0411 1.0477 -0.4670
v 0.0381 1.0168 -0.5169
v 0.0402 0.9776 -0.5607
v 0.0472 0.9316 -0.5966
v 0.0590 0.8805 -0.6233
v 0.0751 0.8264 -0.6398
v 0.0948 0.7713 -0.6453
v 0.1174 0.7173 -0.6398
v 0.1421 0.6665 -0.6233
v 0.1678 0.6208 -0.5966
v 0.1936 0.5821 -0.5607
v 0.2185 0.5517 -0.5169
v 0.2416 0.5309 -0.4670
v 0.2619 0.5205 -0.4128
v 0.2787 0.5208 -0.3564
v 0.2136 0.4921 -0.3236
v 0.2300 0.5067 -0.2691
v 0.2408 0.5311 -0.2167
v 0.2453 0.5644 -0.1683
v 0.2435 0.6051 -0.1260
v 0.2354 0.6519 -0.0912
v 0.2213 0.7028 -0.0654
v 0.2018 0.7559 -0.0495
v 0.1776 0.8093 -0.0441
v 0.1497 0.8608 -0.0495
v 0.1191 0.9084 -0.0654
v 0.0869 0.9503 -0.0912
v 0.0546 0.9850 -0.1260
v 0.0231 1.0110 -0.1683
v -0.0061 1.0275 -0.2167
v -0.0320 1.0336 -0.2691
v -0.0537 1.0293 -0.3236
v -0.0701 1.0147 -0.3781
v -0.0809 0.9903 -0.4306
v -0.0854 0.9570 -0.4789
v -0.0836 0.9163 -0.5212
v -0.0755 0.8695 -0.5560
v -0.0614 0.8186 -0.5818
v -0.0419 0.7654 -0.5977
v -0.0177 0.7121 -0.6031
v 0.0102 0.6606 -0.5977
v 0.0408 0.6130 -0.5818
v 0.0730 0.5711 -0.5560
v 0.1054 0.5364 -0.5212
v 0.1368 0.5104 -0.4789
v 0.1660 0.4939 -0.4306
v 0.1919 0.4878 -0.3781
v 0.2136 0.4921 -0.3236
v 0.1529 0.4590 -0.2828
v 0.1729 0.4776 -0.2307
v 0.1862 0.5053 -0.1806
v 0.1923 0.5412 -0.1344
v 0.1911 0.5838 -0.0939
v 0.1825 0.6316 -0.0607
v 0.1669 0.6826 -0.0360
v 0.1449 0.7350 -0.0208
v 0.1173 0.7867 -0.0156
v 0.0852 0.8357 -0.0208
v 0.0499 0.8801 -0.0360
v 0.0126 0.9183 -0.0607
v -0.0252 0.9488 -0.0939
v -0.0620 0.9704 -0.1344
v -0.0964 0.9822 -0.1806
v -0.1271 0.9839 -0.2307
v -0.1529 0.9753 -0.2828
v -0.1729 0.9567 -0.3350
v -0.1862 0.9290 -0.3851
v -0.1923 0.8932 -0.4313
v -0.1911 0.8505 -0.4718
v -0.1825 0.8028 -0.5050
v -0.1669 0.7517 -0.5297
v -0.1449 0.6993 -0.5449
v -0.1173 0.6477 -0.5501
v -0.0852 0.5986 -0.5449
v -0.0499 0.5542 -0.5297
v -0.0126 0.5160 -0.5050
v 0.0252 0.4855 -0.4718
v 0.0620 0.4639 -0.4313
v 0.0964 0.4521 -0.3851
v 0.1271 0.4504 -0.3350
v 0.1529 0.4590 -0.2828
v 0.0951 0.4227 -0.2351
v 0.1182 0.4449 -0.1858
v 0.1339 0.4758 -0.1383
v 0.1419 0.5144 -0.0946
v 0.1416 0.5590 -0.0562
v 0.1332 0.6079 -0.0248
v 0.1169 0.6594 -0.0014
v 0.0935 0.7114 0.0130
v 0.0637 0.7618 0.0178
v 0.0288 0.8089 0.0130
v -0.0100 0.8507 -0.0014
v -0.0511 0.8857 -0.0248
v -0.0929 0.9125 -0.0562
v -0.1339 0.9301 -0.0946
v -0.1725 0.9378 -0.1383
v -0.2071 0.9353 -0.1858
v -0.2365 0.9227 -0.2351
v -0.2596 0.9005 -0.2845
v -0.2753 0.8695 -0.3319
v -0.2833 0.8310 -0.3757
v -0.2830 0.7864 -0.4140
v -0.2746 0.7374 -0.4454
v -0.2583 0.6860 -0.4688
v -0.2349 0.6340 -0.4832
v -0.2051 0.5835 -0.4881
v -0.1702 0.5365 -0.4832
v -0.1314 0.4947 -0.4688
v -0.0903 0.4597 -0.4454
v -0.0485 0.4329 -0.4140
v -0.0075 0.4153 -0.3757
v 0.0311 0.4076 -0.3319
v 0.0657 0.4101 -0.2845
v 0.0951 0.4227 -0.2351
v 0.0380 0.3836 -0.1816
v 0.0639 0.4087 -0.1351
v 0.0822 0.4423 -0.0905
v 0.0922 0.4831 -0.0493
v 0.0934 0.5295 -0.0132
v 0.0860 0.5798 0.0164
v 0.0701 0.6320 0.0384
v 0.0464 0.6841 0.0520
v 0.0157 0.7340 0.0565
v -0.0207 0.7800 0.0520
v -0.0614 0.8202 0.0384
v -0.1049 0.8530 0.0164
v -0.1496 0.8773 -0.0132
v -0.1936 0.8921 -0.0493
v -0.2353 0.8967 -0.0905
v -0.2732 0.8911 -0.1351
v -0.3056 0.8754 -0.1816
v -0.3315 0.8503 -0.2281
v -0.3498 0.8167 -0.2727
v -0.3598 0.7759 -0.3139
v -0.3611 0.7295 -0.3500
v -0.3536 0.6793 -0.3796
v -0.3377 0.6271 -0.4016
v -0.3140 0.5750 -0.4152
v -0.2834 0.5250 -0.4197
v -0.2470 0.4791 -0.4152
v -0.2062 0.4389 -0.4016
v -0.1627 0.4060 -0.3796
v -0.1181 0.3818 -0.3500
v -0.0740 0.3670 -0.3139
v -0.0323 0.3623 -0.2727
v 0.0055 0.3680 -0.2281
v 0.0380 0.3836 -0.1816
v -0.0209 0.3425 -0.1236
v 0.0077 0.3692 -0.0797
v 0.0286 0.4045 -0.0376
v 0.0411 0.4468 0.0013
v 0.0447 0.4946 0.0354
v 0.0392 0.5460 0.0633
v 0.0248 0.5991 0.0841
v 0.0021 0.6519 0.0969
v -0.0281 0.7022 0.1012
v -0.0645 0.7482 0.0969
v -0.1058 0.7880 0.0841
v -0.1504 0.8203 0.0633
v -0.1965 0.8436 0.0354
v -0.2425 0.8572 0.0013
v -0.2865 0.8605 -0.0376
v -0.3269 0.8533 -0.0797
v -0.3620 0.8360 -0.1236
v -0.3906 0.8093 -0.1675
v -0.4116 0.7740 -0.2096
v -0.4241 0.7317 -0.2485
v -0.4276 0.6839 -0.2826
v -0.4221 0.6325 -0.3106
v -0.4077 0.5794 -0.3313
v -0.3850 0.5266 -0.3441
v -0.3548 0.4763 -0.3484
v -0.3184 0.4304 -0.3441
v -0.2771 0.3905 -0.3313
v -0.2326 0.3583 -0.3106
v -0.1864 0.3349 -0.2826
v -0.1404 0.3213 -0.2485
v -0.0964 0.3180 -0.2096
v -0.0560 0.3252 -0.1675
v -0.0209 0.3425 -0.1236
v -0.0835 0.3004 -0.0626
v -0.0524 0.3273 -0.0205
v -0.0288 0.3629 0.0199
v -0.0135 0.4058 0.0571
v -0.0071 0.4543 0.0898
v -0.0099 0.5065 0.1166
v -0.0218 0.5606 0.1365
v -0.0423 0.6143 0.1488
v -0.0706 0.6657 0.1529
v -0.1057 0.7127 0.1488
v -0.1461 0.7536 0.1365
v -0.1904 0.7867 0.1166
v -0.2369 0.8109 0.0898
v -0.2837 0.8251 0.0571
v -0.3290 0.8289 0.0199
v -0.3712 0.8220 -0.0205
v -0.4085 0.8048 -0.0626
v -0.4396 0.7779 -0.1046
v -0.4633 0.7423 -0.1450
v -0.4786 0.6995 -0.1823
v -0.4850 0.6510 -0.2149
v -0.4822 0.5987 -0.2417
v -0.4703 0.5447 -0.2617
v -0.4498 0.4909 -0.2739
v -0.4215 0.4396 -0.2781
v -0.3864 0.3925 -0.2739
v -0.3460 0.3517 -0.2617
v -0.3017 0.3185 -0.2417
v -0.2552 0.2944 -0.2149
v -0.2084 0.2801 -0.1823
v -0.1631 0.2764 -0.1450
v -0.1209 0.2832 -0.1046
v -0.0835 0.3004 -0.0626
v -0.1501 0.2597 -0.0000
v -0.1172 0.2854 0.0414
v -0.0912 0.3201 0.0812
v -0.0733 0.3624 0.1179
v -0.0641 0.4108 0.1500
v -0.0639 0.4633 0.1764
v -0.0729 0.5181 0.1960
v -0.0905 0.5729 0.2081
v -0.1162 0.6256 0.2121
v -0.1490 0.6743 0.2081
v -0.1876 0.7170 0.1960
v -0.2305 0.7521 0.1764
v -0.2760 0.7783 0.1500
v -0.3225 0.7946 0.1179
v -0.3681 0.8003 0.0812
v -0.4111 0.7952 0.0414
v -0.4499 0.7795 -0.0000
v -0.4828 0.7538 -0.0414
v -0.5088 0.7192 -0.0812
v -0.5267 0.6768 -0.1179
v -0.5359 0.6284 -0.1500
v -0.5361 0.5759 -0.1764
v -0.5271 0.5212 -0.1960
v -0.5095 0.4664 -0.2081
v -0.4838 0.4136 -0.2121
v -0.4510 0.3650 -0.2081
v -0.4124 0.3223 -0.1960
v -0.3695 0.2871 -0.1764
v -0.3240 0.2609 -0.1500
v -0.2775 0.2447 -0.1179
v -0.2319 0.2390 -0.0812
v -0.1889 0.2441 -0.0414
v -0.1501 0.2597 -0.0000
v -0.2186 0.2225 0.0626
v -0.1851 0.2462 0.1046
v -0.1580 0.2792 0.1451
v -0.1386 0.3203 0.1824
v -0.1275 0.3680 0.2150
v -0.1252 0.4203 0.2418
v -0.1317 0.4752 0.2618
v -0.1468 0.5307 0.2740
v -0.1700 0.5846 0.2782
v -0.2002 0.6348 0.2740
v -0.2365 0.6795 0.2618
v -0.2773 0.7169 0.2418
v -0.3211 0.7455 0.2150
v -0.3663 0.7642 0.1824
v -0.4110 0.7724 0.1451
v -0.4537 0.7698 0.1046
v -0.4925 0.7563 0.0626
v -0.5261 0.7326 0.0205
v -0.5531 0.6996 -0.0199
v -0.5725 0.6584 -0.0572
v -0.5836 0.6108 -0.0899
v -0.5860 0.5585 -0.1167
v -0.5794 0.5036 -0.1366
v -0.5643 0.4481 -0.1489
v -0.5412 0.3942 -0.1530
v -0.5109 0.3439 -0.1489
v -0.4746 0.2993 -0.1366
v -0.4338 0.2619 -0.1167
v -0.3900 0.2333 -0.0899
v -0.3448 0.2146 -0.0572
v -0.3001 0.2063 -0.0199
v -0.2575 0.2090 0.0205
v -0.2186 0.2225 0.0626
v -0.2862 0.1893 0.1236
v -0.2537 0.2110 0.1675
v -0.2274 0.2424 0.2097
v -0.2083 0.2821 0.2486
v -0.1970 0.3287 0.2828
v -0.1942 0.3803 0.3107
v -0.1998 0.4351 0.3315
v -0.2137 0.4908 0.3443
v -0.2353 0.5453 0.3487
v -0.2638 0.5966 0.3443
v -0.2981 0.6426 0.3315
v -0.3368 0.6816 0.3107
v -0.3786 0.7122 0.2828
v -0.4217 0.7330 0.2486
v -0.4645 0.7434 0.2097
v -0.5055 0.7429 0.1675
v -0.5429 0.7316 0.1236
v -0.5754 0.7098 0.0797
v -0.6018 0.6785 0.0375
v -0.6209 0.6387 -0.0014
v -0.6321 0.5922 -0.0355
v -0.6350 0.5405 -0.0635
v -0.6293 0.4858 -0.0843
v -0.6155 0.4301 -0.0971
v -0.5939 0.3756 -0.1015
v -0.5654 0.3243 -0.0971
v -0.5311 0.2783 -0.0843
v -0.4923 0.2392 -0.0635
v -0.4506 0.2087 -0.0355
v -0.4075 0.1878 -0.0014
v -0.3646 0.1774 0.0375
v -0.3237 0.1779 0.0797
v -0.2862 0.1893 0.1236
v -0.3512 0.1589 0.1816
v -0.3215 0.1792 0.2281
v -0.2977 0.2091 0.2728
v -0.2810 0.2476 0.3141
v -0.2718 0.2930 0.3502
v -0.2705 0.3438 0.3798
v -0.2773 0.3979 0.4019
v -0.2917 0.4533 0.4154
v -0.3133 0.5078 0.4200
v -0.3413 0.5593 0.4154
v -0.3745 0.6059 0.4019
v -0.4118 0.6458 0.3798
v -0.4515 0.6774 0.3502
v -0.4923 0.6995 0.3141
v -0.5326 0.7112 0.2728
v -0.5708 0.7122 0.2281
v -0.6054 0.7024 0.1816
v -0.6351 0.6821 0.1351
v -0.6588 0.6522 0.0904
v -0.6756 0.6137 0.0491
v -0.6848 0.5683 0.0130
v -0.6860 0.5175 -0.0166
v -0.6793 0.4634 -0.0387
v -0.6649 0.4080 -0.0522
v -0.6432 0.3535 -0.0568
v -0.6153 0.3020 -0.0522
v -0.5820 0.2554 -0.0387
v -0.5448 0.2155 -0.0166
v -0.5050 0.1839 0.0130
v -0.4642 0.1618 0.0491
v -0.4240 0.1501 0.0904
v -0.3858 0.1491 0.1351
v -0.3512 0.1589 0.1816
v -0.4134 0.1291 0.2351
v -0.3879 0.1482 0.2845
v -0.3685 0.1769 0.3320
v -0.3560 0.2142 0.3758
v -0.3508 0.2584 0.4142
v -0.3532 0.3080 0.4457
v -0.3630 0.3611 0.4691
v -0.3799 0.4155 0.4835
v -0.4033 0.4693 0.4884
v -0.4321 0.5203 0.4835
v -0.4654 0.5666 0.4691
v -0.5018 0.6064 0.4457
v -0.5400 0.6382 0.4142
v -0.5785 0.6607 0.3758
v -0.6157 0.6731 0.3320
v -0.6503 0.6749 0.2845
v -0.6810 0.6661 0.2351
v -0.7065 0.6469 0.1857
v -0.7259 0.6182 0.1382
v -0.7384 0.5810 0.0944
v -0.7436 0.5367 0.0560
v -0.7412 0.4871 0.0246
v -0.7314 0.4341 0.0011
v -0.7145 0.3796 -0.0133
v -0.6912 0.3259 -0.0181
v -0.6623 0.2748 -0.0133
v -0.6290 0.2286 0.0011
v -0.5926 0.1888 0.0246
v -0.5544 0.1570 0.0560
v -0.5160 0.1345 0.0944
v -0.4787 0.1220 0.1382
v -0.4441 0.1202 0.1857
v -0.4134 0.1291 0.2351
v -0.4737 0.0973 0.2828
v -0.4534 0.1153 0.3350
v -0.4396 0.1427 0.3852
v -0.4328 0.1784 0.4314
v -0.4332 0.2210 0.4720
v -0.4408 0.2689 0.5052
v -0.4553 0.3203 0.5300
v -0.4763 0.3731 0.5452
v -0.5027 0.4253 0.5503
v -0.5338 0.4750 0.5452
v -0.5681 0.5202 0.5300
v -0.6046 0.5593 0.5052
v -0.6416 0.5905 0.4720
v -0.6779 0.6129 0.4314
v -0.7120 0.6255 0.3852
v -0.7425 0.6279 0.3350
v -0.7685 0.6199 0.2828
v -0.7887 0.6018 0.2307
v -0.8025 0.5744 0.1805
v -0.8094 0.5388 0.1342
v -0.8090 0.4961 0.0937
v -0.8014 0.4482 0.0605
v -0.7868 0.3969 0.0357
v -0.7659 0.3441 0.0205
v -0.7394 0.2918 0.0154
v -0.7084 0.2421 0.0205
v -0.6740 0.1969 0.0357
v -0.6376 0.1579 0.0605
v -0.6005 0.1266 0.0937
v -0.5643 0.1042 0.1342
v -0.5302 0.0916 0.1805
v -0.4996 0.0893 0.2307
v -0.4737 0.0973 0.2828
v -0.5325 0.0614 0.3236
v -0.5181 0.0779 0.3782
v -0.5106 0.1034 0.4306
v -0.5103 0.1369 0.4790
v -0.5173 0.1770 0.5214
v -0.5313 0.2224 0.5561
v -0.5517 0.2711 0.5820
v -0.5777 0.3214 0.5979
v -0.6084 0.3713 0.6033
v -0.6425 0.4188 0.5979
v -0.6789 0.4623 0.5820
v -0.7160 0.4999 0.5561
v -0.7524 0.5302 0.5214
v -0.7867 0.5522 0.4790
v -0.8177 0.5649 0.4306
v -0.8441 0.5678 0.3782
v -0.8650 0.5609 0.3236
v -0.8794 0.5443 0.2690
v -0.8869 0.5188 0.2166
v -0.8872 0.4853 0.1682
v -0.8802 0.4452 0.1259
v -0.8663 0.3998 0.0911
v -0.8459 0.3511 0.0652
v -0.8198 0.3008 0.0493
v -0.7891 0.2510 0.0439
v -0.7550 0.2034 0.0493
v -0.7186 0.1600 0.0652
v -0.6816 0.1223 0.0911
v -0.6451 0.0920 0.1259
v -0.6108 0.0700 0.1682
v -0.5798 0.0574 0.2166
v -0.5534 0.0544 0.2690
v -0.5325 0.0614 0.3236
v -0.5900 0.0194 0.3564
v -0.5814 0.0337 0.4128
v -0.5804 0.0565 0.4670
v -0.5870 0.0868 0.5170
v -0.6010 0.1234 0.5608
v -0.6218 0.1651 0.5968
v -0.6485 0.2101 0.6235
v -0.6803 0.2568 0.6399
v -0.7159 0.3033 0.6455
v -0.7538 0.3479 0.6399
v -0.7927 0.3888 0.6235
v -0.8311 0.4245 0.5968
v -0.8674 0.4536 0.5608
v -0.9003 0.4750 0.5170
v -0.9285 0.4879 0.4670
v -0.9509 0.4917 0.4128
v -0.9667 0.4864 0.3564
v -0.9753 0.4721 0.3000
v -0.9763 0.4493 0.2458
v -0.9697 0.4190 0.1958
v -0.9557 0.3824 0.1520
v -0.9349 0.3407 0.1161
v -0.9081 0.2957 0.0893
v -0.8764 0.2490 0.0729
v -0.8408 0.2025 0.0673
v -0.8029 0.1579 0.0729
v -0.7640 0.1170 0.0893
v -0.7256 0.0813 0.1161
v -0.6893 0.0522 0.1520
v -0.6564 0.0308 0.1958
v -0.6282 0.0179 0.2458
v -0.6058 0.0141 0.3000
v -0.5900 0.0194 0.3564
v -0.6451 -0.0299 0.3804
v -0.6420 -0.0187 0.4381
v -0.6472 0.0003 0.4935
v -0.6604 0.0263 0.5446
v -0.6812 0.0582 0.5893
v -0.7088 0.0950 0.6261
v -0.7420 0.1351 0.6534
v -0.7797 0.1770 0.6702
v -0.8204 0.2191 0.6759
v -0.8625 0.2597 0.6702
v -0.9044 0.2974 0.6534
v -0.9444 0.3307 0.6261
v -0.9812 0.3583 0.5893
v -1.0131 0.3791 0.5446
v -1.0391 0.3923 0.4935
v -1.0581 0.3975 0.4381
v -1.0693 0.3944 0.3804
v -1.0725 0.3831 0.3228
v -1.0673 0.3641 0.2674
v -1.0541 0.3381 0.2163
v -1.0333 0.3062 0.1715
v -1.0057 0.2695 0.1348
v -0.9725 0.2294 0.1075
v -0.9348 0.1875 0.0907
v -0.8941 0.1454 0.0850
v -0.8520 0.1047 0.0907
v -0.8101 0.0670 0.1075
v -0.7700 0.0337 0.1348
v -0.7333 0.0061 0.1715
v -0.7014 -0.0147 0.2163
v -0.6754 -0.0279 0.2674
v -0.6564 -0.0331 0.3228
v -0.6451 -0.0299 0.3804
v -0.6966 -0.0877 0.3951
v -0.6981 -0.0803 0.4534
v -0.7086 -0.0660 0.5095
v -0.7277 -0.0454 0.5612
v -0.7547 -0.0194 0.6065
v -0.7885 0.0112 0.6436
v -0.8278 0.0451 0.6713
v -0.8711 0.0811 0.6883
v -0.9168 0.1177 0.6940
v -0.9631 0.1535 0.6883
v -1.0081 0.1872 0.6713
v -1.0503 0.2175 0.6436
v -1.0880 0.2432 0.6065
v -1.1196 0.2633 0.5612
v -1.1441 0.2770 0.5095
v -1.1604 0.2839 0.4534
v -1.1679 0.2836 0.3951
v -1.1664 0.2762 0.3368
v -1.1559 0.2620 0.2807
v -1.1368 0.2414 0.2290
v -1.1099 0.2154 0.1837
v -1.0761 0.1848 0.1465
v -1.0368 0.1509 0.1189
v -0.9935 0.1149 0.1019
v -0.9478 0.0783 0.0961
v -0.9015 0.0425 0.1019
v -0.8564 0.0088 0.1189
v -0.8143 -0.0215 0.1465
v -0.7766 -0.0472 0.1837
v -0.7450 -0.0673 0.2290
v -0.7205 -0.0811 0.2807
v -0.7042 -0.0879 0.3368
v -0.6966 -0.0877 0.3951
v -0.7426 -0.1540 0.4000
v -0.7475 -0.1511 0.4585
v -0.7622 -0.1424 0.5148
v -0.7860 -0.1282 0.5667
v -0.8180 -0.1091 0.6121
v -0.8571 -0.0857 0.6494
v -0.9016 -0.0591 0.6772
v -0.9499 -0.0302 0.6942
v -1.0001 -0.0002 0.7000
v -1.0503 0.0299 0.6942
v -1.0986 0.0588 0.6772
v -1.1431 0.0854 0.6494
v -1.1821 0.1088 0.6121
v -1.2141 0.1280 0.5667
v -1.2379 0.1422 0.5148
v -1.2525 0.1510 0.4585
v -1.2574 0.1540 0.4000
v -1.2525 0.1511 0.3415
v -1.2378 0.1424 0.2852
v -1.2140 0.1282 0.2333
v -1.1820 0.1091 0.1879
v -1.1429 0.0857 0.1506
v -1.0984 0.0591 0.1228
v -1.0501 0.0302 0.1058
v -0.9999 0.0002 0.1000
v -0.9497 -0.0299 0.1058
v -0.9014 -0.0588 0.1228
v -0.8569 -0.0854 0.1506
v -0.8179 -0.1088 0.1879
v -0.7859 -0.1280 0.2333
v -0.7621 -0.1422 0.2852
v -0.7475 -0.1510 0.3415
v -0.7426 -0.1540 0.4000
v -0.7807 -0.2286 0.3951
v -0.7878 -0.2306 0.4534
v -0.8053 -0.2279 0.5095
v -0.8323 -0.2207 0.5612
v -0.8680 -0.2093 0.6066
v -0.9110 -0.1942 0.6438
v -0.9596 -0.1759 0.6714
v -1.0119 -0.1550 0.6884
v -1.0659 -0.1325 0.6942
v -1.1195 -0.1091 0.6884
v -1.1708 -0.0859 0.6714
v -1.2177 -0.0636 0.6438
v -1.2584 -0.0431 0.6066
v -1.2913 -0.0252 0.5612
v -1.3152 -0.0106 0.5095
v -1.3292 0.0001 0.4534
v -1.3328 0.0065 0.3951
v -1.3257 0.0084 0.3367
v -1.3083 0.0057 0.2806
v -1.2812 -0.0014 0.2289
v -1.2455 -0.0128 0.1836
v -1.2025 -0.0279 0.1464
v -1.1539 -0.0463 0.1187
v -1.1016 -0.0671 0.1017
v -1.0476 -0.0896 0.0960
v -0.9940 -0.1130 0.1017
v -0.9427 -0.1363 0.1187
v -0.8958 -0.1586 0.1464
v -0.8551 -0.1791 0.1836
v -0.8222 -0.1969 0.2289
v -0.7983 -0.2115 0.2806
v -0.7843 -0.2222 0.3367
v -0.7807 -0.2286 0.3951
v -0.8091 -0.3105 0.3804
v -0.8168 -0.3173 0.4383
v -0.8354 -0.3208 0.4940
v -0.8642 -0.3211 0.5453
v -0.9019 -0.3179 0.5903
v -0.9473 -0.3116 0.6272
v -0.9985 -0.3022 0.6546
v -1.0535 -0.2902 0.6715
v -1.1103 -0.2760 0.6772
v -1.1666 -0.2602 0.6715
v -1.2204 -0.2434 0.6546
v -1.2695 -0.2262 0.6272
v -1.3120 -0.2092 0.5903
v -1.3464 -0.1933 0.5453
v -1.3713 -0.1788 0.4940
v -1.3857 -0.1665 0.4383
v -1.3890 -0.1568 0.3804
v -1.3813 -0.1500 0.3225
v -1.3627 -0.1464 0.2669
v -1.3339 -0.1462 0.2155
v -1.2962 -0.1493 0.1706
v -1.2508 -0.1557 0.1337
v -1.1996 -0.1650 0.1062
v -1.1446 -0.1770 0.0893
v -1.0878 -0.1912 0.0836
v -1.0315 -0.2070 0.0893
v -0.9777 -0.2239 0.1062
v -0.9286 -0.2411 0.1337
v -0.8861 -0.2580 0.1706
v -0.8517 -0.2740 0.2155
v -0.8268 -0.2884 0.2669
v -0.8124 -0.3007 0.3225
v -0.8091 -0.3105 0.3804
v -0.8256 -0.3978 0.3564
v -0.8326 -0.4092 0.4137
v -0.8508 -0.4189 0.4687
v -0.8796 -0.4265 0.5195
v -0.9177 -0.4317 0.5640
v -0.9637 -0.4344 0.6005
v -1.0159 -0.4344 0.6276
v -1.0722 -0.4318 0.6443
v -1.1305 -0.4266 0.6500
v -1.1886 -0.4190 0.6443
v -1.2441 -0.4094 0.6276
v -1.2950 -0.3981 0.6005
v -1.3394 -0.3855 0.5640
v -1.3755 -0.3721 0.5195
v -1.4019 -0.3584 0.4687
v -1.4176 -0.3450 0.4137
v -1.4220 -0.3324 0.3564
v -1.4149 -0.3211 0.2991
v -1.3967 -0.3114 0.2441
v -1.3680 -0.3038 0.1933
v -1.3299 -0.2985 0.1488
v -1.2838 -0.2959 0.1123
v -1.2317 -0.2958 0.0852
v -1.1753 -0.2985 0.0685
v -1.1170 -0.3037 0.0628
v -1.0590 -0.3112 0.0685
v -1.0034 -0.3209 0.0852
v -0.9525 -0.3322 0.1123
v -0.9081 -0.3448 0.1488
v -0.8721 -0.3582 0.1933
v -0.8457 -0.3718 0.2441
v -0.8300 -0.3852 0.2991
v -0.8256 -0.3978 0.3564
v -0.8286 -0.4886 0.3236
v -0.8337 -0.5039 0.3802
v -0.8501 -0.5191 0.4345
v -0.8772 -0.5338 0.4847
v -0.9139 -0.5471 0.5286
v -0.9589 -0.5588 0.5647
v -1.0104 -0.5683 0.5914
v -1.0664 -0.5753 0.6079
v -1.1248 -0.5795 0.6135
v -1.1833 -0.5807 0.6079
v -1.2397 -0.5789 0.5914
v -1.2919 -0.5741 0.5647
v -1.3377 -0.5666 0.5286
v -1.3755 -0.5567 0.4847
v -1.4038 -0.5446 0.4345
v -1.4216 -0.5309 0.3802
v -1.4280 -0.5161 0.3236
v -1.4229 -0.5008 0.2670
v -1.4066 -0.4856 0.2127
v -1.3795 -0.4710 0.1625
v -1.3427 -0.4576 0.1186
v -1.2978 -0.4459 0.0826
v -1.2463 -0.4364 0.0558
v -1.1903 -0.4294 0.0393
v -1.1319 -0.4253 0.0337
v -1.0733 -0.4241 0.0393
v -1.0169 -0.4259 0.0558
v -0.9648 -0.4306 0.0826
v -0.9189 -0.4381 0.1186
v -0.8811 -0.4481 0.1625
v -0.8528 -0.4601 0.2127
v -0.8351 -0.4738 0.2670
v -0.8286 -0.4886 0.3236
v -0.8173 -0.5801 0.2828
v -0.8194 -0.5985 0.3387
v -0.8326 -0.6185 0.3924
v -0.8566 -0.6394 0.4418
v -0.8903 -0.6604 0.4852
v -0.9325 -0.6806 0.5208
v -0.9816 -0.6993 0.5472
v -1.0357 -0.7159 0.5635
v -1.0926 -0.7295 0.5690
v -1.1502 -0.7398 0.5635
v -1.2064 -0.7463 0.5472
v -1.2588 -0.7487 0.5208
v -1.3056 -0.7470 0.4852
v -1.3449 -0.7413 0.4418
v -1.3753 -0.7318 0.3924
v -1.3954 -0.7187 0.3387
v -1.4046 -0.7027 0.2828
v -1.4026 -0.6843 0.2270
v -1.3893 -0.6643 0.1733
v -1.3654 -0.6434 0.1238
v -1.3316 -0.6225 0.0805
v -1.2894 -0.6022 0.0449
v -1.2403 -0.5835 0.0184
v -1.1863 -0.5670 0.0022
v -1.1294 -0.5533 -0.0033
v -1.0717 -0.5431 0.0022
v -1.0156 -0.5366 0.0184
v -0.9631 -0.5341 0.0449
v -0.9163 -0.5358 0.0805
v -0.8770 -0.5415 0.1238
v -0.8467 -0.5511 0.1733
v -0.8265 -0.5641 0.2270
v -0.8173 -0.5801 0.2828
v -0.7911 -0.6697 0.2351
v -0.7894 -0.6900 0.2903
v -0.7985 -0.7137 0.3433
v -0.8181 -0.7399 0.3922
v -0.8474 -0.7675 0.4350
v -0.8853 -0.7956 0.4702
v -0.9303 -0.8229 0.4963
v -0.9807 -0.8486 0.5124
v -1.0346 -0.8715 0.5179
v -1.0899 -0.8909 0.5124
v -1.1444 -0.9059 0.4963
v -1.1961 -0.9160 0.4702
v -1.2430 -0.9207 0.4350
v -1.2833 -0.9200 0.3922
v -1.3154 -0.9139 0.3433
v -1.3381 -0.9025 0.2903
v -1.3506 -0.8863 0.2351
v -1.3523 -0.8660 0.1800
v -1.3431 -0.8423 0.1269
v -1.3235 -0.8161 0.0780
v -1.2942 -0.7885 0.0352
v -1.2564 -0.7604 0.0000
v -1.2113 -0.7331 -0.0261
v -1.1609 -0.7074 -0.0422
v -1.1070 -0.6845 -0.0476
v -1.0518 -0.6651 -0.0422
v -0.9972 -0.6501 -0.0261
v -0.9455 -0.6400 0.0000
v -0.8986 -0.6353 0.0352
v -0.8583 -0.6360 0.0780
v -0.8262 -0.6421 0.1269
v -0.8035 -0.6535 0.1800
v -0.7911 -0.6697 0.2351
v -0.7501 -0.7543 0.1816
v -0.7443 -0.7754 0.2362
v -0.7486 -0.8015 0.2887
v -0.7629 -0.8318 0.3370
v -0.7866 -0.8650 0.3795
v -0.8188 -0.8998 0.4142
v -0.8582 -0.9349 0.4401
v -0.9035 -0.9689 0.4560
v -0.9527 -1.0006 0.4614
v -1.0041 -1.0287 0.4560
v -1.0556 -1.0522 0.4401
v -1.1053 -1.0701 0.4142
v -1.1512 -1.0818 0.3795
v -1.1917 -1.0868 0.3370
v -1.2251 -1.0849 0.2887
v -1.2501 -1.0761 0.2362
v -1.2659 -1.0609 0.1816
v -1.2717 -1.0399 0.1270
v -1.2674 -1.0137 0.0745
v -1.2531 -0.9834 0.0261
v -1.2294 -0.9503 -0.0163
v -1.1972 -0.9155 -0.0511
v -1.1578 -0.8804 -0.0769
v -1.1125 -0.8463 -0.0928
v -1.0633 -0.8146 -0.0982
v -1.0119 -0.7865 -0.0928
v -0.9604 -0.7630 -0.0769
v -0.9107 -0.7451 -0.0511
v -0.8648 -0.7334 -0.0163
v -0.8243 -0.7285 0.0261
v -0.7909 -0.7304 0.0745
v -0.7659 -0.7391 0.1270
v -0.7501 -0.7543 0.1816
v -0.6954 -0.8312 0.1236
v -0.6854 -0.8519 0.1778
v -0.6845 -0.8792 0.2298
v -0.6928 -0.9121 0.2778
v -0.7101 -0.9495 0.3199
v -0.7355 -0.9897 0.3544
v -0.7681 -1.0314 0.3801
v -0.8068 -1.0728 0.3959
v -0.8499 -1.1124 0.4012
v -0.8958 -1.1487 0.3959
v -0.9429 -1.1803 0.3801
v -0.9892 -1.2060 0.3544
v -1.0329 -1.2247 0.3199
v -1.0725 -1.2358 0.2778
v -1.1064 -1.2388 0.2298
v -1.1332 -1.2336 0.1778
v -1.1520 -1.2205 0.1236
v -1.1620 -1.1998 0.0695
v -1.1629 -1.1725 0.0174
v -1.1545 -1.1396 -0.0306
v -1.1373 -1.1022 -0.0727
v -1.1119 -1.0620 -0.1072
v -1.0792 -1.0203 -0.1329
v -1.0406 -0.9789 -0.1486
v -0.9975 -0.9393 -0.1540
v -0.9515 -0.9030 -0.1486
v -0.9045 -0.8714 -0.1329
v -0.8582 -0.8457 -0.1072
v -0.8144 -0.8270 -0.0727
v -0.7749 -0.8159 -0.0306
v -0.7410 -0.8129 0.0174
v -0.7142 -0.8181 0.0695
v -0.6954 -0.8312 0.1236
v -0.6282 -0.8980 0.0626
v -0.6143 -0.9170 0.1165
v -0.6083 -0.9442 0.1683
v -0.6105 -0.9785 0.2160
v -0.6207 -1.0185 0.2579
v -0.6386 -1.0628 0.2922
v -0.6634 -1.1096 0.3178
v -0.6943 -1.1571 0.3335
v -0.7300 -1.2035 0.3388
v -0.7691 -1.2471 0.3335
v -0.8103 -1.2861 0.3178
v -0.8517 -1.3190 0.2922
v -0.8920 -1.3447 0.2579
v -0.9295 -1.3620 0.2160
v -0.9628 -1.3704 0.1683
v -0.9906 -1.3695 0.1165
v -1.0119 -1.3593 0.0626
v -1.0257 -1.3402 0.0087
v -1.0317 -1.3131 -0.0431
v -1.0295 -1.2788 -0.0909
v -1.0193 -1.2388 -0.1327
v -1.0014 -1.1945 -0.1671
v -0.9766 -1.1477 -0.1926
v -0.9457 -1.1002 -0.2083
v -0.9100 -1.0538 -0.2136
v -0.8709 -1.0102 -0.2083
v -0.8298 -0.9712 -0.1926
v -0.7883 -0.9382 -0.1671
v -0.7480 -0.9126 -0.1327
v -0.7105 -0.8953 -0.0909
v -0.6772 -0.8869 -0.0431
v -0.6494 -0.8878 0.0087
v -0.6282 -0.8980 0.0626
v -0.5504 -0.9524 0.0000
v -0.5333 -0.9689 0.0538
v -0.5226 -0.9947 0.1055
v -0.5187 -1.0289 0.1532
v -0.5218 -1.0702 0.1950
v -0.5317 -1.1169 0.2293
v -0.5481 -1.1674 0.2548
v -0.5703 -1.2195 0.2704
v -0.5976 -1.2714 0.2757
v -0.6287 -1.3210 0.2704
v -0.6626 -1.3664 0.2548
v -0.6979 -1.4059 0.2293
v -0.7333 -1.4380 0.1950
v -0.7675 -1.4614 0.1532
v -0.7990 -1.4752 0.1055
v -0.8267 -1.4790 0.0538
v -0.8496 -1.4725 0.0000
v -0.8667 -1.4560 -0.0538
v -0.8774 -1.4301 -0.1055
v -0.8813 -1.3959 -0.1532
v -0.8782 -1.3547 -0.1950
v -0.8683 -1.3079 -0.2293
v -0.8519 -1.2575 -0.2548
v -0.8297 -1.2054 -0.2704
v -0.8024 -1.1535 -0.2757
v -0.7713 -1.1039 -0.2704
v -0.7374 -1.0585 -0.2548
v -0.7021 -1.0190 -0.2293
v -0.6667 -0.9869 -0.1950
v -0.6325 -0.9635 -0.1532
v -0.6010 -0.9496 -0.1055
v -0.5733 -0.9459 -0.0538
v -0.5504 -0.9524 0.0000
v -0.4645 -0.9927 -0.0626
v -0.4451 -1.0059 -0.0087
v -0.4303 -1.0295 0.0431
v -0.4208 -1.0625 0.0909
v -0.4169 -1.1036 0.1327
v -0.4188 -1.1513 0.1671
v -0.4265 -1.2037 0.1926
v -0.4395 -1.2589 0.2083
v -0.4575 -1.3146 0.2137
v -0.4797 -1.3688 0.2083
v -0.5052 -1.4194 0.1926
v -0.5332 -1.4644 0.1671
v -0.5624 -1.5021 0.1327
v -0.5919 -1.5311 0.0909
v -0.6204 -1.5502 0.0431
v -0.6469 -1.5587 -0.0087
v -0.6703 -1.5563 -0.0626
v -0.6898 -1.5430 -0.1165
v -0.7046 -1.5195 -0.1683
v -0.7141 -1.4865 -0.2160
v -0.7179 -1.4453 -0.2579
v -0.7160 -1.3977 -0.2922
v -0.7084 -1.3452 -0.3178
v -0.6953 -1.2901 -0.3335
v -0.6774 -1.2343 -0.3388
v -0.6552 -1.1801 -0.3335
v -0.6296 -1.1295 -0.3178
v -0.6017 -1.0845 -0.2922
v -0.5724 -1.0468 -0.2579
v -0.5430 -1.0179 -0.2160
v -0.5144 -0.9987 -0.1683
v -0.4880 -0.9902 -0.1165
v -0.4645 -0.9927 -0.0626
v -0.3732 -1.0177 -0.1236
v -0.3524 -1.0273 -0.0694
v -0.3344 -1.0479 -0.0174
v -0.3200 -1.0787 0.0306
v -0.3097 -1.1184 0.0727
v -0.3039 -1.1657 0.1072
v -0.3028 -1.2186 0.1329
v -0.3064 -1.2751 0.1487
v -0.3147 -1.3331 0.1540
v -0.3273 -1.3903 0.1487
v -0.3437 -1.4445 0.1329
v -0.3632 -1.4937 0.1072
v -0.3852 -1.5359 0.0727
v -0.4088 -1.5696 0.0306
v -0.4331 -1.5933 -0.0174
v -0.4571 -1.6063 -0.0694
v -0.4800 -1.6081 -0.1236
v -0.5008 -1.5984 -0.1778
v -0.5187 -1.5778 -0.2298
v -0.5331 -1.5471 -0.2778
v -0.5435 -1.5073 -0.3199
v -0.5493 -1.4600 -0.3544
v -0.5504 -1.4071 -0.3801
v -0.5467 -1.3506 -0.3959
v -0.5384 -1.2926 -0.4012
v -0.5259 -1.2354 -0.3959
v -0.5095 -1.1812 -0.3801
v -0.4899 -1.1320 -0.3544
v -0.4679 -1.0898 -0.3199
v -0.4443 -1.0562 -0.2778
v -0.4200 -1.0324 -0.2298
v -0.3960 -1.0194 -0.1778
v -0.3732 -1.0177 -0.1236
v -0.2791 -1.0268 -0.1816
v -0.2581 -1.0327 -0.1270
v -0.2380 -1.0500 -0.0745
v -0.2196 -1.0779 -0.0261
v -0.2036 -1.1154 0.0163
v -0.1906 -1.1610 0.0511
v -0.1811 -1.2129 0.0770
v -0.1755 -1.2693 0.0929
v -0.1739 -1.3278 0.0983
v -0.1766 -1.3863 0.0929
v -0.1833 -1.4425 0.0770
v -0.1938 -1.4943 0.0511
v -0.2076 -1.5396 0.0163
v -0.2244 -1.5768 -0.0261
v -0.2433 -1.6043 -0.0745
v -0.2638 -1.6212 -0.1270
v -0.2849 -1.6267 -0.1816
v -0.3059 -1.6208 -0.2362
v -0.3260 -1.6035 -0.2887
v -0.3445 -1.5756 -0.3371
v -0.3605 -1.5381 -0.3795
v -0.3735 -1.4926 -0.4143
v -0.3830 -1.4406 -0.4402
v -0.3886 -1.3843 -0.4561
v -0.3901 -1.3257 -0.4615
v -0.3874 -1.2672 -0.4561
v -0.3807 -1.2110 -0.4402
v -0.3703 -1.1592 -0.4143
v -0.3564 -1.1139 -0.3795
v -0.3396 -1.0768 -0.3371
v -0.3207 -1.0492 -0.2887
v -0.3003 -1.0323 -0.2362
v -0.2791 -1.0268 -0.1816
v -0.1853 -1.0201 -0.2351
v -0.1651 -1.0227 -0.1799
v -0.1439 -1.0366 -0.1269
v -0.1225 -1.0613 -0.0780
v -0.1017 -1.0958 -0.0351
v -0.0822 -1.1387 0.0000
v -0.0650 -1.1885 0.0262
v -0.0505 -1.2432 0.0423
v -0.0395 -1.3007 0.0477
v -0.0322 -1.3588 0.0423
v -0.0290 -1.4153 0.0262
v -0.0300 -1.4679 0.0000
v -0.0352 -1.5148 -0.0351
v -0.0444 -1.5540 -0.0780
v -0.0571 -1.5841 -0.1269
v -0.0730 -1.6039 -0.1799
v -0.0914 -1.6127 -0.2351
v -0.1116 -1.6100 -0.2903
v -0.1328 -1.5961 -0.3433
v -0.1542 -1.5714 -0.3922
v -0.1751 -1.5370 -0.4351
v -0.1945 -1.4940 -0.4703
v -0.2117 -1.4442 -0.4964
v -0.2262 -1.3895 -0.5125
v -0.2372 -1.3320 -0.5179
v -0.2445 -1.2739 -0.5125
v -0.2477 -1.2175 -0.4964
v -0.2467 -1.1648 -0.4703
v -0.2415 -1.1179 -0.4351
v -0.2324 -1.0787 -0.3922
v -0.2196 -1.0486 -0.3433
v -0.2037 -1.0288 -0.2903
v -0.1853 -1.0201 -0.2351
v -0.0946 -0.9982 -0.2828
v -0.0762 -0.9981 -0.2270
v -0.0548 -1.0090 -0.1733
v -0.0314 -1.0304 -0.1238
v -0.0067 -1.0615 -0.0804
v 0.0182 -1.1011 -0.0448
v 0.0425 -1.1477 -0.0184
v 0.0651 -1.1995 -0.0021
v 0.0852 -1.2545 0.0034
v 0.1020 -1.3106 -0.0021
v 0.1149 -1.3656 -0.0184
v 0.1234 -1.4175 -0.0448
v 0.1271 -1.4641 -0.0804
v 0.1260 -1.5038 -0.1238
v 0.1200 -1.5350 -0.1733
v 0.1094 -1.5565 -0.2270
v 0.0946 -1.5675 -0.2828
v 0.0762 -1.5676 -0.3387
v 0.0548 -1.5567 -0.3924
v 0.0314 -1.5353 -0.4419
v 0.0067 -1.5042 -0.4853
v -0.0182 -1.4645 -0.5209
v -0.0425 -1.4179 -0.5473
v -0.0651 -1.3662 -0.5636
v -0.0852 -1.3112 -0.5691
v -0.1020 -1.2551 -0.5636
v -0.1149 -1.2001 -0.5473
v -0.1234 -1.1482 -0.5209
v -0.1271 -1.1016 -0.4853
v -0.1260 -1.0619 -0.4419
v -0.1200 -1.0307 -0.3924
v -0.1094 -1.0092 -0.3387
v -0.0946 -0.9982 -0.2828
v -0.0096 -0.9623 -0.3236
v 0.0064 -0.9605 -0.2670
v 0.0270 -0.9690 -0.2126
v 0.0517 -0.9874 -0.1625
v 0.0792 -1.0151 -0.1186
v 0.1087 -1.0510 -0.0825
v 0.1390 -1.0937 -0.0557
v 0.1689 -1.1416 -0.0392
v 0.1973 -1.1928 -0.0336
v 0.2231 -1.2454 -0.0392
v 0.2452 -1.2973 -0.0557
v 0.2629 -1.3466 -0.0825
v 0.2754 -1.3913 -0.1186
v 0.2823 -1.4298 -0.1625
v 0.2834 -1.4605 -0.2126
v 0.2785 -1.4823 -0.2670
v 0.2678 -1.4944 -0.3236
v 0.2519 -1.4962 -0.3802
v 0.2312 -1.4877 -0.4346
v 0.2066 -1.4693 -0.4847
v 0.1790 -1.4416 -0.5286
v 0.1495 -1.4057 -0.5647
v 0.1192 -1.3630 -0.5915
v 0.0893 -1.3151 -0.6080
v 0.0609 -1.2639 -0.6136
v 0.0352 -1.2113 -0.6080
v 0.0130 -1.1594 -0.5915
v -0.0047 -1.1101 -0.5647
v -0.0172 -1.0654 -0.5286
v -0.0241 -1.0269 -0.4847
v -0.0252 -0.9962 -0.4346
v -0.0203 -0.9744 -0.3802
v -0.0096 -0.9623 -0.3236
v 0.0675 -0.9144 -0.3564
v 0.0806 -0.9119 -0.2991
v 0.1000 -0.9188 -0.2440
v 0.1250 -0.9348 -0.1933
v 0.1547 -0.9593 -0.1488
v 0.1878 -0.9913 -0.1123
v 0.2232 -1.0297 -0.0851
v 0.2595 -1.0729 -0.0684
v 0.2952 -1.1193 -0.0628
v 0.3290 -1.1670 -0.0684
v 0.3596 -1.2144 -0.0851
v 0.3858 -1.2595 -0.1123
v 0.4066 -1.3006 -0.1488
v 0.4213 -1.3362 -0.1933
v 0.4292 -1.3648 -0.2440
v 0.4300 -1.3854 -0.2991
v 0.4238 -1.3972 -0.3564
v 0.4107 -1.3996 -0.4137
v 0.3913 -1.3928 -0.4688
v 0.3663 -1.3768 -0.5195
v 0.3366 -1.3523 -0.5640
v 0.3035 -1.3202 -0.6005
v 0.2681 -1.2819 -0.6277
v 0.2319 -1.2387 -0.6444
v 0.1962 -1.1923 -0.6500
v 0.1624 -1.1445 -0.6444
v 0.1318 -1.0971 -0.6277
v 0.1056 -1.0520 -0.6005
v 0.0847 -1.0109 -0.5640
v 0.0701 -0.9754 -0.5195
v 0.0621 -0.9467 -0.4688
v 0.0613 -0.9262 -0.4137
v 0.0675 -0.9144 -0.3564
v 0.1351 -0.8565 -0.3804
v 0.1451 -0.8546 -0.3225
v 0.1630 -0.8609 -0.2668
v 0.1879 -0.8752 -0.2155
v 0.2189 -0.8969 -0.1705
v 0.2549 -0.9252 -0.1336
v 0.2944 -0.9590 -0.1062
v 0.3360 -0.9971 -0.0893
v 0.3780 -1.0379 -0.0836
v 0.4188 -1.0798 -0.0893
v 0.4568 -1.1214 -0.1062
v 0.4906 -1.1609 -0.1336
v 0.5190 -1.1969 -0.1705
v 0.5407 -1.2279 -0.2155
v 0.5550 -1.2528 -0.2668
v 0.5613 -1.2707 -0.3225
v 0.5594 -1.2807 -0.3804
v 0.5493 -1.2827 -0.4383
v 0.5314 -1.2764 -0.4940
v 0.5065 -1.2621 -0.5453
v 0.4755 -1.2403 -0.5903
v 0.4395 -1.2120 -0.6272
v 0.4000 -1.1782 -0.6547
v 0.3584 -1.1402 -0.6716
v 0.3165 -1.0994 -0.6773
v 0.2757 -1.0574 -0.6716
v 0.2376 -1.0158 -0.6547
v 0.2038 -0.9763 -0.6272
v 0.1755 -0.9404 -0.5903
v 0.1537 -0.9093 -0.5453
v 0.1394 -0.8844 -0.4940
v 0.1331 -0.8666 -0.4383
v 0.1351 -0.8565 -0.3804
v 0.1919 -0.7911 -0.3951
v 0.1992 -0.7910 -0.3367
v 0.2154 -0.7978 -0.2806
v 0.2400 -0.8112 -0.2289
v 0.2719 -0.8308 -0.1836
v 0.3101 -0.8557 -0.1464
v 0.3529 -0.8851 -0.1187
v 0.3987 -0.9177 -0.1017
v 0.4459 -0.9524 -0.0959
v 0.4925 -0.9878 -0.1017
v 0.5368 -1.0225 -0.1187
v 0.5771 -1.0553 -0.1464
v 0.6118 -1.0848 -0.1836
v 0.6396 -1.1099 -0.2289
v 0.6594 -1.1296 -0.2806
v 0.6705 -1.1433 -0.3367
v 0.6725 -1.1503 -0.3951
v 0.6652 -1.1504 -0.4534
v 0.6490 -1.1436 -0.5095
v 0.6244 -1.1302 -0.5613
v 0.5924 -1.1107 -0.6066
v 0.5543 -1.0857 -0.6438
v 0.5115 -1.0564 -0.6714
v 0.4656 -1.0237 -0.6885
v 0.4185 -0.9890 -0.6942
v 0.3719 -0.9536 -0.6885
v 0.3276 -0.9189 -0.6714
v 0.2873 -0.8862 -0.6438
v 0.2526 -0.8567 -0.6066
v 0.2248 -0.8316 -0.5613
v 0.2049 -0.8118 -0.5095
v 0.1938 -0.7981 -0.4534
v 0.1919 -0.7911 -0.3951
v 0.2375 -0.7207 -0.4000
v 0.2425 -0.7236 -0.3415
v 0.2575 -0.7319 -0.2852
v 0.2817 -0.7453 -0.2333
v 0.3143 -0.7634 -0.1879
v 0.3541 -0.7855 -0.1506
v 0.3995 -0.8106 -0.1228
v 0.4487 -0.8379 -0.1058
v 0.4999 -0.8662 -0.1000
v 0.5511 -0.8946 -0.1058
v 0.6003 -0.9218 -0.1228
v 0.6457 -0.9469 -0.1506
v 0.6855 -0.9689 -0.1879
v 0.7182 -0.9869 -0.2333
v 0.7425 -1.0003 -0.2852
v 0.7574 -1.0086 -0.3415
v 0.7625 -1.0113 -0.4000
v 0.7575 -1.0085 -0.4585
v 0.7425 -1.0002 -0.5148
v 0.7183 -0.9867 -0.5667
v 0.6857 -0.9686 -0.6121
v 0.6459 -0.9466 -0.6494
v 0.6005 -0.9214 -0.6772
v 0.5513 -0.8942 -0.6942
v 0.5001 -0.8658 -0.7000
v 0.4489 -0.8375 -0.6942
v 0.3997 -0.8102 -0.6772
v 0.3543 -0.7851 -0.6494
v 0.3145 -0.7632 -0.6121
v 0.2818 -0.7451 -0.5667
v 0.2575 -0.7317 -0.5148
v 0.2426 -0.7235 -0.4585
v 0.2375 -0.7207 -0.4000
v 0.2721 -0.6478 -0.3951
v 0.2757 -0.6546 -0.3368
v 0.2898 -0.6653 -0.2807
v 0.3139 -0.6796 -0.2290
v 0.3472 -0.6970 -0.1837
v 0.3882 -0.7167 -0.1465
v 0.4356 -0.7380 -0.1189
v 0.4874 -0.7601 -0.1019
v 0.5416 -0.7821 -0.0962
v 0.5962 -0.8033 -0.1019
v 0.6490 -0.8227 -0.1189
v 0.6981 -0.8396 -0.1465
v 0.7415 -0.8534 -0.1837
v 0.7776 -0.8635 -0.2290
v 0.8050 -0.8697 -0.2807
v 0.8227 -0.8715 -0.3368
v 0.8299 -0.8690 -0.3951
v 0.8264 -0.8622 -0.4534
v 0.8123 -0.8515 -0.5095
v 0.7881 -0.8372 -0.5611
v 0.7549 -0.8198 -0.6064
v 0.7138 -0.8001 -0.6436
v 0.6664 -0.7788 -0.6712
v 0.6146 -0.7567 -0.6882
v 0.5604 -0.7346 -0.6940
v 0.5058 -0.7135 -0.6882
v 0.4530 -0.6941 -0.6712
v 0.4039 -0.6772 -0.6436
v 0.3605 -0.6634 -0.6064
v 0.3244 -0.6532 -0.5611
v 0.2970 -0.6471 -0.5095
v 0.2793 -0.6453 -0.4534
v 0.2721 -0.6478 -0.3951
v 0.2965 -0.5743 -0.3804
v 0.2994 -0.5857 -0.3228
v 0.3134 -0.5996 -0.2674
v 0.3378 -0.6155 -0.2163
v 0.3718 -0.6328 -0.1716
v 0.4141 -0.6508 -0.1349
v 0.4630 -0.6688 -0.1076
v 0.5166 -0.6862 -0.0908
v 0.5729 -0.7022 -0.0851
v 0.6297 -0.7162 -0.0908
v 0.6849 -0.7277 -0.1076
v 0.7363 -0.7364 -0.1349
v 0.7819 -0.7417 -0.1716
v 0.8200 -0.7436 -0.2163
v 0.8491 -0.7419 -0.2674
v 0.8682 -0.7367 -0.3228
v 0.8764 -0.7283 -0.3804
v 0.8734 -0.7169 -0.4380
v 0.8595 -0.7029 -0.4934
v 0.8350 -0.6870 -0.5445
v 0.8010 -0.6698 -0.5893
v 0.7587 -0.6518 -0.6260
v 0.7099 -0.6337 -0.6533
v 0.6562 -0.6164 -0.6701
v 0.5999 -0.6004 -0.6758
v 0.5431 -0.5864 -0.6701
v 0.4879 -0.5748 -0.6533
v 0.4366 -0.5662 -0.6260
v 0.3909 -0.5609 -0.5893
v 0.3528 -0.5590 -0.5445
v 0.3237 -0.5607 -0.4934
v 0.3047 -0.5659 -0.4380
v 0.2965 -0.5743 -0.3804
v 0.3117 -0.5018 -0.3564
v 0.3150 -0.5182 -0.3000
v 0.3296 -0.5358 -0.2458
v 0.3548 -0.5539 -0.1959
v 0.3898 -0.5717 -0.1521
v 0.4332 -0.5885 -0.1162
v 0.4833 -0.6038 -0.0895
v 0.5382 -0.6170 -0.0730
v 0.5958 -0.6275 -0.0675
v 0.6539 -0.6349 -0.0730
v 0.7102 -0.6389 -0.0895
v 0.7626 -0.6395 -0.1162
v 0.8091 -0.6365 -0.1521
v 0.8478 -0.6301 -0.1959
v 0.8774 -0.6205 -0.2458
v 0.8966 -0.6082 -0.3000
v 0.9047 -0.5935 -0.3564
v 0.9014 -0.5770 -0.4128
v 0.8868 -0.5594 -0.4670
v 0.8616 -0.5414 -0.5169
v 0.8266 -0.5236 -0.5607
v 0.7832 -0.5067 -0.5966
v 0.7331 -0.4914 -0.6233
v 0.6781 -0.4782 -0.6398
v 0.6205 -0.4678 -0.6453
v 0.5625 -0.4604 -0.6398
v 0.5061 -0.4563 -0.6233
v 0.4537 -0.4558 -0.5966
v 0.4073 -0.4587 -0.5607
v 0.3685 -0.4651 -0.5169
v 0.3390 -0.4747 -0.4670
v 0.3198 -0.4871 -0.4128
v 0.3117 -0.5018 -0.3564
v 0.3194 -0.4310 -0.3236
v 0.3238 -0.4526 -0.2691
v 0.3396 -0.4741 -0.2167
v 0.3661 -0.4946 -0.1683
v 0.4023 -0.5134 -0.1260
v 0.4468 -0.5298 -0.0912
v 0.4980 -0.5431 -0.0654
v 0.5538 -0.5528 -0.0495
v 0.6120 -0.5585 -0.0441
v 0.6706 -0.5600 -0.0495
v 0.7271 -0.5573 -0.0654
v 0.7795 -0.5505 -0.0912
v 0.8257 -0.5397 -0.1260
v 0.8640 -0.5256 -0.1683
v 0.8928 -0.5084 -0.2167
v 0.9112 -0.4891 -0.2691
v 0.9182 -0.4682 -0.3236
v 0.9138 -0.4466 -0.3781
v 0.8980 -0.4251 -0.4306
v 0.8715 -0.4046 -0.4789
v 0.8353 -0.3857 -0.5212
v 0.7908 -0.3694 -0.5560
v 0.7396 -0.3561 -0.5818
v 0.6839 -0.3464 -0.5977
v 0.6256 -0.3407 -0.6031
v 0.5670 -0.3392 -0.5977
v 0.5105 -0.3419 -0.5818
v 0.4581 -0.3487 -0.5560
v 0.4119 -0.3594 -0.5212
v 0.3736 -0.3736 -0.4789
v 0.3448 -0.3907 -0.4306
v 0.3265 -0.4101 -0.3781
v 0.3194 -0.4310 -0.3236
v 0.3211 -0.3619 -0.2828
v 0.3272 -0.3885 -0.2307
v 0.3445 -0.4139 -0.1806
v 0.3725 -0.4371 -0.1344
v 0.4100 -0.4574 -0.0939
v 0.4557 -0.4738 -0.0607
v 0.5077 -0.4858 -0.0360
v 0.5641 -0.4930 -0.0208
v 0.6226 -0.4949 -0.0156
v 0.6811 -0.4917 -0.0208
v 0.7373 -0.4833 -0.0360
v 0.7890 -0.4701 -0.0607
v 0.8343 -0.4526 -0.0939
v 0.8714 -0.4315 -0.1344
v 0.8988 -0.4077 -0.1806
v 0.9156 -0.3819 -0.2307
v 0.9211 -0.3552 -0.2828
v 0.9150 -0.3287 -0.3350
v 0.8976 -0.3033 -0.3851
v 0.8697 -0.2800 -0.4313
v 0.8321 -0.2598 -0.4718
v 0.7865 -0.2433 -0.5050
v 0.7345 -0.2313 -0.5297
v 0.6781 -0.2242 -0.5449
v 0.6195 -0.2222 -0.5501
v 0.5611 -0.2255 -0.5449
v 0.5049 -0.2339 -0.5297
v 0.4531 -0.2471 -0.5050
v 0.4079 -0.2645 -0.4718
v 0.3708 -0.2856 -0.4313
v 0.3433 -0.3095 -0.3851
v 0.3266 -0.3353 -0.3350
v 0.3211 -0.3619 -0.2828
v 0.3185 -0.2937 -0.2351
v 0.3262 -0.3248 -0.1858
v 0.3451 -0.3539 -0.1383
v 0.3745 -0.3800 -0.0946
v 0.4133 -0.4021 -0.0562
v 0.4599 -0.4193 -0.0248
v 0.5126 -0.4310 -0.0014
v 0.5693 -0.4366 0.0130
v 0.6279 -0.4361 0.0178
v 0.6861 -0.4294 0.0130
v 0.7417 -0.4167 -0.0014
v 0.7926 -0.3986 -0.0248
v 0.8367 -0.3758 -0.0562
v 0.8724 -0.3491 -0.0946
v 0.8984 -0.3195 -0.1383
v 0.9135 -0.2883 -0.1858
v 0.9173 -0.2565 -0.2351
v 0.9096 -0.2254 -0.2845
v 0.8907 -0.1963 -0.3319
v 0.8613 -0.1702 -0.3757
v 0.8226 -0.1481 -0.4140
v 0.7759 -0.1309 -0.4454
v 0.7233 -0.1193 -0.4688
v 0.6665 -0.1136 -0.4832
v 0.6079 -0.1141 -0.4881
v 0.5497 -0.1209 -0.4832
v 0.4941 -0.1335 -0.4688
v 0.4432 -0.1516 -0.4454
v 0.3991 -0.1745 -0.4140
v 0.3634 -0.2012 -0.3757
v 0.3375 -0.2307 -0.3319
v 0.3223 -0.2620 -0.2845
v 0.3185 -0.2937 -0.2351
v 0.3132 -0.2247 -0.1816
v 0.3220 -0.2597 -0.1351
v 0.3420 -0.2923 -0.0905
v 0.3723 -0.3214 -0.0493
v 0.4119 -0.3457 -0.0132
v 0.4591 -0.3644 0.0164
v 0.5123 -0.3767 0.0384
v 0.5692 -0.3822 0.0520
v 0.6278 -0.3807 0.0565
v 0.6858 -0.3721 0.0520
v 0.7410 -0.3569 0.0384
v 0.7912 -0.3357 0.0164
v 0.8346 -0.3091 -0.0132
v 0.8693 -0.2784 -0.0493
v 0.8942 -0.2446 -0.0905
v 0.9083 -0.2090 -0.1351
v 0.9110 -0.1730 -0.1816
v 0.9022 -0.1381 -0.2281
v 0.8822 -0.1054 -0.2727
v 0.8519 -0.0764 -0.3139
v 0.8123 -0.0521 -0.3500
v 0.7651 -0.0334 -0.3796
v 0.7119 -0.0210 -0.4016
v 0.6550 -0.0156 -0.4152
v 0.5964 -0.0171 -0.4197
v 0.5384 -0.0256 -0.4152
v 0.4832 -0.0408 -0.4016
v 0.4330 -0.0621 -0.3796
v 0.3896 -0.0886 -0.3500
v 0.3548 -0.1194 -0.3139
v 0.3299 -0.1532 -0.2727
v 0.3159 -0.1888 -0.2281
v 0.3132 -0.2247 -0.1816
v 0.3070 -0.1531 -0.1236
v 0.3159 -0.1913 -0.0797
v 0.3359 -0.2270 -0.0376
v 0.3664 -0.2590 0.0013
v 0.4060 -0.2860 0.0354
v 0.4533 -0.3069 0.0633
v 0.5065 -0.3210 0.0841
v 0.5635 -0.3277 0.0969
v 0.6221 -0.3268 0.1012
v 0.6802 -0.3182 0.0969
v 0.7353 -0.3024 0.0841
v 0.7855 -0.2799 0.0633
v 0.8289 -0.2516 0.0354
v 0.8636 -0.2186 0.0013
v 0.8885 -0.1821 -0.0376
v 0.9024 -0.1436 -0.0797
v 0.9051 -0.1045 -0.1236
v 0.8962 -0.0663 -0.1675
v 0.8761 -0.0306 -0.2096
v 0.8457 0.0014 -0.2485
v 0.8061 0.0284 -0.2826
v 0.7588 0.0493 -0.3106
v 0.7056 0.0634 -0.3313
v 0.6486 0.0701 -0.3441
v 0.5899 0.0691 -0.3484
v 0.5319 0.0606 -0.3441
v 0.4767 0.0448 -0.3313
v 0.4265 0.0223 -0.3106
v 0.3832 -0.0060 -0.2826
v 0.3485 -0.0391 -0.2485
v 0.3236 -0.0755 -0.2096
v 0.3096 -0.1140 -0.1675
v 0.3070 -0.1531 -0.1236
v 0.3020 -0.0779 -0.0626
v 0.3097 -0.1183 -0.0205
v 0.3287 -0.1565 0.0199
v 0.3581 -0.1912 0.0571
v 0.3969 -0.2210 0.0898
v 0.4436 -0.2447 0.1166
v 0.4963 -0.2614 0.1365
v 0.5531 -0.2706 0.1488
v 0.6118 -0.2717 0.1529
v 0.6701 -0.2649 0.1488
v 0.7257 -0.2502 0.1365
v 0.7765 -0.2284 0.1166
v 0.8207 -0.2003 0.0898
v 0.8564 -0.1669 0.0571
v 0.8823 -0.1295 0.0199
v 0.8975 -0.0896 -0.0205
v 0.9013 -0.0486 -0.0626
v 0.8935 -0.0082 -0.1046
v 0.8745 0.0301 -0.1450
v 0.8451 0.0648 -0.1823
v 0.8063 0.0945 -0.2149
v 0.7596 0.1182 -0.2417
v 0.7069 0.1350 -0.2617
v 0.6501 0.1441 -0.2739
v 0.5914 0.1452 -0.2781
v 0.5332 0.1384 -0.2739
v 0.4775 0.1238 -0.2617
v 0.4267 0.1020 -0.2417
v 0.3825 0.0738 -0.2149
v 0.3468 0.0404 -0.1823
v 0.3209 0.0030 -0.1450
v 0.3057 -0.0369 -0.1046
v 0.3020 -0.0779 -0.0626
v 0.3000 0.0001 -0.0000
v 0.3057 -0.0412 0.0414
v 0.3228 -0.0810 0.0812
v 0.3505 -0.1177 0.1179
v 0.3878 -0.1499 0.1500
v 0.4332 -0.1763 0.1764
v 0.4851 -0.1959 0.1960
v 0.5414 -0.2080 0.2081
v 0.5999 -0.2121 0.2121
v 0.6584 -0.2081 0.2081
v 0.7147 -0.1960 0.1960
v 0.7666 -0.1765 0.1764
v 0.8121 -0.1501 0.1500
v 0.8494 -0.1180 0.1179
v 0.8771 -0.0813 0.0812
v 0.8942 -0.0415 0.0414
v 0.9000 -0.0001 -0.0000
v 0.8943 0.0412 -0.0414
v 0.8772 0.0810 -0.0812
v 0.8495 0.1177 -0.1179
v 0.8122 0.1499 -0.1500
v 0.7668 0.1763 -0.1764
v 0.7149 0.1959 -0.1960
v 0.6586 0.2080 -0.2081
v 0.6001 0.2121 -0.2121
v 0.5416 0.2081 -0.2081
v 0.4853 0.1960 -0.1960
v 0.4334 0.1765 -0.1764
v 0.3879 0.1501 -0.1500
v 0.3506 0.1180 -0.1179
v 0.3229 0.0813 -0.0812
v 0.3058 0.0415 -0.0414
v 0.3000 0.0001 -0.0000
v 0.3020 0.0781 0.0626
v 0.3057 0.0372 0.1046
v 0.3208 -0.0027 0.1451
v 0.3467 -0.0401 0.1824
v 0.3824 -0.0736 0.2150
v 0.4265 -0.1017 0.2418
v 0.4774 -0.1236 0.2618
v 0.5330 -0.1382 0.2740
v 0.5913 -0.1451 0.2782
v 0.6499 -0.1440 0.2740
v 0.7067 -0.1349 0.2618
v 0.7595 -0.1183 0.2418
v 0.8062 -0.0946 0.2150
v 0.8450 -0.0649 0.1824
v 0.8745 -0.0302 0.1451
v 0.8935 0.0080 0.1046
v 0.9012 0.0484 0.0626
v 0.8975 0.0893 0.0205
v 0.8824 0.1292 -0.0199
v 0.8565 0.1666 -0.0572
v 0.8208 0.2000 -0.0899
v 0.7767 0.2282 -0.1167
v 0.7258 0.2500 -0.1366
v 0.6702 0.2647 -0.1489
v 0.6120 0.2716 -0.1530
v 0.5533 0.2705 -0.1489
v 0.4965 0.2614 -0.1366
v 0.4437 0.2447 -0.1167
v 0.3971 0.2211 -0.0899
v 0.3582 0.1914 -0.0572
v 0.3287 0.1567 -0.0199
v 0.3098 0.1185 0.0205
v 0.3020 0.0781 0.0626
v 0.3070 0.1532 0.1236
v 0.3096 0.1142 0.1675
v 0.3236 0.0757 0.2097
v 0.3485 0.0393 0.2486
v 0.3832 0.0063 0.2828
v 0.4265 -0.0220 0.3107
v 0.4767 -0.0445 0.3315
v 0.5319 -0.0603 0.3443
v 0.5899 -0.0689 0.3487
v 0.6485 -0.0698 0.3443
v 0.7055 -0.0632 0.3315
v 0.7587 -0.0491 0.3107
v 0.8060 -0.0282 0.2828
v 0.8457 -0.0013 0.2486
v 0.8761 0.0306 0.2097
v 0.8961 0.0663 0.1675
v 0.9050 0.1044 0.1236
v 0.9024 0.1434 0.0797
v 0.8885 0.1819 0.0375
v 0.8636 0.2183 -0.0014
v 0.8289 0.2513 -0.0355
v 0.7856 0.2796 -0.0635
v 0.7354 0.3021 -0.0843
v 0.6802 0.3180 -0.0971
v 0.6222 0.3265 -0.1015
v 0.5635 0.3275 -0.0971
v 0.5065 0.3208 -0.0843
v 0.4533 0.3068 -0.0635
v 0.4060 0.2859 -0.0355
v 0.3664 0.2590 -0.0014
v 0.3360 0.2270 0.0375
v 0.3159 0.1913 0.0797
v 0.3070 0.1532 0.1236
v 0.3132 0.2247 0.1816
v 0.3159 0.1888 0.2281
v 0.3300 0.1533 0.2728
v 0.3549 0.1195 0.3141
v 0.3897 0.0888 0.3502
v 0.4330 0.0624 0.3798
v 0.4832 0.0411 0.4019
v 0.5384 0.0260 0.4154
v 0.5964 0.0175 0.4200
v 0.6550 0.0159 0.4154
v 0.7120 0.0214 0.4019
v 0.7651 0.0337 0.3798
v 0.8124 0.0524 0.3502
v 0.8519 0.0766 0.3141
v 0.8822 0.1056 0.2728
v 0.9022 0.1382 0.2281
v 0.9110 0.1731 0.1816
v 0.9083 0.2090 0.1351
v 0.8942 0.2445 0.0904
v 0.8693 0.2782 0.0491
v 0.8345 0.3089 0.0130
v 0.7912 0.3354 -0.0166
v 0.7409 0.3566 -0.0387
v 0.6858 0.3718 -0.0522
v 0.6278 0.3803 -0.0568
v 0.5691 0.3818 -0.0522
v 0.5122 0.3764 -0.0387
v 0.4591 0.3641 -0.0166
v 0.4118 0.3454 0.0130
v 0.3723 0.3211 0.0491
v 0.3420 0.2921 0.0904
v 0.3220 0.2596 0.1351
v 0.3132 0.2247 0.1816
v 0.3185 0.2935 0.2351
v 0.3223 0.2618 0.2845
v 0.3375 0.2307 0.3320
v 0.3635 0.2012 0.3758
v 0.3992 0.1746 0.4142
v 0.4434 0.1519 0.4457
v 0.4942 0.1338 0.4691
v 0.5498 0.1213 0.4835
v 0.6081 0.1146 0.4884
v 0.6667 0.1141 0.4835
v 0.7234 0.1198 0.4691
v 0.7761 0.1314 0.4457
v 0.8227 0.1486 0.4142
v 0.8614 0.1706 0.3758
v 0.8908 0.1967 0.3320
v 0.9097 0.2257 0.2845
v 0.9174 0.2567 0.2351
v 0.9135 0.2884 0.1857
v 0.8983 0.3195 0.1382
v 0.8724 0.3490 0.0944
v 0.8366 0.3756 0.0560
v 0.7925 0.3984 0.0246
v 0.7416 0.4164 0.0011
v 0.6860 0.4290 -0.0133
v 0.6278 0.4356 -0.0181
v 0.5692 0.4362 -0.0133
v 0.5124 0.4305 0.0011
v 0.4598 0.4188 0.0246
v 0.4132 0.4016 0.0560
v 0.3744 0.3796 0.0944
v 0.3450 0.3535 0.1382
v 0.3262 0.3245 0.1857
v 0.3185 0.2935 0.2351
v 0.3211 0.3616 0.2828
v 0.3266 0.3350 0.3350
v 0.3434 0.3094 0.3852
v 0.3709 0.2856 0.4314
v 0.4080 0.2646 0.4720
v 0.4533 0.2473 0.5052
v 0.5050 0.2342 0.5300
v 0.5612 0.2259 0.5452
v 0.6197 0.2227 0.5503
v 0.6783 0.2247 0.5452
v 0.7346 0.2319 0.5300
v 0.7866 0.2439 0.5052
v 0.8322 0.2604 0.4720
v 0.8697 0.2806 0.4314
v 0.8977 0.3038 0.3852
v 0.9150 0.3291 0.3350
v 0.9211 0.3556 0.2828
v 0.9156 0.3821 0.2307
v 0.8987 0.4078 0.1805
v 0.8713 0.4316 0.1342
v 0.8342 0.4525 0.0937
v 0.7889 0.4699 0.0605
v 0.7371 0.4829 0.0357
v 0.6809 0.4912 0.0205
v 0.6224 0.4944 0.0154
v 0.5639 0.4924 0.0205
v 0.5075 0.4852 0.0357
v 0.4555 0.4732 0.0605
v 0.4099 0.4568 0.0937
v 0.3724 0.4366 0.1342
v 0.3444 0.4133 0.1805
v 0.3271 0.3880 0.2307
v 0.3211 0.3616 0.2828
v 0.3194 0.4305 0.3236
v 0.3265 0.4097 0.3782
v 0.3448 0.3905 0.4306
v 0.3737 0.3735 0.4790
v 0.4120 0.3595 0.5214
v 0.4582 0.3489 0.5561
v 0.5106 0.3422 0.5820
v 0.5672 0.3396 0.5979
v 0.6257 0.3412 0.6033
v 0.6840 0.3470 0.5979
v 0.7398 0.3568 0.5820
v 0.7909 0.3701 0.5561
v 0.8354 0.3865 0.5214
v 0.8716 0.4053 0.4790
v 0.8981 0.4257 0.4306
v 0.9138 0.4472 0.3782
v 0.9182 0.4687 0.3236
v 0.9111 0.4894 0.2690
v 0.8928 0.5087 0.2166
v 0.8639 0.5256 0.1682
v 0.8256 0.5397 0.1259
v 0.7794 0.5503 0.0911
v 0.7270 0.5570 0.0652
v 0.6704 0.5596 0.0493
v 0.6119 0.5579 0.0439
v 0.5536 0.5521 0.0493
v 0.4979 0.5424 0.0652
v 0.4467 0.5291 0.0911
v 0.4022 0.5127 0.1259
v 0.3660 0.4939 0.1682
v 0.3396 0.4734 0.2166
v 0.3238 0.4520 0.2690
v 0.3194 0.4305 0.3236
v 0.3118 0.5012 0.3564
v 0.3199 0.4866 0.4128
v 0.3391 0.4744 0.4670
v 0.3687 0.4650 0.5170
v 0.4074 0.4587 0.5608
v 0.4539 0.4559 0.5968
v 0.5062 0.4566 0.6235
v 0.5625 0.4608 0.6399
v 0.6206 0.4683 0.6455
v 0.6782 0.4789 0.6399
v 0.7331 0.4921 0.6235
v 0.7832 0.5075 0.5968
v 0.8266 0.5244 0.5608
v 0.8615 0.5422 0.5170
v 0.8868 0.5602 0.4670
v 0.9013 0.5777 0.4128
v 0.9046 0.5940 0.3564
v 0.8965 0.6086 0.3000
v 0.8773 0.6208 0.2458
v 0.8477 0.6303 0.1958
v 0.8090 0.6365 0.1520
v 0.7625 0.6393 0.1161
v 0.7101 0.6386 0.0893
v 0.6538 0.6344 0.0729
v 0.5958 0.6269 0.0673
v 0.5382 0.6163 0.0729
v 0.4833 0.6031 0.0893
v 0.4332 0.5878 0.1161
v 0.3898 0.5709 0.1520
v 0.3549 0.5531 0.1958
v 0.3296 0.5351 0.2458
v 0.3151 0.5176 0.3000
v 0.3118 0.5012 0.3564
v 0.2966 0.5737 0.3804
v 0.3048 0.5653 0.4381
v 0.3239 0.5603 0.4935
v 0.3530 0.5588 0.5446
v 0.3910 0.5608 0.5893
v 0.4366 0.5663 0.6261
v 0.4880 0.5751 0.6534
v 0.5431 0.5868 0.6702
v 0.5999 0.6010 0.6759
v 0.6562 0.6171 0.6702
v 0.7098 0.6345 0.6534
v 0.7586 0.6526 0.6261
v 0.8009 0.6706 0.5893
v 0.8349 0.6879 0.5446
v 0.8593 0.7037 0.4935
v 0.8733 0.7176 0.4381
v 0.8762 0.7289 0.3804
v 0.8680 0.7372 0.3228
v 0.8490 0.7423 0.2674
v 0.8199 0.7438 0.2163
v 0.7818 0.7418 0.1715
v 0.7362 0.7363 0.1348
v 0.6849 0.7275 0.1075
v 0.6297 0.7158 0.0907
v 0.5729 0.7016 0.0850
v 0.5167 0.6855 0.0907
v 0.4631 0.6681 0.1075
v 0.4142 0.6500 0.1348
v 0.3720 0.6320 0.1715
v 0.3380 0.6147 0.2163
v 0.3135 0.5988 0.2674
v 0.2996 0.5850 0.3228
v 0.2966 0.5737 0.3804
v 0.2724 0.6471 0.3951
v 0.2796 0.6447 0.4534
v 0.2972 0.6467 0.5095
v 0.3245 0.6530 0.5612
v 0.3606 0.6633 0.6065
v 0.4039 0.6772 0.6436
v 0.4530 0.6943 0.6713
v 0.5058 0.7139 0.6883
v 0.5603 0.7351 0.6940
v 0.6145 0.7573 0.6883
v 0.6662 0.7795 0.6713
v 0.7135 0.8009 0.6436
v 0.7546 0.8206 0.6065
v 0.7878 0.8380 0.5612
v 0.8120 0.8523 0.5095
v 0.8261 0.8630 0.4534
v 0.8296 0.8696 0.3951
v 0.8224 0.8720 0.3368
v 0.8049 0.8701 0.2807
v 0.7775 0.8638 0.2290
v 0.7414 0.8535 0.1837
v 0.6981 0.8395 0.1465
v 0.6490 0.8225 0.1189
v 0.5962 0.8029 0.1019
v 0.5417 0.7817 0.0961
v 0.4875 0.7595 0.1019
v 0.4358 0.7373 0.1189
v 0.3885 0.7159 0.1465
v 0.3474 0.6962 0.1837
v 0.3142 0.6788 0.2290
v 0.2900 0.6645 0.2807
v 0.2759 0.6538 0.3368
v 0.2724 0.6471 0.3951
v 0.2379 0.7201 0.4000
v 0.2429 0.7229 0.4585
v 0.2578 0.7313 0.5148
v 0.2820 0.7448 0.5667
v 0.3146 0.7630 0.6121
v 0.3543 0.7851 0.6494
v 0.3996 0.8104 0.6772
v 0.4488 0.8378 0.6942
v 0.4999 0.8662 0.7000
v 0.5510 0.8947 0.6942
v 0.6002 0.9221 0.6772
v 0.6455 0.9473 0.6494
v 0.6853 0.9694 0.6121
v 0.7179 0.9875 0.5667
v 0.7421 1.0009 0.5148
v 0.7571 1.0092 0.4585
v 0.7621 1.0120 0.4000
v 0.7571 1.0091 0.3415
v 0.7422 1.0008 0.2852
v 0.7180 0.9873 0.2333
v 0.6854 0.9691 0.1879
v 0.6457 0.9469 0.1506
v 0.6004 0.9217 0.1228
v 0.5512 0.8943 0.1058
v 0.5001 0.8658 0.1000
v 0.4490 0.8374 0.1058
v 0.3998 0.8100 0.1228
v 0.3545 0.7848 0.1506
v 0.3147 0.7627 0.1879
v 0.2821 0.7446 0.2333
v 0.2579 0.7311 0.2852
v 0.2429 0.7228 0.3415
v 0.2379 0.7201 0.4000
v 0.1924 0.7905 0.3951
v 0.1942 0.7976 0.4534
v 0.2053 0.8113 0.5095
v 0.2250 0.8312 0.5612
v 0.2527 0.8564 0.6066
v 0.2873 0.8860 0.6438
v 0.3275 0.9189 0.6714
v 0.3717 0.9538 0.6884
v 0.4182 0.9893 0.6942
v 0.4653 1.0241 0.6884
v 0.5110 1.0569 0.6714
v 0.5538 1.0863 0.6438
v 0.5919 1.1113 0.6066
v 0.6238 1.1309 0.5612
v 0.6484 1.1444 0.5095
v 0.6647 1.1511 0.4534
v 0.6720 1.1510 0.3951
v 0.6701 1.1439 0.3367
v 0.6591 1.1301 0.2806
v 0.6394 1.1102 0.2289
v 0.6117 1.0850 0.1836
v 0.5771 1.0554 0.1464
v 0.5369 1.0225 0.1187
v 0.4927 0.9876 0.1017
v 0.4462 0.9521 0.0960
v 0.3991 0.9173 0.1017
v 0.3533 0.8845 0.1187
v 0.3106 0.8551 0.1464
v 0.2725 0.8301 0.1836
v 0.2406 0.8105 0.2289
v 0.2160 0.7971 0.2806
v 0.1997 0.7903 0.3367
v 0.1924 0.7905 0.3951
v 0.1357 0.8559 0.3804
v 0.1337 0.8660 0.4383
v 0.1399 0.8839 0.4940
v 0.1540 0.9089 0.5453
v 0.1756 0.9401 0.5903
v 0.2038 0.9762 0.6272
v 0.2375 1.0158 0.6546
v 0.2754 1.0574 0.6715
v 0.3161 1.0995 0.6772
v 0.3580 1.1404 0.6715
v 0.3994 1.1786 0.6546
v 0.4389 1.2125 0.6272
v 0.4748 1.2409 0.5903
v 0.5058 1.2627 0.5453
v 0.5308 1.2770 0.4940
v 0.5486 1.2833 0.4383
v 0.5588 1.2813 0.3804
v 0.5608 1.2712 0.3225
v 0.5546 1.2533 0.2669
v 0.5404 1.2283 0.2155
v 0.5188 1.1972 0.1706
v 0.4906 1.1611 0.1337
v 0.4569 1.1214 0.1062
v 0.4190 1.0798 0.0893
v 0.3783 1.0377 0.0836
v 0.3364 0.9968 0.0893
v 0.2950 0.9586 0.1062
v 0.2555 0.9247 0.1337
v 0.2196 0.8963 0.1706
v 0.1886 0.8746 0.2155
v 0.1637 0.8603 0.2669
v 0.1458 0.8540 0.3225
v 0.1357 0.8559 0.3804
v 0.0682 0.9139 0.3564
v 0.0619 0.9257 0.4137
v 0.0627 0.9463 0.4687
v 0.0704 0.9750 0.5195
v 0.0850 1.0106 0.5640
v 0.1056 1.0518 0.6005
v 0.1317 1.0970 0.6276
v 0.1622 1.1444 0.6443
v 0.1958 1.1923 0.6500
v 0.2314 1.2388 0.6443
v 0.2675 1.2821 0.6276
v 0.3028 1.3206 0.6005
v 0.3359 1.3527 0.5640
v 0.3655 1.3772 0.5195
v 0.3905 1.3933 0.4687
v 0.4100 1.4002 0.4137
v 0.4231 1.3977 0.3564
v 0.4294 1.3859 0.2991
v 0.4287 1.3653 0.2441
v 0.4209 1.3366 0.1933
v 0.4064 1.3010 0.1488
v 0.3857 1.2598 0.1123
v 0.3596 1.2146 0.0852
v 0.3292 1.1671 0.0685
v 0.2955 1.1192 0.0628
v 0.2599 1.0727 0.0685
v 0.2238 1.0294 0.0852
v 0.1885 0.9910 0.1123
v 0.1555 0.9589 0.1488
v 0.1258 0.9343 0.1933
v 0.1008 0.9183 0.2441
v 0.0814 0.9114 0.2991
v 0.0682 0.9139 0.3564
v -0.0088 0.9619 0.3236
v -0.0195 0.9740 0.3802
v -0.0245 0.9958 0.4345
v -0.0237 1.0265 0.4847
v -0.0169 1.0651 0.5286
v -0.0045 1.1098 0.5647
v 0.0130 1.1592 0.5914
v 0.0350 1.2112 0.6079
v 0.0606 1.2638 0.6135
v 0.0888 1.3151 0.6079
v 0.1186 1.3631 0.5914
v 0.1487 1.4059 0.5647
v 0.1782 1.4418 0.5286
v 0.2057 1.4696 0.4847
v 0.2303 1.4881 0.4345
v 0.2510 1.4966 0.3802
v 0.2670 1.4948 0.3236
v 0.2777 1.4827 0.2670
v 0.2828 1.4609 0.2127
v 0.2819 1.4302 0.1625
v 0.2751 1.3916 0.1186
v 0.2627 1.3469 0.0826
v 0.2452 1.2975 0.0558
v 0.2232 1.2455 0.0393
v 0.1977 1.1929 0.0337
v 0.1694 1.1416 0.0393
v 0.1397 1.0936 0.0558
v 0.1095 1.0508 0.0826
v 0.0801 1.0149 0.1186
v 0.0525 0.9871 0.1625
v 0.0279 0.9686 0.2127
v 0.0072 0.9601 0.2670
v -0.0088 0.9619 0.3236
v -0.0938 0.9979 0.2828
v -0.1086 1.0088 0.3387
v -0.1193 1.0303 0.3924
v -0.1254 1.0615 0.4418
v -0.1267 1.1012 0.4852
v -0.1232 1.1479 0.5208
v -0.1148 1.1998 0.5472
v -0.1021 1.2548 0.5635
v -0.0855 1.3110 0.5690
v -0.0655 1.3660 0.5635
v -0.0431 1.4179 0.5472
v -0.0190 1.4645 0.5208
v 0.0059 1.5042 0.4852
v 0.0305 1.5354 0.4418
v 0.0539 1.5569 0.3924
v 0.0753 1.5678 0.3387
v 0.0938 1.5678 0.2828
v 0.1086 1.5569 0.2270
v 0.1193 1.5354 0.1733
v 0.1254 1.5042 0.1238
v 0.1267 1.4645 0.0805
v 0.1232 1.4178 0.0449
v 0.1148 1.3659 0.0184
v 0.1021 1.3109 0.0022
v 0.0855 1.2547 -0.0033
v 0.0655 1.1997 0.0022
v 0.0431 1.1478 0.0184
v 0.0190 1.1011 0.0449
v -0.0059 1.0615 0.0805
v -0.0305 1.0303 0.1238
v -0.0539 1.0088 0.1733
v -0.0753 0.9979 0.2270
v -0.0938 0.9979 0.2828
v -0.1844 1.0199 0.2351
v -0.2029 1.0286 0.2903
v -0.2188 1.0484 0.3433
v -0.2317 1.0784 0.3922
v -0.2410 1.1176 0.4350
v -0.2463 1.1645 0.4702
v -0.2475 1.2171 0.4963
v -0.2445 1.2736 0.5124
v -0.2375 1.3317 0.5179
v -0.2266 1.3893 0.5124
v -0.2123 1.4440 0.4963
v -0.1952 1.4939 0.4702
v -0.1759 1.5369 0.4350
v -0.1551 1.5714 0.3922
v -0.1337 1.5961 0.3433
v -0.1125 1.6101 0.2903
v -0.0923 1.6128 0.2351
v -0.0739 1.6041 0.1800
v -0.0579 1.5843 0.1269
v -0.0450 1.5543 0.0780
v -0.0357 1.5151 0.0352
v -0.0304 1.4683 0.0000
v -0.0292 1.4156 -0.0261
v -0.0322 1.3591 -0.0422
v -0.0393 1.3010 -0.0476
v -0.0501 1.2434 -0.0422
v -0.0644 1.1887 -0.0261
v -0.0815 1.1389 0.0000
v -0.1008 1.0959 0.0352
v -0.1216 1.0613 0.0780
v -0.1430 1.0366 0.1269
v -0.1642 1.0226 0.1800
v -0.1844 1.0199 0.2351
v -0.2782 1.0268 0.1816
v -0.2993 1.0323 0.2362
v -0.3198 1.0491 0.2887
v -0.3389 1.0766 0.3370
v -0.3558 1.1137 0.3795
v -0.3698 1.1589 0.4142
v -0.3805 1.2107 0.4401
v -0.3874 1.2669 0.4560
v -0.3902 1.3254 0.4614
v -0.3889 1.3839 0.4560
v -0.3834 1.4403 0.4401
v -0.3741 1.4923 0.4142
v -0.3612 1.5379 0.3795
v -0.3453 1.5754 0.3370
v -0.3270 1.6034 0.2887
v -0.3069 1.6207 0.2362
v -0.2859 1.6267 0.1816
v -0.2647 1.6212 0.1270
v -0.2442 1.6044 0.0745
v -0.2251 1.5770 0.0261
v -0.2082 1.5399 -0.0163
v -0.1942 1.4946 -0.0511
v -0.1835 1.4428 -0.0769
v -0.1767 1.3866 -0.0928
v -0.1738 1.3282 -0.0982
v -0.1751 1.2696 -0.0928
v -0.1806 1.2133 -0.0769
v -0.1899 1.1613 -0.0511
v -0.2028 1.1156 -0.0163
v -0.2187 1.0781 0.0261
v -0.2370 1.0502 0.0745
v -0.2571 1.0328 0.1270
v -0.2782 1.0268 0.1816
v -0.3722 1.0178 0.1236
v -0.3951 1.0195 0.1778
v -0.4192 1.0324 0.2298
v -0.4435 1.0561 0.2778
v -0.4672 1.0897 0.3199
v -0.4894 1.1318 0.3544
v -0.5091 1.1809 0.3801
v -0.5257 1.2351 0.3959
v -0.5385 1.2922 0.4012
v -0.5469 1.3502 0.3959
v -0.5508 1.4067 0.3801
v -0.5498 1.4596 0.3544
v -0.5441 1.5069 0.3199
v -0.5340 1.5467 0.2778
v -0.5196 1.5775 0.2298
v -0.5017 1.5982 0.1778
v -0.4810 1.6079 0.1236
v -0.4581 1.6062 0.0695
v -0.4340 1.5933 0.0174
v -0.4096 1.5696 -0.0306
v -0.3859 1.5361 -0.0727
v -0.3638 1.4939 -0.1072
v -0.3440 1.4448 -0.1329
v -0.3274 1.3906 -0.1486
v -0.3147 1.3335 -0.1540
v -0.3062 1.2755 -0.1486
v -0.3024 1.2190 -0.1329
v -0.3033 1.1661 -0.1072
v -0.3090 1.1188 -0.0727
v -0.3192 1.0790 -0.0306
v -0.3335 1.0482 0.0174
v -0.3514 1.0275 0.0695
v -0.3722 1.0178 0.1236
v -0.4636 0.9930 0.0626
v -0.4870 0.9905 0.1165
v -0.5136 0.9989 0.1683
v -0.5421 1.0179 0.2160
v -0.5717 1.0468 0.2579
v -0.6011 1.0844 0.2922
v -0.6292 1.1293 0.3178
v -0.6549 1.1798 0.3335
v -0.6773 1.2339 0.3388
v -0.6954 1.2896 0.3335
v -0.7086 1.3447 0.3178
v -0.7164 1.3972 0.2922
v -0.7185 1.4448 0.2579
v -0.7148 1.4860 0.2160
v -0.7054 1.5190 0.1683
v -0.6907 1.5426 0.1165
v -0.6712 1.5559 0.0626
v -0.6478 1.5584 0.0087
v -0.6213 1.5500 -0.0431
v -0.5927 1.5310 -0.0909
v -0.5632 1.5021 -0.1327
v -0.5338 1.4645 -0.1671
v -0.5057 1.4196 -0.1926
v -0.4799 1.3691 -0.2083
v -0.4576 1.3150 -0.2136
v -0.4394 1.2593 -0.2083
v -0.4262 1.2042 -0.1926
v -0.4184 1.1518 -0.1671
v -0.4163 1.1041 -0.1327
v -0.4201 1.0629 -0.0909
v -0.4295 1.0299 -0.0431
v -0.4442 1.0063 0.0087
v -0.4636 0.9930 0.0626
v -0.5496 0.9529 0.0000
v -0.5724 0.9463 0.0538
v -0.6002 0.9500 0.1055
v -0.6317 0.9637 0.1532
v -0.6659 0.9870 0.1950
v -0.7014 1.0190 0.2293
v -0.7369 1.0584 0.2548
v -0.7709 1.1037 0.2704
v -0.8022 1.1532 0.2757
v -0.8296 1.2050 0.2704
v -0.8520 1.2570 0.2548
v -0.8686 1.3074 0.2293
v -0.8787 1.3541 0.1950
v -0.8819 1.3953 0.1532
v -0.8781 1.4296 0.1055
v -0.8675 1.4554 0.0538
v -0.8504 1.4720 0.0000
v -0.8276 1.4786 -0.0538
v -0.7998 1.4749 -0.1055
v -0.7683 1.4612 -0.1532
v -0.7341 1.4379 -0.1950
v -0.6986 1.4059 -0.2293
v -0.6631 1.3665 -0.2548
v -0.6291 1.3212 -0.2704
v -0.5978 1.2717 -0.2757
v -0.5704 1.2199 -0.2704
v -0.5480 1.1679 -0.2548
v -0.5314 1.1175 -0.2293
v -0.5213 1.0708 -0.1950
v -0.5181 1.0295 -0.1532
v -0.5219 0.9953 -0.1055
v -0.5325 0.9694 -0.0538
v -0.5496 0.9529 0.0000
v -0.6274 0.8986 -0.0626
v -0.6486 0.8884 -0.0087
v -0.6764 0.8874 0.0431
v -0.7097 0.8956 0.0909
v -0.7473 0.9129 0.1327
v -0.7876 0.9384 0.1671
v -0.8292 0.9712 0.1926
v -0.8704 1.0101 0.2083
v -0.9097 1.0535 0.2137
v -0.9456 1.0998 0.2083
v -0.9766 1.1472 0.1926
v -1.0016 1.1939 0.1671
v -1.0197 1.2381 0.1327
v -1.0300 1.2781 0.0909
v -1.0323 1.3124 0.0431
v -1.0264 1.3396 -0.0087
v -1.0126 1.3586 -0.0626
v -0.9914 1.3689 -0.1165
v -0.9636 1.3699 -0.1683
v -0.9303 1.3616 -0.2160
v -0.8927 1.3444 -0.2579
v -0.8524 1.3189 -0.2922
v -0.8108 1.2861 -0.3178
v -0.7696 1.2472 -0.3335
v -0.7303 1.2038 -0.3388
v -0.6944 1.1575 -0.3335
v -0.6634 1.1100 -0.3178
v -0.6384 1.0633 -0.2922
v -0.6204 1.0191 -0.2579
v -0.6100 0.9791 -0.2160
v -0.6077 0.9449 -0.1683
v -0.6136 0.9177 -0.1165
v -0.6274 0.8986 -0.0626
v -0.6947 0.8320 -0.1236
v -0.7135 0.8188 -0.0694
v -0.7403 0.8135 -0.0174
v -0.7741 0.8165 0.0306
v -0.8137 0.8274 0.0727
v -0.8576 0.8460 0.1072
v -0.9039 0.8715 0.1329
v -0.9511 0.9029 0.1487
v -0.9972 0.9391 0.1540
v -1.0404 0.9786 0.1487
v -1.0792 1.0199 0.1329
v -1.1120 1.0614 0.1072
v -1.1375 1.1016 0.0727
v -1.1549 1.1388 0.0306
v -1.1633 1.1718 -0.0174
v -1.1626 1.1991 -0.0694
v -1.1526 1.2197 -0.1236
v -1.1339 1.2329 -0.1778
v -1.1071 1.2382 -0.2298
v -1.0732 1.2353 -0.2778
v -1.0336 1.2243 -0.3199
v -0.9898 1.2057 -0.3544
v -0.9434 1.1802 -0.3801
v -0.8963 1.1488 -0.3959
v -0.8502 1.1126 -0.4012
v -0.8070 1.0731 -0.3959
v -0.7682 1.0318 -0.3801
v -0.7354 0.9903 -0.3544
v -0.7098 0.9501 -0.3199
v -0.6925 0.9129 -0.2778
v -0.6840 0.8799 -0.2298
v -0.6848 0.8526 -0.1778
v -0.6947 0.8320 -0.1236
v -0.7497 0.7551 -0.1816
v -0.7653 0.7399 -0.1270
v -0.7903 0.7311 -0.0745
v -0.8237 0.7291 -0.0261
v -0.8642 0.7340 0.0163
v -0.9101 0.7455 0.0511
v -0.9599 0.7633 0.0770
v -1.0115 0.7866 0.0929
v -1.0629 0.8145 0.0983
v -1.1123 0.8461 0.0929
v -1.1576 0.8800 0.0770
v -1.1972 0.9150 0.0511
v -1.2295 0.9496 0.0163
v -1.2533 0.9827 -0.0261
v -1.2677 1.0129 -0.0745
v -1.2721 1.0390 -0.1270
v -1.2664 1.0601 -0.1816
v -1.2507 1.0753 -0.2362
v -1.2257 1.0841 -0.2887
v -1.1923 1.0861 -0.3371
v -1.1518 1.0813 -0.3795
v -1.1059 1.0697 -0.4143
v -1.0561 1.0519 -0.4402
v -1.0045 1.0286 -0.4561
v -0.9531 1.0007 -0.4615
v -0.9037 0.9691 -0.4561
v -0.8584 0.9352 -0.4402
v -0.8188 0.9003 -0.4143
v -0.7865 0.8656 -0.3795
v -0.7627 0.8325 -0.3371
v -0.7483 0.8023 -0.2887
v -0.7439 0.7762 -0.2362
v -0.7497 0.7551 -0.1816
v -0.7907 0.6705 -0.2351
v -0.8031 0.6544 -0.1799
v -0.8258 0.6429 -0.1269
v -0.8579 0.6367 -0.0780
v -0.8981 0.6359 -0.0351
v -0.9450 0.6406 0.0000
v -0.9968 0.6505 0.0262
v -1.0514 0.6654 0.0423
v -1.1067 0.6845 0.0477
v -1.1606 0.7073 0.0423
v -1.2111 0.7328 0.0262
v -1.2563 0.7600 0.0000
v -1.2942 0.7879 -0.0351
v -1.3236 0.8154 -0.0780
v -1.3433 0.8415 -0.1269
v -1.3525 0.8652 -0.1799
v -1.3509 0.8855 -0.2351
v -1.3385 0.9016 -0.2903
v -1.3159 0.9130 -0.3433
v -1.2838 0.9193 -0.3922
v -1.2435 0.9201 -0.4351
v -1.1966 0.9154 -0.4703
v -1.1449 0.9055 -0.4964
v -1.0903 0.8906 -0.5125
v -1.0350 0.8715 -0.5179
v -0.9810 0.8487 -0.5125
v -0.9305 0.8232 -0.4964
v -0.8854 0.7960 -0.4703
v -0.8474 0.7681 -0.4351
v -0.8180 0.7406 -0.3922
v -0.7983 0.7145 -0.3433
v -0.7891 0.6908 -0.2903
v -0.7907 0.6705 -0.2351
v -0.8171 0.5810 -0.2828
v -0.8263 0.5650 -0.2270
v -0.8464 0.5520 -0.1733
v -0.8767 0.5424 -0.1238
v -0.9160 0.5366 -0.0804
v -0.9627 0.5348 -0.0448
v -1.0152 0.5371 -0.0184
v -1.0714 0.5434 -0.0021
v -1.1290 0.5535 0.0034
v -1.1860 0.5670 -0.0021
v -1.2401 0.5833 -0.0184
v -1.2893 0.6019 -0.0448
v -1.3315 0.6219 -0.0804
v -1.3653 0.6428 -0.1238
v -1.3894 0.6636 -0.1733
v -1.4027 0.6835 -0.2270
v -1.4048 0.7018 -0.2828
v -1.3957 0.7178 -0.3387
v -1.3756 0.7309 -0.3924
v -1.3453 0.7405 -0.4419
v -1.3060 0.7463 -0.4853
v -1.2592 0.7481 -0.5209
v -1.2067 0.7458 -0.5473
v -1.1506 0.7394 -0.5636
v -1.0929 0.7293 -0.5691
v -1.0359 0.7159 -0.5636
v -0.9818 0.6995 -0.5473
v -0.9327 0.6810 -0.5209
v -0.8904 0.6609 -0.4853
v -0.8566 0.6401 -0.4419
v -0.8326 0.6193 -0.3924
v -0.8192 0.5994 -0.3387
v -0.8171 0.5810 -0.2828
v -0.8286 0.4895 -0.3236
v -0.8350 0.4748 -0.2670
v -0.8527 0.4611 -0.2126
v -0.8810 0.4490 -0.1625
v -0.9187 0.4389 -0.1186
v -0.9646 0.4313 -0.0825
v -1.0167 0.4264 -0.0557
v -1.0731 0.4245 -0.0392
v -1.1316 0.4255 -0.0336
v -1.1900 0.4295 -0.0392
v -1.2461 0.4363 -0.0557
v -1.2976 0.4456 -0.0825
v -1.3426 0.4571 -0.1186
v -1.3794 0.4704 -0.1625
v -1.4065 0.4848 -0.2126
v -1.4229 0.5000 -0.2670
v -1.4281 0.5152 -0.3236
v -1.4217 0.5300 -0.3802
v -1.4040 0.5437 -0.4346
v -1.3757 0.5558 -0.4847
v -1.3379 0.5658 -0.5286
v -1.2921 0.5734 -0.5647
v -1.2400 0.5783 -0.5915
v -1.1836 0.5802 -0.6080
v -1.1250 0.5792 -0.6136
v -1.0666 0.5752 -0.6080
v -1.0106 0.5684 -0.5915
v -0.9591 0.5591 -0.5647
v -0.9141 0.5476 -0.5286
v -0.8773 0.5344 -0.4847
v -0.8502 0.5199 -0.4346
v -0.8337 0.5047 -0.3802
v -0.8286 0.4895 -0.3236
v -0.8257 0.3987 -0.3564
v -0.8300 0.3861 -0.2991
v -0.8457 0.3728 -0.2440
v -0.8721 0.3591 -0.1933
v -0.9081 0.3457 -0.1488
v -0.9524 0.3330 -0.1123
v -1.0033 0.3215 -0.0851
v -1.0589 0.3117 -0.0684
v -1.1169 0.3040 -0.0628
v -1.1752 0.2986 -0.0684
v -1.2315 0.2958 -0.0851
v -1.2837 0.2957 -0.1123
v -1.3297 0.2982 -0.1488
v -1.3678 0.3033 -0.1933
v -1.3966 0.3107 -0.2440
v -1.4148 0.3203 -0.2991
v -1.4219 0.3315 -0.3564
v -1.4175 0.3441 -0.4137
v -1.4018 0.3575 -0.4688
v -1.3755 0.3712 -0.5195
v -1.3394 0.3846 -0.5640
v -1.2951 0.3973 -0.6005
v -1.2442 0.4087 -0.6277
v -1.1887 0.4185 -0.6444
v -1.1306 0.4263 -0.6500
v -1.0724 0.4316 -0.6444
v -1.0160 0.4345 -0.6277
v -0.9639 0.4346 -0.6005
v -0.9178 0.4321 -0.5640
v -0.8797 0.4270 -0.5195
v -0.8510 0.4195 -0.4688
v -0.8327 0.4100 -0.4137
v -0.8257 0.3987 -0.3564
v -0.8093 0.3113 -0.3804
v -0.8127 0.3016 -0.3225
v -0.8270 0.2893 -0.2668
v -0.8519 0.2749 -0.2155
v -0.8862 0.2588 -0.1705
v -0.9287 0.2418 -0.1336
v -0.9778 0.2245 -0.1062
v -1.0315 0.2076 -0.0893
v -1.0878 0.1916 -0.0836
v -1.1445 0.1773 -0.0893
v -1.1995 0.1651 -0.1062
v -1.2507 0.1555 -0.1336
v -1.2960 0.1490 -0.1705
v -1.3337 0.1457 -0.2155
v -1.3625 0.1458 -0.2668
v -1.3811 0.1492 -0.3225
v -1.3888 0.1559 -0.3804
v -1.3855 0.1656 -0.4383
v -1.3711 0.1779 -0.4940
v -1.3462 0.1924 -0.5453
v -1.3119 0.2084 -0.5903
v -1.2694 0.2254 -0.6272
v -1.2203 0.2427 -0.6547
v -1.1666 0.2597 -0.6716
v -1.1103 0.2756 -0.6773
v -1.0536 0.2900 -0.6716
v -0.9986 0.3021 -0.6547
v -0.9474 0.3117 -0.6272
v -0.9021 0.3182 -0.5903
v -0.8644 0.3215 -0.5453
v -0.8356 0.3214 -0.4940
v -0.8170 0.3180 -0.4383
v -0.8093 0.3113 -0.3804
v -0.7811 0.2294 -0.3951
v -0.7846 0.2230 -0.3367
v -0.7986 0.2123 -0.2806
v -0.8225 0.1978 -0.2289
v -0.8554 0.1799 -0.1836
v -0.8961 0.1593 -0.1464
v -0.9429 0.1369 -0.1187
v -0.9941 0.1135 -0.1017
v -1.0477 0.0901 -0.0959
v -1.1017 0.0674 -0.1017
v -1.1539 0.0464 -0.1187
v -1.2024 0.0279 -0.1464
v -1.2453 0.0126 -0.1836
v -1.2810 0.0010 -0.2289
v -1.3080 -0.0063 -0.2806
v -1.3254 -0.0091 -0.3367
v -1.3324 -0.0072 -0.3951
v -1.3289 -0.0009 -0.4534
v -1.3149 0.0098 -0.5095
v -1.2910 0.0244 -0.5613
v -1.2581 0.0423 -0.6066
v -1.2174 0.0628 -0.6438
v -1.1706 0.0852 -0.6714
v -1.1194 0.1086 -0.6885
v -1.0658 0.1321 -0.6942
v -1.0118 0.1548 -0.6885
v -0.9596 0.1758 -0.6714
v -0.9111 0.1943 -0.6438
v -0.8682 0.2096 -0.6066
v -0.8325 0.2211 -0.5613
v -0.8055 0.2284 -0.5095
v -0.7881 0.2312 -0.4534
v -0.7811 0.2294 -0.3951
v -0.7429 0.1547 -0.4000
v -0.7479 0.1517 -0.3415
v -0.7626 0.1430 -0.2852
v -0.7863 0.1287 -0.2333
v -0.8183 0.1095 -0.1879
v -0.8573 0.0861 -0.1506
v -0.9017 0.0594 -0.1228
v -0.9500 0.0304 -0.1058
v -1.0001 0.0002 -0.1000
v -1.0503 -0.0300 -0.1058
v -1.0985 -0.0590 -0.1228
v -1.1429 -0.0858 -0.1506
v -1.1818 -0.1092 -0.1879
v -1.2138 -0.1285 -0.2333
v -1.2375 -0.1428 -0.2852
v -1.2521 -0.1517 -0.3415
v -1.2571 -0.1547 -0.4000
v -1.2521 -0.1517 -0.4585
v -1.2374 -0.1430 -0.5148
v -1.2137 -0.1287 -0.5667
v -1.1817 -0.1095 -0.6121
v -1.1427 -0.0861 -0.6494
v -1.0983 -0.0594 -0.6772
v -1.0500 -0.0304 -0.6942
v -0.9999 -0.0002 -0.7000
v -0.9497 0.0300 -0.6942
v -0.9015 0.0590 -0.6772
v -0.8571 0.0858 -0.6494
v -0.8182 0.1092 -0.6121
v -0.7862 0.1285 -0.5667
v -0.7625 0.1428 -0.5148
v -0.7479 0.1517 -0.4585
v -0.7429 0.1547 -0.4000
v -0.6971 0.0882 -0.3951
v -0.7047 0.0886 -0.3368
v -0.7211 0.0817 -0.2807
v -0.7455 0.0680 -0.2290
v -0.7772 0.0478 -0.1837
v -0.8148 0.0221 -0.1465
v -0.8569 -0.0082 -0.1189
v -0.9020 -0.0420 -0.1019
v -0.9482 -0.0780 -0.0962
v -0.9937 -0.1147 -0.1019
v -1.0370 -0.1507 -0.1189
v -1.0762 -0.1848 -0.1465
v -1.1098 -0.2155 -0.1837
v -1.1367 -0.2417 -0.2290
v -1.1557 -0.2624 -0.2807
v -1.1661 -0.2767 -0.3368
v -1.1675 -0.2842 -0.3951
v -1.1599 -0.2845 -0.4534
v -1.1435 -0.2777 -0.5095
v -1.1191 -0.2639 -0.5611
v -1.0874 -0.2438 -0.6064
v -1.0498 -0.2181 -0.6436
v -1.0077 -0.1878 -0.6712
v -0.9626 -0.1540 -0.6882
v -0.9164 -0.1180 -0.6940
v -0.8708 -0.0813 -0.6882
v -0.8276 -0.0452 -0.6712
v -0.7884 -0.0112 -0.6436
v -0.7548 0.0195 -0.6064
v -0.7279 0.0457 -0.5611
v -0.7089 0.0664 -0.5095
v -0.6985 0.0807 -0.4534
v -0.6971 0.0882 -0.3951
v -0.6456 0.0304 -0.3804
v -0.6569 0.0336 -0.3228
v -0.6760 0.0284 -0.2674
v -0.7020 0.0152 -0.2163
v -0.7340 -0.0056 -0.1716
v -0.7707 -0.0332 -0.1349
v -0.8107 -0.0665 -0.1076
v -0.8525 -0.1043 -0.0908
v -0.8945 -0.1451 -0.0851
v -0.9351 -0.1873 -0.0908
v -0.9727 -0.2293 -0.1076
v -1.0058 -0.2695 -0.1349
v -1.0333 -0.3063 -0.1716
v -1.0539 -0.3384 -0.2163
v -1.0671 -0.3644 -0.2674
v -1.0721 -0.3835 -0.3228
v -1.0689 -0.3948 -0.3804
v -1.0575 -0.3980 -0.4380
v -1.0385 -0.3929 -0.4934
v -1.0125 -0.3796 -0.5445
v -0.9805 -0.3588 -0.5893
v -0.9438 -0.3312 -0.6260
v -0.9038 -0.2979 -0.6533
v -0.8619 -0.2601 -0.6701
v -0.8199 -0.2193 -0.6758
v -0.7794 -0.1772 -0.6701
v -0.7418 -0.1352 -0.6533
v -0.7086 -0.0950 -0.6260
v -0.6812 -0.0581 -0.5893
v -0.6605 -0.0261 -0.5445
v -0.6474 0.0000 -0.4934
v -0.6424 0.0191 -0.4380
v -0.6456 0.0304 -0.3804
v -0.5904 -0.0191 -0.3564
v -0.6063 -0.0137 -0.3000
v -0.6288 -0.0175 -0.2458
v -0.6571 -0.0304 -0.1959
v -0.6900 -0.0518 -0.1521
v -0.7263 -0.0809 -0.1162
v -0.7646 -0.1167 -0.0895
v -0.8034 -0.1576 -0.0730
v -0.8413 -0.2023 -0.0675
v -0.8768 -0.2489 -0.0730
v -0.9085 -0.2956 -0.0895
v -0.9351 -0.3407 -0.1162
v -0.9558 -0.3824 -0.1521
v -0.9696 -0.4192 -0.1959
v -0.9761 -0.4496 -0.2458
v -0.9750 -0.4724 -0.3000
v -0.9663 -0.4867 -0.3564
v -0.9504 -0.4921 -0.4128
v -0.9279 -0.4883 -0.4670
v -0.8996 -0.4754 -0.5169
v -0.8667 -0.4540 -0.5607
v -0.8304 -0.4249 -0.5966
v -0.7921 -0.3891 -0.6233
v -0.7532 -0.3482 -0.6398
v -0.7154 -0.3035 -0.6453
v -0.6799 -0.2569 -0.6398
v -0.6482 -0.2102 -0.6233
v -0.6216 -0.1651 -0.5966
v -0.6009 -0.1234 -0.5607
v -0.5871 -0.0866 -0.5169
v -0.5806 -0.0562 -0.4670
v -0.5817 -0.0334 -0.4128
v -0.5904 -0.0191 -0.3564
v -0.5329 -0.0611 -0.3236
v -0.5539 -0.0541 -0.2691
v -0.5804 -0.0571 -0.2167
v -0.6114 -0.0697 -0.1683
v -0.6458 -0.0917 -0.1260
v -0.6822 -0.1221 -0.0912
v -0.7193 -0.1597 -0.0654
v -0.7556 -0.2032 -0.0495
v -0.7897 -0.2508 -0.0441
v -0.8203 -0.3007 -0.0495
v -0.8462 -0.3511 -0.0654
v -0.8665 -0.3999 -0.0912
v -0.8803 -0.4452 -0.1260
v -0.8871 -0.4855 -0.1683
v -0.8867 -0.5190 -0.2167
v -0.8791 -0.5445 -0.2691
v -0.8646 -0.5611 -0.3236
v -0.8437 -0.5681 -0.3781
v -0.8172 -0.5652 -0.4306
v -0.7861 -0.5525 -0.4789
v -0.7517 -0.5305 -0.5212
v -0.7153 -0.5001 -0.5560
v -0.6782 -0.4625 -0.5818
v -0.6419 -0.4190 -0.5977
v -0.6078 -0.3714 -0.6031
v -0.5772 -0.3215 -0.5977
v -0.5513 -0.2711 -0.5818
v -0.5310 -0.2224 -0.5560
v -0.5172 -0.1770 -0.5212
v -0.5104 -0.1367 -0.4789
v -0.5108 -0.1032 -0.4306
v -0.5184 -0.0777 -0.3781
v -0.5329 -0.0611 -0.3236
v -0.4740 -0.0971 -0.2828
v -0.5000 -0.0891 -0.2307
v -0.5307 -0.0914 -0.1806
v -0.5648 -0.1040 -0.1344
v -0.6011 -0.1264 -0.0939
v -0.6382 -0.1577 -0.0607
v -0.6746 -0.1967 -0.0360
v -0.7090 -0.2420 -0.0208
v -0.7399 -0.2917 -0.0156
v -0.7663 -0.3440 -0.0208
v -0.7872 -0.3969 -0.0360
v -0.8016 -0.4483 -0.0607
v -0.8091 -0.4962 -0.0939
v -0.8094 -0.5388 -0.1344
v -0.8024 -0.5746 -0.1806
v -0.7885 -0.6020 -0.2307
v -0.7682 -0.6201 -0.2828
v -0.7421 -0.6281 -0.3350
v -0.7115 -0.6257 -0.3851
v -0.6773 -0.6131 -0.4313
v -0.6410 -0.5907 -0.4718
v -0.6040 -0.5594 -0.5050
v -0.5675 -0.5204 -0.5297
v -0.5332 -0.4752 -0.5449
v -0.5022 -0.4254 -0.5501
v -0.4758 -0.3731 -0.5449
v -0.4550 -0.3203 -0.5297
v -0.4405 -0.2689 -0.5050
v -0.4330 -0.2210 -0.4718
v -0.4328 -0.1783 -0.4313
v -0.4397 -0.1426 -0.3851
v -0.4536 -0.1152 -0.3350
v -0.4740 -0.0971 -0.2828
v -0.4136 -0.1290 -0.2351
v -0.4444 -0.1201 -0.1858
v -0.4791 -0.1219 -0.1383
v -0.5164 -0.1343 -0.0946
v -0.5549 -0.1569 -0.0562
v -0.5931 -0.1886 -0.0248
v -0.6295 -0.2284 -0.0014
v -0.6628 -0.2747 0.0130
v -0.6916 -0.3258 0.0178
v -0.7149 -0.3795 0.0130
v -0.7318 -0.4340 -0.0014
v -0.7415 -0.4871 -0.0248
v -0.7438 -0.5367 -0.0562
v -0.7385 -0.5810 -0.0946
v -0.7259 -0.6183 -0.1383
v -0.7064 -0.6470 -0.1858
v -0.6808 -0.6662 -0.2351
v -0.6501 -0.6750 -0.2845
v -0.6154 -0.6732 -0.3319
v -0.5781 -0.6608 -0.3757
v -0.5396 -0.6383 -0.4140
v -0.5014 -0.6065 -0.4454
v -0.4649 -0.5667 -0.4688
v -0.4316 -0.5204 -0.4832
v -0.4028 -0.4694 -0.4881
v -0.3795 -0.4156 -0.4832
v -0.3627 -0.3611 -0.4688
v -0.3529 -0.3081 -0.4454
v -0.3506 -0.2584 -0.4140
v -0.3559 -0.2141 -0.3757
v -0.3685 -0.1769 -0.3319
v -0.3880 -0.1481 -0.2845
v -0.4136 -0.1290 -0.2351
v -0.3512 -0.1589 -0.1816
v -0.3859 -0.1490 -0.1351
v -0.4242 -0.1500 -0.0905
v -0.4645 -0.1618 -0.0493
v -0.5053 -0.1838 -0.0132
v -0.5451 -0.2154 0.0164
v -0.5824 -0.2553 0.0384
v -0.6156 -0.3018 0.0520
v -0.6436 -0.3534 0.0565
v -0.6652 -0.4079 0.0520
v -0.6796 -0.4633 0.0384
v -0.6863 -0.5174 0.0164
v -0.6850 -0.5682 -0.0132
v -0.6757 -0.6137 -0.0493
v -0.6589 -0.6522 -0.0905
v -0.6351 -0.6821 -0.1351
v -0.6053 -0.7024 -0.1816
v -0.5706 -0.7123 -0.2281
v -0.5324 -0.7113 -0.2727
v -0.4921 -0.6995 -0.3139
v -0.4512 -0.6775 -0.3500
v -0.4114 -0.6459 -0.3796
v -0.3742 -0.6060 -0.4016
v -0.3410 -0.5595 -0.4152
v -0.3130 -0.5079 -0.4197
v -0.2914 -0.4534 -0.4152
v -0.2770 -0.3980 -0.4016
v -0.2703 -0.3439 -0.3796
v -0.2716 -0.2931 -0.3500
v -0.2808 -0.2476 -0.3139
v -0.2977 -0.2091 -0.2727
v -0.3214 -0.1792 -0.2281
v -0.3512 -0.1589 -0.1816
v -0.2861 -0.1893 -0.1236
v -0.3236 -0.1779 -0.0797
v -0.3646 -0.1774 -0.0376
v -0.4075 -0.1878 0.0013
v -0.4507 -0.2086 0.0354
v -0.4925 -0.2391 0.0633
v -0.5312 -0.2781 0.0841
v -0.5656 -0.3241 0.0969
v -0.5941 -0.3754 0.1012
v -0.6157 -0.4299 0.0969
v -0.6296 -0.4856 0.0841
v -0.6352 -0.5404 0.0633
v -0.6323 -0.5920 0.0354
v -0.6211 -0.6386 0.0013
v -0.6019 -0.6784 -0.0376
v -0.5756 -0.7097 -0.0797
v -0.5430 -0.7315 -0.1236
v -0.5055 -0.7429 -0.1675
v -0.4646 -0.7435 -0.2096
v -0.4217 -0.7331 -0.2485
v -0.3785 -0.7123 -0.2826
v -0.3367 -0.6818 -0.3106
v -0.2979 -0.6428 -0.3313
v -0.2636 -0.5967 -0.3441
v -0.2351 -0.5455 -0.3484
v -0.2135 -0.4909 -0.3441
v -0.1996 -0.4353 -0.3313
v -0.1940 -0.3805 -0.3106
v -0.1968 -0.3289 -0.2826
v -0.2081 -0.2823 -0.2485
v -0.2272 -0.2425 -0.2096
v -0.2536 -0.2111 -0.1675
v -0.2861 -0.1893 -0.1236
v -0.2184 -0.2226 -0.0626
v -0.2573 -0.2091 -0.0205
v -0.2999 -0.2064 0.0199
v -0.3447 -0.2145 0.0571
v -0.3899 -0.2333 0.0898
v -0.4337 -0.2618 0.1166
v -0.4746 -0.2991 0.1365
v -0.5109 -0.3438 0.1488
v -0.5412 -0.3940 0.1529
v -0.5644 -0.4479 0.1488
v -0.5796 -0.5033 0.1365
v -0.5861 -0.5583 0.1166
v -0.5838 -0.6106 0.0898
v -0.5727 -0.6582 0.0571
v -0.5533 -0.6994 0.0199
v -0.5263 -0.7325 -0.0205
v -0.4927 -0.7562 -0.0626
v -0.4539 -0.7697 -0.1046
v -0.4112 -0.7724 -0.1450
v -0.3665 -0.7643 -0.1823
v -0.3213 -0.7455 -0.2149
v -0.2774 -0.7170 -0.2417
v -0.2365 -0.6797 -0.2617
v -0.2002 -0.6350 -0.2739
v -0.1699 -0.5848 -0.2781
v -0.1467 -0.5309 -0.2739
v -0.1316 -0.4754 -0.2617
v -0.1250 -0.4205 -0.2417
v -0.1273 -0.3682 -0.2149
v -0.1384 -0.3206 -0.1823
v -0.1578 -0.2794 -0.1450
v -0.1848 -0.2463 -0.1046
v -0.2184 -0.2226 -0.0626
v -0.1499 -0.2599 -0.0000
v -0.1886 -0.2442 0.0414
v -0.2316 -0.2390 0.0812
v -0.2772 -0.2447 0.1179
v -0.3237 -0.2609 0.1500
v -0.3693 -0.2870 0.1764
v -0.4122 -0.3221 0.1960
v -0.4508 -0.3648 0.2081
v -0.4837 -0.4135 0.2121
v -0.5094 -0.4662 0.2081
v -0.5271 -0.5209 0.1960
v -0.5361 -0.5756 0.1764
v -0.5360 -0.6282 0.1500
v -0.5269 -0.6766 0.1179
v -0.5090 -0.7190 0.0812
v -0.4831 -0.7536 0.0414
v -0.4501 -0.7793 -0.0000
v -0.4114 -0.7951 -0.0414
v -0.3684 -0.8002 -0.0812
v -0.3228 -0.7946 -0.1179
v -0.2763 -0.7783 -0.1500
v -0.2307 -0.7522 -0.1764
v -0.1878 -0.7171 -0.1960
v -0.1492 -0.6744 -0.2081
v -0.1163 -0.6258 -0.2121
v -0.0906 -0.5731 -0.2081
v -0.0729 -0.5183 -0.1960
v -0.0639 -0.4636 -0.1764
v -0.0640 -0.4110 -0.1500
v -0.0731 -0.3626 -0.1179
v -0.0910 -0.3203 -0.0812
v -0.1169 -0.2856 -0.0414
v -0.1499 -0.2599 -0.0000
v -0.0833 -0.3006 0.0626
v -0.1207 -0.2834 0.1046
v -0.1628 -0.2765 0.1451
v -0.2081 -0.2802 0.1824
v -0.2549 -0.2944 0.2150
v -0.3014 -0.3185 0.2418
v -0.3457 -0.3517 0.2618
v -0.3862 -0.3925 0.2740
v -0.4213 -0.4395 0.2782
v -0.4497 -0.4908 0.2740
v -0.4702 -0.5446 0.2618
v -0.4822 -0.5986 0.2418
v -0.4850 -0.6509 0.2150
v -0.4787 -0.6993 0.1824
v -0.4634 -0.7422 0.1451
v -0.4398 -0.7778 0.1046
v -0.4087 -0.8047 0.0626
v -0.3714 -0.8219 0.0205
v -0.3293 -0.8288 -0.0199
v -0.2840 -0.8250 -0.0572
v -0.2372 -0.8108 -0.0899
v -0.1907 -0.7867 -0.1167
v -0.1464 -0.7536 -0.1366
v -0.1059 -0.7128 -0.1489
v -0.0708 -0.6658 -0.1530
v -0.0424 -0.6144 -0.1489
v -0.0219 -0.5607 -0.1366
v -0.0099 -0.5067 -0.1167
v -0.0071 -0.4544 -0.0899
v -0.0134 -0.4059 -0.0572
v -0.0287 -0.3631 -0.0199
v -0.0523 -0.3275 0.0205
v -0.0833 -0.3006 0.0626
v -0.0208 -0.3425 0.1236
v -0.0559 -0.3252 0.1675
v -0.0962 -0.3181 0.2097
v -0.1402 -0.3214 0.2486
v -0.1861 -0.3350 0.2828
v -0.2323 -0.3584 0.3107
v -0.2769 -0.3906 0.3315
v -0.3182 -0.4304 0.3443
v -0.3546 -0.4764 0.3487
v -0.3848 -0.5267 0.3443
v -0.4075 -0.5794 0.3315
v -0.4219 -0.6325 0.3107
v -0.4275 -0.6839 0.2828
v -0.4240 -0.7317 0.2486
v -0.4116 -0.7740 0.2097
v -0.3907 -0.8092 0.1675
v -0.3621 -0.8360 0.1236
v -0.3270 -0.8533 0.0797
v -0.2867 -0.8604 0.0375
v -0.2427 -0.8571 -0.0014
v -0.1968 -0.8435 -0.0355
v -0.1506 -0.8202 -0.0635
v -0.1060 -0.7879 -0.0843
v -0.0648 -0.7481 -0.0971
v -0.0283 -0.7021 -0.1015
v 0.0018 -0.6518 -0.0971
v 0.0246 -0.5991 -0.0843
v 0.0390 -0.5460 -0.0635
v 0.0446 -0.4946 -0.0355
v 0.0411 -0.4468 -0.0014
v 0.0286 -0.4045 0.0375
v 0.0077 -0.3693 0.0797
v -0.0208 -0.3425 0.1236
v 0.0380 -0.3836 0.1816
v 0.0056 -0.3680 0.2281
v -0.0322 -0.3624 0.2728
v -0.0739 -0.3671 0.3141
v -0.1179 -0.3819 0.3502
v -0.1625 -0.4062 0.3798
v -0.2060 -0.4391 0.4019
v -0.2467 -0.4793 0.4154
v -0.2831 -0.5253 0.4200
v -0.3137 -0.5752 0.4154
v -0.3375 -0.6273 0.4019
v -0.3534 -0.6795 0.3798
v -0.3608 -0.7297 0.3502
v -0.3596 -0.7761 0.3141
v -0.3497 -0.8169 0.2728
v -0.3314 -0.8504 0.2281
v -0.3056 -0.8755 0.1816
v -0.2732 -0.8911 0.1351
v -0.2354 -0.8967 0.0904
v -0.1937 -0.8920 0.0491
v -0.1497 -0.8772 0.0130
v -0.1051 -0.8529 -0.0166
v -0.0616 -0.8200 -0.0387
v -0.0209 -0.7798 -0.0522
v 0.0155 -0.7338 -0.0568
v 0.0461 -0.6838 -0.0522
v 0.0698 -0.6318 -0.0387
v 0.0858 -0.5796 -0.0166
v 0.0932 -0.5294 0.0130
v 0.0920 -0.4830 0.0491
v 0.0820 -0.4422 0.0904
v 0.0638 -0.4087 0.1351
v 0.0380 -0.3836 0.1816
v 0.0950 -0.4226 0.2351
v 0.0656 -0.4100 0.2845
v 0.0310 -0.4076 0.3320
v -0.0075 -0.4154 0.3758
v -0.0484 -0.4330 0.4142
v -0.0902 -0.4599 0.4457
v -0.1312 -0.4949 0.4691
v -0.1699 -0.5368 0.4835
v -0.2048 -0.5839 0.4884
v -0.2345 -0.6344 0.4835
v -0.2580 -0.6864 0.4691
v -0.2742 -0.7378 0.4457
v -0.2827 -0.7868 0.4142
v -0.2829 -0.8313 0.3758
v -0.2751 -0.8698 0.3320
v -0.2593 -0.9007 0.2845
v -0.2364 -0.9228 0.2351
v -0.2070 -0.9353 0.1857
v -0.1724 -0.9378 0.1382
v -0.1339 -0.9300 0.0944
v -0.0930 -0.9123 0.0560
v -0.0512 -0.8855 0.0246
v -0.0102 -0.8505 0.0011
v 0.0285 -0.8086 -0.0133
v 0.0634 -0.7615 -0.0181
v 0.0931 -0.7110 -0.0133
v 0.1166 -0.6590 0.0011
v 0.1328 -0.6076 0.0246
v 0.1413 -0.5586 0.0560
v 0.1415 -0.5141 0.0944
v 0.1337 -0.4756 0.1382
v 0.1179 -0.4447 0.1857
v 0.0950 -0.4226 0.2351
v 0.1526 -0.4589 0.2828
v 0.1268 -0.4503 0.3350
v 0.0962 -0.4521 0.3852
v 0.0619 -0.4640 0.4314
v 0.0252 -0.4856 0.4720
v -0.0125 -0.5162 0.5052
v -0.0497 -0.5545 0.5300
v -0.0850 -0.5990 0.5452
v -0.1170 -0.6480 0.5503
v -0.1445 -0.6998 0.5452
v -0.1665 -0.7522 0.5300
v -0.1820 -0.8032 0.5052
v -0.1906 -0.8509 0.4720
v -0.1919 -0.8935 0.4314
v -0.1857 -0.9293 0.3852
v -0.1725 -0.9570 0.3350
v -0.1526 -0.9755 0.2828
v -0.1268 -0.9840 0.2307
v -0.0962 -0.9822 0.1805
v -0.0619 -0.9703 0.1342
v -0.0252 -0.9487 0.0937
v 0.0125 -0.9181 0.0605
v 0.0497 -0.8799 0.0357
v 0.0850 -0.8353 0.0205
v 0.1170 -0.7863 0.0154
v 0.1445 -0.7345 0.0205
v 0.1665 -0.6822 0.0357
v 0.1820 -0.6311 0.0605
v 0.1906 -0.5834 0.0937
v 0.1919 -0.5408 0.1342
v 0.1857 -0.5050 0.1805
v 0.1725 -0.4773 0.2307
v 0.1526 -0.4589 0.2828
v 0.2131 -0.4919 0.3236
v 0.1916 -0.4876 0.3782
v 0.1658 -0.4939 0.4306
v 0.1366 -0.5104 0.4790
v 0.1053 -0.5365 0.5214
v 0.0731 -0.5713 0.5561
v 0.0410 -0.6133 0.5820
v 0.0105 -0.6610 0.5979
v -0.0173 -0.7125 0.6033
v -0.0414 -0.7659 0.5979
v -0.0609 -0.8190 0.5820
v -0.0749 -0.8700 0.5561
v -0.0830 -0.9167 0.5214
v -0.0848 -0.9574 0.4790
v -0.0803 -0.9906 0.4306
v -0.0696 -1.0149 0.3782
v -0.0532 -1.0295 0.3236
v -0.0317 -1.0338 0.2690
v -0.0059 -1.0275 0.2166
v 0.0233 -1.0110 0.1682
v 0.0546 -0.9849 0.1259
v 0.0869 -0.9501 0.0911
v 0.1189 -0.9081 0.0652
v 0.1494 -0.8604 0.0493
v 0.1772 -0.8089 0.0439
v 0.2013 -0.7555 0.0493
v 0.2208 -0.7023 0.0652
v 0.2348 -0.6514 0.0911
v 0.2429 -0.6047 0.1259
v 0.2447 -0.5640 0.1682
v 0.2402 -0.5308 0.2166
v 0.2295 -0.5064 0.2690
v 0.2131 -0.4919 0.3236
v 0.2782 -0.5206 0.3564
v 0.2615 -0.5204 0.4128
v 0.2413 -0.5309 0.4670
v 0.2184 -0.5518 0.5170
v 0.1936 -0.5822 0.5608
v 0.1679 -0.6210 0.5968
v 0.1423 -0.6667 0.6235
v 0.1178 -0.7176 0.6399
v 0.0953 -0.7716 0.6455
v 0.0756 -0.8268 0.6399
v 0.0597 -0.8809 0.6235
v 0.0479 -0.9320 0.5968
v 0.0408 -0.9780 0.5608
v 0.0388 -1.0172 0.5170
v 0.0417 -1.0480 0.4670
v 0.0496 -1.0694 0.4128
v 0.0622 -1.0804 0.3564
v 0.0788 -1.0807 0.3000
v 0.0990 -1.0702 0.2458
v 0.1220 -1.0493 0.1958
v 0.1467 -1.0189 0.1520
v 0.1724 -0.9800 0.1161
v 0.1980 -0.9343 0.0893
v 0.2225 -0.8835 0.0729
v 0.2450 -0.8294 0.0673
v 0.2647 -0.7743 0.0729
v 0.2807 -0.7201 0.0893
v 0.2924 -0.6690 0.1161
v 0.2995 -0.6230 0.1520
v 0.3015 -0.5839 0.1958
v 0.2986 -0.5530 0.2458
v 0.2907 -0.5316 0.3000
v 0.2782 -0.5206 0.3564
v 0.3485 -0.5437 0.3804
v 0.3372 -0.5467 0.4381
v 0.3233 -0.5606 0.4935
v 0.3074 -0.5851 0.5446
v 0.2902 -0.6191 0.5893
v 0.2721 -0.6613 0.6261
v 0.2541 -0.7101 0.6534
v 0.2366 -0.7637 0.6702
v 0.2205 -0.8200 0.6759
v 0.2063 -0.8768 0.6702
v 0.1946 -0.9319 0.6534
v 0.1858 -0.9833 0.6261
v 0.1803 -1.0289 0.5893
v 0.1783 -1.0669 0.5446
v 0.1798 -1.0960 0.4935
v 0.1848 -1.1151 0.4381
v 0.1931 -1.1233 0.3804
v 0.2044 -1.1203 0.3228
v 0.2183 -1.1064 0.2674
v 0.2342 -1.0819 0.2163
v 0.2515 -1.0479 0.1715
v 0.2695 -1.0057 0.1348
v 0.2876 -0.9569 0.1075
v 0.3050 -0.9033 0.0907
v 0.3211 -0.8470 0.0850
v 0.3353 -0.7902 0.0907
v 0.3470 -0.7351 0.1075
v 0.3558 -0.6837 0.1348
v 0.3613 -0.6381 0.1715
v 0.3634 -0.6001 0.2163
v 0.3618 -0.5710 0.2674
v 0.3568 -0.5519 0.3228
v 0.3485 -0.5437 0.3804
v 0.4242 -0.5595 0.3951
v 0.4186 -0.5645 0.4534
v 0.4115 -0.5807 0.5095
v 0.4032 -0.6075 0.5612
v 0.3941 -0.6439 0.6065
v 0.3845 -0.6884 0.6436
v 0.3748 -0.7394 0.6713
v 0.3654 -0.7949 0.6883
v 0.3565 -0.8528 0.6940
v 0.3486 -0.9108 0.6883
v 0.3419 -0.9667 0.6713
v 0.3368 -1.0184 0.6436
v 0.3334 -1.0638 0.6065
v 0.3318 -1.1013 0.5612
v 0.3321 -1.1293 0.5095
v 0.3343 -1.1469 0.4534
v 0.3383 -1.1533 0.3951
v 0.3440 -1.1483 0.3368
v 0.3511 -1.1321 0.2807
v 0.3593 -1.1052 0.2290
v 0.3684 -1.0689 0.1837
v 0.3780 -1.0243 0.1465
v 0.3878 -0.9733 0.1189
v 0.3972 -0.9178 0.1019
v 0.4061 -0.8600 0.0961
v 0.4140 -0.8020 0.1019
v 0.4206 -0.7461 0.1189
v 0.4258 -0.6944 0.1465
v 0.4292 -0.6490 0.1837
v 0.4308 -0.6115 0.2290
v 0.4305 -0.5834 0.2807
v 0.4283 -0.5659 0.3368
v 0.4242 -0.5595 0.3951
v 0.5047 -0.5661 0.4000
v 0.5046 -0.5718 0.4585
v 0.5044 -0.5889 0.5148
v 0.5040 -0.6166 0.5667
v 0.5035 -0.6539 0.6121
v 0.5028 -0.6994 0.6494
v 0.5020 -0.7512 0.6772
v 0.5011 -0.8075 0.6942
v 0.5002 -0.8660 0.7000
v 0.4993 -0.9245 0.6942
v 0.4984 -0.9808 0.6772
v 0.4976 -1.0327 0.6494
v 0.4969 -1.0781 0.6121
v 0.4962 -1.1154 0.5667
v 0.4958 -1.1432 0.5148
v 0.4955 -1.1602 0.4585
v 0.4953 -1.1660 0.4000
v 0.4954 -1.1602 0.3415
v 0.4956 -1.1432 0.2852
v 0.4960 -1.1154 0.2333
v 0.4965 -1.0781 0.1879
v 0.4972 -1.0327 0.1506
v 0.4980 -0.9808 0.1228
v 0.4989 -0.9245 0.1058
v 0.4998 -0.8660 0.1000
v 0.5007 -0.8075 0.1058
v 0.5016 -0.7512 0.1228
v 0.5024 -0.6994 0.1506
v 0.5031 -0.6539 0.1879
v 0.5038 -0.6166 0.2333
v 0.5042 -0.5889 0.2852
v 0.5045 -0.5718 0.3415
v 0.5047 -0.5661 0.4000
v 0.5884 -0.5618 0.3951
v 0.5936 -0.5670 0.4534
v 0.6000 -0.5834 0.5095
v 0.6073 -0.6105 0.5612
v 0.6153 -0.6471 0.6066
v 0.6237 -0.6919 0.6438
v 0.6321 -0.7431 0.6714
v 0.6402 -0.7988 0.6884
v 0.6477 -0.8568 0.6942
v 0.6543 -0.9150 0.6884
v 0.6598 -0.9710 0.6714
v 0.6639 -1.0228 0.6438
v 0.6665 -1.0682 0.6066
v 0.6675 -1.1057 0.5612
v 0.6668 -1.1337 0.5095
v 0.6646 -1.1512 0.4534
v 0.6608 -1.1575 0.3951
v 0.6555 -1.1523 0.3367
v 0.6492 -1.1359 0.2806
v 0.6418 -1.1088 0.2289
v 0.6338 -1.0722 0.1836
v 0.6254 -1.0274 0.1464
v 0.6171 -0.9762 0.1187
v 0.6090 -0.9205 0.1017
v 0.6015 -0.8624 0.0960
v 0.5948 -0.8043 0.1017
v 0.5894 -0.7483 0.1187
v 0.5852 -0.6965 0.1464
v 0.5826 -0.6510 0.1836
v 0.5816 -0.6136 0.2289
v 0.5823 -0.5856 0.2806
v 0.5846 -0.5681 0.3367
v 0.5884 -0.5618 0.3951
v 0.6734 -0.5454 0.3804
v 0.6832 -0.5488 0.4383
v 0.6956 -0.5631 0.4940
v 0.7101 -0.5879 0.5453
v 0.7263 -0.6221 0.5903
v 0.7435 -0.6646 0.6272
v 0.7609 -0.7136 0.6546
v 0.7781 -0.7673 0.6715
v 0.7942 -0.8235 0.6772
v 0.8087 -0.8802 0.6715
v 0.8210 -0.9352 0.6546
v 0.8306 -0.9863 0.6272
v 0.8372 -1.0316 0.5903
v 0.8406 -1.0694 0.5453
v 0.8405 -1.0981 0.4940
v 0.8370 -1.1168 0.4383
v 0.8303 -1.1246 0.3804
v 0.8205 -1.1212 0.3225
v 0.8081 -1.1069 0.2669
v 0.7935 -1.0821 0.2155
v 0.7774 -1.0479 0.1706
v 0.7602 -1.0054 0.1337
v 0.7428 -0.9564 0.1062
v 0.7256 -0.9027 0.0893
v 0.7095 -0.8465 0.0836
v 0.6950 -0.7898 0.0893
v 0.6827 -0.7348 0.1062
v 0.6731 -0.6837 0.1337
v 0.6664 -0.6384 0.1706
v 0.6631 -0.6006 0.2155
v 0.6632 -0.5719 0.2669
v 0.6667 -0.5532 0.3225
v 0.6734 -0.5454 0.3804
v 0.7573 -0.5160 0.3564
v 0.7707 -0.5164 0.4137
v 0.7882 -0.5274 0.4687
v 0.8091 -0.5485 0.5195
v 0.8327 -0.5789 0.5640
v 0.8581 -0.6174 0.6005
v 0.8842 -0.6626 0.6276
v 0.9100 -0.7127 0.6443
v 0.9347 -0.7658 0.6500
v 0.9572 -0.8198 0.6443
v 0.9766 -0.8727 0.6276
v 0.9923 -0.9225 0.6005
v 1.0035 -0.9672 0.5640
v 1.0100 -1.0051 0.5195
v 1.0113 -1.0348 0.4687
v 1.0076 -1.0551 0.4137
v 0.9989 -1.0653 0.3564
v 0.9855 -1.0648 0.2991
v 0.9680 -1.0539 0.2441
v 0.9471 -1.0328 0.1933
v 0.9235 -1.0024 0.1488
v 0.8981 -0.9639 0.1123
v 0.8720 -0.9187 0.0852
v 0.8462 -0.8686 0.0685
v 0.8215 -0.8155 0.0628
v 0.7990 -0.7615 0.0685
v 0.7796 -0.7085 0.0852
v 0.7639 -0.6588 0.1123
v 0.7527 -0.6141 0.1488
v 0.7462 -0.5761 0.1933
v 0.7449 -0.5465 0.2441
v 0.7486 -0.5262 0.2991
v 0.7573 -0.5160 0.3564
v 0.8375 -0.4733 0.3236
v 0.8533 -0.4701 0.3802
v 0.8746 -0.4766 0.4345
v 0.9008 -0.4928 0.4847
v 0.9308 -0.5179 0.5286
v 0.9634 -0.5510 0.5647
v 0.9974 -0.5908 0.5914
v 1.0314 -0.6359 0.6079
v 1.0642 -0.6844 0.6135
v 1.0945 -0.7345 0.6079
v 1.1212 -0.7842 0.5914
v 1.1431 -0.8317 0.5647
v 1.1596 -0.8752 0.5286
v 1.1698 -0.9129 0.4847
v 1.1736 -0.9435 0.4345
v 1.1706 -0.9657 0.3802
v 1.1610 -0.9786 0.3236
v 1.1452 -0.9819 0.2670
v 1.1238 -0.9753 0.2127
v 1.0976 -0.9592 0.1625
v 1.0677 -0.9341 0.1186
v 1.0351 -0.9010 0.0826
v 1.0011 -0.8611 0.0558
v 0.9670 -0.8161 0.0393
v 0.9342 -0.7676 0.0337
v 0.9039 -0.7175 0.0393
v 0.8773 -0.6677 0.0558
v 0.8553 -0.6202 0.0826
v 0.8389 -0.5768 0.1186
v 0.8286 -0.5390 0.1625
v 0.8249 -0.5085 0.2127
v 0.8279 -0.4863 0.2670
v 0.8375 -0.4733 0.3236
v 0.9111 -0.4177 0.2828
v 0.9280 -0.4103 0.3387
v 0.9520 -0.4118 0.3924
v 0.9820 -0.4221 0.4418
v 1.0171 -0.4409 0.4852
v 1.0557 -0.4673 0.5208
v 1.0965 -0.5004 0.5472
v 1.1378 -0.5390 0.5635
v 1.1781 -0.5815 0.5690
v 1.2158 -0.6262 0.5635
v 1.2495 -0.6716 0.5472
v 1.2778 -0.7158 0.5208
v 1.2998 -0.7572 0.4852
v 1.3145 -0.7941 0.4418
v 1.3213 -0.8251 0.3924
v 1.3201 -0.8491 0.3387
v 1.3109 -0.8651 0.2828
v 1.2940 -0.8725 0.2270
v 1.2700 -0.8710 0.1733
v 1.2399 -0.8607 0.1238
v 1.2049 -0.8420 0.0805
v 1.1663 -0.8156 0.0449
v 1.1255 -0.7824 0.0184
v 1.0842 -0.7439 0.0022
v 1.0439 -0.7014 -0.0033
v 1.0062 -0.6566 0.0022
v 0.9725 -0.6112 0.0184
v 0.9441 -0.5670 0.0449
v 0.9222 -0.5257 0.0805
v 0.9075 -0.4887 0.1238
v 0.9006 -0.4577 0.1733
v 0.9018 -0.4337 0.2270
v 0.9111 -0.4177 0.2828
v 0.9755 -0.3503 0.2351
v 0.9922 -0.3386 0.2903
v 1.0173 -0.3347 0.3433
v 1.0498 -0.3386 0.3922
v 1.0884 -0.3501 0.4350
v 1.1316 -0.3689 0.4702
v 1.1778 -0.3942 0.4963
v 1.2253 -0.4250 0.5124
v 1.2721 -0.4602 0.5179
v 1.3164 -0.4984 0.5124
v 1.3567 -0.5382 0.4963
v 1.3913 -0.5779 0.4702
v 1.4189 -0.6161 0.4350
v 1.4384 -0.6514 0.3922
v 1.4492 -0.6822 0.3433
v 1.4507 -0.7076 0.2903
v 1.4429 -0.7265 0.2351
v 1.4261 -0.7381 0.1800
v 1.4010 -0.7420 0.1269
v 1.3686 -0.7382 0.0780
v 1.3300 -0.7266 0.0352
v 1.2867 -0.7078 0.0000
v 1.2405 -0.6825 -0.0261
v 1.1931 -0.6517 -0.0422
v 1.1463 -0.6165 -0.0476
v 1.1019 -0.5783 -0.0422
v 1.0616 -0.5386 -0.0261
v 1.0270 -0.4988 0.0000
v 0.9995 -0.4606 0.0352
v 0.9799 -0.4254 0.0780
v 0.9692 -0.3945 0.1269
v 0.9677 -0.3691 0.1800
v 0.9755 -0.3503 0.2351
v 1.0283 -0.2725 0.1816
v 1.0436 -0.2569 0.2362
v 1.0685 -0.2475 0.2887
v 1.1018 -0.2448 0.3370
v 1.1424 -0.2487 0.3795
v 1.1886 -0.2592 0.4142
v 1.2387 -0.2758 0.4401
v 1.2908 -0.2980 0.4560
v 1.3429 -0.3248 0.4614
v 1.3929 -0.3552 0.4560
v 1.4390 -0.3881 0.4401
v 1.4794 -0.4221 0.4142
v 1.5125 -0.4561 0.3795
v 1.5370 -0.4886 0.3370
v 1.5520 -0.5185 0.2887
v 1.5570 -0.5446 0.2362
v 1.5517 -0.5658 0.1816
v 1.5364 -0.5814 0.1270
v 1.5116 -0.5908 0.0745
v 1.4782 -0.5935 0.0261
v 1.4377 -0.5896 -0.0163
v 1.3914 -0.5791 -0.0511
v 1.3413 -0.5625 -0.0769
v 1.2892 -0.5403 -0.0928
v 1.2371 -0.5135 -0.0982
v 1.1871 -0.4831 -0.0928
v 1.1410 -0.4502 -0.0769
v 1.1006 -0.4162 -0.0511
v 1.0676 -0.3822 -0.0163
v 1.0430 -0.3497 0.0261
v 1.0280 -0.3198 0.0745
v 1.0230 -0.2937 0.1270
v 1.0283 -0.2725 0.1816
v 1.0676 -0.1866 0.1236
v 1.0804 -0.1676 0.1778
v 1.1037 -0.1532 0.2298
v 1.1364 -0.1439 0.2778
v 1.1773 -0.1402 0.3199
v 1.2249 -0.1421 0.3544
v 1.2773 -0.1495 0.3801
v 1.3325 -0.1623 0.3959
v 1.3883 -0.1798 0.4012
v 1.4428 -0.2014 0.3959
v 1.4936 -0.2264 0.3801
v 1.5390 -0.2537 0.3544
v 1.5771 -0.2822 0.3199
v 1.6065 -0.3109 0.2778
v 1.6260 -0.3388 0.2298
v 1.6349 -0.3646 0.1778
v 1.6330 -0.3874 0.1236
v 1.6201 -0.4064 0.0695
v 1.5969 -0.4208 0.0174
v 1.5641 -0.4301 -0.0306
v 1.5232 -0.4338 -0.0727
v 1.4756 -0.4319 -0.1072
v 1.4233 -0.4245 -0.1329
v 1.3681 -0.4118 -0.1486
v 1.3122 -0.3942 -0.1540
v 1.2578 -0.3726 -0.1486
v 1.2069 -0.3476 -0.1329
v 1.1615 -0.3204 -0.1072
v 1.1234 -0.2918 -0.0727
v 1.0940 -0.2631 -0.0306
v 1.0745 -0.2353 0.0174
v 1.0656 -0.2094 0.0695
v 1.0676 -0.1866 0.1236
v 1.0918 -0.0950 0.0626
v 1.1013 -0.0735 0.1165
v 1.1219 -0.0547 0.1683
v 1.1526 -0.0394 0.2160
v 1.1924 -0.0283 0.2579
v 1.2397 -0.0216 0.2922
v 1.2926 -0.0198 0.3178
v 1.3492 -0.0227 0.3335
v 1.4073 -0.0304 0.3388
v 1.4646 -0.0426 0.3335
v 1.5189 -0.0587 0.3178
v 1.5682 -0.0781 0.2922
v 1.6105 -0.1002 0.2579
v 1.6443 -0.1240 0.2160
v 1.6682 -0.1486 0.1683
v 1.6813 -0.1732 0.1165
v 1.6831 -0.1967 0.0626
v 1.6735 -0.2182 0.0087
v 1.6530 -0.2369 -0.0431
v 1.6222 -0.2522 -0.0909
v 1.5825 -0.2634 -0.1327
v 1.5352 -0.2700 -0.1671
v 1.4822 -0.2719 -0.1926
v 1.4257 -0.2689 -0.2083
v 1.3676 -0.2612 -0.2136
v 1.3103 -0.2491 -0.2083
v 1.2560 -0.2330 -0.1926
v 1.2067 -0.2135 -0.1671
v 1.1643 -0.1915 -0.1327
v 1.1306 -0.1677 -0.0909
v 1.1067 -0.1430 -0.0431
v 1.0936 -0.1185 0.0087
v 1.0918 -0.0950 0.0626
v 1.1000 -0.0005 0.0000
v 1.1057 0.0226 0.0538
v 1.1228 0.0448 0.1055
v 1.1505 0.0652 0.1532
v 1.1877 0.0832 0.1950
v 1.2332 0.0980 0.2293
v 1.2850 0.1090 0.2548
v 1.3413 0.1158 0.2704
v 1.3998 0.1182 0.2757
v 1.4583 0.1160 0.2704
v 1.5146 0.1094 0.2548
v 1.5665 0.0985 0.2293
v 1.6120 0.0839 0.1950
v 1.6493 0.0661 0.1532
v 1.6771 0.0457 0.1055
v 1.6942 0.0235 0.0538
v 1.7000 0.0005 0.0000
v 1.6943 -0.0226 -0.0538
v 1.6772 -0.0448 -0.1055
v 1.6495 -0.0652 -0.1532
v 1.6123 -0.0832 -0.1950
v 1.5668 -0.0980 -0.2293
v 1.5150 -0.1090 -0.2548
v 1.4587 -0.1158 -0.2704
v 1.4002 -0.1182 -0.2757
v 1.3417 -0.1160 -0.2704
v 1.2854 -0.1094 -0.2548
v 1.2335 -0.0985 -0.2293
v 1.1880 -0.0839 -0.1950
v 1.1507 -0.0661 -0.1532
v 1.1229 -0.0457 -0.1055
v 1.1058 -0.0235 -0.0538
v 1.1000 -0.0005 0.0000
vt 0.0000 0.0000
vt 0.0000 0.0312
vt 0.0000 0.0625
vt 0.0000 0.0938
vt 0.0000 0.1250
vt 0.0000 0.1562
vt 0.0000 0.1875
vt 0.0000 0.2188
vt 0.0000 0.2500
vt 0.0000 0.2812
vt 0.0000 0.3125
vt 0.0000 0.3438
vt 0.0000 0.3750
vt 0.0000 0.4062
vt 0.0000 0.4375
vt 0.0000 0.4688
vt 0.0000 0.5000
vt 0.0000 0.5312
vt 0.0000 0.5625
vt 0.0000 0.5938
vt 0.0000 0.6250
vt 0.0000 0.6562
vt 0.0000 0.6875
vt 0.0000 0.7188
vt 0.0000 0.7500
vt 0.0000 0.7812
vt 0.0000 0.8125
vt 0.0000 0.8438
vt 0.0000 0.8750
vt 0.0000 0.9062
vt 0.0000 0.9375
vt 0.0000 0.9688
vt 0.0000 1.0000
vt 0.0083 0.0000
vt 0.0083 0.0312
vt 0.0083 0.0625
vt 0.0083 0.0938
vt 0.0083 0.1250
vt 0.0083 0.1562
vt 0.0083 0.1875
vt 0.0083 0.2188
vt 0.0083 0.2500
vt 0.0083 0.2812
vt 0.0083 0.3125
vt 0.0083 0.3438
vt 0.0083 0.3750
vt 0.0083 0.4062
vt 0.0083 0.4375
vt 0.0083 0.4688
vt 0.0083 0.5000
vt 0.0083 0.5312
vt 0.0083 0.5625
vt 0.0083 0.5938
vt 0.0083 0.6250
vt 0.0083 0.6562
vt 0.0083 0.6875
vt 0.0083 0.7188
vt 0.0083 0.7500
vt 0.0083 0.7812
vt 0.0083 0.8125
vt 0.0083 0.8438
vt 0.0083 0.8750
vt 0.0083 0.9062
vt 0.0083 0.9375
vt 0.0083 0.9688
vt 0.0083 1.0000
vt 0.0167 0.0000
vt 0.0167 0.0312
vt 0.0167 0.0625
vt 0.0167 0.0938
vt 0.0167 0.1250
vt 0.0167 0.1562
vt 0.0167 0.1875
vt 0.0167 0.2188
vt 0.0167 0.2500
vt 0.0167 0.2812
vt 0.0167 0.3125
vt 0.0167 0.3438
vt 0.0167 0.3750
vt 0.0167 0.4062
vt 0.0167 0.4375
vt 0.0167 0.4688
vt 0.0167 0.5000
vt 0.0167 0.5312
vt 0.0167 0.5625
vt 0.0167 0.5938
vt 0.0167 0.6250
vt 0.0167 0.6562
vt 0.0167 0.6875
vt 0.0167 0.7188
vt 0.0167 0.7500
vt 0.0167 0.7812
vt 0.0167 0.8125
vt 0.0167 0.8438
vt 0.0167 0.8750
vt 0.0167 0.9062
vt 0.0167 0.9375
vt 0.0167 0.9688
vt 0.0167 1.0000
vt 0.0250 0.0000
vt 0.0250 0.0312
vt 0.0250 0.0625
vt 0.0250 0.0938
vt 0.0250 0.1250
vt 0.0250 0.1562
vt 0.0250 0.1875
vt 0.0250 0.2188
vt 0.0250 0.2500
vt 0.0250 0.2812
vt 0.0250 0.3125
vt 0.0250 0.3438
vt 0.0250 0.3750
vt 0.0250 0.4062
vt 0.0250 0.4375
vt 0.0250 0.4688
vt 0.0250 0.5000
vt 0.0250 0.5312
vt 0.0250 0.5625
vt 0.0250 0.5938
vt 0.0250 0.6250
vt 0.0250 0.6562
vt 0.0250 0.6875
vt 0.0250 0.7188
vt 0.0250 0.7500
vt 0.0250 0.7812
vt 0.0250 0.8125
vt 0.0250 0.8438
vt 0.0250 0.8750
vt 0.0250 0.9062
vt 0.0250 0.9375
vt 0.0250 0.9688
vt 0.0250 1.0000
vt 0.0333 0.0000
vt 0.0333 0.0312
vt 0.0333 0.0625
vt 0.0333 0.0938
vt 0.0333 0.1250
vt 0.0333 0.1562
vt 0.0333 0.1875
vt 0.0333 0.2188
vt 0.0333 0.2500
vt 0.0333 0.2812
vt 0.0333 0.3125
vt 0.0333 0.3438
vt 0.0333 0.3750
vt 0.0333 0.4062
vt 0.0333 0.4375
vt 0.0333 0.4688
vt 0.0333 0.5000
vt 0.0333 0.5312
vt 0.0333 0.5625
vt 0.0333 0.5938
vt 0.0333 0.6250
vt 0.0333 0.6562
vt 0.0333 0.6875
vt 0.0333 0.7188
vt 0.0333 0.7500
vt 0.0333 0.7812
vt 0.0333 0.8125
vt 0.0333 0.8438
vt 0.0333 0.8750
vt 0.0333 0.9062
vt 0.0333 0.9375
vt 0.0333 0.9688
vt 0.0333 1.0000
vt 0.0417 0.0000
vt 0.0417 0.0312
vt 0.0417 0.0625
vt 0.0417 0.0938
vt 0.0417 0.1250
vt 0.0417 0.1562
vt 0.0417 0.1875
vt 0.0417 0.2188
vt 0.0417 0.2500
vt 0.0417 0.2812
vt 0.0417 0.3125
vt 0.0417 0.3438
vt 0.0417 0.3750
vt 0.0417 0.4062
vt 0.0417 0.4375
vt 0.0417 0.4688
vt 0.0417 0.5000
vt 0.0417 0.5312
vt 0.0417 0.5625
vt 0.0417 0.5938
vt 0.0417 0.6250
vt 0.0417 0.6562
vt 0.0417 0.6875
vt 0.0417 0.7188
vt 0.0417 0.7500
vt 0.0417 0.7812
vt 0.0417 0.8125
vt 0.0417 0.8438
vt 0.0417 0.8750
vt 0.0417 0.9062
vt 0.0417 0.9375
vt 0.0417 0.9688
vt 0.0417 1.0000
vt 0.0500 0.0000
vt 0.0500 0.0312
vt 0.0500 0.0625
vt 0.0500 0.0938
vt 0.0500 0.1250
vt 0.0500 0.1562
vt 0.0500 0.1875
vt 0.0500 0.2188
vt 0.0500 0.2500
vt 0.0500 0.2812
vt 0.0500 0.3125
vt 0.0500 0.3438
vt 0.0500 0.3750
vt 0.0500 0.4062
vt 0.0500 0.4375
vt 0.0500 0.4688
vt 0.0500 0.5000
vt 0.0500 0.5312
vt 0.0500 0.5625
vt 0.0500 0.5938
vt 0.0500 0.6250
vt 0.0500 0.6562
vt 0.0500 0.6875
vt 0.0500 0.7188
vt 0.0500 0.7500
vt 0.0500 0.7812
vt 0.0500 0.8125
vt 0.0500 0.8438
vt 0.0500 0.8750
vt 0.0500 0.9062
vt 0.0500 0.9375
vt 0.0500 0.9688
vt 0.0500 1.0000
vt 0.0583 0.0000
vt 0.0583 0.0312
vt 0.0583 0.0625
vt 0.0583 0.0938
vt 0.0583 0.1250
vt 0.0583 0.1562
vt 0.0583 0.1875
vt 0.0583 0.2188
vt 0.0583 0.2500
vt 0.0583 0.2812
vt 0.0583 0.3125
vt 0.0583 0.3438
vt 0.0583 0.3750
vt 0.0583 0.4062
vt 0.0583 0.4375
vt 0.0583 0.4688
vt 0.0583 0.5000
vt 0.0583 0.5312
vt 0.0583 0.5625
vt 0.0583 0.5938
vt 0.0583 0.6250
vt 0.0583 0.6562
vt 0.0583 0.6875
vt 0.0583 0.7188
vt 0.0583 0.7500
vt 0.0583 0.7812
vt 0.0583 0.8125
vt 0.0583 0.8438
vt 0.0583 0.8750
vt 0.0583 0.9062
vt 0.0583 0.9375
vt 0.0583 0.9688
vt 0.0583 1.0000
vt 0.0667 0.0000
vt 0.0667 0.0312
vt 0.0667 0.0625
vt 0.0667 0.0938
vt 0.0667 0.1250
vt 0.0667 0.1562
vt 0.0667 0.1875
vt 0.0667 0.2188
vt 0.0667 0.2500
vt 0.0667 0.2812
vt 0.0667 0.3125
vt 0.0667 0.3438
vt 0.0667 0.3750
vt 0.0667 0.4062
vt 0.0667 0.4375
vt 0.0667 0.4688
vt 0.0667 0.5000
vt 0.0667 0.5312
vt 0.0667 0.5625
vt 0.0667 0.5938
vt 0.0667 0.6250
vt 0.0667 0.6562
vt 0.0667 0.6875
vt 0.0667 0.7188
vt 0.0667 0.7500
vt 0.0667 0.7812
vt 0.0667 0.8125
vt 0.0667 0.8438
vt 0.0667 0.8750
vt 0.0667 0.9062
vt 0.0667 0.9375
vt 0.0667 0.9688
vt 0.0667 1.0000
vt 0.0750 0.0000
vt 0.0750 0.0312
vt 0.0750 0.0625
vt 0.0750 0.0938
vt 0.0750 0.1250
vt 0.0750 0.1562
vt 0.0750 0.1875
vt 0.0750 0.2188
vt 0.0750 0.2500
vt 0.0750 0.2812
vt 0.0750 0.3125
vt 0.0750 0.3438
vt 0.0750 0.3750
vt 0.0750 0.4062
vt 0.0750 0.4375
vt 0.0750 0.4688
vt 0.0750 0.5000
vt 0.0750 0.5312
vt 0.0750 0.5625
vt 0.0750 0.5938
vt 0.0750 0.6250
vt 0.0750 0.6562
vt 0.0750 0.6875
vt 0.0750 0.7188
vt 0.0750 0.7500
vt 0.0750 0.7812
vt 0.0750 0.8125
vt 0.0750 0.8438
vt 0.0750 0.8750
vt 0.0750 0.9062
vt 0.0750 0.9375
vt 0.0750 0.9688
vt 0.0750 1.0000
vt 0.0833 0.0000
vt 0.0833 0.0312
vt 0.0833 0.0625
vt 0.0833 0.0938
vt 0.0833 0.1250
vt 0.0833 0.1562
vt 0.0833 0.1875
vt 0.0833 0.2188
vt 0.0833 0.2500
vt 0.0833 0.2812
vt 0.0833 0.3125
vt 0.0833 0.3438
vt 0.0833 0.3750
vt 0.0833 0.4062
vt 0.0833 0.4375
vt 0.0833 0.4688
vt 0.0833 0.5000
vt 0.0833 0.5312
vt 0.0833 0.5625
vt 0.0833 0.5938
vt 0.0833 0.6250
vt 0.0833 0.6562
vt 0.0833 0.6875
vt 0.0833 0.7188
vt 0.0833 0.7500
vt 0.0833 0.7812
vt 0.0833 0.8125
vt 0.0833 0.8438
vt 0.0833 0.8750
vt 0.0833 0.9062
vt 0.0833 0.9375
vt 0.0833 0.9688
vt 0.0833 1.0000
vt 0.0917 0.0000
vt 0.0917 0.0312
vt 0.0917 0.0625
vt 0.0917 0.0938
vt 0.0917 0.1250
vt 0.0917 0.1562
vt 0.0917 0.1875
vt 0.0917 0.2188
vt 0.0917 0.2500
vt 0.0917 0.2812
vt 0.0917 0.3125
vt 0.0917 0.3438
vt 0.0917 0.3750
vt 0.0917 0.4062
vt 0.0917 0.4375
vt 0.0917 0.4688
vt 0.0917 0.5000
vt 0.0917 0.5312
vt 0.0917 0.5625
vt 0.0917 0.5938
vt 0.0917 0.6250
vt 0.0917 0.6562
vt 0.0917 0.6875
vt 0.0917 0.7188
vt 0.0917 0.7500
vt 0.0917 0.7812
vt 0.0917 0.8125
vt 0.0917 0.8438
vt 0.0917 0.8750
vt 0.0917 0.9062
vt 0.0917 0.9375
vt 0.0917 0.9688
vt 0.0917 1.0000
vt 0.1000 0.0000
vt 0.1000 0.0312
vt 0.1000 0.0625
vt 0.1000 0.0938
vt 0.1000 0.1250
vt 0.1000 0.1562
vt 0.1000 0.1875
vt 0.1000 0.2188
vt 0.1000 0.2500
vt 0.1000 0.2812
vt 0.1000 0.3125
vt 0.1000 0.3438
vt 0.1000 0.3750
vt 0.1000 0.4062
vt 0.1000 0.4375
vt 0.1000 0.4688
vt 0.1000 0.5000
vt 0.1000 0.5312
vt 0.1000 0.5625
vt 0.1000 0.5938
vt 0.1000 0.6250
vt 0.1000 0.6562
vt 0.1000 0.6875
vt 0.1000 0.7188
vt 0.1000 0.7500
vt 0.1000 0.7812
vt 0.1000 0.8125
vt 0.1000 0.8438
vt 0.1000 0.8750
vt 0.1000 0.9062
vt 0.1000 0.9375
vt 0.1000 0.9688
vt 0.1000 1.0000
vt 0.1083 0.0000
vt 0.1083 0.0312
vt 0.1083 0.0625
vt 0.1083 0.0938
vt 0.1083 0.1250
vt 0.1083 0.1562
vt 0.1083 0.1875
vt 0.1083 0.2188
vt 0.1083 0.2500
vt 0.1083 0.2812
vt 0.1083 0.3125
vt 0.1083 0.3438
vt 0.1083 0.3750
vt 0.1083 0.4062
vt 0.1083 0.4375
vt 0.1083 0.4688
vt 0.1083 0.5000
vt 0.1083 0.5312
vt 0.1083 0.5625
vt 0.1083 0.5938
vt 0.1083 0.6250
vt 0.1083 0.6562
vt 0.1083 0.6875
vt 0.1083 0.7188
vt 0.1083 0.7500
vt 0.1083 0.7812
vt 0.1083 0.8125
vt 0.1083 0.8438
vt 0.1083 0.8750
vt 0.1083 0.9062
vt 0.1083 0.9375
vt 0.1083 0.9688
vt 0.1083 1.0000
vt 0.1167 0.0000
vt 0.1167 0.0312
vt 0.1167 0.0625
vt 0.1167 0.0938
vt 0.1167 0.1250
vt 0.1167 0.1562
vt 0.1167 0.1875
vt 0.1167 0.2188
vt 0.1167 0.2500
vt 0.1167 0.2812
vt 0.1167 0.3125
vt 0.1167 0.3438
vt 0.1167 0.3750
vt 0.1167 0.4062
vt 0.1167 0.4375
vt 0.1167 0.4688
vt 0.1167 0.5000
vt 0.1167 0.5312
vt 0.1167 0.5625
vt 0.1167 0.5938
vt 0.1167 0.6250
vt 0.1167 0.6562
vt 0.1167 0.6875
vt 0.1167 0.7188
vt 0.1167 0.7500
vt 0.1167 0.7812
vt 0.1167 0.8125
vt 0.1167 0.8438
vt 0.1167 0.8750
vt 0.1167 0.9062
vt 0.1167 0.9375
vt 0.1167 0.9688
vt 0.1167 1.0000
vt 0.1250 0.0000
vt 0.1250 0.0312
vt 0.1250 0.0625
vt 0.1250 0.0938
vt 0.1250 0.1250
vt 0.1250 0.1562
vt 0.1250 0.1875
vt 0.1250 0.2188
vt 0.1250 0.2500
vt 0.1250 0.2812
vt 0.1250 0.3125
vt 0.1250 0.3438
vt 0.1250 0.3750
vt 0.1250 0.4062
vt 0.1250 0.4375
vt 0.1250 0.4688
vt 0.1250 0.5000
vt 0.1250 0.5312
vt 0.1250 0.5625
vt 0.1250 0.5938
vt 0.1250 0.6250
vt 0.1250 0.6562
vt 0.1250 0.6875
vt 0.1250 0.7188
vt 0.1250 0.7500
vt 0.1250 0.7812
vt 0.1250 0.8125
vt 0.1250 0.8438
vt 0.1250 0.8750
vt 0.1250 0.9062
vt 0.1250 0.9375
vt 0.1250 0.9688
vt 0.1250 1.0000
vt 0.1333 0.0000
vt 0.1333 0.0312
vt 0.1333 0.0625
vt 0.1333 0.0938
vt 0.1333 0.1250
vt 0.1333 0.1562
vt 0.1333 0.1875
vt 0.1333 0.2188
vt 0.1333 0.2500
vt 0.1333 0.2812
vt 0.1333 0.3125
vt 0.1333 0.3438
vt 0.1333 0.3750
vt 0.1333 0.4062
vt 0.1333 0.4375
vt 0.1333 0.4688
vt 0.1333 0.5000
vt 0.1333 0.5312
vt 0.1333 0.5625
vt 0.1333 0.5938
vt 0.1333 0.6250
vt 0.1333 0.6562
vt 0.1333 0.6875
vt 0.1333 0.7188
vt 0.1333 0.7500
vt 0.1333 0.7812
vt 0.1333 0.8125
vt 0.1333 0.8438
vt 0.1333 0.8750
vt 0.1333 0.9062
vt 0.1333 0.9375
vt 0.1333 0.9688
vt 0.1333 1.0000
vt 0.1417 0.0000
vt 0.1417 0.0312
vt 0.1417 0.0625
vt 0.1417 0.0938
vt 0.1417 0.1250
vt 0.1417 0.1562
vt 0.1417 0.1875
vt 0.1417 0.2188
vt 0.1417 0.2500
vt 0.1417 0.2812
vt 0.1417 0.3125
vt 0.1417 0.3438
vt 0.1417 0.3750
vt 0.1417 0.4062
vt 0.1417 0.4375
vt 0.1417 0.4688
vt 0.1417 0.5000
vt 0.1417 0.5312
vt 0.1417 0.5625
vt 0.1417 0.5938
vt 0.1417 0.6250
vt 0.1417 0.6562
vt 0.1417 0.6875
vt 0.1417 0.7188
vt 0.1417 0.7500
vt 0.1417 0.7812
vt 0.1417 0.8125
vt 0.1417 0.8438
vt 0.1417 0.8750
vt 0.1417 0.9062
vt 0.1417 0.9375
vt 0.1417 0.9688
vt 0.1417 1.0000
vt 0.1500 0.0000
vt 0.1500 0.0312
vt 0.1500 0.0625
vt 0.1500 0.0938
vt 0.1500 0.1250
vt 0.1500 0.1562
vt 0.1500 0.1875
vt 0.1500 0.2188
vt 0.1500 0.2500
vt 0.1500 0.2812
vt 0.1500 0.3125
vt 0.1500 0.3438
vt 0.1500 0.3750
vt 0.1500 0.4062
vt 0.1500 0.4375
vt 0.1500 0.4688
vt 0.1500 0.5000
vt 0.1500 0.5312
vt 0.1500 0.5625
vt 0.1500 0.5938
vt 0.1500 0.6250
vt 0.1500 0.6562
vt 0.1500 0.6875
vt 0.1500 0.7188
vt 0.1500 0.7500
vt 0.1500 0.7812
vt 0.1500 0.8125
vt 0.1500 0.8438
vt 0.1500 0.8750
vt 0.1500 0.9062
vt 0.1500 0.9375
vt 0.1500 0.9688
vt 0.1500 1.0000
vt 0.1583 0.0000
vt 0.1583 0.0312
vt 0.1583 0.0625
vt 0.1583 0.0938
vt 0.1583 0.1250
vt 0.1583 0.1562
vt 0.1583 0.1875
vt 0.1583 0.2188
vt 0.1583 0.2500
vt 0.1583 0.2812
vt 0.1583 0.3125
vt 0.1583 0.3438
vt 0.1583 0.3750
vt 0.1583 0.4062
vt 0.1583 0.4375
vt 0.1583 0.4688
vt 0.1583 0.5000
vt 0.1583 0.5312
vt 0.1583 0.5625
vt 0.1583 0.5938
vt 0.1583 0.6250
vt 0.1583 0.6562
vt 0.1583 0.6875
vt 0.1583 0.7188
vt 0.1583 0.7500
vt 0.1583 0.7812
vt 0.1583 0.8125
vt 0.1583 0.8438
vt 0.1583 0.8750
vt 0.1583 0.9062
vt 0.1583 0.9375
vt 0.1583 0.9688
vt 0.1583 1.0000
vt 0.1667 0.0000
vt 0.1667 0.0312
vt 0.1667 0.0625
vt 0.1667 0.0938
vt 0.1667 0.1250
vt 0.1667 0.1562
vt 0.1667 0.1875
vt 0.1667 0.2188
vt 0.1667 0.2500
vt 0.1667 0.2812
vt 0.1667 0.3125
vt 0.1667 0.3438
vt 0.1667 0.3750
vt 0.1667 0.4062
vt 0.1667 0.4375
vt 0.1667 0.4688
vt 0.1667 0.5000
vt 0.1667 0.5312
vt 0.1667 0.5625
vt 0.1667 0.5938
vt 0.1667 0.6250
vt 0.1667 0.6562
vt 0.1667 0.6875
vt 0.1667 0.7188
vt 0.1667 0.7500
vt 0.1667 0.7812
vt 0.1667 0.8125
vt 0.1667 0.8438
vt 0.1667 0.8750
vt 0.1667 0.9062
vt 0.1667 0.9375
vt 0.1667 0.9688
vt 0.1667 1.0000
vt 0.1750 0.0000
vt 0.1750 0.0312
vt 0.1750 0.0625
vt 0.1750 0.0938
vt 0.1750 0.1250
vt 0.1750 0.1562
vt 0.1750 0.1875
vt 0.1750 0.2188
vt 0.1750 0.2500
vt 0.1750 0.2812
vt 0.1750 0.3125
vt 0.1750 0.3438
vt 0.1750 0.3750
vt 0.1750 0.4062
vt 0.1750 0.4375
vt 0.1750 0.4688
vt 0.1750 0.5000
vt 0.1750 0.5312
vt 0.1750 0.5625
vt 0.1750 0.5938
vt 0.1750 0.6250
vt 0.1750 0.6562
vt 0.1750 0.6875
vt 0.1750 0.7188
vt 0.1750 0.7500
vt 0.1750 0.7812
vt 0.1750 0.8125
vt 0.1750 0.8438
vt 0.1750 0.8750
vt 0.1750 0.9062
vt 0.1750 0.9375
vt 0.1750 0.9688
vt 0.1750 1.0000
vt 0.1833 0.0000
vt 0.1833 0.0312
vt 0.1833 0.0625
vt 0.1833 0.0938
vt 0.1833 0.1250
vt 0.1833 0.1562
vt 0.1833 0.1875
vt 0.1833 0.2188
vt 0.1833 0.2500
vt 0.1833 0.2812
vt 0.1833 0.3125
vt 0.1833 0.3438
vt 0.1833 0.3750
vt 0.1833 0.4062
vt 0.1833 0.4375
vt 0.1833 0.4688
vt 0.1833 0.5000
vt 0.1833 0.5312
vt 0.1833 0.5625
vt 0.1833 0.5938
vt 0.1833 0.6250
vt 0.1833 0.6562
vt 0.1833 0.6875
vt 0.1833 0.7188
vt 0.1833 0.7500
vt 0.1833 0.7812
vt 0.1833 0.8125
vt 0.1833 0.8438
vt 0.1833 0.8750
vt 0.1833 0.9062
vt 0.1833 0.9375
vt 0.1833 0.9688
vt 0.1833 1.0000
vt 0.1917 0.0000
vt 0.1917 0.0312
vt 0.1917 0.0625
vt 0.1917 0.0938
vt 0.1917 0.1250
vt 0.1917 0.1562
vt 0.1917 0.1875
vt 0.1917 0.2188
vt 0.1917 0.2500
vt 0.1917 0.2812
vt 0.1917 0.3125
vt 0.1917 0.3438
vt 0.1917 0.3750
vt 0.1917 0.4062
vt 0.1917 0.4375
vt 0.1917 0.4688
vt 0.1917 0.5000
vt 0.1917 0.5312
vt 0.1917 0.5625
vt 0.1917 0.5938
vt 0.1917 0.6250
vt 0.1917 0.6562
vt 0.1917 0.6875
vt 0.1917 0.7188
vt 0.1917 0.7500
vt 0.1917 0.7812
vt 0.1917 0.8125
vt 0.1917 0.8438
vt 0.1917 0.8750
vt 0.1917 0.9062
vt 0.1917 0.9375
vt 0.1917 0.9688
vt 0.1917 1.0000
vt 0.2000 0.0000
vt 0.2000 0.0312
vt 0.2000 0.0625
vt 0.2000 0.0938
vt 0.2000 0.1250
vt 0.2000 0.1562
vt 0.2000 0.1875
vt 0.2000 0.2188
vt 0.2000 0.2500
vt 0.2000 0.2812
vt 0.2000 0.3125
vt 0.2000 0.3438
vt 0.2000 0.3750
vt 0.2000 0.4062
vt 0.2000 0.4375
vt 0.2000 0.4688
vt 0.2000 0.5000
vt 0.2000 0.5312
vt 0.2000 0.5625
vt 0.2000 0.5938
vt 0.2000 0.6250
vt 0.2000 0.6562
vt 0.2000 0.6875
vt 0.2000 0.7188
vt 0.2000 0.7500
vt 0.2000 0.7812
vt 0.2000 0.8125
vt 0.2000 0.8438
vt 0.2000 0.8750
vt 0.2000 0.9062
vt 0.2000 0.9375
vt 0.2000 0.9688
vt 0.2000 1.0000
vt 0.2083 0.0000
vt 0.2083 0.0312
vt 0.2083 0.0625
vt 0.2083 0.0938
vt 0.2083 0.1250
vt 0.2083 0.1562
vt 0.2083 0.1875
vt 0.2083 0.2188
vt 0.2083 0.2500
vt 0.2083 0.2812
vt 0.2083 0.3125
vt 0.2083 0.3438
vt 0.2083 0.3750
vt 0.2083 0.4062
vt 0.2083 0.4375
vt 0.2083 0.4688
vt 0.2083 0.5000
vt 0.2083 0.5312
vt 0.2083 0.5625
vt 0.2083 0.5938
vt 0.2083 0.6250
vt 0.2083 0.6562
vt 0.2083 0.6875
vt 0.2083 0.7188
vt 0.2083 0.7500
vt 0.2083 0.7812
vt 0.2083 0.8125
vt 0.2083 0.8438
vt 0.2083 0.8750
vt 0.2083 0.9062
vt 0.2083 0.9375
vt 0.2083 0.9688
vt 0.2083 1.0000
vt 0.2167 0.0000
vt 0.2167 0.0312
vt 0.2167 0.0625
vt 0.2167 0.0938
vt 0.2167 0.1250
vt 0.2167 0.1562
vt 0.2167 0.1875
vt 0.2167 0.2188
vt 0.2167 0.2500
vt 0.2167 0.2812
vt 0.2167 0.3125
vt 0.2167 0.3438
vt 0.2167 0.3750
vt 0.2167 0.4062
vt 0.2167 0.4375
vt 0.2167 0.4688
vt 0.2167 0.5000
vt 0.2167 0.5312
vt 0.2167 0.5625
vt 0.2167 0.5938
vt 0.2167 0.6250
vt 0.2167 0.6562
vt 0.2167 0.6875
vt 0.2167 0.7188
vt 0.2167 0.7500
vt 0.2167 0.7812
vt 0.2167 0.8125
vt 0.2167 0.8438
vt 0.2167 0.8750
vt 0.2167 0.9062
vt 0.2167 0.9375
vt 0.2167 0.9688
vt 0.2167 1.0000
vt 0.2250 0.0000
vt 0.2250 0.0312
vt 0.2250 0.0625
vt 0.2250 0.0938
vt 0.2250 0.1250
vt 0.2250 0.1562
vt 0.2250 0.1875
vt 0.2250 0.2188
vt 0.2250 0.2500
vt 0.2250 0.2812
vt 0.2250 0.3125
vt 0.2250 0.3438
vt 0.2250 0.3750
vt 0.2250 0.4062
vt 0.2250 0.4375
vt 0.2250 0.4688
vt 0.2250 0.5000
vt 0.2250 0.5312
vt 0.2250 0.5625
vt 0.2250 0.5938
vt 0.2250 0.6250
vt 0.2250 0.6562
vt 0.2250 0.6875
vt 0.2250 0.7188
vt 0.2250 0.7500
vt 0.2250 0.7812
vt 0.2250 0.8125
vt 0.2250 0.8438
vt 0.2250 0.8750
vt 0.2250 0.9062
vt 0.2250 0.9375
vt 0.2250 0.9688
vt 0.2250 1.0000
vt 0.2333 0.0000
vt 0.2333 0.0312
vt 0.2333 0.0625
vt 0.2333 0.0938
vt 0.2333 0.1250
vt 0.2333 0.1562
vt 0.2333 0.1875
vt 0.2333 0.2188
vt 0.2333 0.2500
vt 0.2333 0.2812
vt 0.2333 0.3125
vt 0.2333 0.3438
vt 0.2333 0.3750
vt 0.2333 0.4062
vt 0.2333 0.4375
vt 0.2333 0.4688
vt 0.2333 0.5000
vt 0.2333 0.5312
vt 0.2333 0.5625
vt 0.2333 0.5938
vt 0.2333 0.6250
vt 0.2333 0.6562
vt 0.2333 0.6875
vt 0.2333 0.7188
vt 0.2333 0.7500
vt 0.2333 0.7812
vt 0.2333 0.8125
vt 0.2333 0.8438
vt 0.2333 0.8750
vt 0.2333 0.9062
vt 0.2333 0.9375
vt 0.2333 0.9688
vt 0.2333 1.0000
vt 0.2417 0.0000
vt 0.2417 0.0312
vt 0.2417 0.0625
vt 0.2417 0.0938
vt 0.2417 0.1250
vt 0.2417 0.1562
vt 0.2417 0.1875
vt 0.2417 0.2188
vt 0.2417 0.2500
vt 0.2417 0.2812
vt 0.2417 0.3125
vt 0.2417 0.3438
vt 0.2417 0.3750
vt 0.2417 0.4062
vt 0.2417 0.4375
vt 0.2417 0.4688
vt 0.2417 0.5000
vt 0.2417 0.5312
vt 0.2417 0.5625
vt 0.2417 0.5938
vt 0.2417 0.6250
vt 0.2417 0.6562
vt 0.2417 0.6875
vt 0.2417 0.7188
vt 0.2417 0.7500
vt 0.2417 0.7812
vt 0.2417 0.8125
vt 0.2417 0.8438
vt 0.2417 0.8750
vt 0.2417 0.9062
vt 0.2417 0.9375
vt 0.2417 0.9688
vt 0.2417 1.0000
vt 0.2500 0.0000
vt 0.2500 0.0312
vt 0.2500 0.0625
vt 0.2500 0.0938
vt 0.2500 0.1250
vt 0.2500 0.1562
vt 0.2500 0.1875
vt 0.2500 0.2188
vt 0.2500 0.2500
vt 0.2500 0.2812
vt 0.2500 0.3125
vt 0.2500 0.3438
vt 0.2500 0.3750
vt 0.2500 0.4062
vt 0.2500 0.4375
vt 0.2500 0.4688
vt 0.2500 0.5000
vt 0.2500 0.5312
vt 0.2500 0.5625
vt 0.2500 0.5938
vt 0.2500 0.6250
vt 0.2500 0.6562
vt 0.2500 0.6875
vt 0.2500 0.7188
vt 0.2500 0.7500
vt 0.2500 0.7812
vt 0.2500 0.8125
vt 0.2500 0.8438
vt 0.2500 0.8750
vt 0.2500 0.9062
vt 0.2500 0.9375
vt 0.2500 0.9688
vt 0.2500 1.0000
vt 0.2583 0.0000
vt 0.2583 0.0312
vt 0.2583 0.0625
vt 0.2583 0.0938
vt 0.2583 0.1250
vt 0.2583 0.1562
vt 0.2583 0.1875
vt 0.2583 0.2188
vt 0.2583 0.2500
vt 0.2583 0.2812
vt 0.2583 0.3125
vt 0.2583 0.3438
vt 0.2583 0.3750
vt 0.2583 0.4062
vt 0.2583 0.4375
vt 0.2583 0.4688
vt 0.2583 0.5000
vt 0.2583 0.5312
vt 0.2583 0.5625
vt 0.2583 0.5938
vt 0.2583 0.6250
vt 0.2583 0.6562
vt 0.2583 0.6875
vt 0.2583 0.7188
vt 0.2583 0.7500
vt 0.2583 0.7812
vt 0.2583 0.8125
vt 0.2583 0.8438
vt 0.2583 0.8750
vt 0.2583 0.9062
vt 0.2583 0.9375
vt 0.2583 0.9688
vt 0.2583 1.0000
vt 0.2667 0.0000
vt 0.2667 0.0312
vt 0.2667 0.0625
vt 0.2667 0.0938
vt 0.2667 0.1250
vt 0.2667 0.1562
vt 0.2667 0.1875
vt 0.2667 0.2188
vt 0.2667 0.2500
vt 0.2667 0.2812
vt 0.2667 0.3125
vt 0.2667 0.3438
vt 0.2667 0.3750
vt 0.2667 0.4062
vt 0.2667 0.4375
vt 0.2667 0.4688
vt 0.2667 0.5000
vt 0.2667 0.5312
vt 0.2667 0.5625
vt 0.2667 0.5938
vt 0.2667 0.6250
vt 0.2667 0.6562
vt 0.2667 0.6875
vt 0.2667 0.7188
vt 0.2667 0.7500
vt 0.2667 0.7812
vt 0.2667 0.8125
vt 0.2667 0.8438
vt 0.2667 0.8750
vt 0.2667 0.9062
vt 0.2667 0.9375
vt 0.2667 0.9688
vt 0.2667 1.0000
vt 0.2750 0.0000
vt 0.2750 0.0312
vt 0.2750 0.0625
vt 0.2750 0.0938
vt 0.2750 0.1250
vt 0.2750 0.1562
vt 0.2750 0.1875
vt 0.2750 0.2188
vt 0.2750 0.2500
vt 0.2750 0.2812
vt 0.2750 0.3125
vt 0.2750 0.3438
vt 0.2750 0.3750
vt 0.2750 0.4062
vt 0.2750 0.4375
vt 0.2750 0.4688
vt 0.2750 0.5000
vt 0.2750 0.5312
vt 0.2750 0.5625
vt 0.2750 0.5938
vt 0.2750 0.6250
vt 0.2750 0.6562
vt 0.2750 0.6875
vt 0.2750 0.7188
vt 0.2750 0.7500
vt 0.2750 0.7812
vt 0.2750 0.8125
vt 0.2750 0.8438
vt 0.2750 0.8750
vt 0.2750 0.9062
vt 0.2750 0.9375
vt 0.2750 0.9688
vt 0.2750 1.0000
vt 0.2833 0.0000
vt 0.2833 0.0312
vt 0.2833 0.0625
vt 0.2833 0.0938
vt 0.2833 0.1250
vt 0.2833 0.1562
vt 0.2833 0.1875
vt 0.2833 0.2188
vt 0.2833 0.2500
vt 0.2833 0.2812
vt 0.2833 0.3125
vt 0.2833 0.3438
vt 0.2833 0.3750
vt 0.2833 0.4062
vt 0.2833 0.4375
vt 0.2833 0.4688
vt 0.2833 0.5000
vt 0.2833 0.5312
vt 0.2833 0.5625
vt 0.2833 0.5938
vt 0.2833 0.6250
vt 0.2833 0.6562
vt 0.2833 0.6875
vt 0.2833 0.7188
vt 0.2833 0.7500
vt 0.2833 0.7812
vt 0.2833 0.8125
vt 0.2833 0.8438
vt 0.2833 0.8750
vt 0.2833 0.9062
vt 0.2833 0.9375
vt 0.2833 0.9688
vt 0.2833 1.0000
vt 0.2917 0.0000
vt 0.2917 0.0312
vt 0.2917 0.0625
vt 0.2917 0.0938
vt 0.2917 0.1250
vt 0.2917 0.1562
vt 0.2917 0.1875
vt 0.2917 0.2188
vt 0.2917 0.2500
vt 0.2917 0.2812
vt 0.2917 0.3125
vt 0.2917 0.3438
vt 0.2917 0.3750
vt 0.2917 0.4062
vt 0.2917 0.4375
vt 0.2917 0.4688
vt 0.2917 0.5000
vt 0.2917 0.5312
vt 0.2917 0.5625
vt 0.2917 0.5938
vt 0.2917 0.6250
vt 0.2917 0.6562
vt 0.2917 0.6875
vt 0.2917 0.7188
vt 0.2917 0.7500
vt 0.2917 0.7812
vt 0.2917 0.8125
vt 0.2917 0.8438
vt 0.2917 0.8750
vt 0.2917 0.9062
vt 0.2917 0.9375
vt 0.2917 0.9688
vt 0.2917 1.0000
vt 0.3000 0.0000
vt 0.3000 0.0312
vt 0.3000 0.0625
vt 0.3000 0.0938
vt 0.3000 0.1250
vt 0.3000 0.1562
vt 0.3000 0.1875
vt 0.3000 0.2188
vt 0.3000 0.2500
vt 0.3000 0.2812
vt 0.3000 0.3125
vt 0.3000 0.3438
vt 0.3000 0.3750
vt 0.3000 0.4062
vt 0.3000 0.4375
vt 0.3000 0.4688
vt 0.3000 0.5000
vt 0.3000 0.5312
vt 0.3000 0.5625
vt 0.3000 0.5938
vt 0.3000 0.6250
vt 0.3000 0.6562
vt 0.3000 0.6875
vt 0.3000 0.7188
vt 0.3000 0.7500
vt 0.3000 0.7812
vt 0.3000 0.8125
vt 0.3000 0.8438
vt 0.3000 0.8750
vt 0.3000 0.9062
vt 0.3000 0.9375
vt 0.3000 0.9688
vt 0.3000 1.0000
vt 0.3083 0.0000
vt 0.3083 0.0312
vt 0.3083 0.0625
vt 0.3083 0.0938
vt 0.3083 0.1250
vt 0.3083 0.1562
vt 0.3083 0.1875
vt 0.3083 0.2188
vt 0.3083 0.2500
vt 0.3083 0.2812
vt 0.3083 0.3125
vt 0.3083 0.3438
vt 0.3083 0.3750
vt 0.3083 0.4062
vt 0.3083 0.4375
vt 0.3083 0.4688
vt 0.3083 0.5000
vt 0.3083 0.5312
vt 0.3083 0.5625
vt 0.3083 0.5938
vt 0.3083 0.6250
vt 0.3083 0.6562
vt 0.3083 0.6875
vt 0.3083 0.7188
vt 0.3083 0.7500
vt 0.3083 0.7812
vt 0.3083 0.8125
vt 0.3083 0.8438
vt 0.3083 0.8750
vt 0.3083 0.9062
vt 0.3083 0.9375
vt 0.3083 0.9688
vt 0.3083 1.0000
vt 0.3167 0.0000
vt 0.3167 0.0312
vt 0.3167 0.0625
vt 0.3167 0.0938
vt 0.3167 0.1250
vt 0.3167 0.1562
vt 0.3167 0.1875
vt 0.3167 0.2188
vt 0.3167 0.2500
vt 0.3167 0.2812
vt 0.3167 0.3125
vt 0.3167 0.3438
vt 0.3167 0.3750
vt 0.3167 0.4062
vt 0.3167 0.4375
vt 0.3167 0.4688
vt 0.3167 0.5000
vt 0.3167 0.5312
vt 0.3167 0.5625
vt 0.3167 0.5938
vt 0.3167 0.6250
vt 0.3167 0.6562
vt 0.3167 0.6875
vt 0.3167 0.7188
vt 0.3167 0.7500
vt 0.3167 0.7812
vt 0.3167 0.8125
vt 0.3167 0.8438
vt 0.3167 0.8750
vt 0.3167 0.9062
vt 0.3167 0.9375
vt 0.3167 0.9688
vt 0.3167 1.0000
vt 0.3250 0.0000
vt 0.3250 0.0312
vt 0.3250 0.0625
vt 0.3250 0.0938
vt 0.3250 0.1250
vt 0.3250 0.1562
vt 0.3250 0.1875
vt 0.3250 0.2188
vt 0.3250 0.2500
vt 0.3250 0.2812
vt 0.3250 0.3125
vt 0.3250 0.3438
vt 0.3250 0.3750
vt 0.3250 0.4062
vt 0.3250 0.4375
vt 0.3250 0.4688
vt 0.3250 0.5000
vt 0.3250 0.5312
vt 0.3250 0.5625
vt 0.3250 0.5938
vt 0.3250 0.6250
vt 0.3250 0.6562
vt 0.3250 0.6875
vt 0.3250 0.7188
vt 0.3250 0.7500
vt 0.3250 0.7812
vt 0.3250 0.8125
vt 0.3250 0.8438
vt 0.3250 0.8750
vt 0.3250 0.9062
vt 0.3250 0.9375
vt 0.3250 0.9688
vt 0.3250 1.0000
vt 0.3333 0.0000
vt 0.3333 0.0312
vt 0.3333 0.0625
vt 0.3333 0.0938
vt 0.3333 0.1250
vt 0.3333 0.1562
vt 0.3333 0.1875
vt 0.3333 0.2188
vt 0.3333 0.2500
vt 0.3333 0.2812
vt 0.3333 0.3125
vt 0.3333 0.3438
vt 0.3333 0.3750
vt 0.3333 0.4062
vt 0.3333 0.4375
vt 0.3333 0.4688
vt 0.3333 0.5000
vt 0.3333 0.5312
vt 0.3333 0.5625
vt 0.3333 0.5938
vt 0.3333 0.6250
vt 0.3333 0.6562
vt 0.3333 0.6875
vt 0.3333 0.7188
vt 0.3333 0.7500
vt 0.3333 0.7812
vt 0.3333 0.8125
vt 0.3333 0.8438
vt 0.3333 0.8750
vt 0.3333 0.9062
vt 0.3333 0.9375
vt 0.3333 0.9688
vt 0.3333 1.0000
vt 0.3417 0.0000
vt 0.3417 0.0312
vt 0.3417 0.0625
vt 0.3417 0.0938
vt 0.3417 0.1250
vt 0.3417 0.1562
vt 0.3417 0.1875
vt 0.3417 0.2188
vt 0.3417 0.2500
vt 0.3417 0.2812
vt 0.3417 0.3125
vt 0.3417 0.3438
vt 0.3417 0.3750
vt 0.3417 0.4062
vt 0.3417 0.4375
vt 0.3417 0.4688
vt 0.3417 0.5000
vt 0.3417 0.5312
vt 0.3417 0.5625
vt 0.3417 0.5938
vt 0.3417 0.6250
vt 0.3417 0.6562
vt 0.3417 0.6875
vt 0.3417 0.7188
vt 0.3417 0.7500
vt 0.3417 0.7812
vt 0.3417 0.8125
vt 0.3417 0.8438
vt 0.3417 0.8750
vt 0.3417 0.9062
vt 0.3417 0.9375
vt 0.3417 0.9688
vt 0.3417 1.0000
vt 0.3500 0.0000
vt 0.3500 0.0312
vt 0.3500 0.0625
vt 0.3500 0.0938
vt 0.3500 0.1250
vt 0.3500 0.1562
vt 0.3500 0.1875
vt 0.3500 0.2188
vt 0.3500 0.2500
vt 0.3500 0.2812
vt 0.3500 0.3125
vt 0.3500 0.3438
vt 0.3500 0.3750
vt 0.3500 0.4062
vt 0.3500 0.4375
vt 0.3500 0.4688
vt 0.3500 0.5000
vt 0.3500 0.5312
vt 0.3500 0.5625
vt 0.3500 0.5938
vt 0.3500 0.6250
vt 0.3500 0.6562
vt 0.3500 0.6875
vt 0.3500 0.7188
vt 0.3500 0.7500
vt 0.3500 0.7812
vt 0.3500 0.8125
vt 0.3500 0.8438
vt 0.3500 0.8750
vt 0.3500 0.9062
vt 0.3500 0.9375
vt 0.3500 0.9688
vt 0.3500 1.0000
vt 0.3583 0.0000
vt 0.3583 0.0312
vt 0.3583 0.0625
vt 0.3583 0.0938
vt 0.3583 0.1250
vt 0.3583 0.1562
vt 0.3583 0.1875
vt 0.3583 0.2188
vt 0.3583 0.2500
vt 0.3583 0.2812
vt 0.3583 0.3125
vt 0.3583 0.3438
vt 0.3583 0.3750
vt 0.3583 0.4062
vt 0.3583 0.4375
vt 0.3583 0.4688
vt 0.3583 0.5000
vt 0.3583 0.5312
vt 0.3583 0.5625
vt 0.3583 0.5938
vt 0.3583 0.6250
vt 0.3583 0.6562
vt 0.3583 0.6875
vt 0.3583 0.7188
vt 0.3583 0.7500
vt 0.3583 0.7812
vt 0.3583 0.8125
vt 0.3583 0.8438
vt 0.3583 0.8750
vt 0.3583 0.9062
vt 0.3583 0.9375
vt 0.3583 0.9688
vt 0.3583 1.0000
vt 0.3667 0.0000
vt 0.3667 0.0312
vt 0.3667 0.0625
vt 0.3667 0.0938
vt 0.3667 0.1250
vt 0.3667 0.1562
vt 0.3667 0.1875
vt 0.3667 0.2188
vt 0.3667 0.2500
vt 0.3667 0.2812
vt 0.3667 0.3125
vt 0.3667 0.3438
vt 0.3667 0.3750
vt 0.3667 0.4062
vt 0.3667 0.4375
vt 0.3667 0.4688
vt 0.3667 0.5000
vt 0.3667 0.5312
vt 0.3667 0.5625
vt 0.3667 0.5938
vt 0.3667 0.6250
vt 0.3667 0.6562
vt 0.3667 0.6875
vt 0.3667 0.7188
vt 0.3667 0.7500
vt 0.3667 0.7812
vt 0.3667 0.8125
vt 0.3667 0.8438
vt 0.3667 0.8750
vt 0.3667 0.9062
vt 0.3667 0.9375
vt 0.3667 0.9688
vt 0.3667 1.0000
vt 0.3750 0.0000
vt 0.3750 0.0312
vt 0.3750 0.0625
vt 0.3750 0.0938
vt 0.3750 0.1250
vt 0.3750 0.1562
vt 0.3750 0.1875
vt 0.3750 0.2188
vt 0.3750 0.2500
vt 0.3750 0.2812
vt 0.3750 0.3125
vt 0.3750 0.3438
vt 0.3750 0.3750
vt 0.3750 0.4062
vt 0.3750 0.4375
vt 0.3750 0.4688
vt 0.3750 0.5000
vt 0.3750 0.5312
vt 0.3750 0.5625
vt 0.3750 0.5938
vt 0.3750 0.6250
vt 0.3750 0.6562
vt 0.3750 0.6875
vt 0.3750 0.7188
vt 0.3750 0.7500
vt 0.3750 0.7812
vt 0.3750 0.8125
vt 0.3750 0.8438
vt 0.3750 0.8750
vt 0.3750 0.9062
vt 0.3750 0.9375
vt 0.3750 0.9688
vt 0.3750 1.0000
vt 0.3833 0.0000
vt 0.3833 0.0312
vt 0.3833 0.0625
vt 0.3833 0.0938
vt 0.3833 0.1250
vt 0.3833 0.1562
vt 0.3833 0.1875
vt 0.3833 0.2188
vt 0.3833 0.2500
vt 0.3833 0.2812
vt 0.3833 0.3125
vt 0.3833 0.3438
vt 0.3833 0.3750
vt 0.3833 0.4062
vt 0.3833 0.4375
vt 0.3833 0.4688
vt 0.3833 0.5000
vt 0.3833 0.5312
vt 0.3833 0.5625
vt 0.3833 0.5938
vt 0.3833 0.6250
vt 0.3833 0.6562
vt 0.3833 0.6875
vt 0.3833 0.7188
vt 0.3833 0.7500
vt 0.3833 0.7812
vt 0.3833 0.8125
vt 0.3833 0.8438
vt 0.3833 0.8750
vt 0.3833 0.9062
vt 0.3833 0.9375
vt 0.3833 0.9688
vt 0.3833 1.0000
vt 0.3917 0.0000
vt 0.3917 0.0312
vt 0.3917 0.0625
vt 0.3917 0.0938
vt 0.3917 0.1250
vt 0.3917 0.1562
vt 0.3917 0.1875
vt 0.3917 0.2188
vt 0.3917 0.2500
vt 0.3917 0.2812
vt 0.3917 0.3125
vt 0.3917 0.3438
vt 0.3917 0.3750
vt 0.3917 0.4062
vt 0.3917 0.4375
vt 0.3917 0.4688
vt 0.3917 0.5000
vt 0.3917 0.5312
vt 0.3917 0.5625
vt 0.3917 0.5938
vt 0.3917 0.6250
vt 0.3917 0.6562
vt 0.3917 0.6875
vt 0.3917 0.7188
vt 0.3917 0.7500
vt 0.3917 0.7812
vt 0.3917 0.8125
vt 0.3917 0.8438
vt 0.3917 0.8750
vt 0.3917 0.9062
vt 0.3917 0.9375
vt 0.3917 0.9688
vt 0.3917 1.0000
vt 0.4000 0.0000
vt 0.4000 0.0312
vt 0.4000 0.0625
vt 0.4000 0.0938
vt 0.4000 0.1250
vt 0.4000 0.1562
vt 0.4000 0.1875
vt 0.4000 0.2188
vt 0.4000 0.2500
vt 0.4000 0.2812
vt 0.4000 0.3125
vt 0.4000 0.3438
vt 0.4000 0.3750
vt 0.4000 0.4062
vt 0.4000 0.4375
vt 0.4000 0.4688
vt 0.4000 0.5000
vt 0.4000 0.5312
vt 0.4000 0.5625
vt 0.4000 0.5938
vt 0.4000 0.6250
vt 0.4000 0.6562
vt 0.4000 0.6875
vt 0.4000 0.7188
vt 0.4000 0.7500
vt 0.4000 0.7812
vt 0.4000 0.8125
vt 0.4000 0.8438
vt 0.4000 0.8750
vt 0.4000 0.9062
vt 0.4000 0.9375
vt 0.4000 0.9688
vt 0.4000 1.0000
vt 0.4083 0.0000
vt 0.4083 0.0312
vt 0.4083 0.0625
vt 0.4083 0.0938
vt 0.4083 0.1250
vt 0.4083 0.1562
vt 0.4083 0.1875
vt 0.4083 0.2188
vt 0.4083 0.2500
vt 0.4083 0.2812
vt 0.4083 0.3125
vt 0.4083 0.3438
vt 0.4083 0.3750
vt 0.4083 0.4062
vt 0.4083 0.4375
vt 0.4083 0.4688
vt 0.4083 0.5000
vt 0.4083 0.5312
vt 0.4083 0.5625
vt 0.4083 0.5938
vt 0.4083 0.6250
vt 0.4083 0.6562
vt 0.4083 0.6875
vt 0.4083 0.7188
vt 0.4083 0.7500
vt 0.4083 0.7812
vt 0.4083 0.8125
vt 0.4083 0.8438
vt 0.4083 0.8750
vt 0.4083 0.9062
vt 0.4083 0.9375
vt 0.4083 0.9688
vt 0.4083 1.0000
vt 0.4167 0.0000
vt 0.4167 0.0312
vt 0.4167 0.0625
vt 0.4167 0.0938
vt 0.4167 0.1250
vt 0.4167 0.1562
vt 0.4167 0.1875
vt 0.4167 0.2188
vt 0.4167 0.2500
vt 0.4167 0.2812
vt 0.4167 0.3125
vt 0.4167 0.3438
vt 0.4167 0.3750
vt 0.4167 0.4062
vt 0.4167 0.4375
vt 0.4167 0.4688
vt 0.4167 0.5000
vt 0.4167 0.5312
vt 0.4167 0.5625
vt 0.4167 0.5938
vt 0.4167 0.6250
vt 0.4167 0.6562
vt 0.4167 0.6875
vt 0.4167 0.7188
vt 0.4167 0.7500
vt 0.4167 0.7812
vt 0.4167 0.8125
vt 0.4167 0.8438
vt 0.4167 0.8750
vt 0.4167 0.9062
vt 0.4167 0.9375
vt 0.4167 0.9688
vt 0.4167 1.0000
vt 0.4250 0.0000
vt 0.4250 0.0312
vt 0.4250 0.0625
vt 0.4250 0.0938
vt 0.4250 0.1250
vt 0.4250 0.1562
vt 0.4250 0.1875
vt 0.4250 0.2188
vt 0.4250 0.2500
vt 0.4250 0.2812
vt 0.4250 0.3125
vt 0.4250 0.3438
vt 0.4250 0.3750
vt 0.4250 0.4062
vt 0.4250 0.4375
vt 0.4250 0.4688
vt 0.4250 0.5000
vt 0.4250 0.5312
vt 0.4250 0.5625
vt 0.4250 0.5938
vt 0.4250 0.6250
vt 0.4250 0.6562
vt 0.4250 0.6875
vt 0.4250 0.7188
vt 0.4250 0.7500
vt 0.4250 0.7812
vt 0.4250 0.8125
vt 0.4250 0.8438
vt 0.4250 0.8750
vt 0.4250 0.9062
vt 0.4250 0.9375
vt 0.4250 0.9688
vt 0.4250 1.0000
vt 0.4333 0.0000
vt 0.4333 0.0312
vt 0.4333 0.0625
vt 0.4333 0.0938
vt 0.4333 0.1250
vt 0.4333 0.1562
vt 0.4333 0.1875
vt 0.4333 0.2188
vt 0.4333 0.2500
vt 0.4333 0.2812
vt 0.4333 0.3125
vt 0.4333 0.3438
vt 0.4333 0.3750
vt 0.4333 0.4062
vt 0.4333 0.4375
vt 0.4333 0.4688
vt 0.4333 0.5000
vt 0.4333 0.5312
vt 0.4333 0.5625
vt 0.4333 0.5938
vt 0.4333 0.6250
vt 0.4333 0.6562
vt 0.4333 0.6875
vt 0.4333 0.7188
vt 0.4333 0.7500
vt 0.4333 0.7812
vt 0.4333 0.8125
vt 0.4333 0.8438
vt 0.4333 0.8750
vt 0.4333 0.9062
vt 0.4333 0.9375
vt 0.4333 0.9688
vt 0.4333 1.0000
vt 0.4417 0.0000
vt 0.4417 0.0312
vt 0.4417 0.0625
vt 0.4417 0.0938
vt 0.4417 0.1250
vt 0.4417 0.1562
vt 0.4417 0.1875
vt 0.4417 0.2188
vt 0.4417 0.2500
vt 0.4417 0.2812
vt 0.4417 0.3125
vt 0.4417 0.3438
vt 0.4417 0.3750
vt 0.4417 0.4062
vt 0.4417 0.4375
vt 0.4417 0.4688
vt 0.4417 0.5000
vt 0.4417 0.5312
vt 0.4417 0.5625
vt 0.4417 0.5938
vt 0.4417 0.6250
vt 0.4417 0.6562
vt 0.4417 0.6875
vt 0.4417 0.7188
vt 0.4417 0.7500
vt 0.4417 0.7812
vt 0.4417 0.8125
vt 0.4417 0.8438
vt 0.4417 0.8750
vt 0.4417 0.9062
vt 0.4417 0.9375
vt 0.4417 0.9688
vt 0.4417 1.0000
vt 0.4500 0.0000
vt 0.4500 0.0312
vt 0.4500 0.0625
vt 0.4500 0.0938
vt 0.4500 0.1250
vt 0.4500 0.1562
vt 0.4500 0.1875
vt 0.4500 0.2188
vt 0.4500 0.2500
vt 0.4500 0.2812
vt 0.4500 0.3125
vt 0.4500 0.3438
vt 0.4500 0.3750
vt 0.4500 0.4062
vt 0.4500 0.4375
vt 0.4500 0.4688
vt 0.4500 0.5000
vt 0.4500 0.5312
vt 0.4500 0.5625
vt 0.4500 0.5938
vt 0.4500 0.6250
vt 0.4500 0.6562
vt 0.4500 0.6875
vt 0.4500 0.7188
vt 0.4500 0.7500
vt 0.4500 0.7812
vt 0.4500 0.8125
vt 0.4500 0.8438
vt 0.4500 0.8750
vt 0.4500 0.9062
vt 0.4500 0.9375
vt 0.4500 0.9688
vt 0.4500 1.0000
vt 0.4583 0.0000
vt 0.4583 0.0312
vt 0.4583 0.0625
vt 0.4583 0.0938
vt 0.4583 0.1250
vt 0.4583 0.1562
vt 0.4583 0.1875
vt 0.4583 0.2188
vt 0.4583 0.2500
vt 0.4583 0.2812
vt 0.4583 0.3125
vt 0.4583 0.3438
vt 0.4583 0.3750
vt 0.4583 0.4062
vt 0.4583 0.4375
vt 0.4583 0.4688
vt 0.4583 0.5000
vt 0.4583 0.5312
vt 0.4583 0.5625
vt 0.4583 0.5938
vt 0.4583 0.6250
vt 0.4583 0.6562
vt 0.4583 0.6875
vt 0.4583 0.7188
vt 0.4583 0.7500
vt 0.4583 0.7812
vt 0.4583 0.8125
vt 0.4583 0.8438
vt 0.4583 0.8750
vt 0.4583 0.9062
vt 0.4583 0.9375
vt 0.4583 0.9688
vt 0.4583 1.0000
vt 0.4667 0.0000
vt 0.4667 0.0312
vt 0.4667 0.0625
vt 0.4667 0.0938
vt 0.4667 0.1250
vt 0.4667 0.1562
vt 0.4667 0.1875
vt 0.4667 0.2188
vt 0.4667 0.2500
vt 0.4667 0.2812
vt 0.4667 0.3125
vt 0.4667 0.3438
vt 0.4667 0.3750
vt 0.4667 0.4062
vt 0.4667 0.4375
vt 0.4667 0.4688
vt 0.4667 0.5000
vt 0.4667 0.5312
vt 0.4667 0.5625
vt 0.4667 0.5938
vt 0.4667 0.6250
vt 0.4667 0.6562
vt 0.4667 0.6875
vt 0.4667 0.7188
vt 0.4667 0.7500
vt 0.4667 0.7812
vt 0.4667 0.8125
vt 0.4667 0.8438
vt 0.4667 0.8750
vt 0.4667 0.9062
vt 0.4667 0.9375
vt 0.4667 0.9688
vt 0.4667 1.0000
vt 0.4750 0.0000
vt 0.4750 0.0312
vt 0.4750 0.0625
vt 0.4750 0.0938
vt 0.4750 0.1250
vt 0.4750 0.1562
vt 0.4750 0.1875
vt 0.4750 0.2188
vt 0.4750 0.2500
vt 0.4750 0.2812
vt 0.4750 0.3125
vt 0.4750 0.3438
vt 0.4750 0.3750
vt 0.4750 0.4062
vt 0.4750 0.4375
vt 0.4750 0.4688
vt 0.4750 0.5000
vt 0.4750 0.5312
vt 0.4750 0.5625
vt 0.4750 0.5938
vt 0.4750 0.6250
vt 0.4750 0.6562
vt 0.4750 0.6875
vt 0.4750 0.7188
vt 0.4750 0.7500
vt 0.4750 0.7812
vt 0.4750 0.8125
vt 0.4750 0.8438
vt 0.4750 0.8750
vt 0.4750 0.9062
vt 0.4750 0.9375
vt 0.4750 0.9688
vt 0.4750 1.0000
vt 0.4833 0.0000
vt 0.4833 0.0312
vt 0.4833 0.0625
vt 0.4833 0.0938
vt 0.4833 0.1250
vt 0.4833 0.1562
vt 0.4833 0.1875
vt 0.4833 0.2188
vt 0.4833 0.2500
vt 0.4833 0.2812
vt 0.4833 0.3125
vt 0.4833 0.3438
vt 0.4833 0.3750
vt 0.4833 0.4062
vt 0.4833 0.4375
vt 0.4833 0.4688
vt 0.4833 0.5000
vt 0.4833 0.5312
vt 0.4833 0.5625
vt 0.4833 0.5938
vt 0.4833 0.6250
vt 0.4833 0.6562
vt 0.4833 0.6875
vt 0.4833 0.7188
vt 0.4833 0.7500
vt 0.4833 0.7812
vt 0.4833 0.8125
vt 0.4833 0.8438
vt 0.4833 0.8750
vt 0.4833 0.9062
vt 0.4833 0.9375
vt 0.4833 0.9688
vt 0.4833 1.0000
vt 0.4917 0.0000
vt 0.4917 0.0312
vt 0.4917 0.0625
vt 0.4917 0.0938
vt 0.4917 0.1250
vt 0.4917 0.1562
vt 0.4917 0.1875
vt 0.4917 0.2188
vt 0.4917 0.2500
vt 0.4917 0.2812
vt 0.4917 0.3125
vt 0.4917 0.3438
vt 0.4917 0.3750
vt 0.4917 0.4062
vt 0.4917 0.4375
vt 0.4917 0.4688
vt 0.4917 0.5000
vt 0.4917 0.5312
vt 0.4917 0.5625
vt 0.4917 0.5938
vt 0.4917 0.6250
vt 0.4917 0.6562
vt 0.4917 0.6875
vt 0.4917 0.7188
vt 0.4917 0.7500
vt 0.4917 0.7812
vt 0.4917 0.8125
vt 0.4917 0.8438
vt 0.4917 0.8750
vt 0.4917 0.9062
vt 0.4917 0.9375
vt 0.4917 0.9688
vt 0.4917 1.0000
vt 0.5000 0.0000
vt 0.5000 0.0312
vt 0.5000 0.0625
vt 0.5000 0.0938
vt 0.5000 0.1250
vt 0.5000 0.1562
vt 0.5000 0.1875
vt 0.5000 0.2188
vt 0.5000 0.2500
vt 0.5000 0.2812
vt 0.5000 0.3125
vt 0.5000 0.3438
vt 0.5000 0.3750
vt 0.5000 0.4062
vt 0.5000 0.4375
vt 0.5000 0.4688
vt 0.5000 0.5000
vt 0.5000 0.5312
vt 0.5000 0.5625
vt 0.5000 0.5938
vt 0.5000 0.6250
vt 0.5000 0.6562
vt 0.5000 0.6875
vt 0.5000 0.7188
vt 0.5000 0.7500
vt 0.5000 0.7812
vt 0.5000 0.8125
vt 0.5000 0.8438
vt 0.5000 0.8750
vt 0.5000 0.9062
vt 0.5000 0.9375
vt 0.5000 0.9688
vt 0.5000 1.0000
vt 0.5083 0.0000
vt 0.5083 0.0312
vt 0.5083 0.0625
vt 0.5083 0.0938
vt 0.5083 0.1250
vt 0.5083 0.1562
vt 0.5083 0.1875
vt 0.5083 0.2188
vt 0.5083 0.2500
vt 0.5083 0.2812
vt 0.5083 0.3125
vt 0.5083 0.3438
vt 0.5083 0.3750
vt 0.5083 0.4062
vt 0.5083 0.4375
vt 0.5083 0.4688
vt 0.5083 0.5000
vt 0.5083 0.5312
vt 0.5083 0.5625
vt 0.5083 0.5938
vt 0.5083 0.6250
vt 0.5083 0.6562
vt 0.5083 0.6875
vt 0.5083 0.7188
vt 0.5083 0.7500
vt 0.5083 0.7812
vt 0.5083 0.8125
vt 0.5083 0.8438
vt 0.5083 0.8750
vt 0.5083 0.9062
vt 0.5083 0.9375
vt 0.5083 0.9688
vt 0.5083 1.0000
vt 0.5167 0.0000
vt 0.5167 0.0312
vt 0.5167 0.0625
vt 0.5167 0.0938
vt 0.5167 0.1250
vt 0.5167 0.1562
vt 0.5167 0.1875
vt 0.5167 0.2188
vt 0.5167 0.2500
vt 0.5167 0.2812
vt 0.5167 0.3125
vt 0.5167 0.3438
vt 0.5167 0.3750
vt 0.5167 0.4062
vt 0.5167 0.4375
vt 0.5167 0.4688
vt 0.5167 0.5000
vt 0.5167 0.5312
vt 0.5167 0.5625
vt 0.5167 0.5938
vt 0.5167 0.6250
vt 0.5167 0.6562
vt 0.5167 0.6875
vt 0.5167 0.7188
vt 0.5167 0.7500
vt 0.5167 0.7812
vt 0.5167 0.8125
vt 0.5167 0.8438
vt 0.5167 0.8750
vt 0.5167 0.9062
vt 0.5167 0.9375
vt 0.5167 0.9688
vt 0.5167 1.0000
vt 0.5250 0.0000
vt 0.5250 0.0312
vt 0.5250 0.0625
vt 0.5250 0.0938
vt 0.5250 0.1250
vt 0.5250 0.1562
vt 0.5250 0.1875
vt 0.5250 0.2188
vt 0.5250 0.2500
vt 0.5250 0.2812
vt 0.5250 0.3125
vt 0.5250 0.3438
vt 0.5250 0.3750
vt 0.5250 0.4062
vt 0.5250 0.4375
vt 0.5250 0.4688
vt 0.5250 0.5000
vt 0.5250 0.5312
vt 0.5250 0.5625
vt 0.5250 0.5938
vt 0.5250 0.6250
vt 0.5250 0.6562
vt 0.5250 0.6875
vt 0.5250 0.7188
vt 0.5250 0.7500
vt 0.5250 0.7812
vt 0.5250 0.8125
vt 0.5250 0.8438
vt 0.5250 0.8750
vt 0.5250 0.9062
vt 0.5250 0.9375
vt 0.5250 0.9688
vt 0.5250 1.0000
vt 0.5333 0.0000
vt 0.5333 0.0312
vt 0.5333 0.0625
vt 0.5333 0.0938
vt 0.5333 0.1250
vt 0.5333 0.1562
vt 0.5333 0.1875
vt 0.5333 0.2188
vt 0.5333 0.2500
vt 0.5333 0.2812
vt 0.5333 0.3125
vt 0.5333 0.3438
vt 0.5333 0.3750
vt 0.5333 0.4062
vt 0.5333 0.4375
vt 0.5333 0.4688
vt 0.5333 0.5000
vt 0.5333 0.5312
vt 0.5333 0.5625
vt 0.5333 0.5938
vt 0.5333 0.6250
vt 0.5333 0.6562
vt 0.5333 0.6875
vt 0.5333 0.7188
vt 0.5333 0.7500
vt 0.5333 0.7812
vt 0.5333 0.8125
vt 0.5333 0.8438
vt 0.5333 0.8750
vt 0.5333 0.9062
vt 0.5333 0.9375
vt 0.5333 0.9688
vt 0.5333 1.0000
vt 0.5417 0.0000
vt 0.5417 0.0312
vt 0.5417 0.0625
vt 0.5417 0.0938
vt 0.5417 0.1250
vt 0.5417 0.1562
vt 0.5417 0.1875
vt 0.5417 0.2188
vt 0.5417 0.2500
vt 0.5417 0.2812
vt 0.5417 0.3125
vt 0.5417 0.3438
vt 0.5417 0.3750
vt 0.5417 0.4062
vt 0.5417 0.4375
vt 0.5417 0.4688
vt 0.5417 0.5000
vt 0.5417 0.5312
vt 0.5417 0.5625
vt 0.5417 0.5938
vt 0.5417 0.6250
vt 0.5417 0.6562
vt 0.5417 0.6875
vt 0.5417 0.7188
vt 0.5417 0.7500
vt 0.5417 0.7812
vt 0.5417 0.8125
vt 0.5417 0.8438
vt 0.5417 0.8750
vt 0.5417 0.9062
vt 0.5417 0.9375
vt 0.5417 0.9688
vt 0.5417 1.0000
vt 0.5500 0.0000
vt 0.5500 0.0312
vt 0.5500 0.0625
vt 0.5500 0.0938
vt 0.5500 0.1250
vt 0.5500 0.1562
vt 0.5500 0.1875
vt 0.5500 0.2188
vt 0.5500 0.2500
vt 0.5500 0.2812
vt 0.5500 0.3125
vt 0.5500 0.3438
vt 0.5500 0.3750
vt 0.5500 0.4062
vt 0.5500 0.4375
vt 0.5500 0.4688
vt 0.5500 0.5000
vt 0.5500 0.5312
vt 0.5500 0.5625
vt 0.5500 0.5938
vt 0.5500 0.6250
vt 0.5500 0.6562
vt 0.5500 0.6875
vt 0.5500 0.7188
vt 0.5500 0.7500
vt 0.5500 0.7812
vt 0.5500 0.8125
vt 0.5500 0.8438
vt 0.5500 0.8750
vt 0.5500 0.9062
vt 0.5500 0.9375
vt 0.5500 0.9688
vt 0.5500 1.0000
vt 0.5583 0.0000
vt 0.5583 0.0312
vt 0.5583 0.0625
vt 0.5583 0.0938
vt 0.5583 0.1250
vt 0.5583 0.1562
vt 0.5583 0.1875
vt 0.5583 0.2188
vt 0.5583 0.2500
vt 0.5583 0.2812
vt 0.5583 0.3125
vt 0.5583 0.3438
vt 0.5583 0.3750
vt 0.5583 0.4062
vt 0.5583 0.4375
vt 0.5583 0.4688
vt 0.5583 0.5000
vt 0.5583 0.5312
vt 0.5583 0.5625
vt 0.5583 0.5938
vt 0.5583 0.6250
vt 0.5583 0.6562
vt 0.5583 0.6875
vt 0.5583 0.7188
vt 0.5583 0.7500
vt 0.5583 0.7812
vt 0.5583 0.8125
vt 0.5583 0.8438
vt 0.5583 0.8750
vt 0.5583 0.9062
vt 0.5583 0.9375
vt 0.5583 0.9688
vt 0.5583 1.0000
vt 0.5667 0.0000
vt 0.5667 0.0312
vt 0.5667 0.0625
vt 0.5667 0.0938
vt 0.5667 0.1250
vt 0.5667 0.1562
vt 0.5667 0.1875
vt 0.5667 0.2188
vt 0.5667 0.2500
vt 0.5667 0.2812
vt 0.5667 0.3125
vt 0.5667 0.3438
vt 0.5667 0.3750
vt 0.5667 0.4062
vt 0.5667 0.4375
vt 0.5667 0.4688
vt 0.5667 0.5000
vt 0.5667 0.5312
vt 0.5667 0.5625
vt 0.5667 0.5938
vt 0.5667 0.6250
vt 0.5667 0.6562
vt 0.5667 0.6875
vt 0.5667 0.7188
vt 0.5667 0.7500
vt 0.5667 0.7812
vt 0.5667 0.8125
vt 0.5667 0.8438
vt 0.5667 0.8750
vt 0.5667 0.9062
vt 0.5667 0.9375
vt 0.5667 0.9688
vt 0.5667 1.0000
vt 0.5750 0.0000
vt 0.5750 0.0312
vt 0.5750 0.0625
vt 0.5750 0.0938
vt 0.5750 0.1250
vt 0.5750 0.1562
vt 0.5750 0.1875
vt 0.5750 0.2188
vt 0.5750 0.2500
vt 0.5750 0.2812
vt 0.5750 0.3125
vt 0.5750 0.3438
vt 0.5750 0.3750
vt 0.5750 0.4062
vt 0.5750 0.4375
vt 0.5750 0.4688
vt 0.5750 0.5000
vt 0.5750 0.5312
vt 0.5750 0.5625
vt 0.5750 0.5938
vt 0.5750 0.6250
vt 0.5750 0.6562
vt 0.5750 0.6875
vt 0.5750 0.7188
vt 0.5750 0.7500
vt 0.5750 0.7812
vt 0.5750 0.8125
vt 0.5750 0.8438
vt 0.5750 0.8750
vt 0.5750 0.9062
vt 0.5750 0.9375
vt 0.5750 0.9688
vt 0.5750 1.0000
vt 0.5833 0.0000
vt 0.5833 0.0312
vt 0.5833 0.0625
vt 0.5833 0.0938
vt 0.5833 0.1250
vt 0.5833 0.1562
vt 0.5833 0.1875
vt 0.5833 0.2188
vt 0.5833 0.2500
vt 0.5833 0.2812
vt 0.5833 0.3125
vt 0.5833 0.3438
vt 0.5833 0.3750
vt 0.5833 0.4062
vt 0.5833 0.4375
vt 0.5833 0.4688
vt 0.5833 0.5000
vt 0.5833 0.5312
vt 0.5833 0.5625
vt 0.5833 0.5938
vt 0.5833 0.6250
vt 0.5833 0.6562
vt 0.5833 0.6875
vt 0.5833 0.7188
vt 0.5833 0.7500
vt 0.5833 0.7812
vt 0.5833 0.8125
vt 0.5833 0.8438
vt 0.5833 0.8750
vt 0.5833 0.9062
vt 0.5833 0.9375
vt 0.5833 0.9688
vt 0.5833 1.0000
vt 0.5917 0.0000
vt 0.5917 0.0312
vt 0.5917 0.0625
vt 0.5917 0.0938
vt 0.5917 0.1250
vt 0.5917 0.1562
vt 0.5917 0.1875
vt 0.5917 0.2188
vt 0.5917 0.2500
vt 0.5917 0.2812
vt 0.5917 0.3125
vt 0.5917 0.3438
vt 0.5917 0.3750
vt 0.5917 0.4062
vt 0.5917 0.4375
vt 0.5917 0.4688
vt 0.5917 0.5000
vt 0.5917 0.5312
vt 0.5917 0.5625
vt 0.5917 0.5938
vt 0.5917 0.6250
vt 0.5917 0.6562
vt 0.5917 0.6875
vt 0.5917 0.7188
vt 0.5917 0.7500
vt 0.5917 0.7812
vt 0.5917 0.8125
vt 0.5917 0.8438
vt 0.5917 0.8750
vt 0.5917 0.9062
vt 0.5917 0.9375
vt 0.5917 0.9688
vt 0.5917 1.0000
vt 0.6000 0.0000
vt 0.6000 0.0312
vt 0.6000 0.0625
vt 0.6000 0.0938
vt 0.6000 0.1250
vt 0.6000 0.1562
vt 0.6000 0.1875
vt 0.6000 0.2188
vt 0.6000 0.2500
vt 0.6000 0.2812
vt 0.6000 0.3125
vt 0.6000 0.3438
vt 0.6000 0.3750
vt 0.6000 0.4062
vt 0.6000 0.4375
vt 0.6000 0.4688
vt 0.6000 0.5000
vt 0.6000 0.5312
vt 0.6000 0.5625
vt 0.6000 0.5938
vt 0.6000 0.6250
vt 0.6000 0.6562
vt 0.6000 0.6875
vt 0.6000 0.7188
vt 0.6000 0.7500
vt 0.6000 0.7812
vt 0.6000 0.8125
vt 0.6000 0.8438
vt 0.6000 0.8750
vt 0.6000 0.9062
vt 0.6000 0.9375
vt 0.6000 0.9688
vt 0.6000 1.0000
vt 0.6083 0.0000
vt 0.6083 0.0312
vt 0.6083 0.0625
vt 0.6083 0.0938
vt 0.6083 0.1250
vt 0.6083 0.1562
vt 0.6083 0.1875
vt 0.6083 0.2188
vt 0.6083 0.2500
vt 0.6083 0.2812
vt 0.6083 0.3125
vt 0.6083 0.3438
vt 0.6083 0.3750
vt 0.6083 0.4062
vt 0.6083 0.4375
vt 0.6083 0.4688
vt 0.6083 0.5000
vt 0.6083 0.5312
vt 0.6083 0.5625
vt 0.6083 0.5938
vt 0.6083 0.6250
vt 0.6083 0.6562
vt 0.6083 0.6875
vt 0.6083 0.7188
vt 0.6083 0.7500
vt 0.6083 0.7812
vt 0.6083 0.8125
vt 0.6083 0.8438
vt 0.6083 0.8750
vt 0.6083 0.9062
vt 0.6083 0.9375
vt 0.6083 0.9688
vt 0.6083 1.0000
vt 0.6167 0.0000
vt 0.6167 0.0312
vt 0.6167 0.0625
vt 0.6167 0.0938
vt 0.6167 0.1250
vt 0.6167 0.1562
vt 0.6167 0.1875
vt 0.6167 0.2188
vt 0.6167 0.2500
vt 0.6167 0.2812
vt 0.6167 0.3125
vt 0.6167 0.3438
vt 0.6167 0.3750
vt 0.6167 0.4062
vt 0.6167 0.4375
vt 0.6167 0.4688
vt 0.6167 0.5000
vt 0.6167 0.5312
vt 0.6167 0.5625
vt 0.6167 0.5938
vt 0.6167 0.6250
vt 0.6167 0.6562
vt 0.6167 0.6875
vt 0.6167 0.7188
vt 0.6167 0.7500
vt 0.6167 0.7812
vt 0.6167 0.8125
vt 0.6167 0.8438
vt 0.6167 0.8750
vt 0.6167 0.9062
vt 0.6167 0.9375
vt 0.6167 0.9688
vt 0.6167 1.0000
vt 0.6250 0.0000
vt 0.6250 0.0312
vt 0.6250 0.0625
vt 0.6250 0.0938
vt 0.6250 0.1250
vt 0.6250 0.1562
vt 0.6250 0.1875
vt 0.6250 0.2188
vt 0.6250 0.2500
vt 0.6250 0.2812
vt 0.6250 0.3125
vt 0.6250 0.3438
vt 0.6250 0.3750
vt 0.6250 0.4062
vt 0.6250 0.4375
vt 0.6250 0.4688
vt 0.6250 0.5000
vt 0.6250 0.5312
vt 0.6250 0.5625
vt 0.6250 0.5938
vt 0.6250 0.6250
vt 0.6250 0.6562
vt 0.6250 0.6875
vt 0.6250 0.7188
vt 0.6250 0.7500
vt 0.6250 0.7812
vt 0.6250 0.8125
vt 0.6250 0.8438
vt 0.6250 0.8750
vt 0.6250 0.9062
vt 0.6250 0.9375
vt 0.6250 0.9688
vt 0.6250 1.0000
vt 0.6333 0.0000
vt 0.6333 0.0312
vt 0.6333 0.0625
vt 0.6333 0.0938
vt 0.6333 0.1250
vt 0.6333 0.1562
vt 0.6333 0.1875
vt 0.6333 0.2188
vt 0.6333 0.2500
vt 0.6333 0.2812
vt 0.6333 0.3125
vt 0.6333 0.3438
vt 0.6333 0.3750
vt 0.6333 0.4062
vt 0.6333 0.4375
vt 0.6333 0.4688
vt 0.6333 0.5000
vt 0.6333 0.5312
vt 0.6333 0.5625
vt 0.6333 0.5938
vt 0.6333 0.6250
vt 0.6333 0.6562
vt 0.6333 0.6875
vt 0.6333 0.7188
vt 0.6333 0.7500
vt 0.6333 0.7812
vt 0.6333 0.8125
vt 0.6333 0.8438
vt 0.6333 0.8750
vt 0.6333 0.9062
vt 0.6333 0.9375
vt 0.6333 0.9688
vt 0.6333 1.0000
vt 0.6417 0.0000
vt 0.6417 0.0312
vt 0.6417 0.0625
vt 0.6417 0.0938
vt 0.6417 0.1250
vt 0.6417 0.1562
vt 0.6417 0.1875
vt 0.6417 0.2188
vt 0.6417 0.2500
vt 0.6417 0.2812
vt 0.6417 0.3125
vt 0.6417 0.3438
vt 0.6417 0.3750
vt 0.6417 0.4062
vt 0.6417 0.4375
vt 0.6417 0.4688
vt 0.6417 0.5000
vt 0.6417 0.5312
vt 0.6417 0.5625
vt 0.6417 0.5938
vt 0.6417 0.6250
vt 0.6417 0.6562
vt 0.6417 0.6875
vt 0.6417 0.7188
vt 0.6417 0.7500
vt 0.6417 0.7812
vt 0.6417 0.8125
vt 0.6417 0.8438
vt 0.6417 0.8750
vt 0.6417 0.9062
vt 0.6417 0.9375
vt 0.6417 0.9688
vt 0.6417 1.0000
vt 0.6500 0.0000
vt 0.6500 0.0312
vt 0.6500 0.0625
vt 0.6500 0.0938
vt 0.6500 0.1250
vt 0.6500 0.1562
vt 0.6500 0.1875
vt 0.6500 0.2188
vt 0.6500 0.2500
vt 0.6500 0.2812
vt 0.6500 0.3125
vt 0.6500 0.3438
vt 0.6500 0.3750
vt 0.6500 0.4062
vt 0.6500 0.4375
vt 0.6500 0.4688
vt 0.6500 0.5000
vt 0.6500 0.5312
vt 0.6500 0.5625
vt 0.6500 0.5938
vt 0.6500 0.6250
vt 0.6500 0.6562
vt 0.6500 0.6875
vt 0.6500 0.7188
vt 0.6500 0.7500
vt 0.6500 0.7812
vt 0.6500 0.8125
vt 0.6500 0.8438
vt 0.6500 0.8750
vt 0.6500 0.9062
vt 0.6500 0.9375
vt 0.6500 0.9688
vt 0.6500 1.0000
vt 0.6583 0.0000
vt 0.6583 0.0312
vt 0.6583 0.0625
vt 0.6583 0.0938
vt 0.6583 0.1250
vt 0.6583 0.1562
vt 0.6583 0.1875
vt 0.6583 0.2188
vt 0.6583 0.2500
vt 0.6583 0.2812
vt 0.6583 0.3125
vt 0.6583 0.3438
vt 0.6583 0.3750
vt 0.6583 0.4062
vt 0.6583 0.4375
vt 0.6583 0.4688
vt 0.6583 0.5000
vt 0.6583 0.5312
vt 0.6583 0.5625
vt 0.6583 0.5938
vt 0.6583 0.6250
vt 0.6583 0.6562
vt 0.6583 0.6875
vt 0.6583 0.7188
vt 0.6583 0.7500
vt 0.6583 0.7812
vt 0.6583 0.8125
vt 0.6583 0.8438
vt 0.6583 0.8750
vt 0.6583 0.9062
vt 0.6583 0.9375
vt 0.6583 0.9688
vt 0.6583 1.0000
vt 0.6667 0.0000
vt 0.6667 0.0312
vt 0.6667 0.0625
vt 0.6667 0.0938
vt 0.6667 0.1250
vt 0.6667 0.1562
vt 0.6667 0.1875
vt 0.6667 0.2188
vt 0.6667 0.2500
vt 0.6667 0.2812
vt 0.6667 0.3125
vt 0.6667 0.3438
vt 0.6667 0.3750
vt 0.6667 0.4062
vt 0.6667 0.4375
vt 0.6667 0.4688
vt 0.6667 0.5000
vt 0.6667 0.5312
vt 0.6667 0.5625
vt 0.6667 0.5938
vt 0.6667 0.6250
vt 0.6667 0.6562
vt 0.6667 0.6875
vt 0.6667 0.7188
vt 0.6667 0.7500
vt 0.6667 0.7812
vt 0.6667 0.8125
vt 0.6667 0.8438
vt 0.6667 0.8750
vt 0.6667 0.9062
vt 0.6667 0.9375
vt 0.6667 0.9688
vt 0.6667 1.0000
vt 0.6750 0.0000
vt 0.6750 0.0312
vt 0.6750 0.0625
vt 0.6750 0.0938
vt 0.6750 0.1250
vt 0.6750 0.1562
vt 0.6750 0.1875
vt 0.6750 0.2188
vt 0.6750 0.2500
vt 0.6750 0.2812
vt 0.6750 0.3125
vt 0.6750 0.3438
vt 0.6750 0.3750
vt 0.6750 0.4062
vt 0.6750 0.4375
vt 0.6750 0.4688
vt 0.6750 0.5000
vt 0.6750 0.5312
vt 0.6750 0.5625
vt 0.6750 0.5938
vt 0.6750 0.6250
vt 0.6750 0.6562
vt 0.6750 0.6875
vt 0.6750 0.7188
vt 0.6750 0.7500
vt 0.6750 0.7812
vt 0.6750 0.8125
vt 0.6750 0.8438
vt 0.6750 0.8750
vt 0.6750 0.9062
vt 0.6750 0.9375
vt 0.6750 0.9688
vt 0.6750 1.0000
vt 0.6833 0.0000
vt 0.6833 0.0312
vt 0.6833 0.0625
vt 0.6833 0.0938
vt 0.6833 0.1250
vt 0.6833 0.1562
vt 0.6833 0.1875
vt 0.6833 0.2188
vt 0.6833 0.2500
vt 0.6833 0.2812
vt 0.6833 0.3125
vt 0.6833 0.3438
vt 0.6833 0.3750
vt 0.6833 0.4062
vt 0.6833 0.4375
vt 0.6833 0.4688
vt 0.6833 0.5000
vt 0.6833 0.5312
vt 0.6833 0.5625
vt 0.6833 0.5938
vt 0.6833 0.6250
vt 0.6833 0.6562
vt 0.6833 0.6875
vt 0.6833 0.7188
vt 0.6833 0.7500
vt 0.6833 0.7812
vt 0.6833 0.8125
vt 0.6833 0.8438
vt 0.6833 0.8750
vt 0.6833 0.9062
vt 0.6833 0.9375
vt 0.6833 0.9688
vt 0.6833 1.0000
vt 0.6917 0.0000
vt 0.6917 0.0312
vt 0.6917 0.0625
vt 0.6917 0.0938
vt 0.6917 0.1250
vt 0.6917 0.1562
vt 0.6917 0.1875
vt 0.6917 0.2188
vt 0.6917 0.2500
vt 0.6917 0.2812
vt 0.6917 0.3125
vt 0.6917 0.3438
vt 0.6917 0.3750
vt 0.6917 0.4062
vt 0.6917 0.4375
vt 0.6917 0.4688
vt 0.6917 0.5000
vt 0.6917 0.5312
vt 0.6917 0.5625
vt 0.6917 0.5938
vt 0.6917 0.6250
vt 0.6917 0.6562
vt 0.6917 0.6875
vt 0.6917 0.7188
vt 0.6917 0.7500
vt 0.6917 0.7812
vt 0.6917 0.8125
vt 0.6917 0.8438
vt 0.6917 0.8750
vt 0.6917 0.9062
vt 0.6917 0.9375
vt 0.6917 0.9688
vt 0.6917 1.0000
vt 0.7000 0.0000
vt 0.7000 0.0312
vt 0.7000 0.0625
vt 0.7000 0.0938
vt 0.7000 0.1250
vt 0.7000 0.1562
vt 0.7000 0.1875
vt 0.7000 0.2188
vt 0.7000 0.2500
vt 0.7000 0.2812
vt 0.7000 0.3125
vt 0.7000 0.3438
vt 0.7000 0.3750
vt 0.7000 0.4062
vt 0.7000 0.4375
vt 0.7000 0.4688
vt 0.7000 0.5000
vt 0.7000 0.5312
vt 0.7000 0.5625
vt 0.7000 0.5938
vt 0.7000 0.6250
vt 0.7000 0.6562
vt 0.7000 0.6875
vt 0.7000 0.7188
vt 0.7000 0.7500
vt 0.7000 0.7812
vt 0.7000 0.8125
vt 0.7000 0.8438
vt 0.7000 0.8750
vt 0.7000 0.9062
vt 0.7000 0.9375
vt 0.7000 0.9688
vt 0.7000 1.0000
vt 0.7083 0.0000
vt 0.7083 0.0312
vt 0.7083 0.0625
vt 0.7083 0.0938
vt 0.7083 0.1250
vt 0.7083 0.1562
vt 0.7083 0.1875
vt 0.7083 0.2188
vt 0.7083 0.2500
vt 0.7083 0.2812
vt 0.7083 0.3125
vt 0.7083 0.3438
vt 0.7083 0.3750
vt 0.7083 0.4062
vt 0.7083 0.4375
vt 0.7083 0.4688
vt 0.7083 0.5000
vt 0.7083 0.5312
vt 0.7083 0.5625
vt 0.7083 0.5938
vt 0.7083 0.6250
vt 0.7083 0.6562
vt 0.7083 0.6875
vt 0.7083 0.7188
vt 0.7083 0.7500
vt 0.7083 0.7812
vt 0.7083 0.8125
vt 0.7083 0.8438
vt 0.7083 0.8750
vt 0.7083 0.9062
vt 0.7083 0.9375
vt 0.7083 0.9688
vt 0.7083 1.0000
vt 0.7167 0.0000
vt 0.7167 0.0312
vt 0.7167 0.0625
vt 0.7167 0.0938
vt 0.7167 0.1250
vt 0.7167 0.1562
vt 0.7167 0.1875
vt 0.7167 0.2188
vt 0.7167 0.2500
vt 0.7167 0.2812
vt 0.7167 0.3125
vt 0.7167 0.3438
vt 0.7167 0.3750
vt 0.7167 0.4062
vt 0.7167 0.4375
vt 0.7167 0.4688
vt 0.7167 0.5000
vt 0.7167 0.5312
vt 0.7167 0.5625
vt 0.7167 0.5938
vt 0.7167 0.6250
vt 0.7167 0.6562
vt 0.7167 0.6875
vt 0.7167 0.7188
vt 0.7167 0.7500
vt 0.7167 0.7812
vt 0.7167 0.8125
vt 0.7167 0.8438
vt 0.7167 0.8750
vt 0.7167 0.9062
vt 0.7167 0.9375
vt 0.7167 0.9688
vt 0.7167 1.0000
vt 0.7250 0.0000
vt 0.7250 0.0312
vt 0.7250 0.0625
vt 0.7250 0.0938
vt 0.7250 0.1250
vt 0.7250 0.1562
vt 0.7250 0.1875
vt 0.7250 0.2188
vt 0.7250 0.2500
vt 0.7250 0.2812
vt 0.7250 0.3125
vt 0.7250 0.3438
vt 0.7250 0.3750
vt 0.7250 0.4062
vt 0.7250 0.4375
vt 0.7250 0.4688
vt 0.7250 0.5000
vt 0.7250 0.5312
vt 0.7250 0.5625
vt 0.7250 0.5938
vt 0.7250 0.6250
vt 0.7250 0.6562
vt 0.7250 0.6875
vt 0.7250 0.7188
vt 0.7250 0.7500
vt 0.7250 0.7812
vt 0.7250 0.8125
vt 0.7250 0.8438
vt 0.7250 0.8750
vt 0.7250 0.9062
vt 0.7250 0.9375
vt 0.7250 0.9688
vt 0.7250 1.0000
vt 0.7333 0.0000
vt 0.7333 0.0312
vt 0.7333 0.0625
vt 0.7333 0.0938
vt 0.7333 0.1250
vt 0.7333 0.1562
vt 0.7333 0.1875
vt 0.7333 0.2188
vt 0.7333 0.2500
vt 0.7333 0.2812
vt 0.7333 0.3125
vt 0.7333 0.3438
vt 0.7333 0.3750
vt 0.7333 0.4062
vt 0.7333 0.4375
vt 0.7333 0.4688
vt 0.7333 0.5000
vt 0.7333 0.5312
vt 0.7333 0.5625
vt 0.7333 0.5938
vt 0.7333 0.6250
vt 0.7333 0.6562
vt 0.7333 0.6875
vt 0.7333 0.7188
vt 0.7333 0.7500
vt 0.7333 0.7812
vt 0.7333 0.8125
vt 0.7333 0.8438
vt 0.7333 0.8750
vt 0.7333 0.9062
vt 0.7333 0.9375
vt 0.7333 0.9688
vt 0.7333 1.0000
vt 0.7417 0.0000
vt 0.7417 0.0312
vt 0.7417 0.0625
vt 0.7417 0.0938
vt 0.7417 0.1250
vt 0.7417 0.1562
vt 0.7417 0.1875
vt 0.7417 0.2188
vt 0.7417 0.2500
vt 0.7417 0.2812
vt 0.7417 0.3125
vt 0.7417 0.3438
vt 0.7417 0.3750
vt 0.7417 0.4062
vt 0.7417 0.4375
vt 0.7417 0.4688
vt 0.7417 0.5000
vt 0.7417 0.5312
vt 0.7417 0.5625
vt 0.7417 0.5938
vt 0.7417 0.6250
vt 0.7417 0.6562
vt 0.7417 0.6875
vt 0.7417 0.7188
vt 0.7417 0.7500
vt 0.7417 0.7812
vt 0.7417 0.8125
vt 0.7417 0.8438
vt 0.7417 0.8750
vt 0.7417 0.9062
vt 0.7417 0.9375
vt 0.7417 0.9688
vt 0.7417 1.0000
vt 0.7500 0.0000
vt 0.7500 0.0312
vt 0.7500 0.0625
vt 0.7500 0.0938
vt 0.7500 0.1250
vt 0.7500 0.1562
vt 0.7500 0.1875
vt 0.7500 0.2188
vt 0.7500 0.2500
vt 0.7500 0.2812
vt 0.7500 0.3125
vt 0.7500 0.3438
vt 0.7500 0.3750
vt 0.7500 0.4062
vt 0.7500 0.4375
vt 0.7500 0.4688
vt 0.7500 0.5000
vt 0.7500 0.5312
vt 0.7500 0.5625
vt 0.7500 0.5938
vt 0.7500 0.6250
vt 0.7500 0.6562
vt 0.7500 0.6875
vt 0.7500 0.7188
vt 0.7500 0.7500
vt 0.7500 0.7812
vt 0.7500 0.8125
vt 0.7500 0.8438
vt 0.7500 0.8750
vt 0.7500 0.9062
vt 0.7500 0.9375
vt 0.7500 0.9688
vt 0.7500 1.0000
vt 0.7583 0.0000
vt 0.7583 0.0312
vt 0.7583 0.0625
vt 0.7583 0.0938
vt 0.7583 0.1250
vt 0.7583 0.1562
vt 0.7583 0.1875
vt 0.7583 0.2188
vt 0.7583 0.2500
vt 0.7583 0.2812
vt 0.7583 0.3125
vt 0.7583 0.3438
vt 0.7583 0.3750
vt 0.7583 0.4062
vt 0.7583 0.4375
vt 0.7583 0.4688
vt 0.7583 0.5000
vt 0.7583 0.5312
vt 0.7583 0.5625
vt 0.7583 0.5938
vt 0.7583 0.6250
vt 0.7583 0.6562
vt 0.7583 0.6875
vt 0.7583 0.7188
vt 0.7583 0.7500
vt 0.7583 0.7812
vt 0.7583 0.8125
vt 0.7583 0.8438
vt 0.7583 0.8750
vt 0.7583 0.9062
vt 0.7583 0.9375
vt 0.7583 0.9688
vt 0.7583 1.0000
vt 0.7667 0.0000
vt 0.7667 0.0312
vt 0.7667 0.0625
vt 0.7667 0.0938
vt 0.7667 0.1250
vt 0.7667 0.1562
vt 0.7667 0.1875
vt 0.7667 0.2188
vt 0.7667 0.2500
vt 0.7667 0.2812
vt 0.7667 0.3125
vt 0.7667 0.3438
vt 0.7667 0.3750
vt 0.7667 0.4062
vt 0.7667 0.4375
vt 0.7667 0.4688
vt 0.7667 0.5000
vt 0.7667 0.5312
vt 0.7667 0.5625
vt 0.7667 0.5938
vt 0.7667 0.6250
vt 0.7667 0.6562
vt 0.7667 0.6875
vt 0.7667 0.7188
vt 0.7667 0.7500
vt 0.7667 0.7812
vt 0.7667 0.8125
vt 0.7667 0.8438
vt 0.7667 0.8750
vt 0.7667 0.9062
vt 0.7667 0.9375
vt 0.7667 0.9688
vt 0.7667 1.0000
vt 0.7750 0.0000
vt 0.7750 0.0312
vt 0.7750 0.0625
vt 0.7750 0.0938
vt 0.7750 0.1250
vt 0.7750 0.1562
vt 0.7750 0.1875
vt 0.7750 0.2188
vt 0.7750 0.2500
vt 0.7750 0.2812
vt 0.7750 0.3125
vt 0.7750 0.3438
vt 0.7750 0.3750
vt 0.7750 0.4062
vt 0.7750 0.4375
vt 0.7750 0.4688
vt 0.7750 0.5000
vt 0.7750 0.5312
vt 0.7750 0.5625
vt 0.7750 0.5938
vt 0.7750 0.6250
vt 0.7750 0.6562
vt 0.7750 0.6875
vt 0.7750 0.7188
vt 0.7750 0.7500
vt 0.7750 0.7812
vt 0.7750 0.8125
vt 0.7750 0.8438
vt 0.7750 0.8750
vt 0.7750 0.9062
vt 0.7750 0.9375
vt 0.7750 0.9688
vt 0.7750 1.0000
vt 0.7833 0.0000
vt 0.7833 0.0312
vt 0.7833 0.0625
vt 0.7833 0.0938
vt 0.7833 0.1250
vt 0.7833 0.1562
vt 0.7833 0.1875
vt 0.7833 0.2188
vt 0.7833 0.2500
vt 0.7833 0.2812
vt 0.7833 0.3125
vt 0.7833 0.3438
vt 0.7833 0.3750
vt 0.7833 0.4062
vt 0.7833 0.4375
vt 0.7833 0.4688
vt 0.7833 0.5000
vt 0.7833 0.5312
vt 0.7833 0.5625
vt 0.7833 0.5938
vt 0.7833 0.6250
vt 0.7833 0.6562
vt 0.7833 0.6875
vt 0.7833 0.7188
vt 0.7833 0.7500
vt 0.7833 0.7812
vt 0.7833 0.8125
vt 0.7833 0.8438
vt 0.7833 0.8750
vt 0.7833 0.9062
vt 0.7833 0.9375
vt 0.7833 0.9688
vt 0.7833 1.0000
vt 0.7917 0.0000
vt 0.7917 0.0312
vt 0.7917 0.0625
vt 0.7917 0.0938
vt 0.7917 0.1250
vt 0.7917 0.1562
vt 0.7917 0.1875
vt 0.7917 0.2188
vt 0.7917 0.2500
vt 0.7917 0.2812
vt 0.7917 0.3125
vt 0.7917 0.3438
vt 0.7917 0.3750
vt 0.7917 0.4062
vt 0.7917 0.4375
vt 0.7917 0.4688
vt 0.7917 0.5000
vt 0.7917 0.5312
vt 0.7917 0.5625
vt 0.7917 0.5938
vt 0.7917 0.6250
vt 0.7917 0.6562
vt 0.7917 0.6875
vt 0.7917 0.7188
vt 0.7917 0.7500
vt 0.7917 0.7812
vt 0.7917 0.8125
vt 0.7917 0.8438
vt 0.7917 0.8750
vt 0.7917 0.9062
vt 0.7917 0.9375
vt 0.7917 0.9688
vt 0.7917 1.0000
vt 0.8000 0.0000
vt 0.8000 0.0312
vt 0.8000 0.0625
vt 0.8000 0.0938
vt 0.8000 0.1250
vt 0.8000 0.1562
vt 0.8000 0.1875
vt 0.8000 0.2188
vt 0.8000 0.2500
vt 0.8000 0.2812
vt 0.8000 0.3125
vt 0.8000 0.3438
vt 0.8000 0.3750
vt 0.8000 0.4062
vt 0.8000 0.4375
vt 0.8000 0.4688
vt 0.8000 0.5000
vt 0.8000 0.5312
vt 0.8000 0.5625
vt 0.8000 0.5938
vt 0.8000 0.6250
vt 0.8000 0.6562
vt 0.8000 0.6875
vt 0.8000 0.7188
vt 0.8000 0.7500
vt 0.8000 0.7812
vt 0.8000 0.8125
vt 0.8000 0.8438
vt 0.8000 0.8750
vt 0.8000 0.9062
vt 0.8000 0.9375
vt 0.8000 0.9688
vt 0.8000 1.0000
vt 0.8083 0.0000
vt 0.8083 0.0312
vt 0.8083 0.0625
vt 0.8083 0.0938
vt 0.8083 0.1250
vt 0.8083 0.1562
vt 0.8083 0.1875
vt 0.8083 0.2188
vt 0.8083 0.2500
vt 0.8083 0.2812
vt 0.8083 0.3125
vt 0.8083 0.3438
vt 0.8083 0.3750
vt 0.8083 0.4062
vt 0.8083 0.4375
vt 0.8083 0.4688
vt 0.8083 0.5000
vt 0.8083 0.5312
vt 0.8083 0.5625
vt 0.8083 0.5938
vt 0.8083 0.6250
vt 0.8083 0.6562
vt 0.8083 0.6875
vt 0.8083 0.7188
vt 0.8083 0.7500
vt 0.8083 0.7812
vt 0.8083 0.8125
vt 0.8083 0.8438
vt 0.8083 0.8750
vt 0.8083 0.9062
vt 0.8083 0.9375
vt 0.8083 0.9688
vt 0.8083 1.0000
vt 0.8167 0.0000
vt 0.8167 0.0312
vt 0.8167 0.0625
vt 0.8167 0.0938
vt 0.8167 0.1250
vt 0.8167 0.1562
vt 0.8167 0.1875
vt 0.8167 0.2188
vt 0.8167 0.2500
vt 0.8167 0.2812
vt 0.8167 0.3125
vt 0.8167 0.3438
vt 0.8167 0.3750
vt 0.8167 0.4062
vt 0.8167 0.4375
vt 0.8167 0.4688
vt 0.8167 0.5000
vt 0.8167 0.5312
vt 0.8167 0.5625
vt 0.8167 0.5938
vt 0.8167 0.6250
vt 0.8167 0.6562
vt 0.8167 0.6875
vt 0.8167 0.7188
vt 0.8167 0.7500
vt 0.8167 0.7812
vt 0.8167 0.8125
vt 0.8167 0.8438
vt 0.8167 0.8750
vt 0.8167 0.9062
vt 0.8167 0.9375
vt 0.8167 0.9688
vt 0.8167 1.0000
vt 0.8250 0.0000
vt 0.8250 0.0312
vt 0.8250 0.0625
vt 0.8250 0.0938
vt 0.8250 0.1250
vt 0.8250 0.1562
vt 0.8250 0.1875
vt 0.8250 0.2188
vt 0.8250 0.2500
vt 0.8250 0.2812
vt 0.8250 0.3125
vt 0.8250 0.3438
vt 0.8250 0.3750
vt 0.8250 0.4062
vt 0.8250 0.4375
vt 0.8250 0.4688
vt 0.8250 0.5000
vt 0.8250 0.5312
vt 0.8250 0.5625
vt 0.8250 0.5938
vt 0.8250 0.6250
vt 0.8250 0.6562
vt 0.8250 0.6875
vt 0.8250 0.7188
vt 0.8250 0.7500
vt 0.8250 0.7812
vt 0.8250 0.8125
vt 0.8250 0.8438
vt 0.8250 0.8750
vt 0.8250 0.9062
vt 0.8250 0.9375
vt 0.8250 0.9688
vt 0.8250 1.0000
vt 0.8333 0.0000
vt 0.8333 0.0312
vt 0.8333 0.0625
vt 0.8333 0.0938
vt 0.8333 0.1250
vt 0.8333 0.1562
vt 0.8333 0.1875
vt 0.8333 0.2188
vt 0.8333 0.2500
vt 0.8333 0.2812
vt 0.8333 0.3125
vt 0.8333 0.3438
vt 0.8333 0.3750
vt 0.8333 0.4062
vt 0.8333 0.4375
vt 0.8333 0.4688
vt 0.8333 0.5000
vt 0.8333 0.5312
vt 0.8333 0.5625
vt 0.8333 0.5938
vt 0.8333 0.6250
vt 0.8333 0.6562
vt 0.8333 0.6875
vt 0.8333 0.7188
vt 0.8333 0.7500
vt 0.8333 0.7812
vt 0.8333 0.8125
vt 0.8333 0.8438
vt 0.8333 0.8750
vt 0.8333 0.9062
vt 0.8333 0.9375
vt 0.8333 0.9688
vt 0.8333 1.0000
vt 0.8417 0.0000
vt 0.8417 0.0312
vt 0.8417 0.0625
vt 0.8417 0.0938
vt 0.8417 0.1250
vt 0.8417 0.1562
vt 0.8417 0.1875
vt 0.8417 0.2188
vt 0.8417 0.2500
vt 0.8417 0.2812
vt 0.8417 0.3125
vt 0.8417 0.3438
vt 0.8417 0.3750
vt 0.8417 0.4062
vt 0.8417 0.4375
vt 0.8417 0.4688
vt 0.8417 0.5000
vt 0.8417 0.5312
vt 0.8417 0.5625
vt 0.8417 0.5938
vt 0.8417 0.6250
vt 0.8417 0.6562
vt 0.8417 0.6875
vt 0.8417 0.7188
vt 0.8417 0.7500
vt 0.8417 0.7812
vt 0.8417 0.8125
vt 0.8417 0.8438
vt 0.8417 0.8750
vt 0.8417 0.9062
vt 0.8417 0.9375
vt 0.8417 0.9688
vt 0.8417 1.0000
vt 0.8500 0.0000
vt 0.8500 0.0312
vt 0.8500 0.0625
vt 0.8500 0.0938
vt 0.8500 0.1250
vt 0.8500 0.1562
vt 0.8500 0.1875
vt 0.8500 0.2188
vt 0.8500 0.2500
vt 0.8500 0.2812
vt 0.8500 0.3125
vt 0.8500 0.3438
vt 0.8500 0.3750
vt 0.8500 0.4062
vt 0.8500 0.4375
vt 0.8500 0.4688
vt 0.8500 0.5000
vt 0.8500 0.5312
vt 0.8500 0.5625
vt 0.8500 0.5938
vt 0.8500 0.6250
vt 0.8500 0.6562
vt 0.8500 0.6875
vt 0.8500 0.7188
vt 0.8500 0.7500
vt 0.8500 0.7812
vt 0.8500 0.8125
vt 0.8500 0.8438
vt 0.8500 0.8750
vt 0.8500 0.9062
vt 0.8500 0.9375
vt 0.8500 0.9688
vt 0.8500 1.0000
vt 0.8583 0.0000
vt 0.8583 0.0312
vt 0.8583 0.0625
vt 0.8583 0.0938
vt 0.8583 0.1250
vt 0.8583 0.1562
vt 0.8583 0.1875
vt 0.8583 0.2188
vt 0.8583 0.2500
vt 0.8583 0.2812
vt 0.8583 0.3125
vt 0.8583 0.3438
vt 0.8583 0.3750
vt 0.8583 0.4062
vt 0.8583 0.4375
vt 0.8583 0.4688
vt 0.8583 0.5000
vt 0.8583 0.5312
vt 0.8583 0.5625
vt 0.8583 0.5938
vt 0.8583 0.6250
vt 0.8583 0.6562
vt 0.8583 0.6875
vt 0.8583 0.7188
vt 0.8583 0.7500
vt 0.8583 0.7812
vt 0.8583 0.8125
vt 0.8583 0.8438
vt 0.8583 0.8750
vt 0.8583 0.9062
vt 0.8583 0.9375
vt 0.8583 0.9688
vt 0.8583 1.0000
vt 0.8667 0.0000
vt 0.8667 0.0312
vt 0.8667 0.0625
vt 0.8667 0.0938
vt 0.8667 0.1250
vt 0.8667 0.1562
vt 0.8667 0.1875
vt 0.8667 0.2188
vt 0.8667 0.2500
vt 0.8667 0.2812
vt 0.8667 0.3125
vt 0.8667 0.3438
vt 0.8667 0.3750
vt 0.8667 0.4062
vt 0.8667 0.4375
vt 0.8667 0.4688
vt 0.8667 0.5000
vt 0.8667 0.5312
vt 0.8667 0.5625
vt 0.8667 0.5938
vt 0.8667 0.6250
vt 0.8667 0.6562
vt 0.8667 0.6875
vt 0.8667 0.7188
vt 0.8667 0.7500
vt 0.8667 0.7812
vt 0.8667 0.8125
vt 0.8667 0.8438
vt 0.8667 0.8750
vt 0.8667 0.9062
vt 0.8667 0.9375
vt 0.8667 0.9688
vt 0.8667 1.0000
vt 0.8750 0.0000
vt 0.8750 0.0312
vt 0.8750 0.0625
vt 0.8750 0.0938
vt 0.8750 0.1250
vt 0.8750 0.1562
vt 0.8750 0.1875
vt 0.8750 0.2188
vt 0.8750 0.2500
vt 0.8750 0.2812
vt 0.8750 0.3125
vt 0.8750 0.3438
vt 0.8750 0.3750
vt 0.8750 0.4062
vt 0.8750 0.4375
vt 0.8750 0.4688
vt 0.8750 0.5000
vt 0.8750 0.5312
vt 0.8750 0.5625
vt 0.8750 0.5938
vt 0.8750 0.6250
vt 0.8750 0.6562
vt 0.8750 0.6875
vt 0.8750 0.7188
vt 0.8750 0.7500
vt 0.8750 0.7812
vt 0.8750 0.8125
vt 0.8750 0.8438
vt 0.8750 0.8750
vt 0.8750 0.9062
vt 0.8750 0.9375
vt 0.8750 0.9688
vt 0.8750 1.0000
vt 0.8833 0.0000
vt 0.8833 0.0312
vt 0.8833 0.0625
vt 0.8833 0.0938
vt 0.8833 0.1250
vt 0.8833 0.1562
vt 0.8833 0.1875
vt 0.8833 0.2188
vt 0.8833 0.2500
vt 0.8833 0.2812
vt 0.8833 0.3125
vt 0.8833 0.3438
vt 0.8833 0.3750
vt 0.8833 0.4062
vt 0.8833 0.4375
vt 0.8833 0.4688
vt 0.8833 0.5000
vt 0.8833 0.5312
vt 0.8833 0.5625
vt 0.8833 0.5938
vt 0.8833 0.6250
vt 0.8833 0.6562
vt 0.8833 0.6875
vt 0.8833 0.7188
vt 0.8833 0.7500
vt 0.8833 0.7812
vt 0.8833 0.8125
vt 0.8833 0.8438
vt 0.8833 0.8750
vt 0.8833 0.9062
vt 0.8833 0.9375
vt 0.8833 0.9688
vt 0.8833 1.0000
vt 0.8917 0.0000
vt 0.8917 0.0312
vt 0.8917 0.0625
vt 0.8917 0.0938
vt 0.8917 0.1250
vt 0.8917 0.1562
vt 0.8917 0.1875
vt 0.8917 0.2188
vt 0.8917 0.2500
vt 0.8917 0.2812
vt 0.8917 0.3125
vt 0.8917 0.3438
vt 0.8917 0.3750
vt 0.8917 0.4062
vt 0.8917 0.4375
vt 0.8917 0.4688
vt 0.8917 0.5000
vt 0.8917 0.5312
vt 0.8917 0.5625
vt 0.8917 0.5938
vt 0.8917 0.6250
vt 0.8917 0.6562
vt 0.8917 0.6875
vt 0.8917 0.7188
vt 0.8917 0.7500
vt 0.8917 0.7812
vt 0.8917 0.8125
vt 0.8917 0.8438
vt 0.8917 0.8750
vt 0.8917 0.9062
vt 0.8917 0.9375
vt 0.8917 0.9688
vt 0.8917 1.0000
vt 0.9000 0.0000
vt 0.9000 0.0312
vt 0.9000 0.0625
vt 0.9000 0.0938
vt 0.9000 0.1250
vt 0.9000 0.1562
vt 0.9000 0.1875
vt 0.9000 0.2188
vt 0.9000 0.2500
vt 0.9000 0.2812
vt 0.9000 0.3125
vt 0.9000 0.3438
vt 0.9000 0.3750
vt 0.9000 0.4062
vt 0.9000 0.4375
vt 0.9000 0.4688
vt 0.9000 0.5000
vt 0.9000 0.5312
vt 0.9000 0.5625
vt 0.9000 0.5938
vt 0.9000 0.6250
vt 0.9000 0.6562
vt 0.9000 0.6875
vt 0.9000 0.7188
vt 0.9000 0.7500
vt 0.9000 0.7812
vt 0.9000 0.8125
vt 0.9000 0.8438
vt 0.9000 0.8750
vt 0.9000 0.9062
vt 0.9000 0.9375
vt 0.9000 0.9688
vt 0.9000 1.0000
vt 0.9083 0.0000
vt 0.9083 0.0312
vt 0.9083 0.0625
vt 0.9083 0.0938
vt 0.9083 0.1250
vt 0.9083 0.1562
vt 0.9083 0.1875
vt 0.9083 0.2188
vt 0.9083 0.2500
vt 0.9083 0.2812
vt 0.9083 0.3125
vt 0.9083 0.3438
vt 0.9083 0.3750
vt 0.9083 0.4062
vt 0.9083 0.4375
vt 0.9083 0.4688
vt 0.9083 0.5000
vt 0.9083 0.5312
vt 0.9083 0.5625
vt 0.9083 0.5938
vt 0.9083 0.6250
vt 0.9083 0.6562
vt 0.9083 0.6875
vt 0.9083 0.7188
vt 0.9083 0.7500
vt 0.9083 0.7812
vt 0.9083 0.8125
vt 0.9083 0.8438
vt 0.9083 0.8750
vt 0.9083 0.9062
vt 0.9083 0.9375
vt 0.9083 0.9688
vt 0.9083 1.0000
vt 0.9167 0.0000
vt 0.9167 0.0312
vt 0.9167 0.0625
vt 0.9167 0.0938
vt 0.9167 0.1250
vt 0.9167 0.1562
vt 0.9167 0.1875
vt 0.9167 0.2188
vt 0.9167 0.2500
vt 0.9167 0.2812
vt 0.9167 0.3125
vt 0.9167 0.3438
vt 0.9167 0.3750
vt 0.9167 0.4062
vt 0.9167 0.4375
vt 0.9167 0.4688
vt 0.9167 0.5000
vt 0.9167 0.5312
vt 0.9167 0.5625
vt 0.9167 0.5938
vt 0.9167 0.6250
vt 0.9167 0.6562
vt 0.9167 0.6875
vt 0.9167 0.7188
vt 0.9167 0.7500
vt 0.9167 0.7812
vt 0.9167 0.8125
vt 0.9167 0.8438
vt 0.9167 0.8750
vt 0.9167 0.9062
vt 0.9167 0.9375
vt 0.9167 0.9688
vt 0.9167 1.0000
vt 0.9250 0.0000
vt 0.9250 0.0312
vt 0.9250 0.0625
vt 0.9250 0.0938
vt 0.9250 0.1250
vt 0.9250 0.1562
vt 0.9250 0.1875
vt 0.9250 0.2188
vt 0.9250 0.2500
vt 0.9250 0.2812
vt 0.9250 0.3125
vt 0.9250 0.3438
vt 0.9250 0.3750
vt 0.9250 0.4062
vt 0.9250 0.4375
vt 0.9250 0.4688
vt 0.9250 0.5000
vt 0.9250 0.5312
vt 0.9250 0.5625
vt 0.9250 0.5938
vt 0.9250 0.6250
vt 0.9250 0.6562
vt 0.9250 0.6875
vt 0.9250 0.7188
vt 0.9250 0.7500
vt 0.9250 0.7812
vt 0.9250 0.8125
vt 0.9250 0.8438
vt 0.9250 0.8750
vt 0.9250 0.9062
vt 0.9250 0.9375
vt 0.9250 0.9688
vt 0.9250 1.0000
vt 0.9333 0.0000
vt 0.9333 0.0312
vt 0.9333 0.0625
vt 0.9333 0.0938
vt 0.9333 0.1250
vt 0.9333 0.1562
vt 0.9333 0.1875
vt 0.9333 0.2188
vt 0.9333 0.2500
vt 0.9333 0.2812
vt 0.9333 0.3125
vt 0.9333 0.3438
vt 0.9333 0.3750
vt 0.9333 0.4062
vt 0.9333 0.4375
vt 0.9333 0.4688
vt 0.9333 0.5000
vt 0.9333 0.5312
vt 0.9333 0.5625
vt 0.9333 0.5938
vt 0.9333 0.6250
vt 0.9333 0.6562
vt 0.9333 0.6875
vt 0.9333 0.7188
vt 0.9333 0.7500
vt 0.9333 0.7812
vt 0.9333 0.8125
vt 0.9333 0.8438
vt 0.9333 0.8750
vt 0.9333 0.9062
vt 0.9333 0.9375
vt 0.9333 0.9688
vt 0.9333 1.0000
vt 0.9417 0.0000
vt 0.9417 0.0312
vt 0.9417 0.0625
vt 0.9417 0.0938
vt 0.9417 0.1250
vt 0.9417 0.1562
vt 0.9417 0.1875
vt 0.9417 0.2188
vt 0.9417 0.2500
vt 0.9417 0.2812
vt 0.9417 0.3125
vt 0.9417 0.3438
vt 0.9417 0.3750
vt 0.9417 0.4062
vt 0.9417 0.4375
vt 0.9417 0.4688
vt 0.9417 0.5000
vt 0.9417 0.5312
vt 0.9417 0.5625
vt 0.9417 0.5938
vt 0.9417 0.6250
vt 0.9417 0.6562
vt 0.9417 0.6875
vt 0.9417 0.7188
vt 0.9417 0.7500
vt 0.9417 0.7812
vt 0.9417 0.8125
vt 0.9417 0.8438
vt 0.9417 0.8750
vt 0.9417 0.9062
vt 0.9417 0.9375
vt 0.9417 0.9688
vt 0.9417 1.0000
vt 0.9500 0.0000
vt 0.9500 0.0312
vt 0.9500 0.0625
vt 0.9500 0.0938
vt 0.9500 0.1250
vt 0.9500 0.1562
vt 0.9500 0.1875
vt 0.9500 0.2188
vt 0.9500 0.2500
vt 0.9500 0.2812
vt 0.9500 0.3125
vt 0.9500 0.3438
vt 0.9500 0.3750
vt 0.9500 0.4062
vt 0.9500 0.4375
vt 0.9500 0.4688
vt 0.9500 0.5000
vt 0.9500 0.5312
vt 0.9500 0.5625
vt 0.9500 0.5938
vt 0.9500 0.6250
vt 0.9500 0.6562
vt 0.9500 0.6875
vt 0.9500 0.7188
vt 0.9500 0.7500
vt 0.9500 0.7812
vt 0.9500 0.8125
vt 0.9500 0.8438
vt 0.9500 0.8750
vt 0.9500 0.9062
vt 0.9500 0.9375
vt 0.9500 0.9688
vt 0.9500 1.0000
vt 0.9583 0.0000
vt 0.9583 0.0312
vt 0.9583 0.0625
vt 0.9583 0.0938
vt 0.9583 0.1250
vt 0.9583 0.1562
vt 0.9583 0.1875
vt 0.9583 0.2188
vt 0.9583 0.2500
vt 0.9583 0.2812
vt 0.9583 0.3125
vt 0.9583 0.3438
vt 0.9583 0.3750
vt 0.9583 0.4062
vt 0.9583 0.4375
vt 0.9583 0.4688
vt 0.9583 0.5000
vt 0.9583 0.5312
vt 0.9583 0.5625
vt 0.9583 0.5938
vt 0.9583 0.6250
vt 0.9583 0.6562
vt 0.9583 0.6875
vt 0.9583 0.7188
vt 0.9583 0.7500
vt 0.9583 0.7812
vt 0.9583 0.8125
vt 0.9583 0.8438
vt 0.9583 0.8750
vt 0.9583 0.9062
vt 0.9583 0.9375
vt 0.9583 0.9688
vt 0.9583 1.0000
vt 0.9667 0.0000
vt 0.9667 0.0312
vt 0.9667 0.0625
vt 0.9667 0.0938
vt 0.9667 0.1250
vt 0.9667 0.1562
vt 0.9667 0.1875
vt 0.9667 0.2188
vt 0.9667 0.2500
vt 0.9667 0.2812
vt 0.9667 0.3125
vt 0.9667 0.3438
vt 0.9667 0.3750
vt 0.9667 0.4062
vt 0.9667 0.4375
vt 0.9667 0.4688
vt 0.9667 0.5000
vt 0.9667 0.5312
vt 0.9667 0.5625
vt 0.9667 0.5938
vt 0.9667 0.6250
vt 0.9667 0.6562
vt 0.9667 0.6875
vt 0.9667 0.7188
vt 0.9667 0.7500
vt 0.9667 0.7812
vt 0.9667 0.8125
vt 0.9667 0.8438
vt 0.9667 0.8750
vt 0.9667 0.9062
vt 0.9667 0.9375
vt 0.9667 0.9688
vt 0.9667 1.0000
vt 0.9750 0.0000
vt 0.9750 0.0312
vt 0.9750 0.0625
vt 0.9750 0.0938
vt 0.9750 0.1250
vt 0.9750 0.1562
vt 0.9750 0.1875
vt 0.9750 0.2188
vt 0.9750 0.2500
vt 0.9750 0.2812
vt 0.9750 0.3125
vt 0.9750 0.3438
vt 0.9750 0.3750
vt 0.9750 0.4062
vt 0.9750 0.4375
vt 0.9750 0.4688
vt 0.9750 0.5000
vt 0.9750 0.5312
vt 0.9750 0.5625
vt 0.9750 0.5938
vt 0.9750 0.6250
vt 0.9750 0.6562
vt 0.9750 0.6875
vt 0.9750 0.7188
vt 0.9750 0.7500
vt 0.9750 0.7812
vt 0.9750 0.8125
vt 0.9750 0.8438
vt 0.9750 0.8750
vt 0.9750 0.9062
vt 0.9750 0.9375
vt 0.9750 0.9688
vt 0.9750 1.0000
vt 0.9833 0.0000
vt 0.9833 0.0312
vt 0.9833 0.0625
vt 0.9833 0.0938
vt 0.9833 0.1250
vt 0.9833 0.1562
vt 0.9833 0.1875
vt 0.9833 0.2188
vt 0.9833 0.2500
vt 0.9833 0.2812
vt 0.9833 0.3125
vt 0.9833 0.3438
vt 0.9833 0.3750
vt 0.9833 0.4062
vt 0.9833 0.4375
vt 0.9833 0.4688
vt 0.9833 0.5000
vt 0.9833 0.5312
vt 0.9833 0.5625
vt 0.9833 0.5938
vt 0.9833 0.6250
vt 0.9833 0.6562
vt 0.9833 0.6875
vt 0.9833 0.7188
vt 0.9833 0.7500
vt 0.9833 0.7812
vt 0.9833 0.8125
vt 0.9833 0.8438
vt 0.9833 0.8750
vt 0.9833 0.9062
vt 0.9833 0.9375
vt 0.9833 0.9688
vt 0.9833 1.0000
vt 0.9917 0.0000
vt 0.9917 0.0312
vt 0.9917 0.0625
vt 0.9917 0.0938
vt 0.9917 0.1250
vt 0.9917 0.1562
vt 0.9917 0.1875
vt 0.9917 0.2188
vt 0.9917 0.2500
vt 0.9917 0.2812
vt 0.9917 0.3125
vt 0.9917 0.3438
vt 0.9917 0.3750
vt 0.9917 0.4062
vt 0.9917 0.4375
vt 0.9917 0.4688
vt 0.9917 0.5000
vt 0.9917 0.5312
vt 0.9917 0.5625
vt 0.9917 0.5938
vt 0.9917 0.6250
vt 0.9917 0.6562
vt 0.9917 0.6875
vt 0.9917 0.7188
vt 0.9917 0.7500
vt 0.9917 0.7812
vt 0.9917 0.8125
vt 0.9917 0.8438
vt 0.9917 0.8750
vt 0.9917 0.9062
vt 0.9917 0.9375
vt 0.9917 0.9688
vt 0.9917 1.0000
vt 1.0000 0.0000
vt 1.0000 0.0312
vt 1.0000 0.0625
vt 1.0000 0.0938
vt 1.0000 0.1250
vt 1.0000 0.1562
vt 1.0000 0.1875
vt 1.0000 0.2188
vt 1.0000 0.2500
vt 1.0000 0.2812
vt 1.0000 0.3125
vt 1.0000 0.3438
vt 1.0000 0.3750
vt 1.0000 0.4062
vt 1.0000 0.4375
vt 1.0000 0.4688
vt 1.0000 0.5000
vt 1.0000 0.5312
vt 1.0000 0.5625
vt 1.0000 0.5938
vt 1.0000 0.6250
vt 1.0000 0.6562
vt 1.0000 0.6875
vt 1.0000 0.7188
vt 1.0000 0.7500
vt 1.0000 0.7812
vt 1.0000 0.8125
vt 1.0000 0.8438
vt 1.0000 0.8750
vt 1.0000 0.9062
vt 1.0000 0.9375
vt 1.0000 0.9688
vt 1.0000 1.0000
vn -1.0000 -0.0016 0.0000
vn -0.9809 0.0752 0.1793
vn -0.9241 0.1492 0.3517
vn -0.8318 0.2175 0.5106
vn -0.7076 0.2774 0.6499
vn -0.5561 0.3266 0.7642
vn -0.3833 0.3633 0.8492
vn -0.1957 0.3860 0.9015
vn -0.0006 0.3939 0.9191
vn 0.1945 0.3867 0.9015
vn 0.3821 0.3646 0.8492
vn 0.5550 0.3284 0.7642
vn 0.7066 0.2797 0.6499
vn 0.8311 0.2202 0.5106
vn 0.9236 0.1523 0.3517
vn 0.9807 0.0785 0.1793
vn 1.0000 0.0016 0.0000
vn 0.9809 -0.0752 -0.1793
vn 0.9241 -0.1492 -0.3517
vn 0.8318 -0.2175 -0.5106
vn 0.7076 -0.2774 -0.6499
vn 0.5561 -0.3266 -0.7642
vn 0.3833 -0.3633 -0.8492
vn 0.1957 -0.3860 -0.9015
vn 0.0006 -0.3939 -0.9191
vn -0.1945 -0.3867 -0.9015
vn -0.3821 -0.3646 -0.8492
vn -0.5550 -0.3284 -0.7642
vn -0.7066 -0.2797 -0.6499
vn -0.8311 -0.2202 -0.5106
vn -0.9236 -0.1523 -0.3517
vn -0.9807 -0.0785 -0.1793
vn -1.0000 -0.0016 -0.0000
vn -0.9850 -0.1727 0.0000
vn -0.9792 -0.0944 0.1796
vn -0.9358 -0.0125 0.3524
vn -0.8564 0.0699 0.5115
vn -0.7441 0.1496 0.6511
vn -0.6032 0.2236 0.7656
vn -0.4392 0.2890 0.8507
vn -0.2582 0.3432 0.9031
vn -0.0674 0.3843 0.9207
vn 0.1261 0.4106 0.9031
vn 0.3147 0.4211 0.8507
vn 0.4912 0.4155 0.7656
vn 0.6489 0.3938 0.6511
vn 0.7816 0.3571 0.5115
vn 0.8842 0.3066 0.3524
vn 0.9529 0.2443 0.1796
vn 0.9850 0.1727 0.0000
vn 0.9792 0.0944 -0.1796
vn 0.9358 0.0125 -0.3524
vn 0.8564 -0.0699 -0.5115
vn 0.7441 -0.1496 -0.6511
vn 0.6032 -0.2236 -0.7656
vn 0.4392 -0.2890 -0.8507
vn 0.2582 -0.3432 -0.9031
vn 0.0674 -0.3843 -0.9207
vn -0.1261 -0.4106 -0.9031
vn -0.3147 -0.4211 -0.8507
vn -0.4912 -0.4155 -0.7656
vn -0.6489 -0.3938 -0.6511
vn -0.7816 -0.3571 -0.5115
vn -0.8842 -0.3066 -0.3524
vn -0.9529 -0.2443 -0.1796
vn -0.9850 -0.1727 -0.0000
vn -0.9412 -0.3378 0.0000
vn -0.9481 -0.2617 0.1805
vn -0.9186 -0.1756 0.3541
vn -0.8537 -0.0827 0.5141
vn -0.7561 0.0134 0.6544
vn -0.6294 0.1089 0.7694
vn -0.4785 0.2003 0.8550
vn -0.3092 0.2839 0.9076
vn -0.1280 0.3567 0.9254
vn 0.0581 0.4157 0.9076
vn 0.2419 0.4588 0.8550
vn 0.4165 0.4843 0.7694
vn 0.5750 0.4911 0.6544
vn 0.7115 0.4790 0.5141
vn 0.8206 0.4486 0.3541
vn 0.8982 0.4009 0.1805
vn 0.9412 0.3378 0.0000
vn 0.9481 0.2617 -0.1805
vn 0.9186 0.1756 -0.3541
vn 0.8537 0.0827 -0.5141
vn 0.7561 -0.0134 -0.6544
vn 0.6294 -0.1089 -0.7694
vn 0.4785 -0.2003 -0.8550
vn 0.3092 -0.2839 -0.9076
vn 0.1280 -0.3567 -0.9254
vn -0.0581 -0.4157 -0.9076
vn -0.2419 -0.4588 -0.8550
vn -0.4165 -0.4843 -0.7694
vn -0.5750 -0.4911 -0.6544
vn -0.7115 -0.4790 -0.5141
vn -0.8206 -0.4486 -0.3541
vn -0.8982 -0.4009 -0.1805
vn -0.9412 -0.3378 -0.0000
vn -0.8708 -0.4916 0.0000
vn -0.8886 -0.4210 0.1820
vn -0.8723 -0.3342 0.3570
vn -0.8224 -0.2345 0.5183
vn -0.7410 -0.1258 0.6596
vn -0.6310 -0.0123 0.7756
vn -0.4969 0.1017 0.8619
vn -0.3436 0.2118 0.9149
vn -0.1771 0.3137 0.9329
vn -0.0038 0.4036 0.9149
vn 0.1696 0.4779 0.8619
vn 0.3365 0.5340 0.7756
vn 0.4905 0.5694 0.6596
vn 0.6257 0.5830 0.5183
vn 0.7368 0.5742 0.3570
vn 0.8195 0.5434 0.1820
vn 0.8708 0.4916 0.0000
vn 0.8886 0.4210 -0.1820
vn 0.8723 0.3342 -0.3570
vn 0.8224 0.2345 -0.5183
vn 0.7410 0.1258 -0.6596
vn 0.6310 0.0123 -0.7756
vn 0.4969 -0.1017 -0.8619
vn 0.3436 -0.2118 -0.9149
vn 0.1771 -0.3137 -0.9329
vn 0.0038 -0.4036 -0.9149
vn -0.1696 -0.4779 -0.8619
vn -0.3365 -0.5340 -0.7756
vn -0.4905 -0.5694 -0.6596
vn -0.6257 -0.5830 -0.5183
vn -0.7368 -0.5742 -0.3570
vn -0.8195 -0.5434 -0.1820
vn -0.8708 -0.4916 -0.0000
vn -0.7770 -0.6295 0.0000
vn -0.8031 -0.5668 0.1839
vn -0.7983 -0.4823 0.3607
vn -0.7628 -0.3793 0.5237
vn -0.6980 -0.2617 0.6666
vn -0.6064 -0.1341 0.7838
vn -0.4914 -0.0013 0.8709
vn -0.3576 0.1315 0.9246
vn -0.2101 0.2593 0.9427
vn -0.0544 0.3771 0.9246
vn 0.1033 0.4805 0.8709
vn 0.2570 0.5653 0.7838
vn 0.4009 0.6285 0.6666
vn 0.5294 0.6674 0.5237
vn 0.6375 0.6808 0.3607
vn 0.7211 0.6680 0.1839
vn 0.7770 0.6295 0.0000
vn 0.8031 0.5668 -0.1839
vn 0.7983 0.4823 -0.3607
vn 0.7628 0.3793 -0.5237
vn 0.6980 0.2617 -0.6666
vn 0.6064 0.1341 -0.7838
vn 0.4914 0.0013 -0.8709
vn 0.3576 -0.1315 -0.9246
vn 0.2101 -0.2593 -0.9427
vn 0.0544 -0.3771 -0.9246
vn -0.1033 -0.4805 -0.8709
vn -0.2570 -0.5653 -0.7838
vn -0.4009 -0.6285 -0.6666
vn -0.5294 -0.6674 -0.5237
vn -0.6375 -0.6808 -0.3607
vn -0.7211 -0.6680 -0.1839
vn -0.7770 -0.6295 -0.0000
vn -0.6641 -0.7477 0.0000
vn -0.6950 -0.6945 0.1862
vn -0.6991 -0.6147 0.3652
vn -0.6764 -0.5113 0.5301
vn -0.6278 -0.3882 0.6747
vn -0.5549 -0.2502 0.7934
vn -0.4608 -0.1025 0.8816
vn -0.3490 0.0490 0.9359
vn -0.2237 0.1987 0.9542
vn -0.0899 0.3407 0.9359
vn 0.0475 0.4697 0.8816
vn 0.1829 0.5806 0.7934
vn 0.3114 0.6692 0.6747
vn 0.4279 0.7321 0.5301
vn 0.5279 0.7668 0.3652
vn 0.6077 0.7721 0.1862
vn 0.6641 0.7477 0.0000
vn 0.6950 0.6945 -0.1862
vn 0.6991 0.6147 -0.3652
vn 0.6764 0.5113 -0.5301
vn 0.6278 0.3882 -0.6747
vn 0.5549 0.2502 -0.7934
vn 0.4608 0.1025 -0.8816
vn 0.3490 -0.0490 -0.9359
vn 0.2237 -0.1987 -0.9542
vn 0.0899 -0.3407 -0.9359
vn -0.0475 -0.4697 -0.8816
vn -0.1829 -0.5806 -0.7934
vn -0.3114 -0.6692 -0.6747
vn -0.4279 -0.7321 -0.5301
vn -0.5279 -0.7668 -0.3652
vn -0.6077 -0.7721 -0.1862
vn -0.6641 -0.7477 -0.0000
vn -0.5367 -0.8438 0.0000
vn -0.5686 -0.8007 0.1886
vn -0.5786 -0.7269 0.3699
vn -0.5664 -0.6251 0.5370
vn -0.5325 -0.4993 0.6835
vn -0.4780 -0.3544 0.8037
vn -0.4052 -0.1958 0.8930
vn -0.3169 -0.0297 0.9480
vn -0.2163 0.1376 0.9666
vn -0.1075 0.2996 0.9480
vn 0.0055 0.4500 0.8930
vn 0.1183 0.5832 0.8037
vn 0.2265 0.6939 0.6835
vn 0.3261 0.7780 0.5370
vn 0.4130 0.8322 0.3699
vn 0.4842 0.8544 0.1886
vn 0.5367 0.8438 0.0000
vn 0.5686 0.8007 -0.1886
vn 0.5786 0.7269 -0.3699
vn 0.5664 0.6251 -0.5370
vn 0.5325 0.4993 -0.6835
vn 0.4780 0.3544 -0.8037
vn 0.4052 0.1958 -0.8930
vn 0.3169 0.0297 -0.9480
vn 0.2163 -0.1376 -0.9666
vn 0.1075 -0.2996 -0.9480
vn -0.0055 -0.4500 -0.8930
vn -0.1183 -0.5832 -0.8037
vn -0.2265 -0.6939 -0.6835
vn -0.3261 -0.7780 -0.5370
vn -0.4130 -0.8322 -0.3699
vn -0.4842 -0.8544 -0.1886
vn -0.5367 -0.8438 -0.0000
vn -0.3999 -0.9166 0.0000
vn -0.4289 -0.8829 0.1909
vn -0.4414 -0.8154 0.3746
vn -0.4369 -0.7165 0.5438
vn -0.4157 -0.5901 0.6921
vn -0.3784 -0.4410 0.8138
vn -0.3266 -0.2750 0.9043
vn -0.2623 -0.0984 0.9600
vn -0.1879 0.0820 0.9788
vn -0.1063 0.2592 0.9600
vn -0.0206 0.4265 0.9043
vn 0.0659 0.5774 0.8138
vn 0.1499 0.7061 0.6921
vn 0.2281 0.8076 0.5438
vn 0.2976 0.8782 0.3746
vn 0.3556 0.9149 0.1909
vn 0.3999 0.9166 0.0000
vn 0.4289 0.8829 -0.1909
vn 0.4414 0.8154 -0.3746
vn 0.4369 0.7165 -0.5438
vn 0.4157 0.5901 -0.6921
vn 0.3784 0.4410 -0.8138
vn 0.3266 0.2750 -0.9043
vn 0.2623 0.0984 -0.9600
vn 0.1879 -0.0820 -0.9788
vn 0.1063 -0.2592 -0.9600
vn 0.0206 -0.4265 -0.9043
vn -0.0659 -0.5774 -0.8138
vn -0.1499 -0.7061 -0.6921
vn -0.2281 -0.8076 -0.5438
vn -0.2976 -0.8782 -0.3746
vn -0.3556 -0.9149 -0.1909
vn -0.3999 -0.9166 -0.0000
vn -0.2587 -0.9659 0.0000
vn -0.2811 -0.9401 0.1930
vn -0.2926 -0.8781 0.3786
vn -0.2929 -0.7823 0.5497
vn -0.2820 -0.6565 0.6996
vn -0.2602 -0.5055 0.8227
vn -0.2284 -0.3350 0.9141
vn -0.1878 -0.1517 0.9704
vn -0.1400 0.0375 0.9894
vn -0.0868 0.2252 0.9704
vn -0.0303 0.4043 0.9141
vn 0.0273 0.5678 0.8227
vn 0.0840 0.7095 0.6996
vn 0.1374 0.8240 0.5497
vn 0.1855 0.9068 0.3786
vn 0.2265 0.9547 0.1930
vn 0.2587 0.9659 0.0000
vn 0.2811 0.9401 -0.1930
vn 0.2926 0.8781 -0.3786
vn 0.2929 0.7823 -0.5497
vn 0.2820 0.6565 -0.6996
vn 0.2602 0.5055 -0.8227
vn 0.2284 0.3350 -0.9141
vn 0.1878 0.1517 -0.9704
vn 0.1400 -0.0375 -0.9894
vn 0.0868 -0.2252 -0.9704
vn 0.0303 -0.4043 -0.9141
vn -0.0273 -0.5678 -0.8227
vn -0.0840 -0.7095 -0.6996
vn -0.1374 -0.8240 -0.5497
vn -0.1855 -0.9068 -0.3786
vn -0.2265 -0.9547 -0.1930
vn -0.2587 -0.9659 -0.0000
vn -0.1180 -0.9930 0.0000
vn -0.1305 -0.9722 0.1945
vn -0.1379 -0.9140 0.3816
vn -0.1401 -0.8207 0.5540
vn -0.1369 -0.6958 0.7050
vn -0.1285 -0.5442 0.8291
vn -0.1151 -0.3717 0.9212
vn -0.0972 -0.1849 0.9779
vn -0.0757 0.0090 0.9971
vn -0.0512 0.2025 0.9779
vn -0.0248 0.3883 0.9212
vn 0.0026 0.5592 0.8291
vn 0.0299 0.7085 0.7050
vn 0.0560 0.8307 0.5540
vn 0.0800 0.9209 0.3816
vn 0.1009 0.9757 0.1945
vn 0.1180 0.9930 0.0000
vn 0.1305 0.9722 -0.1945
vn 0.1379 0.9140 -0.3816
vn 0.1401 0.8207 -0.5540
vn 0.1369 0.6958 -0.7050
vn 0.1285 0.5442 -0.8291
vn 0.1151 0.3717 -0.9212
vn 0.0972 0.1849 -0.9779
vn 0.0757 -0.0090 -0.9971
vn 0.0512 -0.2025 -0.9779
vn 0.0248 -0.3883 -0.9212
vn -0.0026 -0.5592 -0.8291
vn -0.0299 -0.7085 -0.7050
vn -0.0560 -0.8307 -0.5540
vn -0.0800 -0.9209 -0.3816
vn -0.1009 -0.9757 -0.1945
vn -0.1180 -0.9930 -0.0000
vn 0.0181 -0.9998 0.0000
vn 0.0179 -0.9806 0.1951
vn 0.0170 -0.9237 0.3827
vn 0.0155 -0.8313 0.5556
vn 0.0133 -0.7070 0.7071
vn 0.0107 -0.5555 0.8315
vn 0.0076 -0.3826 0.9239
vn 0.0043 -0.1950 0.9808
vn 0.0008 0.0000 1.0000
vn -0.0028 0.1951 0.9808
vn -0.0062 0.3826 0.9239
vn -0.0094 0.5555 0.8315
vn -0.0122 0.7070 0.7071
vn -0.0146 0.8313 0.5556
vn -0.0164 0.9237 0.3827
vn -0.0176 0.9806 0.1951
vn -0.0181 0.9998 0.0000
vn -0.0179 0.9806 -0.1951
vn -0.0170 0.9237 -0.3827
vn -0.0155 0.8313 -0.5556
vn -0.0133 0.7070 -0.7071
vn -0.0107 0.5555 -0.8315
vn -0.0076 0.3826 -0.9239
vn -0.0043 0.1950 -0.9808
vn -0.0008 -0.0000 -1.0000
vn 0.0028 -0.1951 -0.9808
vn 0.0062 -0.3826 -0.9239
vn 0.0094 -0.5555 -0.8315
vn 0.0122 -0.7070 -0.7071
vn 0.0146 -0.8313 -0.5556
vn 0.0164 -0.9237 -0.3827
vn 0.0176 -0.9806 -0.1951
vn 0.0181 -0.9998 -0.0000
vn 0.1455 -0.9894 0.0000
vn 0.1592 -0.9679 0.1944
vn 0.1667 -0.9093 0.3813
vn 0.1678 -0.8157 0.5536
vn 0.1625 -0.6908 0.7045
vn 0.1509 -0.5394 0.8284
vn 0.1335 -0.3672 0.9205
vn 0.1110 -0.1809 0.9772
vn 0.0843 0.0124 0.9964
vn 0.0543 0.2052 0.9772
vn 0.0222 0.3901 0.9205
vn -0.0108 0.5600 0.8284
vn -0.0433 0.7083 0.7045
vn -0.0742 0.8295 0.5536
vn -0.1022 0.9188 0.3813
vn -0.1263 0.9728 0.1944
vn -0.1455 0.9894 0.0000
vn -0.1592 0.9679 -0.1944
vn -0.1667 0.9093 -0.3813
vn -0.1678 0.8157 -0.5536
vn -0.1625 0.6908 -0.7045
vn -0.1509 0.5394 -0.8284
vn -0.1335 0.3672 -0.9205
vn -0.1110 0.1809 -0.9772
vn -0.0843 -0.0124 -0.9964
vn -0.0543 -0.2052 -0.9772
vn -0.0222 -0.3901 -0.9205
vn 0.0108 -0.5600 -0.8284
vn 0.0433 -0.7083 -0.7045
vn 0.0742 -0.8295 -0.5536
vn 0.1022 -0.9188 -0.3813
vn 0.1263 -0.9728 -0.1944
vn 0.1455 -0.9894 -0.0000
vn 0.2610 -0.9653 0.0000
vn 0.2890 -0.9379 0.1921
vn 0.3060 -0.8743 0.3767
vn 0.3111 -0.7772 0.5470
vn 0.3043 -0.6502 0.6961
vn 0.2858 -0.4982 0.8186
vn 0.2564 -0.3271 0.9095
vn 0.2170 -0.1434 0.9656
vn 0.1694 0.0458 0.9845
vn 0.1152 0.2332 0.9656
vn 0.0566 0.4117 0.9095
vn -0.0042 0.5744 0.8186
vn -0.0648 0.7150 0.6961
vn -0.1229 0.8281 0.5470
vn -0.1763 0.9094 0.3767
vn -0.2230 0.9557 0.1921
vn -0.2610 0.9653 0.0000
vn -0.2890 0.9379 -0.1921
vn -0.3060 0.8743 -0.3767
vn -0.3111 0.7772 -0.5470
vn -0.3043 0.6502 -0.6961
vn -0.2858 0.4982 -0.8186
vn -0.2564 0.3271 -0.9095
vn -0.2170 0.1434 -0.9656
vn -0.1694 -0.0458 -0.9845
vn -0.1152 -0.2332 -0.9656
vn -0.0566 -0.4117 -0.9095
vn 0.0042 -0.5744 -0.8186
vn 0.0648 -0.7150 -0.6961
vn 0.1229 -0.8281 -0.5470
vn 0.1763 -0.9094 -0.3767
vn 0.2230 -0.9557 -0.1921
vn 0.2610 -0.9653 -0.0000
vn 0.3618 -0.9323 0.0000
vn 0.4038 -0.8954 0.1879
vn 0.4303 -0.8240 0.3685
vn 0.4403 -0.7210 0.5350
vn 0.4333 -0.5903 0.6810
vn 0.4098 -0.4369 0.8007
vn 0.3704 -0.2668 0.8897
vn 0.3168 -0.0863 0.9445
vn 0.2511 0.0974 0.9630
vn 0.1757 0.2774 0.9445
vn 0.0935 0.4468 0.8897
vn 0.0078 0.5990 0.8007
vn -0.0783 0.7281 0.6810
vn -0.1613 0.8293 0.5350
vn -0.2381 0.8986 0.3685
vn -0.3058 0.9334 0.1879
vn -0.3618 0.9323 0.0000
vn -0.4038 0.8954 -0.1879
vn -0.4303 0.8240 -0.3685
vn -0.4403 0.7210 -0.5350
vn -0.4333 0.5903 -0.6810
vn -0.4098 0.4369 -0.8007
vn -0.3704 0.2668 -0.8897
vn -0.3168 0.0863 -0.9445
vn -0.2511 -0.0974 -0.9630
vn -0.1757 -0.2774 -0.9445
vn -0.0935 -0.4468 -0.8897
vn -0.0078 -0.5990 -0.8007
vn 0.0783 -0.7281 -0.6810
vn 0.1613 -0.8293 -0.5350
vn 0.2381 -0.8986 -0.3685
vn 0.3058 -0.9334 -0.1879
vn 0.3618 -0.9323 -0.0000
vn 0.4453 -0.8954 0.0000
vn 0.5003 -0.8466 0.1817
vn 0.5361 -0.7652 0.3565
vn 0.5512 -0.6545 0.5175
vn 0.5452 -0.5186 0.6587
vn 0.5182 -0.3628 0.7745
vn 0.4713 -0.1930 0.8606
vn 0.4062 -0.0158 0.9136
vn 0.3256 0.1620 0.9315
vn 0.2325 0.3335 0.9136
vn 0.1304 0.4923 0.8606
vn 0.0233 0.6321 0.7745
vn -0.0847 0.7476 0.6587
vn -0.1894 0.8344 0.5175
vn -0.2868 0.8892 0.3565
vn -0.3733 0.9098 0.1817
vn -0.4453 0.8954 0.0000
vn -0.5003 0.8466 -0.1817
vn -0.5361 0.7652 -0.3565
vn -0.5512 0.6545 -0.5175
vn -0.5452 0.5186 -0.6587
vn -0.5182 0.3628 -0.7745
vn -0.4713 0.1930 -0.8606
vn -0.4062 0.0158 -0.9136
vn -0.3256 -0.1620 -0.9315
vn -0.2325 -0.3335 -0.9136
vn -0.1304 -0.4923 -0.8606
vn -0.0233 -0.6321 -0.7745
vn 0.0847 -0.7476 -0.6587
vn 0.1894 -0.8344 -0.5175
vn 0.2868 -0.8892 -0.3565
vn 0.3733 -0.9098 -0.1817
vn 0.4453 -0.8954 -0.0000
vn 0.5097 -0.8604 0.0000
vn 0.5762 -0.7986 0.1738
vn 0.6206 -0.7062 0.3409
vn 0.6411 -0.5866 0.4949
vn 0.6369 -0.4445 0.6298
vn 0.6083 -0.2854 0.7406
vn 0.5564 -0.1152 0.8229
vn 0.4830 0.0594 0.8736
vn 0.3911 0.2317 0.8907
vn 0.2841 0.3951 0.8736
vn 0.1663 0.5433 0.8229
vn 0.0420 0.6706 0.7406
vn -0.0839 0.7722 0.6298
vn -0.2065 0.8441 0.4949
vn -0.3212 0.8835 0.3409
vn -0.4236 0.8890 0.1738
vn -0.5097 0.8604 0.0000
vn -0.5762 0.7986 -0.1738
vn -0.6206 0.7062 -0.3409
vn -0.6411 0.5866 -0.4949
vn -0.6369 0.4445 -0.6298
vn -0.6083 0.2854 -0.7406
vn -0.5564 0.1152 -0.8229
vn -0.4830 -0.0594 -0.8736
vn -0.3911 -0.2317 -0.8907
vn -0.2841 -0.3951 -0.8736
vn -0.1663 -0.5433 -0.8229
vn -0.0420 -0.6706 -0.7406
vn 0.0839 -0.7722 -0.6298
vn 0.2065 -0.8441 -0.4949
vn 0.3212 -0.8835 -0.3409
vn 0.4236 -0.8890 -0.1738
vn 0.5097 -0.8604 -0.0000
vn 0.5528 -0.8333 0.0000
vn 0.6296 -0.7593 0.1645
vn 0.6822 -0.6562 0.3227
vn 0.7085 -0.5278 0.4685
vn 0.7077 -0.3791 0.5962
vn 0.6796 -0.2159 0.7011
vn 0.6254 -0.0443 0.7790
vn 0.5472 0.1289 0.8270
vn 0.4480 0.2972 0.8432
vn 0.3315 0.4540 0.8270
vn 0.2024 0.5935 0.7790
vn 0.0654 0.7101 0.7011
vn -0.0741 0.7994 0.5962
vn -0.2107 0.8580 0.4685
vn -0.3393 0.8836 0.3227
vn -0.4548 0.8753 0.1645
vn -0.5528 0.8333 0.0000
vn -0.6296 0.7593 -0.1645
vn -0.6822 0.6562 -0.3227
vn -0.7085 0.5278 -0.4685
vn -0.7077 0.3791 -0.5962
vn -0.6796 0.2159 -0.7011
vn -0.6254 0.0443 -0.7790
vn -0.5472 -0.1289 -0.8270
vn -0.4480 -0.2972 -0.8432
vn -0.3315 -0.4540 -0.8270
vn -0.2024 -0.5935 -0.7790
vn -0.0654 -0.7101 -0.7011
vn 0.0741 -0.7994 -0.5962
vn 0.2107 -0.8580 -0.4685
vn 0.3393 -0.8836 -0.3227
vn 0.4548 -0.8753 -0.1645
vn 0.5528 -0.8333 -0.0000
vn 0.5728 -0.8197 0.0000
vn 0.6590 -0.7360 0.1549
vn 0.7200 -0.6240 0.3038
vn 0.7532 -0.4880 0.4410
vn 0.7575 -0.3333 0.5613
vn 0.7327 -0.1658 0.6600
vn 0.6798 0.0082 0.7334
vn 0.6007 0.1818 0.7785
vn 0.4985 0.3484 0.7938
vn 0.3772 0.5016 0.7785
vn 0.2414 0.6355 0.7334
vn 0.0963 0.7451 0.6600
vn -0.0525 0.8259 0.5613
vn -0.1993 0.8751 0.4410
vn -0.3384 0.8906 0.3038
vn -0.4645 0.8719 0.1549
vn -0.5728 0.8197 0.0000
vn -0.6590 0.7360 -0.1549
vn -0.7200 0.6240 -0.3038
vn -0.7532 0.4880 -0.4410
vn -0.7575 0.3333 -0.5613
vn -0.7327 0.1658 -0.6600
vn -0.6798 -0.0082 -0.7334
vn -0.6007 -0.1818 -0.7785
vn -0.4985 -0.3484 -0.7938
vn -0.3772 -0.5016 -0.7785
vn -0.2414 -0.6355 -0.7334
vn -0.0963 -0.7451 -0.6600
vn 0.0525 -0.8259 -0.5613
vn 0.1993 -0.8751 -0.4410
vn 0.3384 -0.8906 -0.3038
vn 0.4645 -0.8719 -0.1549
vn 0.5728 -0.8197 -0.0000
vn 0.5686 -0.8226 0.0000
vn 0.6639 -0.7334 0.1462
vn 0.7337 -0.6160 0.2868
vn 0.7753 -0.4749 0.4164
vn 0.7871 -0.3155 0.5300
vn 0.7687 -0.1441 0.6232
vn 0.7207 0.0329 0.6924
vn 0.6451 0.2087 0.7351
vn 0.5446 0.3764 0.7495
vn 0.4232 0.5297 0.7351
vn 0.2856 0.6626 0.6924
vn 0.1370 0.7700 0.6232
vn -0.0169 0.8479 0.5300
vn -0.1702 0.8931 0.4164
vn -0.3169 0.9041 0.2868
vn -0.4514 0.8803 0.1462
vn -0.5686 0.8226 0.0000
vn -0.6639 0.7334 -0.1462
vn -0.7337 0.6160 -0.2868
vn -0.7753 0.4749 -0.4164
vn -0.7871 0.3155 -0.5300
vn -0.7687 0.1441 -0.6232
vn -0.7207 -0.0329 -0.6924
vn -0.6451 -0.2087 -0.7351
vn -0.5446 -0.3764 -0.7495
vn -0.4232 -0.5297 -0.7351
vn -0.2856 -0.6626 -0.6924
vn -0.1370 -0.7700 -0.6232
vn 0.0169 -0.8479 -0.5300
vn 0.1702 -0.8931 -0.4164
vn 0.3169 -0.9041 -0.2868
vn 0.4514 -0.8803 -0.1462
vn 0.5686 -0.8226 -0.0000
vn 0.5417 -0.8406 0.0000
vn 0.6453 -0.7509 0.1401
vn 0.7242 -0.6324 0.2749
vn 0.7753 -0.4896 0.3991
vn 0.7966 -0.3279 0.5079
vn 0.7872 -0.1537 0.5972
vn 0.7476 0.0265 0.6636
vn 0.6793 0.2056 0.7045
vn 0.5849 0.3769 0.7183
vn 0.4679 0.5336 0.7045
vn 0.3331 0.6699 0.6636
vn 0.1854 0.7804 0.5972
vn 0.0306 0.8609 0.5079
vn -0.1254 0.9083 0.3991
vn -0.2766 0.9208 0.2749
vn -0.4171 0.8980 0.1401
vn -0.5417 0.8406 0.0000
vn -0.6453 0.7509 -0.1401
vn -0.7242 0.6324 -0.2749
vn -0.7753 0.4896 -0.3991
vn -0.7966 0.3279 -0.5079
vn -0.7872 0.1537 -0.5972
vn -0.7476 -0.0265 -0.6636
vn -0.6793 -0.2056 -0.7045
vn -0.5849 -0.3769 -0.7183
vn -0.4679 -0.5336 -0.7045
vn -0.3331 -0.6699 -0.6636
vn -0.1854 -0.7804 -0.5972
vn -0.0306 -0.8609 -0.5079
vn 0.1254 -0.9083 -0.3991
vn 0.2766 -0.9208 -0.2749
vn 0.4171 -0.8980 -0.1401
vn 0.5417 -0.8406 -0.0000
vn 0.4996 -0.8663 0.0000
vn 0.6095 -0.7807 0.1379
vn 0.6960 -0.6652 0.2706
vn 0.7557 -0.5240 0.3928
vn 0.7864 -0.3628 0.5000
vn 0.7869 -0.1876 0.5879
vn 0.7571 -0.0052 0.6533
vn 0.6982 0.1775 0.6935
vn 0.6125 0.3532 0.7071
vn 0.5033 0.5155 0.6935
vn 0.3747 0.6579 0.6533
vn 0.2318 0.7750 0.5879
vn 0.0799 0.8623 0.5000
vn -0.0751 0.9165 0.3928
vn -0.2271 0.9355 0.2706
vn -0.3705 0.9185 0.1379
vn -0.4996 0.8663 0.0000
vn -0.6095 0.7807 -0.1379
vn -0.6960 0.6652 -0.2706
vn -0.7557 0.5240 -0.3928
vn -0.7864 0.3628 -0.5000
vn -0.7869 0.1876 -0.5879
vn -0.7571 0.0052 -0.6533
vn -0.6982 -0.1775 -0.6935
vn -0.6125 -0.3532 -0.7071
vn -0.5033 -0.5155 -0.6935
vn -0.3747 -0.6579 -0.6533
vn -0.2318 -0.7750 -0.5879
vn -0.0799 -0.8623 -0.5000
vn 0.0751 -0.9165 -0.3928
vn 0.2271 -0.9355 -0.2706
vn 0.3705 -0.9185 -0.1379
vn 0.4996 -0.8663 -0.0000
vn 0.4564 -0.8898 0.0000
vn 0.5684 -0.8108 0.1402
vn 0.6584 -0.7006 0.2750
vn 0.7232 -0.5635 0.3993
vn 0.7602 -0.4047 0.5082
vn 0.7680 -0.2304 0.5976
vn 0.7462 -0.0473 0.6640
vn 0.6958 0.1377 0.7049
vn 0.6187 0.3174 0.7187
vn 0.5177 0.4848 0.7049
vn 0.3969 0.6337 0.6640
vn 0.2608 0.7582 0.5976
vn 0.1147 0.8536 0.5082
vn -0.0358 0.9161 0.3993
vn -0.1849 0.9435 0.2750
vn -0.3270 0.9346 0.1402
vn -0.4564 0.8898 0.0000
vn -0.5684 0.8108 -0.1402
vn -0.6584 0.7006 -0.2750
vn -0.7232 0.5635 -0.3993
vn -0.7602 0.4047 -0.5082
vn -0.7680 0.2304 -0.5976
vn -0.7462 0.0473 -0.6640
vn -0.6958 -0.1377 -0.7049
vn -0.6187 -0.3174 -0.7187
vn -0.5177 -0.4848 -0.7049
vn -0.3969 -0.6337 -0.6640
vn -0.2608 -0.7582 -0.5976
vn -0.1147 -0.8536 -0.5082
vn 0.0358 -0.9161 -0.3993
vn 0.1849 -0.9435 -0.2750
vn 0.3270 -0.9346 -0.1402
vn 0.4564 -0.8898 -0.0000
vn 0.4278 -0.9039 0.0000
vn 0.5362 -0.8313 0.1464
vn 0.6240 -0.7268 0.2871
vn 0.6877 -0.5944 0.4168
vn 0.7251 -0.4391 0.5305
vn 0.7346 -0.2670 0.6238
vn 0.7159 -0.0846 0.6931
vn 0.6696 0.1011 0.7358
vn 0.5976 0.2829 0.7502
vn 0.5027 0.4538 0.7358
vn 0.3884 0.6072 0.6931
vn 0.2592 0.7374 0.6238
vn 0.1201 0.8391 0.5305
vn -0.0237 0.9087 0.4168
vn -0.1666 0.9433 0.2871
vn -0.3030 0.9417 0.1464
vn -0.4278 0.9039 0.0000
vn -0.5362 0.8313 -0.1464
vn -0.6240 0.7268 -0.2871
vn -0.6877 0.5944 -0.4168
vn -0.7251 0.4391 -0.5305
vn -0.7346 0.2670 -0.6238
vn -0.7159 0.0846 -0.6931
vn -0.6696 -0.1011 -0.7358
vn -0.5976 -0.2829 -0.7502
vn -0.5027 -0.4538 -0.7358
vn -0.3884 -0.6072 -0.6931
vn -0.2592 -0.7374 -0.6238
vn -0.1201 -0.8391 -0.5305
vn 0.0237 -0.9087 -0.4168
vn 0.1666 -0.9433 -0.2871
vn 0.3030 -0.9417 -0.1464
vn 0.4278 -0.9039 -0.0000
vn 0.4237 -0.9058 0.0000
vn 0.5228 -0.8383 0.1550
vn 0.6018 -0.7385 0.3041
vn 0.6577 -0.6103 0.4415
vn 0.6883 -0.4587 0.5620
vn 0.6925 -0.2894 0.6608
vn 0.6701 -0.1091 0.7342
vn 0.6219 0.0755 0.7795
vn 0.5498 0.2571 0.7947
vn 0.4566 0.4289 0.7795
vn 0.3458 0.5842 0.7342
vn 0.2218 0.7171 0.6608
vn 0.0892 0.8223 0.5620
vn -0.0468 0.8960 0.4415
vn -0.1810 0.9353 0.3041
vn -0.3083 0.9386 0.1550
vn -0.4237 0.9058 0.0000
vn -0.5228 0.8383 -0.1550
vn -0.6018 0.7385 -0.3041
vn -0.6577 0.6103 -0.4415
vn -0.6883 0.4587 -0.5620
vn -0.6925 0.2894 -0.6608
vn -0.6701 0.1091 -0.7342
vn -0.6219 -0.0755 -0.7795
vn -0.5498 -0.2571 -0.7947
vn -0.4566 -0.4289 -0.7795
vn -0.3458 -0.5842 -0.7342
vn -0.2218 -0.7171 -0.6608
vn -0.0892 -0.8223 -0.5620
vn 0.0468 -0.8960 -0.4415
vn 0.1810 -0.9353 -0.3041
vn 0.3083 -0.9386 -0.1550
vn 0.4237 -0.9058 -0.0000
vn 0.4459 -0.8951 0.0000
vn 0.5310 -0.8312 0.1647
vn 0.5956 -0.7354 0.3230
vn 0.6374 -0.6114 0.4690
vn 0.6546 -0.4639 0.5969
vn 0.6467 -0.2985 0.7019
vn 0.6140 -0.1216 0.7799
vn 0.5576 0.0599 0.8279
vn 0.4799 0.2391 0.8441
vn 0.3836 0.4091 0.8279
vn 0.2727 0.5634 0.7799
vn 0.1512 0.6961 0.7019
vn 0.0240 0.8020 0.5969
vn -0.1042 0.8770 0.4690
vn -0.2284 0.9184 0.3230
vn -0.3438 0.9245 0.1647
vn -0.4459 0.8951 0.0000
vn -0.5310 0.8312 -0.1647
vn -0.5956 0.7354 -0.3230
vn -0.6374 0.6114 -0.4690
vn -0.6546 0.4639 -0.5969
vn -0.6467 0.2985 -0.7019
vn -0.6140 0.1216 -0.7799
vn -0.5576 -0.0599 -0.8279
vn -0.4799 -0.2391 -0.8441
vn -0.3836 -0.4091 -0.8279
vn -0.2727 -0.5634 -0.7799
vn -0.1512 -0.6961 -0.7019
vn -0.0240 -0.8020 -0.5969
vn 0.1042 -0.8770 -0.4690
vn 0.2284 -0.9184 -0.3230
vn 0.3438 -0.9245 -0.1647
vn 0.4459 -0.8951 -0.0000
vn 0.4913 -0.8710 0.0000
vn 0.5588 -0.8108 0.1739
vn 0.6049 -0.7195 0.3412
vn 0.6277 -0.6006 0.4953
vn 0.6263 -0.4585 0.6304
vn 0.6009 -0.2989 0.7413
vn 0.5525 -0.1277 0.8237
vn 0.4827 0.0483 0.8744
vn 0.3945 0.2225 0.8916
vn 0.2910 0.3882 0.8744
vn 0.1764 0.5389 0.8237
vn 0.0550 0.6689 0.7413
vn -0.0685 0.7732 0.6304
vn -0.1894 0.8478 0.4953
vn -0.3030 0.8898 0.3412
vn -0.4049 0.8977 0.1739
vn -0.4913 0.8710 0.0000
vn -0.5588 0.8108 -0.1739
vn -0.6049 0.7195 -0.3412
vn -0.6277 0.6006 -0.4953
vn -0.6263 0.4585 -0.6304
vn -0.6009 0.2989 -0.7413
vn -0.5525 0.1277 -0.8237
vn -0.4827 -0.0483 -0.8744
vn -0.3945 -0.2225 -0.8916
vn -0.2910 -0.3882 -0.8744
vn -0.1764 -0.5389 -0.8237
vn -0.0550 -0.6689 -0.7413
vn 0.0685 -0.7732 -0.6304
vn 0.1894 -0.8478 -0.4953
vn 0.3030 -0.8898 -0.3412
vn 0.4049 -0.8977 -0.1739
vn 0.4913 -0.8710 -0.0000
vn 0.5541 -0.8325 0.0000
vn 0.6022 -0.7774 0.1819
vn 0.6272 -0.6924 0.3567
vn 0.6281 -0.5808 0.5179
vn 0.6048 -0.4469 0.6592
vn 0.5583 -0.2958 0.7751
vn 0.4904 -0.1333 0.8613
vn 0.4036 0.0342 0.9143
vn 0.3013 0.2005 0.9322
vn 0.1874 0.3591 0.9143
vn 0.0663 0.5038 0.8613
vn -0.0573 0.6292 0.7751
vn -0.1787 0.7304 0.6592
vn -0.2933 0.8036 0.5179
vn -0.3966 0.8458 0.3567
vn -0.4846 0.8556 0.1819
vn -0.5541 0.8325 0.0000
vn -0.6022 0.7774 -0.1819
vn -0.6272 0.6924 -0.3567
vn -0.6281 0.5808 -0.5179
vn -0.6048 0.4469 -0.6592
vn -0.5583 0.2958 -0.7751
vn -0.4904 0.1333 -0.8613
vn -0.4036 -0.0342 -0.9143
vn -0.3013 -0.2005 -0.9322
vn -0.1874 -0.3591 -0.9143
vn -0.0663 -0.5038 -0.8613
vn 0.0573 -0.6292 -0.7751
vn 0.1787 -0.7304 -0.6592
vn 0.2933 -0.8036 -0.5179
vn 0.3966 -0.8458 -0.3567
vn 0.4846 -0.8556 -0.1819
vn 0.5541 -0.8325 -0.0000
vn 0.6280 -0.7782 0.0000
vn 0.6565 -0.7305 0.1880
vn 0.6598 -0.6547 0.3687
vn 0.6378 -0.5537 0.5353
vn 0.5913 -0.4315 0.6813
vn 0.5220 -0.2927 0.8012
vn 0.4327 -0.1426 0.8902
vn 0.3267 0.0129 0.9450
vn 0.2082 0.1680 0.9636
vn 0.0817 0.3166 0.9450
vn -0.0480 0.4530 0.8902
vn -0.1758 0.5720 0.8012
vn -0.2968 0.6691 0.6813
vn -0.4065 0.7404 0.5353
vn -0.5005 0.7833 0.3687
vn -0.5753 0.7961 0.1880
vn -0.6280 0.7782 0.0000
vn -0.6565 0.7305 -0.1880
vn -0.6598 0.6547 -0.3687
vn -0.6378 0.5537 -0.5353
vn -0.5913 0.4315 -0.6813
vn -0.5220 0.2927 -0.8012
vn -0.4327 0.1426 -0.8902
vn -0.3267 -0.0129 -0.9450
vn -0.2082 -0.1680 -0.9636
vn -0.0817 -0.3166 -0.9450
vn 0.0480 -0.4530 -0.8902
vn 0.1758 -0.5720 -0.8012
vn 0.2968 -0.6691 -0.6813
vn 0.4065 -0.7404 -0.5353
vn 0.5005 -0.7833 -0.3687
vn 0.5753 -0.7961 -0.1880
vn 0.6280 -0.7782 -0.0000
vn 0.7070 -0.7072 0.0000
vn 0.7174 -0.6696 0.1921
vn 0.7002 -0.6064 0.3769
vn 0.6561 -0.5198 0.5471
vn 0.5868 -0.4132 0.6964
vn 0.4949 -0.2908 0.8188
vn 0.3840 -0.1572 0.9098
vn 0.2584 -0.0175 0.9659
vn 0.1228 0.1228 0.9848
vn -0.0175 0.2584 0.9659
vn -0.1571 0.3841 0.9098
vn -0.2907 0.4950 0.8188
vn -0.4131 0.5869 0.6964
vn -0.5196 0.6562 0.5471
vn -0.6062 0.7004 0.3769
vn -0.6695 0.7176 0.1921
vn -0.7070 0.7072 0.0000
vn -0.7174 0.6696 -0.1921
vn -0.7002 0.6064 -0.3769
vn -0.6561 0.5198 -0.5471
vn -0.5868 0.4132 -0.6964
vn -0.4949 0.2908 -0.8188
vn -0.3840 0.1572 -0.9098
vn -0.2584 0.0175 -0.9659
vn -0.1228 -0.1228 -0.9848
vn 0.0175 -0.2584 -0.9659
vn 0.1571 -0.3841 -0.9098
vn 0.2907 -0.4950 -0.8188
vn 0.4131 -0.5869 -0.6964
vn 0.5196 -0.6562 -0.5471
vn 0.6062 -0.7004 -0.3769
vn 0.6695 -0.7176 -0.1921
vn 0.7070 -0.7072 -0.0000
vn 0.7855 -0.6189 0.0000
vn 0.7805 -0.5942 0.1944
vn 0.7455 -0.5466 0.3813
vn 0.6818 -0.4781 0.5536
vn 0.5920 -0.3912 0.7046
vn 0.4794 -0.2893 0.8286
vn 0.3483 -0.1762 0.9207
vn 0.2039 -0.0564 0.9774
vn 0.0517 0.0656 0.9965
vn -0.1026 0.1851 0.9774
vn -0.2529 0.2974 0.9207
vn -0.3934 0.3983 0.8286
vn -0.5189 0.4840 0.7046
vn -0.6244 0.5510 0.5536
vn -0.7059 0.5968 0.3813
vn -0.7603 0.6198 0.1944
vn -0.7855 0.6189 0.0000
vn -0.7805 0.5942 -0.1944
vn -0.7455 0.5466 -0.3813
vn -0.6818 0.4781 -0.5536
vn -0.5920 0.3912 -0.7046
vn -0.4794 0.2893 -0.8286
vn -0.3483 0.1762 -0.9207
vn -0.2039 0.0564 -0.9774
vn -0.0517 -0.0656 -0.9965
vn 0.1026 -0.1851 -0.9774
vn 0.2529 -0.2974 -0.9207
vn 0.3934 -0.3983 -0.8286
vn 0.5189 -0.4840 -0.7046
vn 0.6244 -0.5510 -0.5536
vn 0.7059 -0.5968 -0.3813
vn 0.7603 -0.6198 -0.1944
vn 0.7855 -0.6189 -0.0000
vn 0.8581 -0.5134 0.0000
vn 0.8416 -0.5037 0.1951
vn 0.7927 -0.4746 0.3827
vn 0.7133 -0.4273 0.5556
vn 0.6065 -0.3635 0.7071
vn 0.4764 -0.2858 0.8315
vn 0.3280 -0.1971 0.9239
vn 0.1670 -0.1008 0.9808
vn -0.0004 -0.0007 1.0000
vn -0.1678 0.0995 0.9808
vn -0.3288 0.1959 0.9239
vn -0.4771 0.2847 0.8315
vn -0.6071 0.3626 0.7071
vn -0.7137 0.4265 0.5556
vn -0.7930 0.4741 0.3827
vn -0.8417 0.5034 0.1951
vn -0.8581 0.5134 0.0000
vn -0.8416 0.5037 -0.1951
vn -0.7927 0.4746 -0.3827
vn -0.7133 0.4273 -0.5556
vn -0.6065 0.3635 -0.7071
vn -0.4764 0.2858 -0.8315
vn -0.3280 0.1971 -0.9239
vn -0.1670 0.1008 -0.9808
vn 0.0004 0.0007 -1.0000
vn 0.1678 -0.0995 -0.9808
vn 0.3288 -0.1959 -0.9239
vn 0.4771 -0.2847 -0.8315
vn 0.6071 -0.3626 -0.7071
vn 0.7137 -0.4265 -0.5556
vn 0.7930 -0.4741 -0.3827
vn 0.8417 -0.5034 -0.1951
vn 0.8581 -0.5134 -0.0000
vn 0.9200 -0.3919 0.0000
vn 0.8964 -0.3983 0.1945
vn 0.8383 -0.3894 0.3815
vn 0.7481 -0.3655 0.5539
vn 0.6290 -0.3276 0.7050
vn 0.4858 -0.2771 0.8290
vn 0.3240 -0.2159 0.9211
vn 0.1497 -0.1465 0.9778
vn -0.0304 -0.0714 0.9970
vn -0.2093 0.0064 0.9778
vn -0.3802 0.0840 0.9211
vn -0.5364 0.1584 0.8290
vn -0.6721 0.2266 0.7050
vn -0.7819 0.2862 0.5539
vn -0.8616 0.3347 0.3815
vn -0.9083 0.3704 0.1945
vn -0.9200 0.3919 0.0000
vn -0.8964 0.3983 -0.1945
vn -0.8383 0.3894 -0.3815
vn -0.7481 0.3655 -0.5539
vn -0.6290 0.3276 -0.7050
vn -0.4858 0.2771 -0.8290
vn -0.3240 0.2159 -0.9211
vn -0.1497 0.1465 -0.9778
vn 0.0304 0.0714 -0.9970
vn 0.2093 -0.0064 -0.9778
vn 0.3802 -0.0840 -0.9211
vn 0.5364 -0.1584 -0.8290
vn 0.6721 -0.2266 -0.7050
vn 0.7819 -0.2862 -0.5539
vn 0.8616 -0.3347 -0.3815
vn 0.9083 -0.3704 -0.1945
vn 0.9200 -0.3919 -0.0000
vn 0.9666 -0.2562 0.0000
vn 0.9407 -0.2788 0.1930
vn 0.8787 -0.2908 0.3786
vn 0.7829 -0.2915 0.5496
vn 0.6570 -0.2811 0.6995
vn 0.5059 -0.2598 0.8225
vn 0.3353 -0.2286 0.9140
vn 0.1519 -0.1886 0.9703
vn -0.0374 -0.1413 0.9893
vn -0.2253 -0.0886 0.9703
vn -0.4045 -0.0325 0.9140
vn -0.5682 0.0248 0.8225
vn -0.7100 0.0812 0.6995
vn -0.8245 0.1345 0.5496
vn -0.9074 0.1826 0.3786
vn -0.9554 0.2237 0.1930
vn -0.9666 0.2562 0.0000
vn -0.9407 0.2788 -0.1930
vn -0.8787 0.2908 -0.3786
vn -0.7829 0.2915 -0.5496
vn -0.6570 0.2811 -0.6995
vn -0.5059 0.2598 -0.8225
vn -0.3353 0.2286 -0.9140
vn -0.1519 0.1886 -0.9703
vn 0.0374 0.1413 -0.9893
vn 0.2253 0.0886 -0.9703
vn 0.4045 0.0325 -0.9140
vn 0.5682 -0.0248 -0.8225
vn 0.7100 -0.0812 -0.6995
vn 0.8245 -0.1345 -0.5496
vn 0.9074 -0.1826 -0.3786
vn 0.9554 -0.2237 -0.1930
vn 0.9666 -0.2562 -0.0000
vn 0.9940 -0.1090 0.0000
vn 0.9706 -0.1469 0.1909
vn 0.9098 -0.1791 0.3745
vn 0.8140 -0.2045 0.5436
vn 0.6870 -0.2220 0.6919
vn 0.5336 -0.2309 0.8136
vn 0.3596 -0.2310 0.9040
vn 0.1719 -0.2222 0.9597
vn -0.0225 -0.2049 0.9785
vn -0.2160 -0.1796 0.9597
vn -0.4012 -0.1475 0.9040
vn -0.5709 -0.1097 0.8136
vn -0.7188 -0.0677 0.6919
vn -0.8390 -0.0231 0.5436
vn -0.9270 0.0224 0.3745
vn -0.9793 0.0670 0.1909
vn -0.9940 0.1090 0.0000
vn -0.9706 0.1469 -0.1909
vn -0.9098 0.1791 -0.3745
vn -0.8140 0.2045 -0.5436
vn -0.6870 0.2220 -0.6919
vn -0.5336 0.2309 -0.8136
vn -0.3596 0.2310 -0.9040
vn -0.1719 0.2222 -0.9597
vn 0.0225 0.2049 -0.9785
vn 0.2160 0.1796 -0.9597
vn 0.4012 0.1475 -0.9040
vn 0.5709 0.1097 -0.8136
vn 0.7188 0.0677 -0.6919
vn 0.8390 0.0231 -0.5436
vn 0.9270 -0.0224 -0.3745
vn 0.9793 -0.0670 -0.1909
vn 0.9940 -0.1090 -0.0000
vn 0.9989 0.0459 0.0000
vn 0.9821 -0.0051 0.1885
vn 0.9274 -0.0559 0.3698
vn 0.8372 -0.1046 0.5369
vn 0.7147 -0.1493 0.6833
vn 0.5648 -0.1882 0.8035
vn 0.3932 -0.2199 0.8928
vn 0.2065 -0.2431 0.9478
vn 0.0118 -0.2570 0.9663
vn -0.1833 -0.2610 0.9478
vn -0.3714 -0.2550 0.8928
vn -0.5452 -0.2392 0.8035
vn -0.6980 -0.2142 0.6833
vn -0.8240 -0.1810 0.5369
vn -0.9184 -0.1408 0.3698
vn -0.9774 -0.0952 0.1885
vn -0.9989 -0.0459 0.0000
vn -0.9821 0.0051 -0.1885
vn -0.9274 0.0559 -0.3698
vn -0.8372 0.1046 -0.5369
vn -0.7147 0.1493 -0.6833
vn -0.5648 0.1882 -0.8035
vn -0.3932 0.2199 -0.8928
vn -0.2065 0.2431 -0.9478
vn -0.0118 0.2570 -0.9663
vn 0.1833 0.2610 -0.9478
vn 0.3714 0.2550 -0.8928
vn 0.5452 0.2392 -0.8035
vn 0.6980 0.2142 -0.6833
vn 0.8240 0.1810 -0.5369
vn 0.9184 0.1408 -0.3698
vn 0.9774 0.0952 -0.1885
vn 0.9989 0.0459 -0.0000
vn 0.9789 0.2043 0.0000
vn 0.9721 0.1431 0.1861
vn 0.9278 0.0764 0.3651
vn 0.8480 0.0067 0.5300
vn 0.7355 -0.0632 0.6745
vn 0.5948 -0.1306 0.7932
vn 0.4312 -0.1931 0.8813
vn 0.2511 -0.2481 0.9356
vn 0.0613 -0.2936 0.9540
vn -0.1309 -0.3278 0.9356
vn -0.3180 -0.3494 0.8813
vn -0.4929 -0.3576 0.7932
vn -0.6489 -0.3521 0.6745
vn -0.7799 -0.3330 0.5300
vn -0.8809 -0.3011 0.3651
vn -0.9481 -0.2577 0.1861
vn -0.9789 -0.2043 0.0000
vn -0.9721 -0.1431 -0.1861
vn -0.9278 -0.0764 -0.3651
vn -0.8480 -0.0067 -0.5300
vn -0.7355 0.0632 -0.6745
vn -0.5948 0.1306 -0.7932
vn -0.4312 0.1931 -0.8813
vn -0.2511 0.2481 -0.9356
vn -0.0613 0.2936 -0.9540
vn 0.1309 0.3278 -0.9356
vn 0.3180 0.3494 -0.8813
vn 0.4929 0.3576 -0.7932
vn 0.6489 0.3521 -0.6745
vn 0.7799 0.3330 -0.5300
vn 0.8809 0.3011 -0.3651
vn 0.9481 0.2577 -0.1861
vn 0.9789 0.2043 -0.0000
vn 0.9325 0.3612 0.0000
vn 0.9381 0.2934 0.1839
vn 0.9077 0.2144 0.3607
vn 0.8424 0.1271 0.5236
vn 0.7448 0.0349 0.6664
vn 0.6185 -0.0586 0.7836
vn 0.4684 -0.1498 0.8707
vn 0.3003 -0.2353 0.9244
vn 0.1207 -0.3117 0.9425
vn -0.0635 -0.3762 0.9244
vn -0.2453 -0.4262 0.8707
vn -0.4177 -0.4598 0.7836
vn -0.5740 -0.4758 0.6664
vn -0.7083 -0.4735 0.5236
vn -0.8153 -0.4530 0.3607
vn -0.8910 -0.4150 0.1839
vn -0.9325 -0.3612 0.0000
vn -0.9381 -0.2934 -0.1839
vn -0.9077 -0.2144 -0.3607
vn -0.8424 -0.1271 -0.5236
vn -0.7448 -0.0349 -0.6664
vn -0.6185 0.0586 -0.7836
vn -0.4684 0.1498 -0.8707
vn -0.3003 0.2353 -0.9244
vn -0.1207 0.3117 -0.9425
vn 0.0635 0.3762 -0.9244
vn 0.2453 0.4262 -0.8707
vn 0.4177 0.4598 -0.7836
vn 0.5740 0.4758 -0.6664
vn 0.7083 0.4735 -0.5236
vn 0.8153 0.4530 -0.3607
vn 0.8910 0.4150 -0.1839
vn 0.9325 0.3612 -0.0000
vn 0.8595 0.5111 0.0000
vn 0.8790 0.4408 0.1820
vn 0.8646 0.3536 0.3569
vn 0.8171 0.2527 0.5182
vn 0.7381 0.1422 0.6595
vn 0.6308 0.0262 0.7755
vn 0.4992 -0.0908 0.8617
vn 0.3485 -0.2043 0.9148
vn 0.1843 -0.3100 0.9327
vn 0.0131 -0.4037 0.9148
vn -0.1586 -0.4820 0.8617
vn -0.3243 -0.5417 0.7755
vn -0.4774 -0.5806 0.6595
vn -0.6123 -0.5972 0.5182
vn -0.7236 -0.5908 0.3569
vn -0.8070 -0.5618 0.1820
vn -0.8595 -0.5111 0.0000
vn -0.8790 -0.4408 -0.1820
vn -0.8646 -0.3536 -0.3569
vn -0.8171 -0.2527 -0.5182
vn -0.7381 -0.1422 -0.6595
vn -0.6308 -0.0262 -0.7755
vn -0.4992 0.0908 -0.8617
vn -0.3485 0.2043 -0.9148
vn -0.1843 0.3100 -0.9327
vn -0.0131 0.4037 -0.9148
vn 0.1586 0.4820 -0.8617
vn 0.3243 0.5417 -0.7755
vn 0.4774 0.5806 -0.6595
vn 0.6123 0.5972 -0.5182
vn 0.7236 0.5908 -0.3569
vn 0.8070 0.5618 -0.1820
vn 0.8595 0.5111 -0.0000
vn 0.7610 0.6487 0.0000
vn 0.7944 0.5799 0.1805
vn 0.7973 0.4889 0.3541
vn 0.7695 0.3790 0.5141
vn 0.7121 0.2546 0.6543
vn 0.6274 0.1204 0.7694
vn 0.5185 -0.0184 0.8549
vn 0.3898 -0.1565 0.9075
vn 0.2460 -0.2886 0.9253
vn 0.0928 -0.4096 0.9075
vn -0.0639 -0.5149 0.8549
vn -0.2183 -0.6004 0.7694
vn -0.3642 -0.6628 0.6543
vn -0.4961 -0.6997 0.5141
vn -0.6090 -0.7098 0.3541
vn -0.6984 -0.6925 0.1805
vn -0.7610 -0.6487 0.0000
vn -0.7944 -0.5799 -0.1805
vn -0.7973 -0.4889 -0.3541
vn -0.7695 -0.3790 -0.5141
vn -0.7121 -0.2546 -0.6543
vn -0.6274 -0.1204 -0.7694
vn -0.5185 0.0184 -0.8549
vn -0.3898 0.1565 -0.9075
vn -0.2460 0.2886 -0.9253
vn -0.0928 0.4096 -0.9075
vn 0.0639 0.5149 -0.8549
vn 0.2183 0.6004 -0.7694
vn 0.3642 0.6628 -0.6543
vn 0.4961 0.6997 -0.5141
vn 0.6090 0.7098 -0.3541
vn 0.6984 0.6925 -0.1805
vn 0.7610 0.6487 -0.0000
vn 0.6395 0.7688 0.0000
vn 0.6858 0.7053 0.1796
vn 0.7057 0.6147 0.3523
vn 0.6984 0.5006 0.5115
vn 0.6644 0.3671 0.6510
vn 0.6048 0.2196 0.7655
vn 0.5219 0.0636 0.8506
vn 0.4191 -0.0948 0.9030
vn 0.3001 -0.2496 0.9207
vn 0.1695 -0.3948 0.9030
vn 0.0325 -0.5248 0.8506
vn -0.1058 -0.6346 0.7655
vn -0.2400 -0.7201 0.6510
vn -0.3650 -0.7779 0.5115
vn -0.4760 -0.8058 0.3523
vn -0.5687 -0.8027 0.1796
vn -0.6395 -0.7688 0.0000
vn -0.6858 -0.7053 -0.1796
vn -0.7057 -0.6147 -0.3523
vn -0.6984 -0.5006 -0.5115
vn -0.6644 -0.3671 -0.6510
vn -0.6048 -0.2196 -0.7655
vn -0.5219 -0.0636 -0.8506
vn -0.4191 0.0948 -0.9030
vn -0.3001 0.2496 -0.9207
vn -0.1695 0.3948 -0.9030
vn -0.0325 0.5248 -0.8506
vn 0.1058 0.6346 -0.7655
vn 0.2400 0.7201 -0.6510
vn 0.3650 0.7779 -0.5115
vn 0.4760 0.8058 -0.3523
vn 0.5687 0.8027 -0.1796
vn 0.6395 0.7688 -0.0000
vn 0.4986 0.8668 0.0000
vn 0.5556 0.8119 0.1793
vn 0.5913 0.7257 0.3517
vn 0.6043 0.6116 0.5106
vn 0.5940 0.4741 0.6499
vn 0.5609 0.3183 0.7642
vn 0.5063 0.1503 0.8492
vn 0.4322 -0.0235 0.9015
vn 0.3415 -0.1964 0.9191
vn 0.2376 -0.3617 0.9015
vn 0.1247 -0.5132 0.8492
vn 0.0069 -0.6449 0.7642
vn -0.1111 -0.7518 0.6499
vn -0.2248 -0.8299 0.5106
vn -0.3300 -0.8760 0.3517
vn -0.4224 -0.8885 0.1793
vn -0.4986 -0.8668 0.0000
vn -0.5556 -0.8119 -0.1793
vn -0.5913 -0.7257 -0.3517
vn -0.6043 -0.6116 -0.5106
vn -0.5940 -0.4741 -0.6499
vn -0.5609 -0.3183 -0.7642
vn -0.5063 -0.1503 -0.8492
vn -0.4322 0.0235 -0.9015
vn -0.3415 0.1964 -0.9191
vn -0.2376 0.3617 -0.9015
vn -0.1247 0.5132 -0.8492
vn -0.0069 0.6449 -0.7642
vn 0.1111 0.7518 -0.6499
vn 0.2248 0.8299 -0.5106
vn 0.3300 0.8760 -0.3517
vn 0.4224 0.8885 -0.1793
vn 0.4986 0.8668 -0.0000
vn 0.3430 0.9394 0.0000
vn 0.4079 0.8952 0.1796
vn 0.4571 0.8166 0.3524
vn 0.4888 0.7067 0.5115
vn 0.5017 0.5696 0.6511
vn 0.4953 0.4106 0.7656
vn 0.4698 0.2359 0.8507
vn 0.4264 0.0520 0.9031
vn 0.3665 -0.1338 0.9207
vn 0.2925 -0.3145 0.9031
vn 0.2074 -0.4831 0.8507
vn 0.1142 -0.6331 0.7656
vn 0.0166 -0.7588 0.6511
vn -0.0815 -0.8554 0.5115
vn -0.1766 -0.9191 0.3524
vn -0.2649 -0.9474 0.1796
vn -0.3430 -0.9394 0.0000
vn -0.4079 -0.8952 -0.1796
vn -0.4571 -0.8166 -0.3524
vn -0.4888 -0.7067 -0.5115
vn -0.5017 -0.5696 -0.6511
vn -0.4953 -0.4106 -0.7656
vn -0.4698 -0.2359 -0.8507
vn -0.4264 -0.0520 -0.9031
vn -0.3665 0.1338 -0.9207
vn -0.2925 0.3145 -0.9031
vn -0.2074 0.4831 -0.8507
vn -0.1142 0.6331 -0.7656
vn -0.0166 0.7588 -0.6511
vn 0.0815 0.8554 -0.5115
vn 0.1766 0.9191 -0.3524
vn 0.2649 0.9474 -0.1796
vn 0.3430 0.9394 -0.0000
vn 0.1781 0.9840 0.0000
vn 0.2474 0.9519 0.1805
vn 0.3072 0.8833 0.3541
vn 0.3552 0.7807 0.5141
vn 0.3896 0.6481 0.6544
vn 0.4090 0.4906 0.7694
vn 0.4127 0.3142 0.8550
vn 0.4005 0.1258 0.9076
vn 0.3729 -0.0675 0.9254
vn 0.3310 -0.2582 0.9076
vn 0.2764 -0.4389 0.8550
vn 0.2111 -0.6028 0.7694
vn 0.1378 -0.7435 0.6544
vn 0.0591 -0.8557 0.5141
vn -0.0218 -0.9349 0.3541
vn -0.1019 -0.9783 0.1805
vn -0.1781 -0.9840 0.0000
vn -0.2474 -0.9519 -0.1805
vn -0.3072 -0.8833 -0.3541
vn -0.3552 -0.7807 -0.5141
vn -0.3896 -0.6481 -0.6544
vn -0.4090 -0.4906 -0.7694
vn -0.4127 -0.3142 -0.8550
vn -0.4005 -0.1258 -0.9076
vn -0.3729 0.0675 -0.9254
vn -0.3310 0.2582 -0.9076
vn -0.2764 0.4389 -0.8550
vn -0.2111 0.6028 -0.7694
vn -0.1378 0.7435 -0.6544
vn -0.0591 0.8557 -0.5141
vn 0.0218 0.9349 -0.3541
vn 0.1019 0.9783 -0.1805
vn 0.1781 0.9840 -0.0000
vn 0.0096 1.0000 0.0000
vn 0.0797 0.9801 0.1820
vn 0.1468 0.9225 0.3570
vn 0.2081 0.8295 0.5183
vn 0.2615 0.7046 0.6596
vn 0.3049 0.5527 0.7756
vn 0.3365 0.3795 0.8619
vn 0.3552 0.1917 0.9149
vn 0.3602 -0.0035 0.9329
vn 0.3514 -0.1985 0.9149
vn 0.3291 -0.3859 0.8619
vn 0.2941 -0.5584 0.7756
vn 0.2479 -0.7095 0.6596
vn 0.1921 -0.8334 0.5183
vn 0.1289 -0.9252 0.3570
vn 0.0608 -0.9814 0.1820
vn -0.0096 -1.0000 0.0000
vn -0.0797 -0.9801 -0.1820
vn -0.1468 -0.9225 -0.3570
vn -0.2081 -0.8295 -0.5183
vn -0.2615 -0.7046 -0.6596
vn -0.3049 -0.5527 -0.7756
vn -0.3365 -0.3795 -0.8619
vn -0.3552 -0.1917 -0.9149
vn -0.3602 0.0035 -0.9329
vn -0.3514 0.1985 -0.9149
vn -0.3291 0.3859 -0.8619
vn -0.2941 0.5584 -0.7756
vn -0.2479 0.7095 -0.6596
vn -0.1921 0.8334 -0.5183
vn -0.1289 0.9252 -0.3570
vn -0.0608 0.9814 -0.1820
vn 0.0096 1.0000 -0.0000
vn -0.1566 0.9877 0.0000
vn -0.0893 0.9789 0.1839
vn -0.0186 0.9325 0.3607
vn 0.0529 0.8502 0.5237
vn 0.1223 0.7353 0.6666
vn 0.1871 0.5922 0.7838
vn 0.2446 0.4262 0.8709
vn 0.2927 0.2439 0.9246
vn 0.3296 0.0523 0.9427
vn 0.3538 -0.1414 0.9246
vn 0.3645 -0.3297 0.8709
vn 0.3611 -0.5053 0.7838
vn 0.3438 -0.6614 0.6666
vn 0.3133 -0.7922 0.5237
vn 0.2708 -0.8925 0.3607
vn 0.2179 -0.9585 0.1839
vn 0.1566 -0.9877 0.0000
vn 0.0893 -0.9789 -0.1839
vn 0.0186 -0.9325 -0.3607
vn -0.0529 -0.8502 -0.5237
vn -0.1223 -0.7353 -0.6666
vn -0.1871 -0.5922 -0.7838
vn -0.2446 -0.4262 -0.8709
vn -0.2927 -0.2439 -0.9246
vn -0.3296 -0.0523 -0.9427
vn -0.3538 0.1414 -0.9246
vn -0.3645 0.3297 -0.8709
vn -0.3611 0.5053 -0.7838
vn -0.3438 0.6614 -0.6666
vn -0.3133 0.7922 -0.5237
vn -0.2708 0.8925 -0.3607
vn -0.2179 0.9585 -0.1839
vn -0.1566 0.9877 -0.0000
vn -0.3155 0.9489 0.0000
vn -0.2540 0.9491 0.1862
vn -0.1828 0.9128 0.3652
vn -0.1046 0.8415 0.5301
vn -0.0223 0.7377 0.6747
vn 0.0608 0.6057 0.7934
vn 0.1416 0.4503 0.8816
vn 0.2169 0.2777 0.9359
vn 0.2839 0.0944 0.9542
vn 0.3400 -0.0926 0.9359
vn 0.3830 -0.2759 0.8816
vn 0.4113 -0.4487 0.7934
vn 0.4238 -0.6043 0.6747
vn 0.4200 -0.7366 0.5301
vn 0.4001 -0.8406 0.3652
vn 0.3648 -0.9123 0.1862
vn 0.3155 -0.9489 0.0000
vn 0.2540 -0.9491 -0.1862
vn 0.1828 -0.9128 -0.3652
vn 0.1046 -0.8415 -0.5301
vn 0.0223 -0.7377 -0.6747
vn -0.0608 -0.6057 -0.7934
vn -0.1416 -0.4503 -0.8816
vn -0.2169 -0.2777 -0.9359
vn -0.2839 -0.0944 -0.9542
vn -0.3400 0.0926 -0.9359
vn -0.3830 0.2759 -0.8816
vn -0.4113 0.4487 -0.7934
vn -0.4238 0.6043 -0.6747
vn -0.4200 0.7366 -0.5301
vn -0.4001 0.8406 -0.3652
vn -0.3648 0.9123 -0.1862
vn -0.3155 0.9489 -0.0000
vn -0.4624 0.8867 0.0000
vn -0.4092 0.8928 0.1886
vn -0.3402 0.8645 0.3699
vn -0.2582 0.8031 0.5370
vn -0.1662 0.7108 0.6835
vn -0.0679 0.5912 0.8037
vn 0.0331 0.4488 0.8930
vn 0.1328 0.2893 0.9480
vn 0.2273 0.1186 0.9666
vn 0.3132 -0.0567 0.9480
vn 0.3870 -0.2298 0.8930
vn 0.4459 -0.3940 0.8037
vn 0.4877 -0.5431 0.6835
vn 0.5108 -0.6714 0.5370
vn 0.5142 -0.7738 0.3699
vn 0.4979 -0.8465 0.1886
vn 0.4624 -0.8867 0.0000
vn 0.4092 -0.8928 -0.1886
vn 0.3402 -0.8645 -0.3699
vn 0.2582 -0.8031 -0.5370
vn 0.1662 -0.7108 -0.6835
vn 0.0679 -0.5912 -0.8037
vn -0.0331 -0.4488 -0.8930
vn -0.1328 -0.2893 -0.9480
vn -0.2273 -0.1186 -0.9666
vn -0.3132 0.0567 -0.9480
vn -0.3870 0.2298 -0.8930
vn -0.4459 0.3940 -0.8037
vn -0.4877 0.5431 -0.6835
vn -0.5108 0.6714 -0.5370
vn -0.5142 0.7738 -0.3699
vn -0.4979 0.8465 -0.1886
vn -0.4624 0.8867 -0.0000
vn -0.5938 0.8046 0.0000
vn -0.5502 0.8129 0.1909
vn -0.4855 0.7900 0.3746
vn -0.4021 0.7366 0.5438
vn -0.3032 0.6550 0.6921
vn -0.1927 0.5482 0.8138
vn -0.0748 0.4204 0.9043
vn 0.0459 0.2764 0.9600
vn 0.1650 0.1217 0.9788
vn 0.2776 -0.0376 0.9600
vn 0.3796 -0.1954 0.9043
vn 0.4671 -0.3458 0.8138
vn 0.5365 -0.4829 0.6921
vn 0.5854 -0.6014 0.5438
vn 0.6117 -0.6968 0.3746
vn 0.6146 -0.7654 0.1909
vn 0.5938 -0.8046 0.0000
vn 0.5502 -0.8129 -0.1909
vn 0.4855 -0.7900 -0.3746
vn 0.4021 -0.7366 -0.5438
vn 0.3032 -0.6550 -0.6921
vn 0.1927 -0.5482 -0.8138
vn 0.0748 -0.4204 -0.9043
vn -0.0459 -0.2764 -0.9600
vn -0.1650 -0.1217 -0.9788
vn -0.2776 0.0376 -0.9600
vn -0.3796 0.1954 -0.9043
vn -0.4671 0.3458 -0.8138
vn -0.5365 0.4829 -0.6921
vn -0.5854 0.6014 -0.5438
vn -0.6117 0.6968 -0.3746
vn -0.6146 0.7654 -0.1909
vn -0.5938 0.8046 -0.0000
vn -0.7072 0.7071 0.0000
vn -0.6736 0.7135 0.1930
vn -0.6141 0.6925 0.3786
vn -0.5310 0.6448 0.5497
vn -0.4276 0.5724 0.6996
vn -0.3077 0.4780 0.8227
vn -0.1759 0.3653 0.9141
vn -0.0374 0.2385 0.9704
vn 0.1025 0.1025 0.9894
vn 0.2385 -0.0374 0.9704
vn 0.3653 -0.1759 0.9141
vn 0.4781 -0.3076 0.8227
vn 0.5725 -0.4275 0.6996
vn 0.6449 -0.5309 0.5497
vn 0.6926 -0.6140 0.3786
vn 0.7136 -0.6735 0.1930
vn 0.7072 -0.7071 0.0000
vn 0.6736 -0.7135 -0.1930
vn 0.6141 -0.6925 -0.3786
vn 0.5310 -0.6448 -0.5497
vn 0.4276 -0.5724 -0.6996
vn 0.3077 -0.4780 -0.8227
vn 0.1759 -0.3653 -0.9141
vn 0.0374 -0.2385 -0.9704
vn -0.1025 -0.1025 -0.9894
vn -0.2385 0.0374 -0.9704
vn -0.3653 0.1759 -0.9141
vn -0.4781 0.3076 -0.8227
vn -0.5725 0.4275 -0.6996
vn -0.6449 0.5309 -0.5497
vn -0.6926 0.6140 -0.3786
vn -0.7136 0.6735 -0.1930
vn -0.7072 0.7071 -0.0000
vn -0.8010 0.5987 0.0000
vn -0.7767 0.5991 0.1945
vn -0.7226 0.5765 0.3816
vn -0.6407 0.5317 0.5540
vn -0.5341 0.4665 0.7050
vn -0.4071 0.3834 0.8291
vn -0.2644 0.2855 0.9212
vn -0.1115 0.1767 0.9779
vn 0.0456 0.0611 0.9971
vn 0.2010 -0.0569 0.9779
vn 0.3487 -0.1727 0.9212
vn 0.4830 -0.2818 0.8291
vn 0.5987 -0.3801 0.7050
vn 0.6914 -0.4639 0.5540
vn 0.7575 -0.5297 0.3816
vn 0.7945 -0.5753 0.1945
vn 0.8010 -0.5987 0.0000
vn 0.7767 -0.5991 -0.1945
vn 0.7226 -0.5765 -0.3816
vn 0.6407 -0.5317 -0.5540
vn 0.5341 -0.4665 -0.7050
vn 0.4071 -0.3834 -0.8291
vn 0.2644 -0.2855 -0.9212
vn 0.1115 -0.1767 -0.9779
vn -0.0456 -0.0611 -0.9971
vn -0.2010 0.0569 -0.9779
vn -0.3487 0.1727 -0.9212
vn -0.4830 0.2818 -0.8291
vn -0.5987 0.3801 -0.7050
vn -0.6914 0.4639 -0.5540
vn -0.7575 0.5297 -0.3816
vn -0.7945 0.5753 -0.1945
vn -0.8010 0.5987 -0.0000
vn -0.8749 0.4843 0.0000
vn -0.8582 0.4748 0.1951
vn -0.8085 0.4471 0.3827
vn -0.7277 0.4023 0.5556
vn -0.6189 0.3419 0.7071
vn -0.4864 0.2685 0.8315
vn -0.3352 0.1847 0.9239
vn -0.1711 0.0938 0.9808
vn -0.0004 -0.0007 1.0000
vn 0.1703 -0.0951 0.9808
vn 0.3345 -0.1859 0.9239
vn 0.4858 -0.2696 0.8315
vn 0.6184 -0.3429 0.7071
vn 0.7273 -0.4030 0.5556
vn 0.8082 -0.4477 0.3827
vn 0.8580 -0.4751 0.1951
vn 0.8749 -0.4843 0.0000
vn 0.8582 -0.4748 -0.1951
vn 0.8085 -0.4471 -0.3827
vn 0.7277 -0.4023 -0.5556
vn 0.6189 -0.3419 -0.7071
vn 0.4864 -0.2685 -0.8315
vn 0.3352 -0.1847 -0.9239
vn 0.1711 -0.0938 -0.9808
vn 0.0004 0.0007 -1.0000
vn -0.1703 0.0951 -0.9808
vn -0.3345 0.1859 -0.9239
vn -0.4858 0.2696 -0.8315
vn -0.6184 0.3429 -0.7071
vn -0.7273 0.4030 -0.5556
vn -0.8082 0.4477 -0.3827
vn -0.8580 0.4751 -0.1951
vn -0.8749 0.4843 -0.0000
vn -0.9296 0.3687 0.0000
vn -0.9178 0.3461 0.1944
vn -0.8708 0.3103 0.3813
vn -0.7903 0.2625 0.5536
vn -0.6795 0.2047 0.7045
vn -0.5425 0.1390 0.8284
vn -0.3847 0.0679 0.9205
vn -0.2121 -0.0057 0.9772
vn -0.0314 -0.0792 0.9964
vn 0.1506 -0.1496 0.9772
vn 0.3267 -0.2142 0.9205
vn 0.4903 -0.2706 0.8284
vn 0.6351 -0.3167 0.7045
vn 0.7555 -0.3505 0.5536
vn 0.8468 -0.3709 0.3813
vn 0.9056 -0.3770 0.1944
vn 0.9296 -0.3687 0.0000
vn 0.9178 -0.3461 -0.1944
vn 0.8708 -0.3103 -0.3813
vn 0.7903 -0.2625 -0.5536
vn 0.6795 -0.2047 -0.7045
vn 0.5425 -0.1390 -0.8284
vn 0.3847 -0.0679 -0.9205
vn 0.2121 0.0057 -0.9772
vn 0.0314 0.0792 -0.9964
vn -0.1506 0.1496 -0.9772
vn -0.3267 0.2142 -0.9205
vn -0.4903 0.2706 -0.8284
vn -0.6351 0.3167 -0.7045
vn -0.7555 0.3505 -0.5536
vn -0.8468 0.3709 -0.3813
vn -0.9056 0.3770 -0.1944
vn -0.9296 0.3687 -0.0000
vn -0.9665 0.2566 0.0000
vn -0.9567 0.2186 0.1921
vn -0.9102 0.1722 0.3767
vn -0.8286 0.1192 0.5470
vn -0.7153 0.0615 0.6961
vn -0.5744 0.0016 0.8186
vn -0.4115 -0.0585 0.9095
vn -0.2327 -0.1163 0.9656
vn -0.0450 -0.1696 0.9845
vn 0.1444 -0.2164 0.9656
vn 0.3283 -0.2549 0.9095
vn 0.4995 -0.2836 0.8186
vn 0.6516 -0.3014 0.6961
vn 0.7786 -0.3076 0.5470
vn 0.8757 -0.3020 0.3767
vn 0.9392 -0.2848 0.1921
vn 0.9665 -0.2566 0.0000
vn 0.9567 -0.2186 -0.1921
vn 0.9102 -0.1722 -0.3767
vn 0.8286 -0.1192 -0.5470
vn 0.7153 -0.0615 -0.6961
vn 0.5744 -0.0016 -0.8186
vn 0.4115 0.0585 -0.9095
vn 0.2327 0.1163 -0.9656
vn 0.0450 0.1696 -0.9845
vn -0.1444 0.2164 -0.9656
vn -0.3283 0.2549 -0.9095
vn -0.4995 0.2836 -0.8186
vn -0.6516 0.3014 -0.6961
vn -0.7786 0.3076 -0.5470
vn -0.8757 0.3020 -0.3767
vn -0.9392 0.2848 -0.1921
vn -0.9665 0.2566 -0.0000
vn -0.9882 0.1528 0.0000
vn -0.9773 0.0980 0.1879
vn -0.9288 0.0394 0.3685
vn -0.8446 -0.0208 0.5350
vn -0.7279 -0.0801 0.6810
vn -0.5833 -0.1364 0.8007
vn -0.4162 -0.1874 0.8897
vn -0.2332 -0.2312 0.9445
vn -0.0412 -0.2662 0.9630
vn 0.1524 -0.2909 0.9445
vn 0.3402 -0.3044 0.8897
vn 0.5148 -0.3062 0.8007
vn 0.6697 -0.2963 0.6810
vn 0.7988 -0.2750 0.5350
vn 0.8973 -0.2431 0.3685
vn 0.9612 -0.2018 0.1879
vn 0.9882 -0.1528 0.0000
vn 0.9773 -0.0980 -0.1879
vn 0.9288 -0.0394 -0.3685
vn 0.8446 0.0208 -0.5350
vn 0.7279 0.0801 -0.6810
vn 0.5833 0.1364 -0.8007
vn 0.4162 0.1874 -0.8897
vn 0.2332 0.2312 -0.9445
vn 0.0412 0.2662 -0.9630
vn -0.1524 0.2909 -0.9445
vn -0.3402 0.3044 -0.8897
vn -0.5148 0.3062 -0.8007
vn -0.6697 0.2963 -0.6810
vn -0.7988 0.2750 -0.5350
vn -0.8973 0.2431 -0.3685
vn -0.9612 0.2018 -0.1879
vn -0.9882 0.1528 -0.0000
vn -0.9981 0.0620 0.0000
vn -0.9833 -0.0100 0.1817
vn -0.9307 -0.0816 0.3565
vn -0.8424 -0.1501 0.5175
vn -0.7217 -0.2128 0.6587
vn -0.5732 -0.2674 0.7745
vn -0.4028 -0.3116 0.8606
vn -0.2168 -0.3439 0.9136
vn -0.0225 -0.3630 0.9315
vn 0.1726 -0.3681 0.9136
vn 0.3611 -0.3591 0.8606
vn 0.5358 -0.3362 0.7745
vn 0.6898 -0.3005 0.6587
vn 0.8173 -0.2532 0.5175
vn 0.9135 -0.1962 0.3565
vn 0.9745 -0.1316 0.1817
vn 0.9981 -0.0620 0.0000
vn 0.9833 0.0100 -0.1817
vn 0.9307 0.0816 -0.3565
vn 0.8424 0.1501 -0.5175
vn 0.7217 0.2128 -0.6587
vn 0.5732 0.2674 -0.7745
vn 0.4028 0.3116 -0.8606
vn 0.2168 0.3439 -0.9136
vn 0.0225 0.3630 -0.9315
vn -0.1726 0.3681 -0.9136
vn -0.3611 0.3591 -0.8606
vn -0.5358 0.3362 -0.7745
vn -0.6898 0.3005 -0.6587
vn -0.8173 0.2532 -0.5175
vn -0.9135 0.1962 -0.3565
vn -0.9745 0.1316 -0.1817
vn -0.9981 0.0620 -0.0000
vn -0.9999 -0.0112 0.0000
vn -0.9797 -0.0997 0.1738
vn -0.9219 -0.1843 0.3409
vn -0.8286 -0.2619 0.4949
vn -0.7035 -0.3293 0.6298
vn -0.5513 -0.3842 0.7406
vn -0.3779 -0.4242 0.8229
vn -0.1901 -0.4480 0.8736
vn 0.0051 -0.4545 0.8907
vn 0.2001 -0.4436 0.8736
vn 0.3874 -0.4157 0.8229
vn 0.5598 -0.3717 0.7406
vn 0.7107 -0.3135 0.6298
vn 0.8342 -0.2432 0.4949
vn 0.9258 -0.1636 0.3409
vn 0.9817 -0.0777 0.1738
vn 0.9999 0.0112 0.0000
vn 0.9797 0.0997 -0.1738
vn 0.9219 0.1843 -0.3409
vn 0.8286 0.2619 -0.4949
vn 0.7035 0.3293 -0.6298
vn 0.5513 0.3842 -0.7406
vn 0.3779 0.4242 -0.8229
vn 0.1901 0.4480 -0.8736
vn -0.0051 0.4545 -0.8907
vn -0.2001 0.4436 -0.8736
vn -0.3874 0.4157 -0.8229
vn -0.5598 0.3717 -0.7406
vn -0.7107 0.3135 -0.6298
vn -0.8342 0.2432 -0.4949
vn -0.9258 0.1636 -0.3409
vn -0.9817 0.0777 -0.1738
vn -0.9999 -0.0112 -0.0000
vn -0.9981 -0.0621 0.0000
vn -0.9724 -0.1656 0.1645
vn -0.9093 -0.2627 0.3227
vn -0.8113 -0.3497 0.4685
vn -0.6821 -0.4233 0.5962
vn -0.5268 -0.4806 0.7011
vn -0.3511 -0.5195 0.7790
vn -0.1620 -0.5384 0.8270
vn 0.0334 -0.5366 0.8432
vn 0.2274 -0.5141 0.8270
vn 0.4128 -0.4720 0.7790
vn 0.5822 -0.4117 0.7011
vn 0.7293 -0.3355 0.5962
vn 0.8484 -0.2465 0.4685
vn 0.9349 -0.1480 0.3227
vn 0.9854 -0.0438 0.1645
vn 0.9981 0.0621 0.0000
vn 0.9724 0.1656 -0.1645
vn 0.9093 0.2627 -0.3227
vn 0.8113 0.3497 -0.4685
vn 0.6821 0.4233 -0.5962
vn 0.5268 0.4806 -0.7011
vn 0.3511 0.5195 -0.7790
vn 0.1620 0.5384 -0.8270
vn -0.0334 0.5366 -0.8432
vn -0.2274 0.5141 -0.8270
vn -0.4128 0.4720 -0.7790
vn -0.5822 0.4117 -0.7011
vn -0.7293 0.3355 -0.5962
vn -0.8484 0.2465 -0.4685
vn -0.9349 0.1480 -0.3227
vn -0.9854 0.0438 -0.1645
vn -0.9981 -0.0621 -0.0000
vn -0.9963 -0.0862 0.0000
vn -0.9669 -0.2028 0.1549
vn -0.9004 -0.3115 0.3038
vn -0.7992 -0.4083 0.4410
vn -0.6674 -0.4894 0.5613
vn -0.5099 -0.5517 0.6600
vn -0.3328 -0.5928 0.7334
vn -0.1429 -0.6111 0.7785
vn 0.0524 -0.6059 0.7938
vn 0.2458 -0.5775 0.7785
vn 0.4297 -0.5268 0.7334
vn 0.5971 -0.4559 0.6600
vn 0.7415 -0.3675 0.5613
vn 0.8575 -0.2650 0.4410
vn 0.9405 -0.1522 0.3038
vn 0.9874 -0.0337 0.1549
vn 0.9963 0.0862 0.0000
vn 0.9669 0.2028 -0.1549
vn 0.9004 0.3115 -0.3038
vn 0.7992 0.4083 -0.4410
vn 0.6674 0.4894 -0.5613
vn 0.5099 0.5517 -0.6600
vn 0.3328 0.5928 -0.7334
vn 0.1429 0.6111 -0.7785
vn -0.0524 0.6059 -0.7938
vn -0.2458 0.5775 -0.7785
vn -0.4297 0.5268 -0.7334
vn -0.5971 0.4559 -0.6600
vn -0.7415 0.3675 -0.5613
vn -0.8575 0.2650 -0.4410
vn -0.9405 0.1522 -0.3038
vn -0.9874 0.0337 -0.1549
vn -0.9963 -0.0862 -0.0000
vn -0.9967 -0.0811 0.0000
vn -0.9671 -0.2082 0.1462
vn -0.9003 -0.3274 0.2868
vn -0.7989 -0.4340 0.4164
vn -0.6668 -0.5239 0.5300
vn -0.5091 -0.5937 0.6232
vn -0.3318 -0.6407 0.6924
vn -0.1418 -0.6630 0.7351
vn 0.0537 -0.6599 0.7495
vn 0.2471 -0.6314 0.7351
vn 0.4310 -0.5786 0.6924
vn 0.5984 -0.5036 0.6232
vn 0.7427 -0.4093 0.5300
vn 0.8585 -0.2992 0.4164
vn 0.9414 -0.1776 0.2868
vn 0.9880 -0.0492 0.1462
vn 0.9967 0.0811 0.0000
vn 0.9671 0.2082 -0.1462
vn 0.9003 0.3274 -0.2868
vn 0.7989 0.4340 -0.4164
vn 0.6668 0.5239 -0.5300
vn 0.5091 0.5937 -0.6232
vn 0.3318 0.6407 -0.6924
vn 0.1418 0.6630 -0.7351
vn -0.0537 0.6599 -0.7495
vn -0.2471 0.6314 -0.7351
vn -0.4310 0.5786 -0.6924
vn -0.5984 0.5036 -0.6232
vn -0.7427 0.4093 -0.5300
vn -0.8585 0.2992 -0.4164
vn -0.9414 0.1776 -0.2868
vn -0.9880 0.0492 -0.1462
vn -0.9967 -0.0811 -0.0000
vn -0.9988 -0.0488 0.0000
vn -0.9730 -0.1834 0.1401
vn -0.9098 -0.3110 0.2749
vn -0.8116 -0.4266 0.3991
vn -0.6823 -0.5259 0.5079
vn -0.5267 -0.6049 0.5972
vn -0.3509 -0.6607 0.6636
vn -0.1616 -0.6911 0.7045
vn 0.0339 -0.6949 0.7183
vn 0.2281 -0.6721 0.7045
vn 0.4136 -0.6234 0.6636
vn 0.5831 -0.5507 0.5972
vn 0.7303 -0.4569 0.5079
vn 0.8493 -0.3455 0.3991
vn 0.9358 -0.2209 0.2749
vn 0.9862 -0.0877 0.1401
vn 0.9988 0.0488 0.0000
vn 0.9730 0.1834 -0.1401
vn 0.9098 0.3110 -0.2749
vn 0.8116 0.4266 -0.3991
vn 0.6823 0.5259 -0.5079
vn 0.5267 0.6049 -0.5972
vn 0.3509 0.6607 -0.6636
vn 0.1616 0.6911 -0.7045
vn -0.0339 0.6949 -0.7183
vn -0.2281 0.6721 -0.7045
vn -0.4136 0.6234 -0.6636
vn -0.5831 0.5507 -0.5972
vn -0.7303 0.4569 -0.5079
vn -0.8493 0.3455 -0.3991
vn -0.9358 0.2209 -0.2749
vn -0.9862 0.0877 -0.1401
vn -0.9988 -0.0488 -0.0000
vn -1.0000 0.0005 0.0000
vn -0.9809 -0.1375 0.1379
vn -0.9240 -0.2701 0.2706
vn -0.8317 -0.3924 0.3928
vn -0.7074 -0.4996 0.5000
vn -0.5559 -0.5877 0.5879
vn -0.3830 -0.6531 0.6533
vn -0.1954 -0.6934 0.6935
vn -0.0004 -0.7071 0.7071
vn 0.1947 -0.6936 0.6935
vn 0.3824 -0.6535 0.6533
vn 0.5553 -0.5882 0.5879
vn 0.7069 -0.5004 0.5000
vn 0.8313 -0.3933 0.3928
vn 0.9237 -0.2711 0.2706
vn 0.9807 -0.1384 0.1379
vn 1.0000 -0.0005 0.0000
vn 0.9809 0.1375 -0.1379
vn 0.9240 0.2701 -0.2706
vn 0.8317 0.3924 -0.3928
vn 0.7074 0.4996 -0.5000
vn 0.5559 0.5877 -0.5879
vn 0.3830 0.6531 -0.6533
vn 0.1954 0.6934 -0.6935
vn 0.0004 0.7071 -0.7071
vn -0.1947 0.6936 -0.6935
vn -0.3824 0.6535 -0.6533
vn -0.5553 0.5882 -0.5879
vn -0.7069 0.5004 -0.5000
vn -0.8313 0.3933 -0.3928
vn -0.9237 0.2711 -0.2706
vn -0.9807 0.1384 -0.1379
vn -1.0000 0.0005 -0.0000
vn -0.9988 0.0496 0.0000
vn -0.9863 -0.0868 0.1402
vn -0.9359 -0.2199 0.2750
vn -0.8496 -0.3446 0.3993
vn -0.7306 -0.4560 0.5082
vn -0.5836 -0.5499 0.5976
vn -0.4141 -0.6226 0.6640
vn -0.2287 -0.6714 0.7049
vn -0.0345 -0.6945 0.7187
vn 0.1610 -0.6908 0.7049
vn 0.3503 -0.6606 0.6640
vn 0.5262 -0.6050 0.5976
vn 0.6818 -0.5261 0.5082
vn 0.8113 -0.4271 0.3993
vn 0.9095 -0.3116 0.2750
vn 0.9728 -0.1841 0.1402
vn 0.9988 -0.0496 0.0000
vn 0.9863 0.0868 -0.1402
vn 0.9359 0.2199 -0.2750
vn 0.8496 0.3446 -0.3993
vn 0.7306 0.4560 -0.5082
vn 0.5836 0.5499 -0.5976
vn 0.4141 0.6226 -0.6640
vn 0.2287 0.6714 -0.7049
vn 0.0345 0.6945 -0.7187
vn -0.1610 0.6908 -0.7049
vn -0.3503 0.6606 -0.6640
vn -0.5262 0.6050 -0.5976
vn -0.6818 0.5261 -0.5082
vn -0.8113 0.4271 -0.3993
vn -0.9095 0.3116 -0.2750
vn -0.9728 0.1841 -0.1402
vn -0.9988 0.0496 -0.0000
vn -0.9967 0.0814 0.0000
vn -0.9880 -0.0487 0.1464
vn -0.9414 -0.1770 0.2871
vn -0.8586 -0.2984 0.4168
vn -0.7428 -0.4084 0.5305
vn -0.5985 -0.5027 0.6238
vn -0.4312 -0.5777 0.6931
vn -0.2472 -0.6304 0.7358
vn -0.0538 -0.6590 0.7502
vn 0.1416 -0.6622 0.7358
vn 0.3317 -0.6400 0.6931
vn 0.5090 -0.5932 0.6238
vn 0.6667 -0.5236 0.5305
vn 0.7988 -0.4338 0.4168
vn 0.9002 -0.3274 0.2871
vn 0.9670 -0.2084 0.1464
vn 0.9967 -0.0814 0.0000
vn 0.9880 0.0487 -0.1464
vn 0.9414 0.1770 -0.2871
vn 0.8586 0.2984 -0.4168
vn 0.7428 0.4084 -0.5305
vn 0.5985 0.5027 -0.6238
vn 0.4312 0.5777 -0.6931
vn 0.2472 0.6304 -0.7358
vn 0.0538 0.6590 -0.7502
vn -0.1416 0.6622 -0.7358
vn -0.3317 0.6400 -0.6931
vn -0.5090 0.5932 -0.6238
vn -0.6667 0.5236 -0.5305
vn -0.7988 0.4338 -0.4168
vn -0.9002 0.3274 -0.2871
vn -0.9670 0.2084 -0.1464
vn -0.9967 0.0814 -0.0000
vn -0.9963 0.0860 0.0000
vn -0.9873 -0.0336 0.1550
vn -0.9404 -0.1520 0.3041
vn -0.8574 -0.2644 0.4415
vn -0.7414 -0.3668 0.5620
vn -0.5969 -0.4550 0.6608
vn -0.4295 -0.5258 0.7342
vn -0.2456 -0.5763 0.7795
vn -0.0522 -0.6047 0.7947
vn 0.1432 -0.6099 0.7795
vn 0.3330 -0.5916 0.7342
vn 0.5101 -0.5506 0.6608
vn 0.6676 -0.4884 0.5620
vn 0.7994 -0.4075 0.4415
vn 0.9005 -0.3109 0.3041
vn 0.9670 -0.2023 0.1550
vn 0.9963 -0.0860 0.0000
vn 0.9873 0.0336 -0.1550
vn 0.9404 0.1520 -0.3041
vn 0.8574 0.2644 -0.4415
vn 0.7414 0.3668 -0.5620
vn 0.5969 0.4550 -0.6608
vn 0.4295 0.5258 -0.7342
vn 0.2456 0.5763 -0.7795
vn 0.0522 0.6047 -0.7947
vn -0.1432 0.6099 -0.7795
vn -0.3330 0.5916 -0.7342
vn -0.5101 0.5506 -0.6608
vn -0.6676 0.4884 -0.5620
vn -0.7994 0.4075 -0.4415
vn -0.9005 0.3109 -0.3041
vn -0.9670 0.2023 -0.1550
vn -0.9963 0.0860 -0.0000
vn -0.9981 0.0613 0.0000
vn -0.9854 -0.0442 0.1647
vn -0.9347 -0.1481 0.3230
vn -0.8482 -0.2463 0.4690
vn -0.7290 -0.3350 0.5969
vn -0.5819 -0.4109 0.7019
vn -0.4123 -0.4709 0.7799
vn -0.2270 -0.5129 0.8279
vn -0.0329 -0.5351 0.8441
vn 0.1625 -0.5368 0.8279
vn 0.3516 -0.5178 0.7799
vn 0.5272 -0.4790 0.7019
vn 0.6825 -0.4217 0.5969
vn 0.8116 -0.3483 0.4690
vn 0.9096 -0.2614 0.3230
vn 0.9725 -0.1646 0.1647
vn 0.9981 -0.0613 0.0000
vn 0.9854 0.0442 -0.1647
vn 0.9347 0.1481 -0.3230
vn 0.8482 0.2463 -0.4690
vn 0.7290 0.3350 -0.5969
vn 0.5819 0.4109 -0.7019
vn 0.4123 0.4709 -0.7799
vn 0.2270 0.5129 -0.8279
vn 0.0329 0.5351 -0.8441
vn -0.1625 0.5368 -0.8279
vn -0.3516 0.5178 -0.7799
vn -0.5272 0.4790 -0.7019
vn -0.6825 0.4217 -0.5969
vn -0.8116 0.3483 -0.4690
vn -0.9096 0.2614 -0.3230
vn -0.9725 0.1646 -0.1647
vn -0.9981 0.0613 -0.0000
vn -0.9999 0.0100 0.0000
vn -0.9816 -0.0785 0.1739
vn -0.9256 -0.1641 0.3412
vn -0.8339 -0.2433 0.4953
vn -0.7103 -0.3132 0.6304
vn -0.5593 -0.3710 0.7413
vn -0.3869 -0.4146 0.8237
vn -0.1995 -0.4422 0.8744
vn -0.0045 -0.4529 0.8916
vn 0.1906 -0.4461 0.8744
vn 0.3785 -0.4222 0.8237
vn 0.5518 -0.3821 0.7413
vn 0.7039 -0.3273 0.6304
vn 0.8289 -0.2599 0.4953
vn 0.9221 -0.1826 0.3412
vn 0.9799 -0.0982 0.1739
vn 0.9999 -0.0100 0.0000
vn 0.9816 0.0785 -0.1739
vn 0.9256 0.1641 -0.3412
vn 0.8339 0.2433 -0.4953
vn 0.7103 0.3132 -0.6304
vn 0.5593 0.3710 -0.7413
vn 0.3869 0.4146 -0.8237
vn 0.1995 0.4422 -0.8744
vn 0.0045 0.4529 -0.8916
vn -0.1906 0.4461 -0.8744
vn -0.3785 0.4222 -0.8237
vn -0.5518 0.3821 -0.7413
vn -0.7039 0.3273 -0.6304
vn -0.8289 0.2599 -0.4953
vn -0.9221 0.1826 -0.3412
vn -0.9799 0.0982 -0.1739
vn -0.9999 0.0100 -0.0000
vn -0.9980 -0.0636 0.0000
vn -0.9743 -0.1328 0.1819
vn -0.9132 -0.1970 0.3567
vn -0.8170 -0.2535 0.5179
vn -0.6894 -0.3003 0.6592
vn -0.5353 -0.3356 0.7751
vn -0.3606 -0.3580 0.8613
vn -0.1721 -0.3666 0.9143
vn 0.0230 -0.3612 0.9322
vn 0.2173 -0.3418 0.9143
vn 0.4032 -0.3093 0.8613
vn 0.5736 -0.2650 0.7751
vn 0.7219 -0.2104 0.6592
vn 0.8426 -0.1478 0.5179
vn 0.9308 -0.0795 0.3567
vn 0.9833 -0.0081 0.1819
vn 0.9980 0.0636 0.0000
vn 0.9743 0.1328 -0.1819
vn 0.9132 0.1970 -0.3567
vn 0.8170 0.2535 -0.5179
vn 0.6894 0.3003 -0.6592
vn 0.5353 0.3356 -0.7751
vn 0.3606 0.3580 -0.8613
vn 0.1721 0.3666 -0.9143
vn -0.0230 0.3612 -0.9322
vn -0.2173 0.3418 -0.9143
vn -0.4032 0.3093 -0.8613
vn -0.5736 0.2650 -0.7751
vn -0.7219 0.2104 -0.6592
vn -0.8426 0.1478 -0.5179
vn -0.9308 0.0795 -0.3567
vn -0.9833 0.0081 -0.1819
vn -0.9980 -0.0636 -0.0000
vn -0.9880 -0.1547 0.0000
vn -0.9609 -0.2033 0.1880
vn -0.8969 -0.2441 0.3687
vn -0.7985 -0.2755 0.5353
vn -0.6693 -0.2963 0.6813
vn -0.5145 -0.3057 0.8012
vn -0.3398 -0.3034 0.8902
vn -0.1521 -0.2894 0.9450
vn 0.0414 -0.2643 0.9636
vn 0.2333 -0.2290 0.9450
vn 0.4163 -0.1850 0.8902
vn 0.5833 -0.1338 0.8012
vn 0.7279 -0.0775 0.6813
vn 0.8445 -0.0182 0.5353
vn 0.9286 0.0418 0.3687
vn 0.9770 0.1002 0.1880
vn 0.9880 0.1547 0.0000
vn 0.9609 0.2033 -0.1880
vn 0.8969 0.2441 -0.3687
vn 0.7985 0.2755 -0.5353
vn 0.6693 0.2963 -0.6813
vn 0.5145 0.3057 -0.8012
vn 0.3398 0.3034 -0.8902
vn 0.1521 0.2894 -0.9450
vn -0.0414 0.2643 -0.9636
vn -0.2333 0.2290 -0.9450
vn -0.4163 0.1850 -0.8902
vn -0.5833 0.1338 -0.8012
vn -0.7279 0.0775 -0.6813
vn -0.8445 0.0182 -0.5353
vn -0.9286 -0.0418 -0.3687
vn -0.9770 -0.1002 -0.1880
vn -0.9880 -0.1547 -0.0000
vn -0.9660 -0.2587 0.0000
vn -0.9386 -0.2865 0.1921
vn -0.8752 -0.3032 0.3769
vn -0.7782 -0.3083 0.5471
vn -0.6513 -0.3016 0.6964
vn -0.4993 -0.2832 0.8188
vn -0.3281 -0.2540 0.9098
vn -0.1444 -0.2150 0.9659
vn 0.0449 -0.1678 0.9848
vn 0.2325 -0.1141 0.9659
vn 0.4112 -0.0560 0.9098
vn 0.5740 0.0042 0.8188
vn 0.7148 0.0643 0.6964
vn 0.8281 0.1219 0.5471
vn 0.9096 0.1748 0.3769
vn 0.9562 0.2210 0.1921
vn 0.9660 0.2587 0.0000
vn 0.9386 0.2865 -0.1921
vn 0.8752 0.3032 -0.3769
vn 0.7782 0.3083 -0.5471
vn 0.6513 0.3016 -0.6964
vn 0.4993 0.2832 -0.8188
vn 0.3281 0.2540 -0.9098
vn 0.1444 0.2150 -0.9659
vn -0.0449 0.1678 -0.9848
vn -0.2325 0.1141 -0.9659
vn -0.4112 0.0560 -0.9098
vn -0.5740 -0.0042 -0.8188
vn -0.7148 -0.0643 -0.6964
vn -0.8281 -0.1219 -0.5471
vn -0.9096 -0.1748 -0.3769
vn -0.9562 -0.2210 -0.1921
vn -0.9660 -0.2587 -0.0000
vn -0.9287 -0.3708 0.0000
vn -0.9048 -0.3788 0.1944
vn -0.8462 -0.3723 0.3813
vn -0.7550 -0.3514 0.5536
vn -0.6348 -0.3171 0.7046
vn -0.4902 -0.2705 0.8286
vn -0.3268 -0.2136 0.9207
vn -0.1508 -0.1484 0.9774
vn 0.0310 -0.0775 0.9965
vn 0.2115 -0.0037 0.9774
vn 0.3840 0.0703 0.9207
vn 0.5417 0.1416 0.8286
vn 0.6786 0.2074 0.7046
vn 0.7894 0.2653 0.5536
vn 0.8699 0.3129 0.3813
vn 0.9169 0.3486 0.1944
vn 0.9287 0.3708 0.0000
vn 0.9048 0.3788 -0.1944
vn 0.8462 0.3723 -0.3813
vn 0.7550 0.3514 -0.5536
vn 0.6348 0.3171 -0.7046
vn 0.4902 0.2705 -0.8286
vn 0.3268 0.2136 -0.9207
vn 0.1508 0.1484 -0.9774
vn -0.0310 0.0775 -0.9965
vn -0.2115 0.0037 -0.9774
vn -0.3840 -0.0703 -0.9207
vn -0.5417 -0.1416 -0.8286
vn -0.6786 -0.2074 -0.7046
vn -0.7894 -0.2653 -0.5536
vn -0.8699 -0.3129 -0.3813
vn -0.9169 -0.3486 -0.1944
vn -0.9287 -0.3708 -0.0000
vn -0.8737 -0.4865 0.0000
vn -0.8570 -0.4770 0.1951
vn -0.8073 -0.4492 0.3827
vn -0.7267 -0.4041 0.5556
vn -0.6181 -0.3435 0.7071
vn -0.4857 -0.2697 0.8315
vn -0.3347 -0.1855 0.9239
vn -0.1708 -0.0942 0.9808
vn -0.0004 0.0007 1.0000
vn 0.1701 0.0956 0.9808
vn 0.3340 0.1868 0.9239
vn 0.4851 0.2708 0.8315
vn 0.6175 0.3445 0.7071
vn 0.7262 0.4049 0.5556
vn 0.8070 0.4497 0.3827
vn 0.8568 0.4773 0.1951
vn 0.8737 0.4865 0.0000
vn 0.8570 0.4770 -0.1951
vn 0.8073 0.4492 -0.3827
vn 0.7267 0.4041 -0.5556
vn 0.6181 0.3435 -0.7071
vn 0.4857 0.2697 -0.8315
vn 0.3347 0.1855 -0.9239
vn 0.1708 0.0942 -0.9808
vn 0.0004 -0.0007 -1.0000
vn -0.1701 -0.0956 -0.9808
vn -0.3340 -0.1868 -0.9239
vn -0.4851 -0.2708 -0.8315
vn -0.6175 -0.3445 -0.7071
vn -0.7262 -0.4049 -0.5556
vn -0.8070 -0.4497 -0.3827
vn -0.8568 -0.4773 -0.1951
vn -0.8737 -0.4865 -0.0000
vn -0.7994 -0.6008 0.0000
vn -0.7931 -0.5772 0.1945
vn -0.7564 -0.5313 0.3815
vn -0.6906 -0.4651 0.5539
vn -0.5982 -0.3810 0.7050
vn -0.4829 -0.2822 0.8290
vn -0.3490 -0.1726 0.9211
vn -0.2017 -0.0564 0.9778
vn -0.0466 0.0620 0.9970
vn 0.1102 0.1781 0.9778
vn 0.2628 0.2872 0.9211
vn 0.4053 0.3854 0.8290
vn 0.5323 0.4687 0.7050
vn 0.6388 0.5340 0.5539
vn 0.7207 0.5788 0.3815
vn 0.7749 0.6014 0.1945
vn 0.7994 0.6008 0.0000
vn 0.7931 0.5772 -0.1945
vn 0.7564 0.5313 -0.3815
vn 0.6906 0.4651 -0.5539
vn 0.5982 0.3810 -0.7050
vn 0.4829 0.2822 -0.8290
vn 0.3490 0.1726 -0.9211
vn 0.2017 0.0564 -0.9778
vn 0.0466 -0.0620 -0.9970
vn -0.1102 -0.1781 -0.9778
vn -0.2628 -0.2872 -0.9211
vn -0.4053 -0.3854 -0.8290
vn -0.5323 -0.4687 -0.7050
vn -0.6388 -0.5340 -0.5539
vn -0.7207 -0.5788 -0.3815
vn -0.7749 -0.6014 -0.1945
vn -0.7994 -0.6008 -0.0000
vn -0.7052 -0.7090 0.0000
vn -0.7118 -0.6753 0.1930
vn -0.6912 -0.6156 0.3786
vn -0.6439 -0.5323 0.5496
vn -0.5719 -0.4285 0.6995
vn -0.4780 -0.3082 0.8225
vn -0.3656 -0.1761 0.9140
vn -0.2392 -0.0372 0.9703
vn -0.1036 0.1031 0.9893
vn 0.0359 0.2394 0.9703
vn 0.1741 0.3666 0.9140
vn 0.3056 0.4796 0.8225
vn 0.4253 0.5742 0.6995
vn 0.5288 0.6468 0.5496
vn 0.6118 0.6945 0.3786
vn 0.6714 0.7155 0.1930
vn 0.7052 0.7090 0.0000
vn 0.7118 0.6753 -0.1930
vn 0.6912 0.6156 -0.3786
vn 0.6439 0.5323 -0.5496
vn 0.5719 0.4285 -0.6995
vn 0.4780 0.3082 -0.8225
vn 0.3656 0.1761 -0.9140
vn 0.2392 0.0372 -0.9703
vn 0.1036 -0.1031 -0.9893
vn -0.0359 -0.2394 -0.9703
vn -0.1741 -0.3666 -0.9140
vn -0.3056 -0.4796 -0.8225
vn -0.4253 -0.5742 -0.6995
vn -0.5288 -0.6468 -0.5496
vn -0.6118 -0.6945 -0.3786
vn -0.6714 -0.7155 -0.1930
vn -0.7052 -0.7090 -0.0000
vn -0.5915 -0.8063 0.0000
vn -0.6125 -0.7671 0.1909
vn -0.6100 -0.6983 0.3745
vn -0.5841 -0.6027 0.5436
vn -0.5357 -0.4840 0.6919
vn -0.4668 -0.3466 0.8136
vn -0.3799 -0.1960 0.9040
vn -0.2784 -0.0378 0.9597
vn -0.1662 0.1219 0.9785
vn -0.0476 0.2769 0.9597
vn 0.0728 0.4212 0.9040
vn 0.1904 0.5493 0.8136
vn 0.3007 0.6564 0.6919
vn 0.3995 0.7382 0.5436
vn 0.4828 0.7916 0.3745
vn 0.5477 0.8146 0.1909
vn 0.5915 0.8063 0.0000
vn 0.6125 0.7671 -0.1909
vn 0.6100 0.6983 -0.3745
vn 0.5841 0.6027 -0.5436
vn 0.5357 0.4840 -0.6919
vn 0.4668 0.3466 -0.8136
vn 0.3799 0.1960 -0.9040
vn 0.2784 0.0378 -0.9597
vn 0.1662 -0.1219 -0.9785
vn 0.0476 -0.2769 -0.9597
vn -0.0728 -0.4212 -0.9040
vn -0.1904 -0.5493 -0.8136
vn -0.3007 -0.6564 -0.6919
vn -0.3995 -0.7382 -0.5436
vn -0.4828 -0.7916 -0.3745
vn -0.5477 -0.8146 -0.1909
vn -0.5915 -0.8063 -0.0000
vn -0.4597 -0.8881 0.0000
vn -0.4955 -0.8479 0.1885
vn -0.5122 -0.7752 0.3698
vn -0.5092 -0.6727 0.5369
vn -0.4866 -0.5443 0.6833
vn -0.4454 -0.3950 0.8035
vn -0.3870 -0.2306 0.8928
vn -0.3138 -0.0572 0.9478
vn -0.2285 0.1183 0.9663
vn -0.1344 0.2893 0.9478
vn -0.0352 0.4491 0.8928
vn 0.0654 0.5917 0.8035
vn 0.1635 0.7116 0.6833
vn 0.2553 0.8041 0.5369
vn 0.3373 0.8657 0.3698
vn 0.4063 0.8941 0.1885
vn 0.4597 0.8881 0.0000
vn 0.4955 0.8479 -0.1885
vn 0.5122 0.7752 -0.3698
vn 0.5092 0.6727 -0.5369
vn 0.4866 0.5443 -0.6833
vn 0.4454 0.3950 -0.8035
vn 0.3870 0.2306 -0.8928
vn 0.3138 0.0572 -0.9478
vn 0.2285 -0.1183 -0.9663
vn 0.1344 -0.2893 -0.9478
vn 0.0352 -0.4491 -0.8928
vn -0.0654 -0.5917 -0.8035
vn -0.1635 -0.7116 -0.6833
vn -0.2553 -0.8041 -0.5369
vn -0.3373 -0.8657 -0.3698
vn -0.4063 -0.8941 -0.1885
vn -0.4597 -0.8881 -0.0000
vn -0.3125 -0.9499 0.0000
vn -0.3621 -0.9134 0.1861
vn -0.3978 -0.8417 0.3651
vn -0.4181 -0.7377 0.5300
vn -0.4225 -0.6054 0.6745
vn -0.4105 -0.4498 0.7932
vn -0.3828 -0.2769 0.8813
vn -0.3404 -0.0934 0.9356
vn -0.2849 0.0937 0.9540
vn -0.2185 0.2773 0.9356
vn -0.1436 0.4501 0.8813
vn -0.0633 0.6057 0.7932
vn 0.0195 0.7380 0.6745
vn 0.1016 0.8419 0.5300
vn 0.1797 0.9135 0.3651
vn 0.2509 0.9499 0.1861
vn 0.3125 0.9499 0.0000
vn 0.3621 0.9134 -0.1861
vn 0.3978 0.8417 -0.3651
vn 0.4181 0.7377 -0.5300
vn 0.4225 0.6054 -0.6745
vn 0.4105 0.4498 -0.7932
vn 0.3828 0.2769 -0.8813
vn 0.3404 0.0934 -0.9356
vn 0.2849 -0.0937 -0.9540
vn 0.2185 -0.2773 -0.9356
vn 0.1436 -0.4501 -0.8813
vn 0.0633 -0.6057 -0.7932
vn -0.0195 -0.7380 -0.6745
vn -0.1016 -0.8419 -0.5300
vn -0.1797 -0.9135 -0.3651
vn -0.2509 -0.9499 -0.1861
vn -0.3125 -0.9499 -0.0000
vn -0.1535 -0.9882 0.0000
vn -0.2150 -0.9592 0.1839
vn -0.2682 -0.8933 0.3607
vn -0.3112 -0.7931 0.5236
vn -0.3421 -0.6624 0.6664
vn -0.3599 -0.5063 0.7836
vn -0.3639 -0.3307 0.8707
vn -0.3539 -0.1425 0.9244
vn -0.3303 0.0513 0.9425
vn -0.2941 0.2431 0.9244
vn -0.2465 0.4256 0.8707
vn -0.1894 0.5917 0.7836
vn -0.1251 0.7350 0.6664
vn -0.0559 0.8501 0.5236
vn 0.0154 0.9326 0.3607
vn 0.0861 0.9792 0.1839
vn 0.1535 0.9882 0.0000
vn 0.2150 0.9592 -0.1839
vn 0.2682 0.8933 -0.3607
vn 0.3112 0.7931 -0.5236
vn 0.3421 0.6624 -0.6664
vn 0.3599 0.5063 -0.7836
vn 0.3639 0.3307 -0.8707
vn 0.3539 0.1425 -0.9244
vn 0.3303 -0.0513 -0.9425
vn 0.2941 -0.2431 -0.9244
vn 0.2465 -0.4256 -0.8707
vn 0.1894 -0.5917 -0.7836
vn 0.1251 -0.7350 -0.6664
vn 0.0559 -0.8501 -0.5236
vn -0.0154 -0.9326 -0.3607
vn -0.0861 -0.9792 -0.1839
vn -0.1535 -0.9882 -0.0000
vn 0.0129 -0.9999 0.0000
vn -0.0577 -0.9816 0.1820
vn -0.1261 -0.9256 0.3569
vn -0.1897 -0.8340 0.5182
vn -0.2459 -0.7103 0.6595
vn -0.2927 -0.5594 0.7755
vn -0.3283 -0.3869 0.8617
vn -0.3512 -0.1996 0.9148
vn -0.3606 -0.0046 0.9327
vn -0.3562 0.1905 0.9148
vn -0.3381 0.3784 0.8617
vn -0.3070 0.5517 0.7755
vn -0.2641 0.7038 0.6595
vn -0.2110 0.8288 0.5182
vn -0.1499 0.9220 0.3569
vn -0.0830 0.9798 0.1820
vn -0.0129 0.9999 0.0000
vn 0.0577 0.9816 -0.1820
vn 0.1261 0.9256 -0.3569
vn 0.1897 0.8340 -0.5182
vn 0.2459 0.7103 -0.6595
vn 0.2927 0.5594 -0.7755
vn 0.3283 0.3869 -0.8617
vn 0.3512 0.1996 -0.9148
vn 0.3606 0.0046 -0.9327
vn 0.3562 -0.1905 -0.9148
vn 0.3381 -0.3784 -0.8617
vn 0.3070 -0.5517 -0.7755
vn 0.2641 -0.7038 -0.6595
vn 0.2110 -0.8288 -0.5182
vn 0.1499 -0.9220 -0.3569
vn 0.0830 -0.9798 -0.1820
vn 0.0129 -0.9999 -0.0000
vn 0.1813 -0.9834 0.0000
vn 0.1050 -0.9779 0.1805
vn 0.0247 -0.9349 0.3541
vn -0.0565 -0.8559 0.5141
vn -0.1356 -0.7440 0.6543
vn -0.2094 -0.6035 0.7694
vn -0.2752 -0.4399 0.8549
vn -0.3304 -0.2593 0.9075
vn -0.3730 -0.0687 0.9253
vn -0.4012 0.1244 0.9075
vn -0.4139 0.3128 0.8549
vn -0.4108 0.4892 0.7694
vn -0.3919 0.6468 0.6543
vn -0.3579 0.7795 0.5141
vn -0.3102 0.8823 0.3541
vn -0.2505 0.9511 0.1805
vn -0.1813 0.9834 0.0000
vn -0.1050 0.9779 -0.1805
vn -0.0247 0.9349 -0.3541
vn 0.0565 0.8559 -0.5141
vn 0.1356 0.7440 -0.6543
vn 0.2094 0.6035 -0.7694
vn 0.2752 0.4399 -0.8549
vn 0.3304 0.2593 -0.9075
vn 0.3730 0.0687 -0.9253
vn 0.4012 -0.1244 -0.9075
vn 0.4139 -0.3128 -0.8549
vn 0.4108 -0.4892 -0.7694
vn 0.3919 -0.6468 -0.6543
vn 0.3579 -0.7795 -0.5141
vn 0.3102 -0.8823 -0.3541
vn 0.2505 -0.9511 -0.1805
vn 0.1813 -0.9834 -0.0000
vn 0.3460 -0.9382 0.0000
vn 0.2679 -0.9465 0.1796
vn 0.1796 -0.9185 0.3523
vn 0.0843 -0.8551 0.5115
vn -0.0143 -0.7589 0.6510
vn -0.1122 -0.6335 0.7655
vn -0.2059 -0.4838 0.8506
vn -0.2916 -0.3155 0.9030
vn -0.3662 -0.1351 0.9207
vn -0.4267 0.0506 0.9030
vn -0.4707 0.2343 0.8506
vn -0.4967 0.4090 0.7655
vn -0.5036 0.5679 0.6510
vn -0.4912 0.7051 0.5115
vn -0.4598 0.8151 0.3523
vn -0.4108 0.8938 0.1796
vn -0.3460 0.9382 0.0000
vn -0.2679 0.9465 -0.1796
vn -0.1796 0.9185 -0.3523
vn -0.0843 0.8551 -0.5115
vn 0.0143 0.7589 -0.6510
vn 0.1122 0.6335 -0.7655
vn 0.2059 0.4838 -0.8506
vn 0.2916 0.3155 -0.9030
vn 0.3662 0.1351 -0.9207
vn 0.4267 -0.0506 -0.9030
vn 0.4707 -0.2343 -0.8506
vn 0.4967 -0.4090 -0.7655
vn 0.5036 -0.5679 -0.6510
vn 0.4912 -0.7051 -0.5115
vn 0.4598 -0.8151 -0.3523
vn 0.4108 -0.8938 -0.1796
vn 0.3460 -0.9382 -0.0000
vn 0.5014 -0.8652 0.0000
vn 0.4253 -0.8871 0.1793
vn 0.3328 -0.8749 0.3517
vn 0.2276 -0.8291 0.5106
vn 0.1136 -0.7515 0.6499
vn -0.0048 -0.6449 0.7642
vn -0.1230 -0.5136 0.8492
vn -0.2364 -0.3625 0.9015
vn -0.3408 -0.1975 0.9191
vn -0.4321 -0.0249 0.9015
vn -0.5068 0.1486 0.8492
vn -0.5620 0.3164 0.7642
vn -0.5956 0.4721 0.6499
vn -0.6063 0.6097 0.5106
vn -0.5937 0.7238 0.3517
vn -0.5583 0.8100 0.1793
vn -0.5014 0.8652 0.0000
vn -0.4253 0.8871 -0.1793
vn -0.3328 0.8749 -0.3517
vn -0.2276 0.8291 -0.5106
vn -0.1136 0.7515 -0.6499
vn 0.0048 0.6449 -0.7642
vn 0.1230 0.5136 -0.8492
vn 0.2364 0.3625 -0.9015
vn 0.3408 0.1975 -0.9191
vn 0.4321 0.0249 -0.9015
vn 0.5068 -0.1486 -0.8492
vn 0.5620 -0.3164 -0.7642
vn 0.5956 -0.4721 -0.6499
vn 0.6063 -0.6097 -0.5106
vn 0.5937 -0.7238 -0.3517
vn 0.5583 -0.8100 -0.1793
vn 0.5014 -0.8652 -0.0000
vn 0.6420 -0.7667 0.0000
vn 0.5713 -0.8008 0.1796
vn 0.4787 -0.8042 0.3524
vn 0.3676 -0.7766 0.5115
vn 0.2425 -0.7193 0.6511
vn 0.1080 -0.6342 0.7656
vn -0.0307 -0.5248 0.8507
vn -0.1681 -0.3953 0.9031
vn -0.2991 -0.2505 0.9207
vn -0.4186 -0.0961 0.9031
vn -0.5221 0.0620 0.8507
vn -0.6054 0.2177 0.7656
vn -0.6655 0.3650 0.6511
vn -0.7000 0.4983 0.5115
vn -0.7076 0.6125 0.3524
vn -0.6880 0.7031 0.1796
vn -0.6420 0.7667 0.0000
vn -0.5713 0.8008 -0.1796
vn -0.4787 0.8042 -0.3524
vn -0.3676 0.7766 -0.5115
vn -0.2425 0.7193 -0.6511
vn -0.1080 0.6342 -0.7656
vn 0.0307 0.5248 -0.8507
vn 0.1681 0.3953 -0.9031
vn 0.2991 0.2505 -0.9207
vn 0.4186 0.0961 -0.9031
vn 0.5221 -0.0620 -0.8507
vn 0.6054 -0.2177 -0.7656
vn 0.6655 -0.3650 -0.6511
vn 0.7000 -0.4983 -0.5115
vn 0.7076 -0.6125 -0.3524
vn 0.6880 -0.7031 -0.1796
vn 0.6420 -0.7667 -0.0000
vn 0.7632 -0.6462 0.0000
vn 0.7007 -0.6902 0.1805
vn 0.6113 -0.7077 0.3541
vn 0.4985 -0.6980 0.5141
vn 0.3665 -0.6614 0.6544
vn 0.2204 -0.5995 0.7694
vn 0.0658 -0.5145 0.8550
vn -0.0913 -0.4097 0.9076
vn -0.2449 -0.2892 0.9254
vn -0.3891 -0.1576 0.9076
vn -0.5183 -0.0199 0.8550
vn -0.6276 0.1185 0.7694
vn -0.7128 0.2524 0.6544
vn -0.7706 0.3766 0.5141
vn -0.7988 0.4863 0.3541
vn -0.7963 0.5774 0.1805
vn -0.7632 0.6462 0.0000
vn -0.7007 0.6902 -0.1805
vn -0.6113 0.7077 -0.3541
vn -0.4985 0.6980 -0.5141
vn -0.3665 0.6614 -0.6544
vn -0.2204 0.5995 -0.7694
vn -0.0658 0.5145 -0.8550
vn 0.0913 0.4097 -0.9076
vn 0.2449 0.2892 -0.9254
vn 0.3891 0.1576 -0.9076
vn 0.5183 0.0199 -0.8550
vn 0.6276 -0.1185 -0.7694
vn 0.7128 -0.2524 -0.6544
vn 0.7706 -0.3766 -0.5141
vn 0.7988 -0.4863 -0.3541
vn 0.7963 -0.5774 -0.1805
vn 0.7632 -0.6462 -0.0000
vn 0.8612 -0.5083 0.0000
vn 0.8089 -0.5591 0.1820
vn 0.7255 -0.5884 0.3570
vn 0.6143 -0.5950 0.5183
vn 0.4795 -0.5788 0.6596
vn 0.3262 -0.5403 0.7756
vn 0.1604 -0.4811 0.8619
vn -0.0116 -0.4034 0.9149
vn -0.1831 -0.3102 0.9329
vn -0.3476 -0.2051 0.9149
vn -0.4987 -0.0921 0.8619
vn -0.6307 0.0245 0.7756
vn -0.7384 0.1401 0.6596
vn -0.8178 0.2503 0.5183
vn -0.8657 0.3509 0.3570
vn -0.8803 0.4380 0.1820
vn -0.8612 0.5083 0.0000
vn -0.8089 0.5591 -0.1820
vn -0.7255 0.5884 -0.3570
vn -0.6143 0.5950 -0.5183
vn -0.4795 0.5788 -0.6596
vn -0.3262 0.5403 -0.7756
vn -0.1604 0.4811 -0.8619
vn 0.0116 0.4034 -0.9149
vn 0.1831 0.3102 -0.9329
vn 0.3476 0.2051 -0.9149
vn 0.4987 0.0921 -0.8619
vn 0.6307 -0.0245 -0.7756
vn 0.7384 -0.1401 -0.6596
vn 0.8178 -0.2503 -0.5183
vn 0.8657 -0.3509 -0.3570
vn 0.8803 -0.4380 -0.1820
vn 0.8612 -0.5083 -0.0000
vn 0.9336 -0.3582 0.0000
vn 0.8924 -0.4121 0.1839
vn 0.8168 -0.4502 0.3607
vn 0.7099 -0.4709 0.5237
vn 0.5757 -0.4736 0.6666
vn 0.4193 -0.4581 0.7838
vn 0.2468 -0.4249 0.8709
vn 0.0649 -0.3755 0.9246
vn -0.1195 -0.3116 0.9427
vn -0.2994 -0.2357 0.9246
vn -0.4677 -0.1508 0.8709
vn -0.6181 -0.0601 0.7838
vn -0.7447 0.0330 0.6666
vn -0.8427 0.1247 0.5237
vn -0.9083 0.2117 0.3607
vn -0.9390 0.2905 0.1839
vn -0.9336 0.3582 0.0000
vn -0.8924 0.4121 -0.1839
vn -0.8168 0.4502 -0.3607
vn -0.7099 0.4709 -0.5237
vn -0.5757 0.4736 -0.6666
vn -0.4193 0.4581 -0.7838
vn -0.2468 0.4249 -0.8709
vn -0.0649 0.3755 -0.9246
vn 0.1195 0.3116 -0.9427
vn 0.2994 0.2357 -0.9246
vn 0.4677 0.1508 -0.8709
vn 0.6181 0.0601 -0.7838
vn 0.7447 -0.0330 -0.6666
vn 0.8427 -0.1247 -0.5237
vn 0.9083 -0.2117 -0.3607
vn 0.9390 -0.2905 -0.1839
vn 0.9336 -0.3582 -0.0000
vn 0.9795 -0.2013 0.0000
vn 0.9490 -0.2546 0.1862
vn 0.8819 -0.2981 0.3652
vn 0.7810 -0.3302 0.5301
vn 0.6501 -0.3496 0.6747
vn 0.4941 -0.3555 0.7934
vn 0.3192 -0.3478 0.8816
vn 0.1320 -0.3267 0.9359
vn -0.0602 -0.2931 0.9542
vn -0.2502 -0.2482 0.9359
vn -0.4305 -0.1938 0.8816
vn -0.5943 -0.1319 0.7934
vn -0.7352 -0.0649 0.6747
vn -0.8479 0.0045 0.5301
vn -0.9280 0.0738 0.3652
vn -0.9725 0.1402 0.1862
vn -0.9795 0.2013 0.0000
vn -0.9490 0.2546 -0.1862
vn -0.8819 0.2981 -0.3652
vn -0.7810 0.3302 -0.5301
vn -0.6501 0.3496 -0.6747
vn -0.4941 0.3555 -0.7934
vn -0.3192 0.3478 -0.8816
vn -0.1320 0.3267 -0.9359
vn 0.0602 0.2931 -0.9542
vn 0.2502 0.2482 -0.9359
vn 0.4305 0.1938 -0.8816
vn 0.5943 0.1319 -0.7934
vn 0.7352 0.0649 -0.6747
vn 0.8479 -0.0045 -0.5301
vn 0.9280 -0.0738 -0.3652
vn 0.9725 -0.1402 -0.1862
vn 0.9795 -0.2013 -0.0000
vn 0.9991 -0.0429 0.0000
vn 0.9777 -0.0920 0.1886
vn 0.9188 -0.1377 0.3699
vn 0.8246 -0.1780 0.5370
vn 0.6987 -0.2115 0.6835
vn 0.5459 -0.2368 0.8037
vn 0.3722 -0.2531 0.8930
vn 0.1841 -0.2596 0.9480
vn -0.0110 -0.2562 0.9666
vn -0.2057 -0.2429 0.9480
vn -0.3925 -0.2202 0.8930
vn -0.5642 -0.1891 0.8037
vn -0.7142 -0.1508 0.6835
vn -0.8368 -0.1066 0.5370
vn -0.9272 -0.0584 0.3699
vn -0.9820 -0.0079 0.1886
vn -0.9991 0.0429 0.0000
vn -0.9777 0.0920 -0.1886
vn -0.9188 0.1377 -0.3699
vn -0.8246 0.1780 -0.5370
vn -0.6987 0.2115 -0.6835
vn -0.5459 0.2368 -0.8037
vn -0.3722 0.2531 -0.8930
vn -0.1841 0.2596 -0.9480
vn 0.0110 0.2562 -0.9666
vn 0.2057 0.2429 -0.9480
vn 0.3925 0.2202 -0.8930
vn 0.5642 0.1891 -0.8037
vn 0.7142 0.1508 -0.6835
vn 0.8368 0.1066 -0.5370
vn 0.9272 0.0584 -0.3699
vn 0.9820 0.0079 -0.1886
vn 0.9991 -0.0429 -0.0000
vn 0.9937 0.1119 0.0000
vn 0.9791 0.0700 0.1909
vn 0.9269 0.0255 0.3746
vn 0.8390 -0.0201 0.5438
vn 0.7189 -0.0649 0.6921
vn 0.5712 -0.1072 0.8138
vn 0.4015 -0.1454 0.9043
vn 0.2164 -0.1780 0.9600
vn 0.0230 -0.2037 0.9788
vn -0.1714 -0.2217 0.9600
vn -0.3591 -0.2311 0.9043
vn -0.5330 -0.2316 0.8138
vn -0.6864 -0.2232 0.6921
vn -0.8135 -0.2063 0.5438
vn -0.9093 -0.1814 0.3746
vn -0.9701 -0.1495 0.1909
vn -0.9937 -0.1119 0.0000
vn -0.9791 -0.0700 -0.1909
vn -0.9269 -0.0255 -0.3746
vn -0.8390 0.0201 -0.5438
vn -0.7189 0.0649 -0.6921
vn -0.5712 0.1072 -0.8138
vn -0.4015 0.1454 -0.9043
vn -0.2164 0.1780 -0.9600
vn -0.0230 0.2037 -0.9788
vn 0.1714 0.2217 -0.9600
vn 0.3591 0.2311 -0.9043
vn 0.5330 0.2316 -0.8138
vn 0.6864 0.2232 -0.6921
vn 0.8135 0.2063 -0.5438
vn 0.9093 0.1814 -0.3746
vn 0.9701 0.1495 -0.1909
vn 0.9937 0.1119 -0.0000
vn 0.9659 0.2589 0.0000
vn 0.9547 0.2266 0.1930
vn 0.9067 0.1856 0.3786
vn 0.8240 0.1375 0.5497
vn 0.7095 0.0841 0.6996
vn 0.5678 0.0274 0.8227
vn 0.4043 -0.0303 0.9141
vn 0.2252 -0.0868 0.9704
vn 0.0375 -0.1400 0.9894
vn -0.1516 -0.1878 0.9704
vn -0.3350 -0.2284 0.9141
vn -0.5054 -0.2602 0.8227
vn -0.6565 -0.2821 0.6996
vn -0.7823 -0.2930 0.5497
vn -0.8780 -0.2928 0.3786
vn -0.9400 -0.2812 0.1930
vn -0.9659 -0.2589 0.0000
vn -0.9547 -0.2266 -0.1930
vn -0.9067 -0.1856 -0.3786
vn -0.8240 -0.1375 -0.5497
vn -0.7095 -0.0841 -0.6996
vn -0.5678 -0.0274 -0.8227
vn -0.4043 0.0303 -0.9141
vn -0.2252 0.0868 -0.9704
vn -0.0375 0.1400 -0.9894
vn 0.1516 0.1878 -0.9704
vn 0.3350 0.2284 -0.9141
vn 0.5054 0.2602 -0.8227
vn 0.6565 0.2821 -0.6996
vn 0.7823 0.2930 -0.5497
vn 0.8780 0.2928 -0.3786
vn 0.9400 0.2812 -0.1930
vn 0.9659 0.2589 -0.0000
vn 0.9190 0.3944 0.0000
vn 0.9072 0.3731 0.1945
vn 0.8605 0.3375 0.3816
vn 0.7808 0.2890 0.5540
vn 0.6711 0.2293 0.7050
vn 0.5355 0.1609 0.8291
vn 0.3794 0.0862 0.9212
vn 0.2088 0.0082 0.9779
vn 0.0301 -0.0700 0.9971
vn -0.1498 -0.1456 0.9779
vn -0.3239 -0.2156 0.9212
vn -0.4856 -0.2773 0.8291
vn -0.6285 -0.3284 0.7050
vn -0.7474 -0.3668 0.5540
vn -0.8375 -0.3911 0.3816
vn -0.8954 -0.4004 0.1945
vn -0.9190 -0.3944 0.0000
vn -0.9072 -0.3731 -0.1945
vn -0.8605 -0.3375 -0.3816
vn -0.7808 -0.2890 -0.5540
vn -0.6711 -0.2293 -0.7050
vn -0.5355 -0.1609 -0.8291
vn -0.3794 -0.0862 -0.9212
vn -0.2088 -0.0082 -0.9779
vn -0.0301 0.0700 -0.9971
vn 0.1498 0.1456 -0.9779
vn 0.3239 0.2156 -0.9212
vn 0.4856 0.2773 -0.8291
vn 0.6285 0.3284 -0.7050
vn 0.7474 0.3668 -0.5540
vn 0.8375 0.3911 -0.3816
vn 0.8954 0.4004 -0.1945
vn 0.9190 0.3944 -0.0000
vn 0.8568 0.5156 0.0000
vn 0.8403 0.5058 0.1951
vn 0.7915 0.4766 0.3827
vn 0.7122 0.4291 0.5556
vn 0.6056 0.3650 0.7071
vn 0.4757 0.2870 0.8315
vn 0.3275 0.1979 0.9239
vn 0.1668 0.1012 0.9808
vn -0.0004 0.0007 1.0000
vn -0.1676 -0.0999 0.9808
vn -0.3283 -0.1967 0.9239
vn -0.4764 -0.2859 0.8315
vn -0.6062 -0.3641 0.7071
vn -0.7127 -0.4283 0.5556
vn -0.7918 -0.4761 0.3827
vn -0.8405 -0.5055 0.1951
vn -0.8568 -0.5156 0.0000
vn -0.8403 -0.5058 -0.1951
vn -0.7915 -0.4766 -0.3827
vn -0.7122 -0.4291 -0.5556
vn -0.6056 -0.3650 -0.7071
vn -0.4757 -0.2870 -0.8315
vn -0.3275 -0.1979 -0.9239
vn -0.1668 -0.1012 -0.9808
vn 0.0004 -0.0007 -1.0000
vn 0.1676 0.0999 -0.9808
vn 0.3283 0.1967 -0.9239
vn 0.4764 0.2859 -0.8315
vn 0.6062 0.3641 -0.7071
vn 0.7127 0.4283 -0.5556
vn 0.7918 0.4761 -0.3827
vn 0.8405 0.5055 -0.1951
vn 0.8568 0.5156 -0.0000
vn 0.7840 0.6207 0.0000
vn 0.7587 0.6218 0.1944
vn 0.7041 0.5990 0.3813
vn 0.6225 0.5532 0.5536
vn 0.5170 0.4861 0.7045
vn 0.3916 0.4004 0.8284
vn 0.2512 0.2992 0.9205
vn 0.1011 0.1866 0.9772
vn -0.0529 0.0668 0.9964
vn -0.2048 -0.0556 0.9772
vn -0.3489 -0.1758 0.9205
vn -0.4795 -0.2893 0.8284
vn -0.5918 -0.3917 0.7045
vn -0.6813 -0.4790 0.5536
vn -0.7446 -0.5479 0.3813
vn -0.7793 -0.5957 0.1944
vn -0.7840 -0.6207 0.0000
vn -0.7587 -0.6218 -0.1944
vn -0.7041 -0.5990 -0.3813
vn -0.6225 -0.5532 -0.5536
vn -0.5170 -0.4861 -0.7045
vn -0.3916 -0.4004 -0.8284
vn -0.2512 -0.2992 -0.9205
vn -0.1011 -0.1866 -0.9772
vn 0.0529 -0.0668 -0.9964
vn 0.2048 0.0556 -0.9772
vn 0.3489 0.1758 -0.9205
vn 0.4795 0.2893 -0.8284
vn 0.5918 0.3917 -0.7045
vn 0.6813 0.4790 -0.5536
vn 0.7446 0.5479 -0.3813
vn 0.7793 0.5957 -0.1944
vn 0.7840 0.6207 -0.0000
vn 0.7055 0.7087 0.0000
vn 0.6677 0.7192 0.1921
vn 0.6042 0.7021 0.3767
vn 0.5175 0.6580 0.5470
vn 0.4109 0.5887 0.6961
vn 0.2886 0.4967 0.8186
vn 0.1551 0.3856 0.9095
vn 0.0157 0.2597 0.9656
vn -0.1243 0.1238 0.9845
vn -0.2596 -0.0169 0.9656
vn -0.3849 -0.1569 0.9095
vn -0.4953 -0.2908 0.8186
vn -0.5868 -0.4136 0.6961
vn -0.6557 -0.5205 0.5470
vn -0.6994 -0.6074 0.3767
vn -0.7162 -0.6709 0.1921
vn -0.7055 -0.7087 0.0000
vn -0.6677 -0.7192 -0.1921
vn -0.6042 -0.7021 -0.3767
vn -0.5175 -0.6580 -0.5470
vn -0.4109 -0.5887 -0.6961
vn -0.2886 -0.4967 -0.8186
vn -0.1551 -0.3856 -0.9095
vn -0.0157 -0.2597 -0.9656
vn 0.1243 -0.1238 -0.9845
vn 0.2596 0.0169 -0.9656
vn 0.3849 0.1569 -0.9095
vn 0.4953 0.2908 -0.8186
vn 0.5868 0.4136 -0.6961
vn 0.6557 0.5205 -0.5470
vn 0.6994 0.6074 -0.3767
vn 0.7162 0.6709 -0.1921
vn 0.7055 0.7087 -0.0000
vn 0.6265 0.7794 0.0000
vn 0.5735 0.7974 0.1879
vn 0.4985 0.7847 0.3685
vn 0.4043 0.7418 0.5350
vn 0.2946 0.6705 0.6810
vn 0.1735 0.5733 0.8007
vn 0.0458 0.4542 0.8897
vn -0.0837 0.3176 0.9445
vn -0.2099 0.1687 0.9630
vn -0.3281 0.0134 0.9445
vn -0.4337 -0.1424 0.8897
vn -0.5226 -0.2927 0.8007
vn -0.5914 -0.4318 0.6810
vn -0.6375 -0.5543 0.5350
vn -0.6591 -0.6555 0.3685
vn -0.6554 -0.7315 0.1879
vn -0.6265 -0.7794 0.0000
vn -0.5735 -0.7974 -0.1879
vn -0.4985 -0.7847 -0.3685
vn -0.4043 -0.7418 -0.5350
vn -0.2946 -0.6705 -0.6810
vn -0.1735 -0.5733 -0.8007
vn -0.0458 -0.4542 -0.8897
vn 0.0837 -0.3176 -0.9445
vn 0.2099 -0.1687 -0.9630
vn 0.3281 -0.0134 -0.9445
vn 0.4337 0.1424 -0.8897
vn 0.5226 0.2927 -0.8007
vn 0.5914 0.4318 -0.6810
vn 0.6375 0.5543 -0.5350
vn 0.6591 0.6555 -0.3685
vn 0.6554 0.7315 -0.1879
vn 0.6265 0.7794 -0.0000
vn 0.5527 0.8334 0.0000
vn 0.4830 0.8566 0.1817
vn 0.3947 0.8468 0.3565
vn 0.2912 0.8046 0.5175
vn 0.1765 0.7314 0.6587
vn 0.0551 0.6301 0.7745
vn -0.0685 0.5046 0.8606
vn -0.1894 0.3597 0.9136
vn -0.3031 0.2010 0.9315
vn -0.4051 0.0346 0.9136
vn -0.4915 -0.1332 0.8606
vn -0.5591 -0.2959 0.7745
vn -0.6051 -0.4471 0.6587
vn -0.6280 -0.5812 0.5175
vn -0.6266 -0.6930 0.3565
vn -0.6012 -0.7781 0.1817
vn -0.5527 -0.8334 0.0000
vn -0.4830 -0.8566 -0.1817
vn -0.3947 -0.8468 -0.3565
vn -0.2912 -0.8046 -0.5175
vn -0.1765 -0.7314 -0.6587
vn -0.0551 -0.6301 -0.7745
vn 0.0685 -0.5046 -0.8606
vn 0.1894 -0.3597 -0.9136
vn 0.3031 -0.2010 -0.9315
vn 0.4051 -0.0346 -0.9136
vn 0.4915 0.1332 -0.8606
vn 0.5591 0.2959 -0.7745
vn 0.6051 0.4471 -0.6587
vn 0.6280 0.5812 -0.5175
vn 0.6266 0.6930 -0.3565
vn 0.6012 0.7781 -0.1817
vn 0.5527 0.8334 -0.0000
vn 0.4903 0.8716 0.0000
vn 0.4035 0.8983 0.1738
vn 0.3013 0.8905 0.3409
vn 0.1875 0.8485 0.4949
vn 0.0665 0.7739 0.6298
vn -0.0571 0.6695 0.7406
vn -0.1784 0.5394 0.8229
vn -0.2929 0.3886 0.8736
vn -0.3962 0.2229 0.8907
vn -0.4842 0.0485 0.8736
vn -0.5537 -0.1276 0.8229
vn -0.6018 -0.2989 0.7406
vn -0.6268 -0.4587 0.6298
vn -0.6277 -0.6009 0.4949
vn -0.6046 -0.7199 0.3409
vn -0.5581 -0.8114 0.1738
vn -0.4903 -0.8716 0.0000
vn -0.4035 -0.8983 -0.1738
vn -0.3013 -0.8905 -0.3409
vn -0.1875 -0.8485 -0.4949
vn -0.0665 -0.7739 -0.6298
vn 0.0571 -0.6695 -0.7406
vn 0.1784 -0.5394 -0.8229
vn 0.2929 -0.3886 -0.8736
vn 0.3962 -0.2229 -0.8907
vn 0.4842 -0.0485 -0.8736
vn 0.5537 0.1276 -0.8229
vn 0.6018 0.2989 -0.7406
vn 0.6268 0.4587 -0.6298
vn 0.6277 0.6009 -0.4949
vn 0.6046 0.7199 -0.3409
vn 0.5581 0.8114 -0.1738
vn 0.4903 0.8716 -0.0000
vn 0.4453 0.8954 0.0000
vn 0.3428 0.9249 0.1645
vn 0.2272 0.9188 0.3227
vn 0.1028 0.8775 0.4685
vn -0.0255 0.8024 0.5962
vn -0.1529 0.6965 0.7011
vn -0.2743 0.5638 0.7790
vn -0.3852 0.4095 0.8270
vn -0.4814 0.2394 0.8432
vn -0.5590 0.0601 0.8270
vn -0.6151 -0.1215 0.7790
vn -0.6476 -0.2984 0.7011
vn -0.6552 -0.4639 0.5962
vn -0.6377 -0.6115 0.4685
vn -0.5956 -0.7356 0.3227
vn -0.5306 -0.8315 0.1645
vn -0.4453 -0.8954 0.0000
vn -0.3428 -0.9249 -0.1645
vn -0.2272 -0.9188 -0.3227
vn -0.1028 -0.8775 -0.4685
vn 0.0255 -0.8024 -0.5962
vn 0.1529 -0.6965 -0.7011
vn 0.2743 -0.5638 -0.7790
vn 0.3852 -0.4095 -0.8270
vn 0.4814 -0.2394 -0.8432
vn 0.5590 -0.0601 -0.8270
vn 0.6151 0.1215 -0.7790
vn 0.6476 0.2984 -0.7011
vn 0.6552 0.4639 -0.5962
vn 0.6377 0.6115 -0.4685
vn 0.5956 0.7356 -0.3227
vn 0.5306 0.8315 -0.1645
vn 0.4453 0.8954 -0.0000
vn 0.4235 0.9059 0.0000
vn 0.3079 0.9387 0.1549
vn 0.1804 0.9355 0.3038
vn 0.0460 0.8963 0.4410
vn -0.0901 0.8227 0.5613
vn -0.2228 0.7174 0.6600
vn -0.3470 0.5846 0.7334
vn -0.4577 0.4293 0.7785
vn -0.5509 0.2576 0.7938
vn -0.6230 0.0759 0.7785
vn -0.6711 -0.1087 0.7334
vn -0.6934 -0.2891 0.6600
vn -0.6890 -0.4585 0.5613
vn -0.6582 -0.6101 0.4410
vn -0.6021 -0.7384 0.3038
vn -0.5228 -0.8383 0.1549
vn -0.4235 -0.9059 0.0000
vn -0.3079 -0.9387 -0.1549
vn -0.1804 -0.9355 -0.3038
vn -0.0460 -0.8963 -0.4410
vn 0.0901 -0.8227 -0.5613
vn 0.2228 -0.7174 -0.6600
vn 0.3470 -0.5846 -0.7334
vn 0.4577 -0.4293 -0.7785
vn 0.5509 -0.2576 -0.7938
vn 0.6230 -0.0759 -0.7785
vn 0.6711 0.1087 -0.7334
vn 0.6934 0.2891 -0.6600
vn 0.6890 0.4585 -0.5613
vn 0.6582 0.6101 -0.4410
vn 0.6021 0.7384 -0.3038
vn 0.5228 0.8383 -0.1549
vn 0.4235 0.9059 -0.0000
vn 0.4282 0.9037 0.0000
vn 0.3032 0.9416 0.1462
vn 0.1666 0.9434 0.2868
vn 0.0236 0.9089 0.4164
vn -0.1203 0.8395 0.5300
vn -0.2596 0.7378 0.6232
vn -0.3889 0.6077 0.6924
vn -0.5033 0.4543 0.7351
vn -0.5983 0.2835 0.7495
vn -0.6703 0.1017 0.7351
vn -0.7166 -0.0840 0.6924
vn -0.7353 -0.2664 0.6232
vn -0.7258 -0.4386 0.5300
vn -0.6884 -0.5939 0.4164
vn -0.6245 -0.7264 0.2868
vn -0.5367 -0.8310 0.1462
vn -0.4282 -0.9037 0.0000
vn -0.3032 -0.9416 -0.1462
vn -0.1666 -0.9434 -0.2868
vn -0.0236 -0.9089 -0.4164
vn 0.1203 -0.8395 -0.5300
vn 0.2596 -0.7378 -0.6232
vn 0.3889 -0.6077 -0.6924
vn 0.5033 -0.4543 -0.7351
vn 0.5983 -0.2835 -0.7495
vn 0.6703 -0.1017 -0.7351
vn 0.7166 0.0840 -0.6924
vn 0.7353 0.2664 -0.6232
vn 0.7258 0.4386 -0.5300
vn 0.6884 0.5939 -0.4164
vn 0.6245 0.7264 -0.2868
vn 0.5367 0.8310 -0.1462
vn 0.4282 0.9037 -0.0000
vn 0.4572 0.8894 0.0000
vn 0.3277 0.9343 0.1401
vn 0.1856 0.9434 0.2749
vn 0.0363 0.9162 0.3991
vn -0.1143 0.8538 0.5079
vn -0.2605 0.7586 0.5972
vn -0.3967 0.6342 0.6636
vn -0.5177 0.4855 0.7045
vn -0.6188 0.3181 0.7183
vn -0.6961 0.1384 0.7045
vn -0.7466 -0.0465 0.6636
vn -0.7685 -0.2296 0.5972
vn -0.7608 -0.4040 0.5079
vn -0.7239 -0.5628 0.3991
vn -0.6592 -0.7000 0.2749
vn -0.5691 -0.8102 0.1401
vn -0.4572 -0.8894 0.0000
vn -0.3277 -0.9343 -0.1401
vn -0.1856 -0.9434 -0.2749
vn -0.0363 -0.9162 -0.3991
vn 0.1143 -0.8538 -0.5079
vn 0.2605 -0.7586 -0.5972
vn 0.3967 -0.6342 -0.6636
vn 0.5177 -0.4855 -0.7045
vn 0.6188 -0.3181 -0.7183
vn 0.6961 -0.1384 -0.7045
vn 0.7466 0.0465 -0.6636
vn 0.7685 0.2296 -0.5972
vn 0.7608 0.4040 -0.5079
vn 0.7239 0.5628 -0.3991
vn 0.6592 0.7000 -0.2749
vn 0.5691 0.8102 -0.1401
vn 0.4572 0.8894 -0.0000
vn 0.5004 0.8658 0.0000
vn 0.3714 0.9182 0.1379
vn 0.2281 0.9353 0.2706
vn 0.0760 0.9165 0.3928
vn -0.0790 0.8624 0.5000
vn -0.2310 0.7752 0.5879
vn -0.3741 0.6582 0.6533
vn -0.5028 0.5160 0.6935
vn -0.6122 0.3539 0.7071
vn -0.6981 0.1782 0.6935
vn -0.7571 -0.0044 0.6533
vn -0.7870 -0.1868 0.5879
vn -0.7867 -0.3620 0.5000
vn -0.7562 -0.5233 0.3928
vn -0.6966 -0.6645 0.2706
vn -0.6103 -0.7801 0.1379
vn -0.5004 -0.8658 0.0000
vn -0.3714 -0.9182 -0.1379
vn -0.2281 -0.9353 -0.2706
vn -0.0760 -0.9165 -0.3928
vn 0.0790 -0.8624 -0.5000
vn 0.2310 -0.7752 -0.5879
vn 0.3741 -0.6582 -0.6533
vn 0.5028 -0.5160 -0.6935
vn 0.6122 -0.3539 -0.7071
vn 0.6981 -0.1782 -0.6935
vn 0.7571 0.0044 -0.6533
vn 0.7870 0.1868 -0.5879
vn 0.7867 0.3620 -0.5000
vn 0.7562 0.5233 -0.3928
vn 0.6966 0.6645 -0.2706
vn 0.6103 0.7801 -0.1379
vn 0.5004 0.8658 -0.0000
vn 0.5423 0.8402 0.0000
vn 0.4180 0.8976 0.1402
vn 0.2775 0.9205 0.2750
vn 0.1264 0.9081 0.3993
vn -0.0296 0.8607 0.5082
vn -0.1844 0.7803 0.5976
vn -0.3322 0.6699 0.6640
vn -0.4671 0.5338 0.7049
vn -0.5842 0.3771 0.7187
vn -0.6788 0.2059 0.7049
vn -0.7473 0.0269 0.6640
vn -0.7870 -0.1532 0.5976
vn -0.7966 -0.3274 0.5082
vn -0.7755 -0.4891 0.3993
vn -0.7246 -0.6319 0.2750
vn -0.6459 -0.7504 0.1402
vn -0.5423 -0.8402 0.0000
vn -0.4180 -0.8976 -0.1402
vn -0.2775 -0.9205 -0.2750
vn -0.1264 -0.9081 -0.3993
vn 0.0296 -0.8607 -0.5082
vn 0.1844 -0.7803 -0.5976
vn 0.3322 -0.6699 -0.6640
vn 0.4671 -0.5338 -0.7049
vn 0.5842 -0.3771 -0.7187
vn 0.6788 -0.2059 -0.7049
vn 0.7473 -0.0269 -0.6640
vn 0.7870 0.1532 -0.5976
vn 0.7966 0.3274 -0.5082
vn 0.7755 0.4891 -0.3993
vn 0.7246 0.6319 -0.2750
vn 0.6459 0.7504 -0.1402
vn 0.5423 0.8402 -0.0000
vn 0.5689 0.8224 0.0000
vn 0.4518 0.8800 0.1464
vn 0.3175 0.9038 0.2871
vn 0.1709 0.8928 0.4168
vn 0.0177 0.8475 0.5305
vn -0.1361 0.7697 0.6238
vn -0.2847 0.6622 0.6931
vn -0.4224 0.5293 0.7358
vn -0.5438 0.3761 0.7502
vn -0.6443 0.2084 0.7358
vn -0.7201 0.0328 0.6931
vn -0.7682 -0.1442 0.6238
vn -0.7868 -0.3156 0.5305
vn -0.7751 -0.4749 0.4168
vn -0.7337 -0.6159 0.2871
vn -0.6640 -0.7333 0.1464
vn -0.5689 -0.8224 0.0000
vn -0.4518 -0.8800 -0.1464
vn -0.3175 -0.9038 -0.2871
vn -0.1709 -0.8928 -0.4168
vn -0.0177 -0.8475 -0.5305
vn 0.1361 -0.7697 -0.6238
vn 0.2847 -0.6622 -0.6931
vn 0.4224 -0.5293 -0.7358
vn 0.5438 -0.3761 -0.7502
vn 0.6443 -0.2084 -0.7358
vn 0.7201 -0.0328 -0.6931
vn 0.7682 0.1442 -0.6238
vn 0.7868 0.3156 -0.5305
vn 0.7751 0.4749 -0.4168
vn 0.7337 0.6159 -0.2871
vn 0.6640 0.7333 -0.1464
vn 0.5689 0.8224 -0.0000
vn 0.5726 0.8198 0.0000
vn 0.4646 0.8719 0.1550
vn 0.3386 0.8904 0.3041
vn 0.1997 0.8747 0.4415
vn 0.0531 0.8255 0.5620
vn -0.0956 0.7445 0.6608
vn -0.2406 0.6348 0.7342
vn -0.3763 0.5008 0.7795
vn -0.4976 0.3476 0.7947
vn -0.5998 0.1810 0.7795
vn -0.6789 0.0074 0.7342
vn -0.7319 -0.1665 0.6608
vn -0.7568 -0.3339 0.5620
vn -0.7526 -0.4885 0.4415
vn -0.7195 -0.6244 0.3041
vn -0.6587 -0.7362 0.1550
vn -0.5726 -0.8198 0.0000
vn -0.4646 -0.8719 -0.1550
vn -0.3386 -0.8904 -0.3041
vn -0.1997 -0.8747 -0.4415
vn -0.0531 -0.8255 -0.5620
vn 0.0956 -0.7445 -0.6608
vn 0.2406 -0.6348 -0.7342
vn 0.3763 -0.5008 -0.7795
vn 0.4976 -0.3476 -0.7947
vn 0.5998 -0.1810 -0.7795
vn 0.6789 -0.0074 -0.7342
vn 0.7319 0.1665 -0.6608
vn 0.7568 0.3339 -0.5620
vn 0.7526 0.4885 -0.4415
vn 0.7195 0.6244 -0.3041
vn 0.6587 0.7362 -0.1550
vn 0.5726 0.8198 -0.0000
vn 0.5522 0.8337 0.0000
vn 0.4544 0.8755 0.1647
vn 0.3391 0.8836 0.3230
vn 0.2108 0.8577 0.4690
vn 0.0744 0.7989 0.5969
vn -0.0649 0.7093 0.7019
vn -0.2016 0.5926 0.7799
vn -0.3307 0.4530 0.8279
vn -0.4470 0.2960 0.8441
vn -0.5461 0.1277 0.8279
vn -0.6243 -0.0456 0.7799
vn -0.6784 -0.2171 0.7019
vn -0.7065 -0.3802 0.5969
vn -0.7074 -0.5288 0.4690
vn -0.6812 -0.6570 0.3230
vn -0.6288 -0.7600 0.1647
vn -0.5522 -0.8337 0.0000
vn -0.4544 -0.8755 -0.1647
vn -0.3391 -0.8836 -0.3230
vn -0.2108 -0.8577 -0.4690
vn -0.0744 -0.7989 -0.5969
vn 0.0649 -0.7093 -0.7019
vn 0.2016 -0.5926 -0.7799
vn 0.3307 -0.4530 -0.8279
vn 0.4470 -0.2960 -0.8441
vn 0.5461 -0.1277 -0.8279
vn 0.6243 0.0456 -0.7799
vn 0.6784 0.2171 -0.7019
vn 0.7065 0.3802 -0.5969
vn 0.7074 0.5288 -0.4690
vn 0.6812 0.6570 -0.3230
vn 0.6288 0.7600 -0.1647
vn 0.5522 0.8337 -0.0000
vn 0.5086 0.8610 0.0000
vn 0.4228 0.8894 0.1739
vn 0.3207 0.8836 0.3412
vn 0.2063 0.8439 0.4953
vn 0.0839 0.7717 0.6304
vn -0.0416 0.6699 0.7413
vn -0.1656 0.5423 0.8237
vn -0.2832 0.3939 0.8744
vn -0.3899 0.2304 0.8916
vn -0.4817 0.0580 0.8744
vn -0.5549 -0.1167 0.8237
vn -0.6068 -0.2868 0.7413
vn -0.6354 -0.4459 0.6304
vn -0.6396 -0.5879 0.4953
vn -0.6191 -0.7073 0.3412
vn -0.5749 -0.7995 0.1739
vn -0.5086 -0.8610 0.0000
vn -0.4228 -0.8894 -0.1739
vn -0.3207 -0.8836 -0.3412
vn -0.2063 -0.8439 -0.4953
vn -0.0839 -0.7717 -0.6304
vn 0.0416 -0.6699 -0.7413
vn 0.1656 -0.5423 -0.8237
vn 0.2832 -0.3939 -0.8744
vn 0.3899 -0.2304 -0.8916
vn 0.4817 -0.0580 -0.8744
vn 0.5549 0.1167 -0.8237
vn 0.6068 0.2868 -0.7413
vn 0.6354 0.4459 -0.6304
vn 0.6396 0.5879 -0.4953
vn 0.6191 0.7073 -0.3412
vn 0.5749 0.7995 -0.1739
vn 0.5086 0.8610 -0.0000
vn 0.4439 0.8961 0.0000
vn 0.3721 0.9102 0.1819
vn 0.2860 0.8893 0.3567
vn 0.1889 0.8343 0.5179
vn 0.0846 0.7472 0.6592
vn -0.0230 0.6314 0.7751
vn -0.1297 0.4913 0.8613
vn -0.2314 0.3324 0.9143
vn -0.3243 0.1606 0.9322
vn -0.4046 -0.0173 0.9143
vn -0.4695 -0.1945 0.8613
vn -0.5163 -0.3643 0.7751
vn -0.5432 -0.5200 0.6592
vn -0.5493 -0.6558 0.5179
vn -0.5342 -0.7664 0.3567
vn -0.4987 -0.8475 0.1819
vn -0.4439 -0.8961 0.0000
vn -0.3721 -0.9102 -0.1819
vn -0.2860 -0.8893 -0.3567
vn -0.1889 -0.8343 -0.5179
vn -0.0846 -0.7472 -0.6592
vn 0.0230 -0.6314 -0.7751
vn 0.1297 -0.4913 -0.8613
vn 0.2314 -0.3324 -0.9143
vn 0.3243 -0.1606 -0.9322
vn 0.4046 0.0173 -0.9143
vn 0.4695 0.1945 -0.8613
vn 0.5163 0.3643 -0.7751
vn 0.5432 0.5200 -0.6592
vn 0.5493 0.6558 -0.5179
vn 0.5342 0.7664 -0.3567
vn 0.4987 0.8475 -0.1819
vn 0.4439 0.8961 -0.0000
vn 0.3600 0.9330 0.0000
vn 0.3044 0.9338 0.1880
vn 0.2371 0.8988 0.3687
vn 0.1607 0.8292 0.5353
vn 0.0781 0.7278 0.6813
vn -0.0075 0.5984 0.8012
vn -0.0928 0.4460 0.8902
vn -0.1746 0.2765 0.9450
vn -0.2496 0.0963 0.9636
vn -0.3150 -0.0876 0.9450
vn -0.3683 -0.2681 0.8902
vn -0.4075 -0.4383 0.8012
vn -0.4310 -0.5916 0.6813
vn -0.4380 -0.7222 0.5353
vn -0.4281 -0.8251 0.3687
vn -0.4018 -0.8962 0.1880
vn -0.3600 -0.9330 0.0000
vn -0.3044 -0.9338 -0.1880
vn -0.2371 -0.8988 -0.3687
vn -0.1607 -0.8292 -0.5353
vn -0.0781 -0.7278 -0.6813
vn 0.0075 -0.5984 -0.8012
vn 0.0928 -0.4460 -0.8902
vn 0.1746 -0.2765 -0.9450
vn 0.2496 -0.0963 -0.9636
vn 0.3150 0.0876 -0.9450
vn 0.3683 0.2681 -0.8902
vn 0.4075 0.4383 -0.8012
vn 0.4310 0.5916 -0.6813
vn 0.4380 0.7222 -0.5353
vn 0.4281 0.8251 -0.3687
vn 0.4018 0.8962 -0.1880
vn 0.3600 0.9330 -0.0000
vn 0.2589 0.9659 0.0000
vn 0.2212 0.9561 0.1921
vn 0.1750 0.9096 0.3769
vn 0.1221 0.8281 0.5471
vn 0.0645 0.7148 0.6964
vn 0.0044 0.5740 0.8188
vn -0.0559 0.4112 0.9098
vn -0.1140 0.2325 0.9659
vn -0.1678 0.0450 0.9848
vn -0.2151 -0.1443 0.9659
vn -0.2541 -0.3281 0.9098
vn -0.2833 -0.4992 0.8188
vn -0.3017 -0.6512 0.6964
vn -0.3085 -0.7781 0.5471
vn -0.3034 -0.8752 0.3769
vn -0.2867 -0.9386 0.1921
vn -0.2589 -0.9659 0.0000
vn -0.2212 -0.9561 -0.1921
vn -0.1750 -0.9096 -0.3769
vn -0.1221 -0.8281 -0.5471
vn -0.0645 -0.7148 -0.6964
vn -0.0044 -0.5740 -0.8188
vn 0.0559 -0.4112 -0.9098
vn 0.1140 -0.2325 -0.9659
vn 0.1678 -0.0450 -0.9848
vn 0.2151 0.1443 -0.9659
vn 0.2541 0.3281 -0.9098
vn 0.2833 0.4992 -0.8188
vn 0.3017 0.6512 -0.6964
vn 0.3085 0.7781 -0.5471
vn 0.3034 0.8752 -0.3769
vn 0.2867 0.9386 -0.1921
vn 0.2589 0.9659 -0.0000
vn 0.1432 0.9897 0.0000
vn 0.1243 0.9730 0.1944
vn 0.1007 0.9189 0.3813
vn 0.0731 0.8295 0.5536
vn 0.0428 0.7083 0.7046
vn 0.0108 0.5598 0.8286
vn -0.0215 0.3898 0.9207
vn -0.0531 0.2048 0.9774
vn -0.0826 0.0120 0.9965
vn -0.1090 -0.1814 0.9774
vn -0.1311 -0.3677 0.9207
vn -0.1483 -0.5399 0.8286
vn -0.1597 -0.6914 0.7046
vn -0.1650 -0.8163 0.5536
vn -0.1639 -0.9098 0.3813
vn -0.1566 -0.9683 0.1944
vn -0.1432 -0.9897 0.0000
vn -0.1243 -0.9730 -0.1944
vn -0.1007 -0.9189 -0.3813
vn -0.0731 -0.8295 -0.5536
vn -0.0428 -0.7083 -0.7046
vn -0.0108 -0.5598 -0.8286
vn 0.0215 -0.3898 -0.9207
vn 0.0531 -0.2048 -0.9774
vn 0.0826 -0.0120 -0.9965
vn 0.1090 0.1814 -0.9774
vn 0.1311 0.3677 -0.9207
vn 0.1483 0.5399 -0.8286
vn 0.1597 0.6914 -0.7046
vn 0.1650 0.8163 -0.5536
vn 0.1639 0.9098 -0.3813
vn 0.1566 0.9683 -0.1944
vn 0.1432 0.9897 -0.0000
vn 0.0156 0.9999 0.0000
vn 0.0154 0.9807 0.1951
vn 0.0147 0.9238 0.3827
vn 0.0134 0.8314 0.5556
vn 0.0115 0.7070 0.7071
vn 0.0093 0.5555 0.8315
vn 0.0067 0.3826 0.9239
vn 0.0038 0.1951 0.9808
vn 0.0008 -0.0000 1.0000
vn -0.0023 -0.1951 0.9808
vn -0.0052 -0.3826 0.9239
vn -0.0080 -0.5555 0.8315
vn -0.0105 -0.7070 0.7071
vn -0.0125 -0.8314 0.5556
vn -0.0141 -0.9238 0.3827
vn -0.0151 -0.9807 0.1951
vn -0.0156 -0.9999 0.0000
vn -0.0154 -0.9807 -0.1951
vn -0.0147 -0.9238 -0.3827
vn -0.0134 -0.8314 -0.5556
vn -0.0115 -0.7070 -0.7071
vn -0.0093 -0.5555 -0.8315
vn -0.0067 -0.3826 -0.9239
vn -0.0038 -0.1951 -0.9808
vn -0.0008 0.0000 -1.0000
vn 0.0023 0.1951 -0.9808
vn 0.0052 0.3826 -0.9239
vn 0.0080 0.5555 -0.8315
vn 0.0105 0.7070 -0.7071
vn 0.0125 0.8314 -0.5556
vn 0.0141 0.9238 -0.3827
vn 0.0151 0.9807 -0.1951
vn 0.0156 0.9999 -0.0000
vn -0.1206 0.9927 0.0000
vn -0.1033 0.9755 0.1945
vn -0.0820 0.9207 0.3815
vn -0.0575 0.8306 0.5539
vn -0.0308 0.7086 0.7050
vn -0.0029 0.5593 0.8290
vn 0.0250 0.3885 0.9211
vn 0.0520 0.2028 0.9778
vn 0.0770 0.0094 0.9970
vn 0.0991 -0.1845 0.9778
vn 0.1173 -0.3712 0.9211
vn 0.1311 -0.5437 0.8290
vn 0.1398 -0.6953 0.7050
vn 0.1431 -0.8202 0.5539
vn 0.1409 -0.9136 0.3815
vn 0.1333 -0.9718 0.1945
vn 0.1206 -0.9927 0.0000
vn 0.1033 -0.9755 -0.1945
vn 0.0820 -0.9207 -0.3815
vn 0.0575 -0.8306 -0.5539
vn 0.0308 -0.7086 -0.7050
vn 0.0029 -0.5593 -0.8290
vn -0.0250 -0.3885 -0.9211
vn -0.0520 -0.2028 -0.9778
vn -0.0770 -0.0094 -0.9970
vn -0.0991 0.1845 -0.9778
vn -0.1173 0.3712 -0.9211
vn -0.1311 0.5437 -0.8290
vn -0.1398 0.6953 -0.7050
vn -0.1431 0.8202 -0.5539
vn -0.1409 0.9136 -0.3815
vn -0.1333 0.9718 -0.1945
vn -0.1206 0.9927 -0.0000
vn -0.2615 0.9652 0.0000
vn -0.2289 0.9541 0.1930
vn -0.1876 0.9064 0.3786
vn -0.1390 0.8238 0.5496
vn -0.0851 0.7095 0.6995
vn -0.0279 0.5680 0.8225
vn 0.0303 0.4047 0.9140
vn 0.0874 0.2258 0.9703
vn 0.1411 0.0382 0.9893
vn 0.1894 -0.1508 0.9703
vn 0.2304 -0.3341 0.9140
vn 0.2626 -0.5045 0.8225
vn 0.2846 -0.6555 0.6995
vn 0.2958 -0.7813 0.5496
vn 0.2955 -0.8771 0.3786
vn 0.2840 -0.9392 0.1930
vn 0.2615 -0.9652 0.0000
vn 0.2289 -0.9541 -0.1930
vn 0.1876 -0.9064 -0.3786
vn 0.1390 -0.8238 -0.5496
vn 0.0851 -0.7095 -0.6995
vn 0.0279 -0.5680 -0.8225
vn -0.0303 -0.4047 -0.9140
vn -0.0874 -0.2258 -0.9703
vn -0.1411 -0.0382 -0.9893
vn -0.1894 0.1508 -0.9703
vn -0.2304 0.3341 -0.9140
vn -0.2626 0.5045 -0.8225
vn -0.2846 0.6555 -0.6995
vn -0.2958 0.7813 -0.5496
vn -0.2955 0.8771 -0.3786
vn -0.2840 0.9392 -0.1930
vn -0.2615 0.9652 -0.0000
vn -0.4026 0.9154 0.0000
vn -0.3580 0.9140 0.1909
vn -0.2997 0.8775 0.3745
vn -0.2299 0.8072 0.5436
vn -0.1513 0.7059 0.6919
vn -0.0668 0.5775 0.8136
vn 0.0202 0.4270 0.9040
vn 0.1065 0.2600 0.9597
vn 0.1886 0.0830 0.9785
vn 0.2636 -0.0972 0.9597
vn 0.3283 -0.2737 0.9040
vn 0.3805 -0.4396 0.8136
vn 0.4181 -0.5886 0.6919
vn 0.4395 -0.7150 0.5436
vn 0.4441 -0.8140 0.3745
vn 0.4316 -0.8816 0.1909
vn 0.4026 -0.9154 0.0000
vn 0.3580 -0.9140 -0.1909
vn 0.2997 -0.8775 -0.3745
vn 0.2299 -0.8072 -0.5436
vn 0.1513 -0.7059 -0.6919
vn 0.0668 -0.5775 -0.8136
vn -0.0202 -0.4270 -0.9040
vn -0.1065 -0.2600 -0.9597
vn -0.1886 -0.0830 -0.9785
vn -0.2636 0.0972 -0.9597
vn -0.3283 0.2737 -0.9040
vn -0.3805 0.4396 -0.8136
vn -0.4181 0.5886 -0.6919
vn -0.4395 0.7150 -0.5436
vn -0.4441 0.8140 -0.3745
vn -0.4316 0.8816 -0.1909
vn -0.4026 0.9154 -0.0000
vn -0.5392 0.8422 0.0000
vn -0.4866 0.8530 0.1885
vn -0.4153 0.8311 0.3698
vn -0.3280 0.7773 0.5369
vn -0.2281 0.6936 0.6833
vn -0.1194 0.5832 0.8035
vn -0.0062 0.4505 0.8928
vn 0.1073 0.3004 0.9478
vn 0.2167 0.1387 0.9663
vn 0.3177 -0.0282 0.9478
vn 0.4065 -0.1941 0.8928
vn 0.4797 -0.3525 0.8035
vn 0.5345 -0.4974 0.6833
vn 0.5687 -0.6232 0.5369
vn 0.5811 -0.7250 0.3698
vn 0.5711 -0.7989 0.1885
vn 0.5392 -0.8422 0.0000
vn 0.4866 -0.8530 -0.1885
vn 0.4153 -0.8311 -0.3698
vn 0.3280 -0.7773 -0.5369
vn 0.2281 -0.6936 -0.6833
vn 0.1194 -0.5832 -0.8035
vn 0.0062 -0.4505 -0.8928
vn -0.1073 -0.3004 -0.9478
vn -0.2167 -0.1387 -0.9663
vn -0.3177 0.0282 -0.9478
vn -0.4065 0.1941 -0.8928
vn -0.4797 0.3525 -0.8035
vn -0.5345 0.4974 -0.6833
vn -0.5687 0.6232 -0.5369
vn -0.5811 0.7250 -0.3698
vn -0.5711 0.7989 -0.1885
vn -0.5392 0.8422 -0.0000
vn -0.6664 0.7456 0.0000
vn -0.6099 0.7703 0.1861
vn -0.5301 0.7653 0.3651
vn -0.4298 0.7310 0.5300
vn -0.3131 0.6686 0.6745
vn -0.1843 0.5804 0.7932
vn -0.0484 0.4700 0.8813
vn 0.0893 0.3415 0.9356
vn 0.2236 0.1999 0.9540
vn 0.3493 0.0506 0.9356
vn 0.4616 -0.1007 0.8813
vn 0.5562 -0.2480 0.7932
vn 0.6293 -0.3859 0.6745
vn 0.6783 -0.5089 0.5300
vn 0.7012 -0.6124 0.3651
vn 0.6972 -0.6923 0.1861
vn 0.6664 -0.7456 0.0000
vn 0.6099 -0.7703 -0.1861
vn 0.5301 -0.7653 -0.3651
vn 0.4298 -0.7310 -0.5300
vn 0.3131 -0.6686 -0.6745
vn 0.1843 -0.5804 -0.7932
vn 0.0484 -0.4700 -0.8813
vn -0.0893 -0.3415 -0.9356
vn -0.2236 -0.1999 -0.9540
vn -0.3493 -0.0506 -0.9356
vn -0.4616 0.1007 -0.8813
vn -0.5562 0.2480 -0.7932
vn -0.6293 0.3859 -0.6745
vn -0.6783 0.5089 -0.5300
vn -0.7012 0.6124 -0.3651
vn -0.6972 0.6923 -0.1861
vn -0.6664 0.7456 -0.0000
vn -0.7790 0.6270 0.0000
vn -0.7232 0.6658 0.1839
vn -0.6395 0.6789 0.3607
vn -0.5313 0.6660 0.5236
vn -0.4026 0.6275 0.6664
vn -0.2585 0.5649 0.7836
vn -0.1045 0.4805 0.8707
vn 0.0536 0.3777 0.9244
vn 0.2096 0.2604 0.9425
vn 0.3576 0.1331 0.9244
vn 0.4918 0.0007 0.8707
vn 0.6071 -0.1318 0.7836
vn 0.6991 -0.2592 0.6664
vn 0.7642 -0.3766 0.5236
vn 0.7999 -0.4796 0.3607
vn 0.8049 -0.5641 0.1839
vn 0.7790 -0.6270 0.0000
vn 0.7232 -0.6658 -0.1839
vn 0.6395 -0.6789 -0.3607
vn 0.5313 -0.6660 -0.5236
vn 0.4026 -0.6275 -0.6664
vn 0.2585 -0.5649 -0.7836
vn 0.1045 -0.4805 -0.8707
vn -0.0536 -0.3777 -0.9244
vn -0.2096 -0.2604 -0.9425
vn -0.3576 -0.1331 -0.9244
vn -0.4918 -0.0007 -0.8707
vn -0.6071 0.1318 -0.7836
vn -0.6991 0.2592 -0.6664
vn -0.7642 0.3766 -0.5236
vn -0.7999 0.4796 -0.3607
vn -0.8049 0.5641 -0.1839
vn -0.7790 0.6270 -0.0000
vn -0.8724 0.4888 0.0000
vn -0.8212 0.5408 0.1820
vn -0.7385 0.5720 0.3569
vn -0.6274 0.5812 0.5182
vn -0.4922 0.5681 0.6595
vn -0.3381 0.5332 0.7755
vn -0.1710 0.4777 0.8617
vn 0.0027 0.4040 0.9148
vn 0.1763 0.3146 0.9327
vn 0.3431 0.2132 0.9148
vn 0.4967 0.1036 0.8617
vn 0.6313 -0.0100 0.7755
vn 0.7415 -0.1232 0.6595
vn 0.8233 -0.2316 0.5182
vn 0.8734 -0.3312 0.3569
vn 0.8900 -0.4180 0.1820
vn 0.8724 -0.4888 0.0000
vn 0.8212 -0.5408 -0.1820
vn 0.7385 -0.5720 -0.3569
vn 0.6274 -0.5812 -0.5182
vn 0.4922 -0.5681 -0.6595
vn 0.3381 -0.5332 -0.7755
vn 0.1710 -0.4777 -0.8617
vn -0.0027 -0.4040 -0.9148
vn -0.1763 -0.3146 -0.9327
vn -0.3431 -0.2132 -0.9148
vn -0.4967 -0.1036 -0.8617
vn -0.6313 0.0100 -0.7755
vn -0.7415 0.1232 -0.6595
vn -0.8233 0.2316 -0.5182
vn -0.8734 0.3312 -0.3569
vn -0.8900 0.4180 -0.1820
vn -0.8724 0.4888 -0.0000
vn -0.9423 0.3347 0.0000
vn -0.8994 0.3980 0.1805
vn -0.8220 0.4460 0.3541
vn -0.7130 0.4769 0.5141
vn -0.5765 0.4894 0.6543
vn -0.4180 0.4831 0.7694
vn -0.2433 0.4583 0.8549
vn -0.0593 0.4158 0.9075
vn 0.1270 0.3574 0.9253
vn 0.3083 0.2852 0.9075
vn 0.4779 0.2021 0.8549
vn 0.6291 0.1112 0.7694
vn 0.7561 0.0160 0.6543
vn 0.8540 -0.0798 0.5141
vn 0.9192 -0.1725 0.3541
vn 0.9490 -0.2586 0.1805
vn 0.9423 -0.3347 0.0000
vn 0.8994 -0.3980 -0.1805
vn 0.8220 -0.4460 -0.3541
vn 0.7130 -0.4769 -0.5141
vn 0.5765 -0.4894 -0.6543
vn 0.4180 -0.4831 -0.7694
vn 0.2433 -0.4583 -0.8549
vn 0.0593 -0.4158 -0.9075
vn -0.1270 -0.3574 -0.9253
vn -0.3083 -0.2852 -0.9075
vn -0.4779 -0.2021 -0.8549
vn -0.6291 -0.1112 -0.7694
vn -0.7561 -0.0160 -0.6543
vn -0.8540 0.0798 -0.5141
vn -0.9192 0.1725 -0.3541
vn -0.9490 0.2586 -0.1805
vn -0.9423 0.3347 -0.0000
vn -0.9855 0.1694 0.0000
vn -0.9537 0.2412 0.1796
vn -0.8852 0.3037 0.3523
vn -0.7827 0.3546 0.5115
vn -0.6501 0.3918 0.6510
vn -0.4926 0.4140 0.7655
vn -0.3161 0.4202 0.8506
vn -0.1274 0.4103 0.9030
vn 0.0661 0.3847 0.9207
vn 0.2571 0.3442 0.9030
vn 0.4382 0.2905 0.8506
vn 0.6025 0.2257 0.7655
vn 0.7436 0.1522 0.6510
vn 0.8562 0.0728 0.5115
vn 0.9358 -0.0093 0.3523
vn 0.9795 -0.0911 0.1796
vn 0.9855 -0.1694 0.0000
vn 0.9537 -0.2412 -0.1796
vn 0.8852 -0.3037 -0.3523
vn 0.7827 -0.3546 -0.5115
vn 0.6501 -0.3918 -0.6510
vn 0.4926 -0.4140 -0.7655
vn 0.3161 -0.4202 -0.8506
vn 0.1274 -0.4103 -0.9030
vn -0.0661 -0.3847 -0.9207
vn -0.2571 -0.3442 -0.9030
vn -0.4382 -0.2905 -0.8506
vn -0.6025 -0.2257 -0.7655
vn -0.7436 -0.1522 -0.6510
vn -0.8562 -0.0728 -0.5115
vn -0.9358 0.0093 -0.3523
vn -0.9795 0.0911 -0.1796
vn -0.9855 0.1694 -0.0000
vn -1.0000 -0.0016 0.0000
vn -0.9809 0.0752 0.1793
vn -0.9241 0.1492 0.3517
vn -0.8318 0.2175 0.5106
vn -0.7076 0.2774 0.6499
vn -0.5561 0.3266 0.7642
vn -0.3833 0.3633 0.8492
vn -0.1957 0.3860 0.9015
vn -0.0006 0.3939 0.9191
vn 0.1945 0.3867 0.9015
vn 0.3821 0.3646 0.8492
vn 0.5550 0.3284 0.7642
vn 0.7066 0.2797 0.6499
vn 0.8311 0.2202 0.5106
vn 0.9236 0.1523 0.3517
vn 0.9807 0.0785 0.1793
vn 1.0000 0.0016 0.0000
vn 0.9809 -0.0752 -0.1793
vn 0.9241 -0.1492 -0.3517
vn 0.8318 -0.2175 -0.5106
vn 0.7076 -0.2774 -0.6499
vn 0.5561 -0.3266 -0.7642
vn 0.3833 -0.3633 -0.8492
vn 0.1957 -0.3860 -0.9015
vn 0.0006 -0.3939 -0.9191
vn -0.1945 -0.3867 -0.9015
vn -0.3821 -0.3646 -0.8492
vn -0.5550 -0.3284 -0.7642
vn -0.7066 -0.2797 -0.6499
vn -0.8311 -0.2202 -0.5106
vn -0.9236 -0.1523 -0.3517
vn -0.9807 -0.0785 -0.1793
vn -1.0000 -0.0016 -0.0000
f 1/1/1 34/34/34 35/35/35
f 1/1/1 35/35/35 2/2/2
f 2/2/2 35/35/35 36/36/36
f 2/2/2 36/36/36 3/3/3
f 3/3/3 36/36/36 37/37/37
f 3/3/3 37/37/37 4/4/4
f 4/4/4 37/37/37 38/38/38
f 4/4/4 38/38/38 5/5/5
f 5/5/5 38/38/38 39/39/39
f 5/5/5 39/39/39 6/6/6
f 6/6/6 39/39/39 40/40/40
f 6/6/6 40/40/40 7/7/7
f 7/7/7 40/40/40 41/41/41
f 7/7/7 41/41/41 8/8/8
f 8/8/8 41/41/41 42/42/42
f 8/8/8 42/42/42 9/9/9
f 9/9/9 42/42/42 43/43/43
f 9/9/9 43/43/43 10/10/10
f 10/10/10 43/43/43 44/44/44
f 10/10/10 44/44/44 11/11/11
f 11/11/11 44/44/44 45/45/45
f 11/11/11 45/45/45 12/12/12
f 12/12/12 45/45/45 46/46/46
f 12/12/12 46/46/46 13/13/13
f 13/13/13 46/46/46 47/47/47
f 13/13/13 47/47/47 14/14/14
f 14/14/14 47/47/47 48/48/48
f 14/14/14 48/48/48 15/15/15
f 15/15/15 48/48/48 49/49/49
f 15/15/15 49/49/49 16/16/16
f 16/16/16 49/49/49 50/50/50
f 16/16/16 50/50/50 17/17/17
f 17/17/17 50/50/50 51/51/51
f 17/17/17 51/51/51 18/18/18
f 18/18/18 51/51/51 52/52/52
f 18/18/18 52/52/52 19/19/19
f 19/19/19 52/52/52 53/53/53
f 19/19/19 53/53/53 20/20/20
f 20/20/20 53/53/53 54/54/54
f 20/20/20 54/54/54 21/21/21
f 21/21/21 54/54/54 55/55/55
f 21/21/21 55/55/55 22/22/22
f 22/22/22 55/55/55 56/56/56
f 22/22/22 56/56/56 23/23/23
f 23/23/23 56/56/56 57/57/57
f 23/23/23 57/57/57 24/24/24
f 24/24/24 57/57/57 58/58/58
f 24/24/24 58/58/58 25/25/25
f 25/25/25 58/58/58 59/59/59
f 25/25/25 59/59/59 26/26/26
f 26/26/26 59/59/59 60/60/60
f 26/26/26 60/60/60 27/27/27
f 27/27/27 60/60/60 61/61/61
f 27/27/27 61/61/61 28/28/28
f 28/28/28 61/61/61 62/62/62
f 28/28/28 62/62/62 29/29/29
f 29/29/29 62/62/62 63/63/63
f 29/29/29 63/63/63 30/30/30
f 30/30/30 63/63/63 64/64/64
f 30/30/30 64/64/64 31/31/31
f 31/31/31 64/64/64 65/65/65
f 31/31/31 65/65/65 32/32/32
f 32/32/32 65/65/65 66/66/66
f 32/32/32 66/66/66 33/33/33
f 34/34/34 67/67/67 68/68/68
f 34/34/34 68/68/68 35/35/35
f 35/35/35 68/68/68 69/69/69
f 35/35/35 69/69/69 36/36/36
f 36/36/36 69/69/69 70/70/70
f 36/36/36 70/70/70 37/37/37
f 37/37/37 70/70/70 71/71/71
f 37/37/37 71/71/71 38/38/38
f 38/38/38 71/71/71 72/72/72
f 38/38/38 72/72/72 39/39/39
f 39/39/39 72/72/72 73/73/73
f 39/39/39 73/73/73 40/40/40
f 40/40/40 73/73/73 74/74/74
f 40/40/40 74/74/74 41/41/41
f 41/41/41 74/74/74 75/75/75
f 41/41/41 75/75/75 42/42/42
f 42/42/42 75/75/75 76/76/76
f 42/42/42 76/76/76 43/43/43
f 43/43/43 76/76/76 77/77/77
f 43/43/43 77/77/77 44/44/44
f 44/44/44 77/77/77 78/78/78
f 44/44/44 78/78/78 45/45/45
f 45/45/45 78/78/78 79/79/79
f 45/45/45 79/79/79 46/46/46
f 46/46/46 79/79/79 80/80/80
f 46/46/46 80/80/80 47/47/47
f 47/47/47 80/80/80 81/81/81
f 47/47/47 81/81/81 48/48/48
f 48/48/48 81/81/81 82/82/82
f 48/48/48 82/82/82 49/49/49
f 49/49/49 82/82/82 83/83/83
f 49/49/49 83/83/83 50/50/50
f 50/50/50 83/83/83 84/84/84
f 50/50/50 84/84/84 51/51/51
f 51/51/51 84/84/84 85/85/85
f 51/51/51 85/85/85 52/52/52
f 52/52/52 85/85/85 86/86/86
f 52/52/52 86/86/86 53/53/53
f 53/53/53 86/86/86 87/87/87
f 53/53/53 87/87/87 54/54/54
f 54/54/54 87/87/87 88/88/88
f 54/54/54 88/88/88 55/55/55
f 55/55/55 88/88/88 89/89/89
f 55/55/55 89/89/89 56/56/56
f 56/56/56 89/89/89 90/90/90
f 56/56/56 90/90/90 57/57/57
f 57/57/57 90/90/90 91/91/91
f 57/57/57 91/91/91 58/58/58
f 58/58/58 91/91/91 92/92/92
f 58/58/58 92/92/92 59/59/59
f 59/59/59 92/92/92 93/93/93
f 59/59/59 93/93/93 60/60/60
f 60/60/60 93/93/93 94/94/94
f 60/60/60 94/94/94 61/61/61
f 61/61/61 94/94/94 95/95/95
f 61/61/61 95/95/95 62/62/62
f 62/62/62 95/95/95 96/96/96
f 62/62/62 96/96/96 63/63/63
f 63/63/63 96/96/96 97/97/97
f 63/63/63 97/97/97 64/64/64
f 64/64/64 97/97/97 98/98/98
f 64/64/64 98/98/98 65/65/65
f 65/65/65 98/98/98 99/99/99
f 65/65/65 99/99/99 66/66/66
f 67/67/67 100/100/100 101/101/101
f 67/67/67 101/101/101 68/68/68
f 68/68/68 101/101/101 102/102/102
f 68/68/68 102/102/102 69/69/69
f 69/69/69 102/102/102 103/103/103
f 69/69/69 103/103/103 70/70/70
f 70/70/70 103/103/103 104/104/104
f 70/70/70 104/104/104 71/71/71
f 71/71/71 104/104/104 105/105/105
f 71/71/71 105/105/105 72/72/72
f 72/72/72 105/105/105 106/106/106
f 72/72/72 106/106/106 73/73/73
f 73/73/73 106/106/106 107/107/107
f 73/73/73 107/107/107 74/74/74
f 74/74/74 107/107/107 108/108/108
f 74/74/74 108/108/108 75/75/75
f 75/75/75 108/108/108 109/109/109
f 75/75/75 109/109/109 76/76/76
f 76/76/76 109/109/109 110/110/110
f 76/76/76 110/110/110 77/77/77
f 77/77/77 110/110/110 111/111/111
f 77/77/77 111/111/111 78/78/78
f 78/78/78 111/111/111 112/112/112
f 78/78/78 112/112/112 79/79/79
f 79/79/79 112/112/112 113/113/113
f 79/79/79 113/113/113 80/80/80
f 80/80/80 113/113/113 114/114/114
f 80/80/80 114/114/114 81/81/81
f 81/81/81 114/114/114 115/115/115
f 81/81/81 115/115/115 82/82/82
f 82/82/82 115/115/115 116/116/116
f 82/82/82 116/116/116 83/83/83
f 83/83/83 116/116/116 117/117/117
f 83/83/83 117/117/117 84/84/84
f 84/84/84 117/117/117 118/118/118
f 84/84/84 118/118/118 85/85/85
f 85/85/85 118/118/118 119/119/119
f 85/85/85 119/119/119 86/86/86
f 86/86/86 119/119/119 120/120/120
f 86/86/86 120/120/120 87/87/87
f 87/87/87 120/120/120 121/121/121
f 87/87/87 121/121/121 88/88/88
f 88/88/88 121/121/121 122/122/122
f 88/88/88 122/122/122 89/89/89
f 89/89/89 122/122/122 123/123/123
f 89/89/89 123/123/123 90/90/90
f 90/90/90 123/123/123 124/124/124
f 90/90/90 124/124/124 91/91/91
f 91/91/91 124/124/124 125/125/125
f 91/91/91 125/125/125 92/92/92
f 92/92/92 125/125/125 126/126/126
f 92/92/92 126/126/126 93/93/93
f 93/93/93 126/126/126 127/127/127
f 93/93/93 127/127/127 94/94/94
f 94/94/94 127/127/127 128/128/128
f 94/94/94 128/128/128 95/95/95
f 95/95/95 128/128/128 129/129/129
f 95/95/95 129/129/129 96/96/96
f 96/96/96 129/129/129 130/130/130
f 96/96/96 130/130/130 97/97/97
f 97/97/97 130/130/130 131/131/131
f 97/97/97 131/131/131 98/98/98
f 98/98/98 131/131/131 132/132/132
f 98/98/98 132/132/132 99/99/99
f 100/100/100 133/133/133 134/134/134
f 100/100/100 134/134/134 101/101/101
f 101/101/101 134/134/134 135/135/135
f 101/101/101 135/135/135 102/102/102
f 102/102/102 135/135/135 136/136/136
f 102/102/102 136/136/136 103/103/103
f 103/103/103 136/136/136 137/137/137
f 103/103/103 137/137/137 104/104/104
f 104/104/104 137/137/137 138/138/138
f 104/104/104 138/138/138 105/105/105
f 105/105/105 138/138/138 139/139/139
f 105/105/105 139/139/139 106/106/106
f 106/106/106 139/139/139 140/140/140
f 106/106/106 140/140/140 107/107/107
f 107/107/107 140/140/140 141/141/141
f 107/107/107 141/141/141 108/108/108
f 108/108/108 141/141/141 142/142/142
f 108/108/108 142/142/142 109/109/109
f 109/109/109 142/142/142 143/143/143
f 109/109/109 143/143/143 110/110/110
f 110/110/110 143/143/143 144/144/144
f 110/110/110 144/144/144 111/111/111
f 111/111/111 144/144/144 145/145/145
f 111/111/111 145/145/145 112/112/112
f 112/112/112 145/145/145 146/146/146
f 112/112/112 146/146/146 113/113/113
f 113/113/113 146/146/146 147/147/147
f 113/113/113 147/147/147 114/114/114
f 114/114/114 147/147/147 148/148/148
f 114/114/114 148/148/148 115/115/115
f 115/115/115 148/148/148 149/149/149
f 115/115/115 149/149/149 116/116/116
f 116/116/116 149/149/149 150/150/150
f 116/116/116 150/150/150 117/117/117
f 117/117/117 150/150/150 151/151/151
f 117/117/117 151/151/151 118/118/118
f 118/118/118 151/151/151 152/152/152
f 118/118/118 152/152/152 119/119/119
f 119/119/119 152/152/152 153/153/153
f 119/119/119 153/153/153 120/120/120
f 120/120/120 153/153/153 154/154/154
f 120/120/120 154/154/154 121/121/121
f 121/121/121 154/154/154 155/155/155
f 121/121/121 155/155/155 122/122/122
f 122/122/122 155/155/155 156/156/156
f 122/122/122 156/156/156 123/123/123
f 123/123/123 156/156/156 157/157/157
f 123/123/123 157/157/157 124/124/124
f 124/124/124 157/157/157 158/158/158
f 124/124/124 158/158/158 125/125/125
f 125/125/125 158/158/158 159/159/159
f 125/125/125 159/159/159 126/126/126
f 126/126/126 159/159/159 160/160/160
f 126/126/126 160/160/160 127/127/127
f 127/127/127 160/160/160 161/161/161
f 127/127/127 161/161/161 128/128/128
f 128/128/128 161/161/161 162/162/162
f 128/128/128 162/162/162 129/129/129
f 129/129/129 162/162/162 163/163/163
f 129/129/129 163/163/163 130/130/130
f 130/130/130 163/163/163 164/164/164
f 130/130/130 164/164/164 131/131/131
f 131/131/131 164/164/164 165/165/165
f 131/131/131 165/165/165 132/132/132
f 133/133/133 166/166/166 167/167/167
f 133/133/133 167/167/167 134/134/134
f 134/134/134 167/167/167 168/168/168
f 134/134/134 168/168/168 135/135/135
f 135/135/135 168/168/168 169/169/169
f 135/135/135 169/169/169 136/136/136
f 136/136/136 169/169/169 170/170/170
f 136/136/136 170/170/170 137/137/137
f 137/137/137 170/170/170 171/171/171
f 137/137/137 171/171/171 138/138/138
f 138/138/138 171/171/171 172/172/172
f 138/138/138 172/172/172 139/139/139
f 139/139/139 172/172/172 173/173/173
f 139/139/139 173/173/173 140/140/140
f 140/140/140 173/173/173 174/174/174
f 140/140/140 174/174/174 141/141/141
f 141/141/141 174/174/174 175/175/175
f 141/141/141 175/175/175 142/142/142
f 142/142/142 175/175/175 176/176/176
f 142/142/142 176/176/176 143/143/143
f 143/143/143 176/176/176 177/177/177
f 143/143/143 177/177/177 144/144/144
f 144/144/144 177/177/177 178/178/178
f 144/144/144 178/178/178 145/145/145
f 145/145/145 178/178/178 179/179/179
f 145/145/145 179/179/179 146/146/146
f 146/146/146 179/179/179 180/180/180
f 146/146/146 180/180/180 147/147/147
f 147/147/147 180/180/180 181/181/181
f 147/147/147 181/181/181 148/148/148
f 148/148/148 181/181/181 182/182/182
f 148/148/148 182/182/182 149/149/149
f 149/149/149 182/182/182 183/183/183
f 149/149/149 183/183/183 150/150/150
f 150/150/150 183/183/183 184/184/184
f 150/150/150 184/184/184 151/151/151
f 151/151/151 184/184/184 185/185/185
f 151/151/151 185/185/185 152/152/152
f 152/152/152 185/185/185 186/186/186
f 152/152/152 186/186/186 153/153/153
f 153/153/153 186/186/186 187/187/187
f 153/153/153 187/187/187 154/154/154
f 154/154/154 187/187/187 188/188/188
f 154/154/154 188/188/188 155/155/155
f 155/155/155 188/188/188 189/189/189
f 155/155/155 189/189/189 156/156/156
f 156/156/156 189/189/189 190/190/190
f 156/156/156 190/190/190 157/157/157
f 157/157/157 190/190/190 191/191/191
f 157/157/157 191/191/191 158/158/158
f 158/158/158 191/191/191 192/192/192
f 158/158/158 192/192/192 159/159/159
f 159/159/159 192/192/192 193/193/193
f 159/159/159 193/193/193 160/160/160
f 160/160/160 193/193/193 194/194/194
f 160/160/160 194/194/194 161/161/161
f 161/161/161 194/194/194 195/195/195
f 161/161/161 195/195/195 162/162/162
f 162/162/162 195/195/195 196/196/196
f 162/162/162 196/196/196 163/163/163
f 163/163/163 196/196/196 197/197/197
f 163/163/163 197/197/197 164/164/164
f 164/164/164 197/197/197 198/198/198
f 164/164/164 198/198/198 165/165/165
f 166/166/166 199/199/199 200/200/200
f 166/166/166 200/200/200 167/167/167
f 167/167/167 200/200/200 201/201/201
f 167/167/167 201/201/201 168/168/168
f 168/168/168 201/201/201 202/202/202
f 168/168/168 202/202/202 169/169/169
f 169/169/169 202/202/202 203/203/203
f 169/169/169 203/203/203 170/170/170
f 170/170/170 203/203/203 204/204/204
f 170/170/170 204/204/204 171/171/171
f 171/171/171 204/204/204 205/205/205
f 171/171/171 205/205/205 172/172/172
f 172/172/172 205/205/205 206/206/206
f 172/172/172 206/206/206 173/173/173
f 173/173/173 206/206/206 207/207/207
f 173/173/173 207/207/207 174/174/174
f 174/174/174 207/207/207 208/208/208
f 174/174/174 208/208/208 175/175/175
f 175/175/175 208/208/208 209/209/209
f 175/175/175 209/209/209 176/176/176
f 176/176/176 209/209/209 210/210/210
f 176/176/176 210/210/210 177/177/177
f 177/177/177 210/210/210 211/211/211
f 177/177/177 211/211/211 178/178/178
f 178/178/178 211/211/211 212/212/212
f 178/178/178 212/212/212 179/179/179
f 179/179/179 212/212/212 213/213/213
f 179/179/179 213/213/213 180/180/180
f 180/180/180 213/213/213 214/214/214
f 180/180/180 214/214/214 181/181/181
f 181/181/181 214/214/214 215/215/215
f 181/181/181 215/215/215 182/182/182
f 182/182/182 215/215/215 216/216/216
f 182/182/182 216/216/216 183/183/183
f 183/183/183 216/216/216 217/217/217
f 183/183/183 217/217/217 184/184/184
f 184/184/184 217/217/217 218/218/218
f 184/184/184 218/218/218 185/185/185
f 185/185/185 218/218/218 219/219/219
f 185/185/185 219/219/219 186/186/186
f 186/186/186 219/219/219 220/220/220
f 186/186/186 220/220/220 187/187/187
f 187/187/187 220/220/220 221/221/221
f 187/187/187 221/221/221 188/188/188
f 188/188/188 221/221/221 222/222/222
f 188/188/188 222/222/222 189/189/189
f 189/189/189 222/222/222 223/223/223
f 189/189/189 223/223/223 190/190/190
f 190/190/190 223/223/223 224/224/224
f 190/190/190 224/224/224 191/191/191
f 191/191/191 224/224/224 225/225/225
f 191/191/191 225/225/225 192/192/192
f 192/192/192 225/225/225 226/226/226
f 192/192/192 226/226/226 193/193/193
f 193/193/193 226/226/226 227/227/227
f 193/193/193 227/227/227 194/194/194
f 194/194/194 227/227/227 228/228/228
f 194/194/194 228/228/228 195/195/195
f 195/195/195 228/228/228 229/229/229
f 195/195/195 229/229/229 196/196/196
f 196/196/196 229/229/229 230/230/230
f 196/196/196 230/230/230 197/197/197
f 197/197/197 230/230/230 231/231/231
f 197/197/197 231/231/231 198/198/198
f 199/199/199 232/232/232 233/233/233
f 199/199/199 233/233/233 200/200/200
f 200/200/200 233/233/233 234/234/234
f 200/200/200 234/234/234 201/201/201
f 201/201/201 234/234/234 235/235/235
f 201/201/201 235/235/235 202/202/202
f 202/202/202 235/235/235 236/236/236
f 202/202/202 236/236/236 203/203/203
f 203/203/203 236/236/236 237/237/237
f 203/203/203 237/237/237 204/204/204
f 204/204/204 237/237/237 238/238/238
f 204/204/204 238/238/238 205/205/205
f 205/205/205 238/238/238 239/239/239
f 205/205/205 239/239/239 206/206/206
f 206/206/206 239/239/239 240/240/240
f 206/206/206 240/240/240 207/207/207
f 207/207/207 240/240/240 241/241/241
f 207/207/207 241/241/241 208/208/208
f 208/208/208 241/241/241 242/242/242
f 208/208/208 242/242/242 209/209/209
f 209/209/209 242/242/242 243/243/243
f 209/209/209 243/243/243 210/210/210
f 210/210/210 243/243/243 244/244/244
f 210/210/210 244/244/244 211/211/211
f 211/211/211 244/244/244 245/245/245
f 211/211/211 245/245/245 212/212/212
f 212/212/212 245/245/245 246/246/246
f 212/212/212 246/246/246 213/213/213
f 213/213/213 246/246/246 247/247/247
f 213/213/213 247/247/247 214/214/214
f 214/214/214 247/247/247 248/248/248
f 214/214/214 248/248/248 215/215/215
f 215/215/215 248/248/248 249/249/249
f 215/215/215 249/249/249 216/216/216
f 216/216/216 249/249/249 250/250/250
f 216/216/216 250/250/250 217/217/217
f 217/217/217 250/250/250 251/251/251
f 217/217/217 251/251/251 218/218/218
f 218/218/218 251/251/251 252/252/252
f 218/218/218 252/252/252 219/219/219
f 219/219/219 252/252/252 253/253/253
f 219/219/219 253/253/253 220/220/220
f 220/220/220 253/253/253 254/254/254
f 220/220/220 254/254/254 221/221/221
f 221/221/221 254/254/254 255/255/255
f 221/221/221 255/255/255 222/222/222
f 222/222/222 255/255/255 256/256/256
f 222/222/222 256/256/256 223/223/223
f 223/223/223 256/256/256 257/257/257
f 223/223/223 257/257/257 224/224/224
f 224/224/224 257/257/257 258/258/258
f 224/224/224 258/258/258 225/225/225
f 225/225/225 258/258/258 259/259/259
f 225/225/225 259/259/259 226/226/226
f 226/226/226 259/259/259 260/260/260
f 226/226/226 260/260/260 227/227/227
f 227/227/227 260/260/260 261/261/261
f 227/227/227 261/261/261 228/228/228
f 228/228/228 261/261/261 262/262/262
f 228/228/228 262/262/262 229/229/229
f 229/229/229 262/262/262 263/263/263
f 229/229/229 263/263/263 230/230/230
f 230/230/230 263/263/263 264/264/264
f 230/230/230 264/264/264 231/231/231
f 232/232/232 265/265/265 266/266/266
f 232/232/232 266/266/266 233/233/233
f 233/233/233 266/266/266 267/267/267
f 233/233/233 267/267/267 234/234/234
f 234/234/234 267/267/267 268/268/268
f 234/234/234 268/268/268 235/235/235
f 235/235/235 268/268/268 269/269/269
f 235/235/235 269/269/269 236/236/236
f 236/236/236 269/269/269 270/270/270
f 236/236/236 270/270/270 237/237/237
f 237/237/237 270/270/270 271/271/271
f 237/237/237 271/271/271 238/238/238
f 238/238/238 271/271/271 272/272/272
f 238/238/238 272/272/272 239/239/239
f 239/239/239 272/272/272 273/273/273
f 239/239/239 273/273/273 240/240/240
f 240/240/240 273/273/273 274/274/274
f 240/240/240 274/274/274 241/241/241
f 241/241/241 274/274/274 275/275/275
f 241/241/241 275/275/275 242/242/242
f 242/242/242 275/275/275 276/276/276
f 242/242/242 276/276/276 243/243/243
f 243/243/243 276/276/276 277/277/277
f 243/243/243 277/277/277 244/244/244
f 244/244/244 277/277/277 278/278/278
f 244/244/244 278/278/278 245/245/245
f 245/245/245 278/278/278 279/279/279
f 245/245/245 279/279/279 246/246/246
f 246/246/246 279/279/279 280/280/280
f 246/246/246 280/280/280 247/247/247
f 247/247/247 280/280/280 281/281/281
f 247/247/247 281/281/281 248/248/248
f 248/248/248 281/281/281 282/282/282
f 248/248/248 282/282/282 249/249/249
f 249/249/249 282/282/282 283/283/283
f 249/249/249 283/283/283 250/250/250
f 250/250/250 283/283/283 284/284/284
f 250/250/250 284/284/284 251/251/251
f 251/251/251 284/284/284 285/285/285
f 251/251/251 285/285/285 252/252/252
f 252/252/252 285/285/285 286/286/286
f 252/252/252 286/286/286 253/253/253
f 253/253/253 286/286/286 287/287/287
f 253/253/253 287/287/287 254/254/254
f 254/254/254 287/287/287 288/288/288
f 254/254/254 288/288/288 255/255/255
f 255/255/255 288/288/288 289/289/289
f 255/255/255 289/289/289 256/256/256
f 256/256/256 289/289/289 290/290/290
f 256/256/256 290/290/290 257/257/257
f 257/257/257 290/290/290 291/291/291
f 257/257/257 291/291/291 258/258/258
f 258/258/258 291/291/291 292/292/292
f 258/258/258 292/292/292 259/259/259
f 259/259/259 292/292/292 293/293/293
f 259/259/259 293/293/293 260/260/260
f 260/260/260 293/293/293 294/294/294
f 260/260/260 294/294/294 261/261/261
f 261/261/261 294/294/294 295/295/295
f 261/261/261 295/295/295 262/262/262
f 262/262/262 295/295/295 296/296/296
f 262/262/262 296/296/296 263/263/263
f 263/263/263 296/296/296 297/297/297
f 263/263/263 297/297/297 264/264/264
f 265/265/265 298/298/298 299/299/299
f 265/265/265 299/299/299 266/266/266
f 266/266/266 299/299/299 300/300/300
f 266/266/266 300/300/300 267/267/267
f 267/267/267 300/300/300 301/301/301
f 267/267/267 301/301/301 268/268/268
f 268/268/268 301/301/301 302/302/302
f 268/268/268 302/302/302 269/269/269
f 269/269/269 302/302/302 303/303/303
f 269/269/269 303/303/303 270/270/270
f 270/270/270 303/303/303 304/304/304
f 270/270/270 304/304/304 271/271/271
f 271/271/271 304/304/304 305/305/305
f 271/271/271 305/305/305 272/272/272
f 272/272/272 305/305/305 306/306/306
f 272/272/272 306/306/306 273/273/273
f 273/273/273 306/306/306 307/307/307
f 273/273/273 307/307/307 274/274/274
f 274/274/274 307/307/307 308/308/308
f 274/274/274 308/308/308 275/275/275
f 275/275/275 308/308/308 309/309/309
f 275/275/275 309/309/309 276/276/276
f 276/276/276 309/309/309 310/310/310
f 276/276/276 310/310/310 277/277/277
f 277/277/277 310/310/310 311/311/311
f 277/277/277 311/311/311 278/278/278
f 278/278/278 311/311/311 312/312/312
f 278/278/278 312/312/312 279/279/279
f 279/279/279 312/312/312 313/313/313
f 279/279/279 313/313/313 280/280/280
f 280/280/280 313/313/313 314/314/314
f 280/280/280 314/314/314 281/281/281
f 281/281/281 314/314/314 315/315/315
f 281/281/281 315/315/315 282/282/282
f 282/282/282 315/315/315 316/316/316
f 282/282/282 316/316/316 283/283/283
f 283/283/283 316/316/316 317/317/317
f 283/283/283 317/317/317 284/284/284
f 284/284/284 317/317/317 318/318/318
f 284/284/284 318/318/318 285/285/285
f 285/285/285 318/318/318 319/319/319
f 285/285/285 319/319/319 286/286/286
f 286/286/286 319/319/319 320/320/320
f 286/286/286 320/320/320 287/287/287
f 287/287/287 320/320/320 321/321/321
f 287/287/287 321/321/321 288/288/288
f 288/288/288 321/321/321 322/322/322
f 288/288/288 322/322/322 289/289/289
f 289/289/289 322/322/322 323/323/323
f 289/289/289 323/323/323 290/290/290
f 290/290/290 323/323/323 324/324/324
f 290/290/290 324/324/324 291/291/291
f 291/291/291 324/324/324 325/325/325
f 291/291/291 325/325/325 292/292/292
f 292/292/292 325/325/325 326/326/326
f 292/292/292 326/326/326 293/293/293
f 293/293/293 326/326/326 327/327/327
f 293/293/293 327/327/327 294/294/294
f 294/294/294 327/327/327 328/328/328
f 294/294/294 328/328/328 295/295/295
f 295/295/295 328/328/328 329/329/329
f 295/295/295 329/329/329 296/296/296
f 296/296/296 329/329/329 330/330/330
f 296/296/296 330/330/330 297/297/297
f 298/298/298 331/331/331 332/332/332
f 298/298/298 332/332/332 299/299/299
f 299/299/299 332/332/332 333/333/333
f 299/299/299 333/333/333 300/300/300
f 300/300/300 333/333/333 334/334/334
f 300/300/300 334/334/334 301/301/301
f 301/301/301 334/334/334 335/335/335
f 301/301/301 335/335/335 302/302/302
f 302/302/302 335/335/335 336/336/336
f 302/302/302 336/336/336 303/303/303
f 303/303/303 336/336/336 337/337/337
f 303/303/303 337/337/337 304/304/304
f 304/304/304 337/337/337 338/338/338
f 304/304/304 338/338/338 305/305/305
f 305/305/305 338/338/338 339/339/339
f 305/305/305 339/339/339 306/306/306
f 306/306/306 339/339/339 340/340/340
f 306/306/306 340/340/340 307/307/307
f 307/307/307 340/340/340 341/341/341
f 307/307/307 341/341/341 308/308/308
f 308/308/308 341/341/341 342/342/342
f 308/308/308 342/342/342 309/309/309
f 309/309/309 342/342/342 343/343/343
f 309/309/309 343/343/343 310/310/310
f 310/310/310 343/343/343 344/344/344
f 310/310/310 344/344/344 311/311/311
f 311/311/311 344/344/344 345/345/345
f 311/311/311 345/345/345 312/312/312
f 312/312/312 345/345/345 346/346/346
f 312/312/312 346/346/346 313/313/313
f 313/313/313 346/346/346 347/347/347
f 313/313/313 347/347/347 314/314/314
f 314/314/314 347/347/347 348/348/348
f 314/314/314 348/348/348 315/315/315
f 315/315/315 348/348/348 349/349/349
f 315/315/315 349/349/349 316/316/316
f 316/316/316 349/349/349 350/350/350
f 316/316/316 350/350/350 317/317/317
f 317/317/317 350/350/350 351/351/351
f 317/317/317 351/351/351 318/318/318
f 318/318/318 351/351/351 352/352/352
f 318/318/318 352/352/352 319/319/319
f 319/319/319 352/352/352 353/353/353
f 319/319/319 353/353/353 320/320/320
f 320/320/320 353/353/353 354/354/354
f 320/320/320 354/354/354 321/321/321
f 321/321/321 354/354/354 355/355/355
f 321/321/321 355/355/355 322/322/322
f 322/322/322 355/355/355 356/356/356
f 322/322/322 356/356/356 323/323/323
f 323/323/323 356/356/356 357/357/357
f 323/323/323 357/357/357 324/324/324
f 324/324/324 357/357/357 358/358/358
f 324/324/324 358/358/358 325/325/325
f 325/325/325 358/358/358 359/359/359
f 325/325/325 359/359/359 326/326/326
f 326/326/326 359/359/359 360/360/360
f 326/326/326 360/360/360 327/327/327
f 327/327/327 360/360/360 361/361/361
f 327/327/327 361/361/361 328/328/328
f 328/328/328 361/361/361 362/362/362
f 328/328/328 362/362/362 329/329/329
f 329/329/329 362/362/362 363/363/363
f 329/329/329 363/363/363 330/330/330
f 331/331/331 364/364/364 365/365/365
f 331/331/331 365/365/365 332/332/332
f 332/332/332 365/365/365 366/366/366
f 332/332/332 366/366/366 333/333/333
f 333/333/333 366/366/366 367/367/367
f 333/333/333 367/367/367 334/334/334
f 334/334/334 367/367/367 368/368/368
f 334/334/334 368/368/368 335/335/335
f 335/335/335 368/368/368 369/369/369
f 335/335/335 369/369/369 336/336/336
f 336/336/336 369/369/369 370/370/370
f 336/336/336 370/370/370 337/337/337
f 337/337/337 370/370/370 371/371/371
f 337/337/337 371/371/371 338/338/338
f 338/338/338 371/371/371 372/372/372
f 338/338/338 372/372/372 339/339/339
f 339/339/339 372/372/372 373/373/373
f 339/339/339 373/373/373 340/340/340
f 340/340/340 373/373/373 374/374/374
f 340/340/340 374/374/374 341/341/341
f 341/341/341 374/374/374 375/375/375
f 341/341/341 375/375/375 342/342/342
f 342/342/342 375/375/375 376/376/376
f 342/342/342 376/376/376 343/343/343
f 343/343/343 376/376/376 377/377/377
f 343/343/343 377/377/377 344/344/344
f 344/344/344 377/377/377 378/378/378
f 344/344/344 378/378/378 345/345/345
f 345/345/345 378/378/378 379/379/379
f 345/345/345 379/379/379 346/346/346
f 346/346/346 379/379/379 380/380/380
f 346/346/346 380/380/380 347/347/347
f 347/347/347 380/380/380 381/381/381
f 347/347/347 381/381/381 348/348/348
f 348/348/348 381/381/381 382/382/382
f 348/348/348 382/382/382 349/349/349
f 349/349/349 382/382/382 383/383/383
f 349/349/349 383/383/383 350/350/350
f 350/350/350 383/383/383 384/384/384
f 350/350/350 384/384/384 351/351/351
f 351/351/351 384/384/384 385/385/385
f 351/351/351 385/385/385 352/352/352
f 352/352/352 385/385/385 386/386/386
f 352/352/352 386/386/386 353/353/353
f 353/353/353 386/386/386 387/387/387
f 353/353/353 387/387/387 354/354/354
f 354/354/354 387/387/387 388/388/388
f 354/354/354 388/388/388 355/355/355
f 355/355/355 388/388/388 389/389/389
f 355/355/355 389/389/389 356/356/356
f 356/356/356 389/389/389 390/390/390
f 356/356/356 390/390/390 357/357/357
f 357/357/357 390/390/390 391/391/391
f 357/357/357 391/391/391 358/358/358
f 358/358/358 391/391/391 392/392/392
f 358/358/358 392/392/392 359/359/359
f 359/359/359 392/392/392 393/393/393
f 359/359/359 393/393/393 360/360/360
f 360/360/360 393/393/393 394/394/394
f 360/360/360 394/394/394 361/361/361
f 361/361/361 394/394/394 395/395/395
f 361/361/361 395/395/395 362/362/362
f 362/362/362 395/395/395 396/396/396
f 362/362/362 396/396/396 363/363/363
f 364/364/364 397/397/397 398/398/398
f 364/364/364 398/398/398 365/365/365
f 365/365/365 398/398/398 399/399/399
f 365/365/365 399/399/399 366/366/366
f 366/366/366 399/399/399 400/400/400
f 366/366/366 400/400/400 367/367/367
f 367/367/367 400/400/400 401/401/401
f 367/367/367 401/401/401 368/368/368
f 368/368/368 401/401/401 402/402/402
f 368/368/368 402/402/402 369/369/369
f 369/369/369 402/402/402 403/403/403
f 369/369/369 403/403/403 370/370/370
f 370/370/370 403/403/403 404/404/404
f 370/370/370 404/404/404 371/371/371
f 371/371/371 404/404/404 405/405/405
f 371/371/371 405/405/405 372/372/372
f 372/372/372 405/405/405 406/406/406
f 372/372/372 406/406/406 373/373/373
f 373/373/373 406/406/406 407/407/407
f 373/373/373 407/407/407 374/374/374
f 374/374/374 407/407/407 408/408/408
f 374/374/374 408/408/408 375/375/375
f 375/375/375 408/408/408 409/409/409
f 375/375/375 409/409/409 376/376/376
f 376/376/376 409/409/409 410/410/410
f 376/376/376 410/410/410 377/377/377
f 377/377/377 410/410/410 411/411/411
f 377/377/377 411/411/411 378/378/378
f 378/378/378 411/411/411 412/412/412
f 378/378/378 412/412/412 379/379/379
f 379/379/379 412/412/412 413/413/413
f 379/379/379 413/413/413 380/380/380
f 380/380/380 413/413/413 414/414/414
f 380/380/380 414/414/414 381/381/381
f 381/381/381 414/414/414 415/415/415
f 381/381/381 415/415/415 382/382/382
f 382/382/382 415/415/415 416/416/416
f 382/382/382 416/416/416 383/383/383
f 383/383/383 416/416/416 417/417/417
f 383/383/383 417/417/417 384/384/384
f 384/384/384 417/417/417 418/418/418
f 384/384/384 418/418/418 385/385/385
f 385/385/385 418/418/418 419/419/419
f 385/385/385 419/419/419 386/386/386
f 386/386/386 419/419/419 420/420/420
f 386/386/386 420/420/420 387/387/387
f 387/387/387 420/420/420 421/421/421
f 387/387/387 421/421/421 388/388/388
f 388/388/388 421/421/421 422/422/422
f 388/388/388 422/422/422 389/389/389
f 389/389/389 422/422/422 423/423/423
f 389/389/389 423/423/423 390/390/390
f 390/390/390 423/423/423 424/424/424
f 390/390/390 424/424/424 391/391/391
f 391/391/391 424/424/424 425/425/425
f 391/391/391 425/425/425 392/392/392
f 392/392/392 425/425/425 426/426/426
f 392/392/392 426/426/426 393/393/393
f 393/393/393 426/426/426 427/427/427
f 393/393/393 427/427/427 394/394/394
f 394/394/394 427/427/427 428/428/428
f 394/394/394 428/428/428 395/395/395
f 395/395/395 428/428/428 429/429/429
f 395/395/395 429/429/429 396/396/396
f 397/397/397 430/430/430 431/431/431
f 397/397/397 431/431/431 398/398/398
f 398/398/398 431/431/431 432/432/432
f 398/398/398 432/432/432 399/399/399
f 399/399/399 432/432/432 433/433/433
f 399/399/399 433/433/433 400/400/400
f 400/400/400 433/433/433 434/434/434
f 400/400/400 434/434/434 401/401/401
f 401/401/401 434/434/434 435/435/435
f 401/401/401 435/435/435 402/402/402
f 402/402/402 435/435/435 436/436/436
f 402/402/402 436/436/436 403/403/403
f 403/403/403 436/436/436 437/437/437
f 403/403/403 437/437/437 404/404/404
f 404/404/404 437/437/437 438/438/438
f 404/404/404 438/438/438 405/405/405
f 405/405/405 438/438/438 439/439/439
f 405/405/405 439/439/439 406/406/406
f 406/406/406 439/439/439 440/440/440
f 406/406/406 440/440/440 407/407/407
f 407/407/407 440/440/440 441/441/441
f 407/407/407 441/441/441 408/408/408
f 408/408/408 441/441/441 442/442/442
f 408/408/408 442/442/442 409/409/409
f 409/409/409 442/442/442 443/443/443
f 409/409/409 443/443/443 410/410/410
f 410/410/410 443/443/443 444/444/444
f 410/410/410 444/444/444 411/411/411
f 411/411/411 444/444/444 445/445/445
f 411/411/411 445/445/445 412/412/412
f 412/412/412 445/445/445 446/446/446
f 412/412/412 446/446/446 413/413/413
f 413/413/413 446/446/446 447/447/447
f 413/413/413 447/447/447 414/414/414
f 414/414/414 447/447/447 448/448/448
f 414/414/414 448/448/448 415/415/415
f 415/415/415 448/448/448 449/449/449
f 415/415/415 449/449/449 416/416/416
f 416/416/416 449/449/449 450/450/450
f 416/416/416 450/450/450 417/417/417
f 417/417/417 450/450/450 451/451/451
f 417/417/417 451/451/451 418/418/418
f 418/418/418 451/451/451 452/452/452
f 418/418/418 452/452/452 419/419/419
f 419/419/419 452/452/452 453/453/453
f 419/419/419 453/453/453 420/420/420
f 420/420/420 453/453/453 454/454/454
f 420/420/420 454/454/454 421/421/421
f 421/421/421 454/454/454 455/455/455
f 421/421/421 455/455/455 422/422/422
f 422/422/422 455/455/455 456/456/456
f 422/422/422 456/456/456 423/423/423
f 423/423/423 456/456/456 457/457/457
f 423/423/423 457/457/457 424/424/424
f 424/424/424 457/457/457 458/458/458
f 424/424/424 458/458/458 425/425/425
f 425/425/425 458/458/458 459/459/459
f 425/425/425 459/459/459 426/426/426
f 426/426/426 459/459/459 460/460/460
f 426/426/426 460/460/460 427/427/427
f 427/427/427 460/460/460 461/461/461
f 427/427/427 461/461/461 428/428/428
f 428/428/428 461/461/461 462/462/462
f 428/428/428 462/462/462 429/429/429
f 430/430/430 463/463/463 464/464/464
f 430/430/430 464/464/464 431/431/431
f 431/431/431 464/464/464 465/465/465
f 431/431/431 465/465/465 432/432/432
f 432/432/432 465/465/465 466/466/466
f 432/432/432 466/466/466 433/433/433
f 433/433/433 466/466/466 467/467/467
f 433/433/433 467/467/467 434/434/434
f 434/434/434 467/467/467 468/468/468
f 434/434/434 468/468/468 435/435/435
f 435/435/435 468/468/468 469/469/469
f 435/435/435 469/469/469 436/436/436
f 436/436/436 469/469/469 470/470/470
f 436/436/436 470/470/470 437/437/437
f 437/437/437 470/470/470 471/471/471
f 437/437/437 471/471/471 438/438/438
f 438/438/438 471/471/471 472/472/472
f 438/438/438 472/472/472 439/439/439
f 439/439/439 472/472/472 473/473/473
f 439/439/439 473/473/473 440/440/440
f 440/440/440 473/473/473 474/474/474
f 440/440/440 474/474/474 441/441/441
f 441/441/441 474/474/474 475/475/475
f 441/441/441 475/475/475 442/442/442
f 442/442/442 475/475/475 476/476/476
f 442/442/442 476/476/476 443/443/443
f 443/443/443 476/476/476 477/477/477
f 443/443/443 477/477/477 444/444/444
f 444/444/444 477/477/477 478/478/478
f 444/444/444 478/478/478 445/445/445
f 445/445/445 478/478/478 479/479/479
f 445/445/445 479/479/479 446/446/446
f 446/446/446 479/479/479 480/480/480
f 446/446/446 480/480/480 447/447/447
f 447/447/447 480/480/480 481/481/481
f 447/447/447 481/481/481 448/448/448
f 448/448/448 481/481/481 482/482/482
f 448/448/448 482/482/482 449/449/449
f 449/449/449 482/482/482 483/483/483
f 449/449/449 483/483/483 450/450/450
f 450/450/450 483/483/483 484/484/484
f 450/450/450 484/484/484 451/451/451
f 451/451/451 484/484/484 485/485/485
f 451/451/451 485/485/485 452/452/452
f 452/452/452 485/485/485 486/486/486
f 452/452/452 486/486/486 453/453/453
f 453/453/453 486/486/486 487/487/487
f 453/453/453 487/487/487 454/454/454
f 454/454/454 487/487/487 488/488/488
f 454/454/454 488/488/488 455/455/455
f 455/455/455 488/488/488 489/489/489
f 455/455/455 489/489/489 456/456/456
f 456/456/456 489/489/489 490/490/490
f 456/456/456 490/490/490 457/457/457
f 457/457/457 490/490/490 491/491/491
f 457/457/457 491/491/491 458/458/458
f 458/458/458 491/491/491 492/492/492
f 458/458/458 492/492/492 459/459/459
f 459/459/459 492/492/492 493/493/493
f 459/459/459 493/493/493 460/460/460
f 460/460/460 493/493/493 494/494/494
f 460/460/460 494/494/494 461/461/461
f 461/461/461 494/494/494 495/495/495
f 461/461/461 495/495/495 462/462/462
f 463/463/463 496/496/496 497/497/497
f 463/463/463 497/497/497 464/464/464
f 464/464/464 497/497/497 498/498/498
f 464/464/464 498/498/498 465/465/465
f 465/465/465 498/498/498 499/499/499
f 465/465/465 499/499/499 466/466/466
f 466/466/466 499/499/499 500/500/500
f 466/466/466 500/500/500 467/467/467
f 467/467/467 500/500/500 501/501/501
f 467/467/467 501/501/501 468/468/468
f 468/468/468 501/501/501 502/502/502
f 468/468/468 502/502/502 469/469/469
f 469/469/469 502/502/502 503/503/503
f 469/469/469 503/503/503 470/470/470
f 470/470/470 503/503/503 504/504/504
f 470/470/470 504/504/504 471/471/471
f 471/471/471 504/504/504 505/505/505
f 471/471/471 505/505/505 472/472/472
f 472/472/472 505/505/505 506/506/506
f 472/472/472 506/506/506 473/473/473
f 473/473/473 506/506/506 507/507/507
f 473/473/473 507/507/507 474/474/474
f 474/474/474 507/507/507 508/508/508
f 474/474/474 508/508/508 475/475/475
f 475/475/475 508/508/508 509/509/509
f 475/475/475 509/509/509 476/476/476
f 476/476/476 509/509/509 510/510/510
f 476/476/476 510/510/510 477/477/477
f 477/477/477 510/510/510 511/511/511
f 477/477/477 511/511/511 478/478/478
f 478/478/478 511/511/511 512/512/512
f 478/478/478 512/512/512 479/479/479
f 479/479/479 512/512/512 513/513/513
f 479/479/479 513/513/513 480/480/480
f 480/480/480 513/513/513 514/514/514
f 480/480/480 514/514/514 481/481/481
f 481/481/481 514/514/514 515/515/515
f 481/481/481 515/515/515 482/482/482
f 482/482/482 515/515/515 516/516/516
f 482/482/482 516/516/516 483/483/483
f 483/483/483 516/516/516 517/517/517
f 483/483/483 517/517/517 484/484/484
f 484/484/484 517/517/517 518/518/518
f 484/484/484 518/518/518 485/485/485
f 485/485/485 518/518/518 519/519/519
f 485/485/485 519/519/519 486/486/486
f 486/486/486 519/519/519 520/520/520
f 486/486/486 520/520/520 487/487/487
f 487/487/487 520/520/520 521/521/521
f 487/487/487 521/521/521 488/488/488
f 488/488/488 521/521/521 522/522/522
f 488/488/488 522/522/522 489/489/489
f 489/489/489 522/522/522 523/523/523
f 489/489/489 523/523/523 490/490/490
f 490/490/490 523/523/523 524/524/524
f 490/490/490 524/524/524 491/491/491
f 491/491/491 524/524/524 525/525/525
f 491/491/491 525/525/525 492/492/492
f 492/492/492 525/525/525 526/526/526
f 492/492/492 526/526/526 493/493/493
f 493/493/493 526/526/526 527/527/527
f 493/493/493 527/527/527 494/494/494
f 494/494/494 527/527/527 528/528/528
f 494/494/494 528/528/528 495/495/495
f 496/496/496 529/529/529 530/530/530
f 496/496/496 530/530/530 497/497/497
f 497/497/497 530/530/530 531/531/531
f 497/497/497 531/531/531 498/498/498
f 498/498/498 531/531/531 532/532/532
f 498/498/498 532/532/532 499/499/499
f 499/499/499 532/532/532 533/533/533
f 499/499/499 533/533/533 500/500/500
f 500/500/500 533/533/533 534/534/534
f 500/500/500 534/534/534 501/501/501
f 501/501/501 534/534/534 535/535/535
f 501/501/501 535/535/535 502/502/502
f 502/502/502 535/535/535 536/536/536
f 502/502/502 536/536/536 503/503/503
f 503/503/503 536/536/536 537/537/537
f 503/503/503 537/537/537 504/504/504
f 504/504/504 537/537/537 538/538/538
f 504/504/504 538/538/538 505/505/505
f 505/505/505 538/538/538 539/539/539
f 505/505/505 539/539/539 506/506/506
f 506/506/506 539/539/539 540/540/540
f 506/506/506 540/540/540 507/507/507
f 507/507/507 540/540/540 541/541/541
f 507/507/507 541/541/541 508/508/508
f 508/508/508 541/541/541 542/542/542
f 508/508/508 542/542/542 509/509/509
f 509/509/509 542/542/542 543/543/543
f 509/509/509 543/543/543 510/510/510
f 510/510/510 543/543/543 544/544/544
f 510/510/510 544/544/544 511/511/511
f 511/511/511 544/544/544 545/545/545
f 511/511/511 545/545/545 512/512/512
f 512/512/512 545/545/545 546/546/546
f 512/512/512 546/546/546 513/513/513
f 513/513/513 546/546/546 547/547/547
f 513/513/513 547/547/547 514/514/514
f 514/514/514 547/547/547 548/548/548
f 514/514/514 548/548/548 515/515/515
f 515/515/515 548/548/548 549/549/549
f 515/515/515 549/549/549 516/516/516
f 516/516/516 549/549/549 550/550/550
f 516/516/516 550/550/550 517/517/517
f 517/517/517 550/550/550 551/551/551
f 517/517/517 551/551/551 518/518/518
f 518/518/518 551/551/551 552/552/552
f 518/518/518 552/552/552 519/519/519
f 519/519/519 552/552/552 553/553/553
f 519/519/519 553/553/553 520/520/520
f 520/520/520 553/553/553 554/554/554
f 520/520/520 554/554/554 521/521/521
f 521/521/521 554/554/554 555/555/555
f 521/521/521 555/555/555 522/522/522
f 522/522/522 555/555/555 556/556/556
f 522/522/522 556/556/556 523/523/523
f 523/523/523 556/556/556 557/557/557
f 523/523/523 557/557/557 524/524/524
f 524/524/524 557/557/557 558/558/558
f 524/524/524 558/558/558 525/525/525
f 525/525/525 558/558/558 559/559/559
f 525/525/525 559/559/559 526/526/526
f 526/526/526 559/559/559 560/560/560
f 526/526/526 560/560/560 527/527/527
f 527/527/527 560/560/560 561/561/561
f 527/527/527 561/561/561 528/528/528
f 529/529/529 562/562/562 563/563/563
f 529/529/529 563/563/563 530/530/530
f 530/530/530 563/563/563 564/564/564
f 530/530/530 564/564/564 531/531/531
f 531/531/531 564/564/564 565/565/565
f 531/531/531 565/565/565 532/532/532
f 532/532/532 565/565/565 566/566/566
f 532/532/532 566/566/566 533/533/533
f 533/533/533 566/566/566 567/567/567
f 533/533/533 567/567/567 534/534/534
f 534/534/534 567/567/567 568/568/568
f 534/534/534 568/568/568 535/535/535
f 535/535/535 568/568/568 569/569/569
f 535/535/535 569/569/569 536/536/536
f 536/536/536 569/569/569 570/570/570
f 536/536/536 570/570/570 537/537/537
f 537/537/537 570/570/570 571/571/571
f 537/537/537 571/571/571 538/538/538
f 538/538/538 571/571/571 572/572/572
f 538/538/538 572/572/572 539/539/539
f 539/539/539 572/572/572 573/573/573
f 539/539/539 573/573/573 540/540/540
f 540/540/540 573/573/573 574/574/574
f 540/540/540 574/574/574 541/541/541
f 541/541/541 574/574/574 575/575/575
f 541/541/541 575/575/575 542/542/542
f 542/542/542 575/575/575 576/576/576
f 542/542/542 576/576/576 543/543/543
f 543/543/543 576/576/576 577/577/577
f 543/543/543 577/577/577 544/544/544
f 544/544/544 577/577/577 578/578/578
f 544/544/544 578/578/578 545/545/545
f 545/545/545 578/578/578 579/579/579
f 545/545/545 579/579/579 546/546/546
f 546/546/546 579/579/579 580/580/580
f 546/546/546 580/580/580 547/547/547
f 547/547/547 580/580/580 581/581/581
f 547/547/547 581/581/581 548/548/548
f 548/548/548 581/581/581 582/582/582
f 548/548/548 582/582/582 549/549/549
f 549/549/549 582/582/582 583/583/583
f 549/549/549 583/583/583 550/550/550
f 550/550/550 583/583/583 584/584/584
f 550/550/550 584/584/584 551/551/551
f 551/551/551 584/584/584 585/585/585
f 551/551/551 585/585/585 552/552/552
f 552/552/552 585/585/585 586/586/586
f 552/552/552 586/586/586 553/553/553
f 553/553/553 586/586/586 587/587/587
f 553/553/553 587/587/587 554/554/554
f 554/554/554 587/587/587 588/588/588
f 554/554/554 588/588/588 555/555/555
f 555/555/555 588/588/588 589/589/589
f 555/555/555 589/589/589 556/556/556
f 556/556/556 589/589/589 590/590/590
f 556/556/556 590/590/590 557/557/557
f 557/557/557 590/590/590 591/591/591
f 557/557/557 591/591/591 558/558/558
f 558/558/558 591/591/591 592/592/592
f 558/558/558 592/592/592 559/559/559
f 559/559/559 592/592/592 593/593/593
f 559/559/559 593/593/593 560/560/560
f 560/560/560 593/593/593 594/594/594
f 560/560/560 594/594/594 561/561/561
f 562/562/562 595/595/595 596/596/596
f 562/562/562 596/596/596 563/563/563
f 563/563/563 596/596/596 597/597/597
f 563/563/563 597/597/597 564/564/564
f 564/564/564 597/597/597 598/598/598
f 564/564/564 598/598/598 565/565/565
f 565/565/565 598/598/598 599/599/599
f 565/565/565 599/599/599 566/566/566
f 566/566/566 599/599/599 600/600/600
f 566/566/566 600/600/600 567/567/567
f 567/567/567 600/600/600 601/601/601
f 567/567/567 601/601/601 568/568/568
f 568/568/568 601/601/601 602/602/602
f 568/568/568 602/602/602 569/569/569
f 569/569/569 602/602/602 603/603/603
f 569/569/569 603/603/603 570/570/570
f 570/570/570 603/603/603 604/604/604
f 570/570/570 604/604/604 571/571/571
f 571/571/571 604/604/604 605/605/605
f 571/571/571 605/605/605 572/572/572
f 572/572/572 605/605/605 606/606/606
f 572/572/572 606/606/606 573/573/573
f 573/573/573 606/606/606 607/607/607
f 573/573/573 607/607/607 574/574/574
f 574/574/574 607/607/607 608/608/608
f 574/574/574 608/608/608 575/575/575
f 575/575/575 608/608/608 609/609/609
f 575/575/575 609/609/609 576/576/576
f 576/576/576 609/609/609 610/610/610
f 576/576/576 610/610/610 577/577/577
f 577/577/577 610/610/610 611/611/611
f 577/577/577 611/611/611 578/578/578
f 578/578/578 611/611/611 612/612/612
f 578/578/578 612/612/612 579/579/579
f 579/579/579 612/612/612 613/613/613
f 579/579/579 613/613/613 580/580/580
f 580/580/580 613/613/613 614/614/614
f 580/580/580 614/614/614 581/581/581
f 581/581/581 614/614/614 615/615/615
f 581/581/581 615/615/615 582/582/582
f 582/582/582 615/615/615 616/616/616
f 582/582/582 616/616/616 583/583/583
f 583/583/583 616/616/616 617/617/617
f 583/583/583 617/617/617 584/584/584
f 584/584/584 617/617/617 618/618/618
f 584/584/584 618/618/618 585/585/585
f 585/585/585 618/618/618 619/619/619
f 585/585/585 619/619/619 586/586/586
f 586/586/586 619/619/619 620/620/620
f 586/586/586 620/620/620 587/587/587
f 587/587/587 620/620/620 621/621/621
f 587/587/587 621/621/621 588/588/588
f 588/588/588 621/621/621 622/622/622
f 588/588/588 622/622/622 589/589/589
f 589/589/589 622/622/622 623/623/623
f 589/589/589 623/623/623 590/590/590
f 590/590/590 623/623/623 624/624/624
f 590/590/590 624/624/624 591/591/591
f 591/591/591 624/624/624 625/625/625
f 591/591/591 625/625/625 592/592/592
f 592/592/592 625/625/625 626/626/626
f 592/592/592 626/626/626 593/593/593
f 593/593/593 626/626/626 627/627/627
f 593/593/593 627/627/627 594/594/594
f 595/595/595 628/628/628 629/629/629
f 595/595/595 629/629/629 596/596/596
f 596/596/596 629/629/629 630/630/630
f 596/596/596 630/630/630 597/597/597
f 597/597/597 630/630/630 631/631/631
f 597/597/597 631/631/631 598/598/598
f 598/598/598 631/631/631 632/632/632
f 598/598/598 632/632/632 599/599/599
f 599/599/599 632/632/632 633/633/633
f 599/599/599 633/633/633 600/600/600
f 600/600/600 633/633/633 634/634/634
f 600/600/600 634/634/634 601/601/601
f 601/601/601 634/634/634 635/635/635
f 601/601/601 635/635/635 602/602/602
f 602/602/602 635/635/635 636/636/636
f 602/602/602 636/636/636 603/603/603
f 603/603/603 636/636/636 637/637/637
f 603/603/603 637/637/637 604/604/604
f 604/604/604 637/637/637 638/638/638
f 604/604/604 638/638/638 605/605/605
f 605/605/605 638/638/638 639/639/639
f 605/605/605 639/639/639 606/606/606
f 606/606/606 639/639/639 640/640/640
f 606/606/606 640/640/640 607/607/607
f 607/607/607 640/640/640 641/641/641
f 607/607/607 641/641/641 608/608/608
f 608/608/608 641/641/641 642/642/642
f 608/608/608 642/642/642 609/609/609
f 609/609/609 642/642/642 643/643/643
f 609/609/609 643/643/643 610/610/610
f 610/610/610 643/643/643 644/644/644
f 610/610/610 644/644/644 611/611/611
f 611/611/611 644/644/644 645/645/645
f 611/611/611 645/645/645 612/612/612
f 612/612/612 645/645/645 646/646/646
f 612/612/612 646/646/646 613/613/613
f 613/613/613 646/646/646 647/647/647
f 613/613/613 647/647/647 614/614/614
f 614/614/614 647/647/647 648/648/648
f 614/614/614 648/648/648 615/615/615
f 615/615/615 648/648/648 649/649/649
f 615/615/615 649/649/649 616/616/616
f 616/616/616 649/649/649 650/650/650
f 616/616/616 650/650/650 617/617/617
f 617/617/617 650/650/650 651/651/651
f 617/617/617 651/651/651 618/618/618
f 618/618/618 651/651/651 652/652/652
f 618/618/618 652/652/652 619/619/619
f 619/619/619 652/652/652 653/653/653
f 619/619/619 653/653/653 620/620/620
f 620/620/620 653/653/653 654/654/654
f 620/620/620 654/654/654 621/621/621
f 621/621/621 654/654/654 655/655/655
f 621/621/621 655/655/655 622/622/622
f 622/622/622 655/655/655 656/656/656
f 622/622/622 656/656/656 623/623/623
f 623/623/623 656/656/656 657/657/657
f 623/623/623 657/657/657 624/624/624
f 624/624/624 657/657/657 658/658/658
f 624/624/624 658/658/658 625/625/625
f 625/625/625 658/658/658 659/659/659
f 625/625/625 659/659/659 626/626/626
f 626/626/626 659/659/659 660/660/660
f 626/626/626 660/660/660 627/627/627
f 628/628/628 661/661/661 662/662/662
f 628/628/628 662/662/662 629/629/629
f 629/629/629 662/662/662 663/663/663
f 629/629/629 663/663/663 630/630/630
f 630/630/630 663/663/663 664/664/664
f 630/630/630 664/664/664 631/631/631
f 631/631/631 664/664/664 665/665/665
f 631/631/631 665/665/665 632/632/632
f 632/632/632 665/665/665 666/666/666
f 632/632/632 666/666/666 633/633/633
f 633/633/633 666/666/666 667/667/667
f 633/633/633 667/667/667 634/634/634
f 634/634/634 667/667/667 668/668/668
f 634/634/634 668/668/668 635/635/635
f 635/635/635 668/668/668 669/669/669
f 635/635/635 669/669/669 636/636/636
f 636/636/636 669/669/669 670/670/670
f 636/636/636 670/670/670 637/637/637
f 637/637/637 670/670/670 671/671/671
f 637/637/637 671/671/671 638/638/638
f 638/638/638 671/671/671 672/672/672
f 638/638/638 672/672/672 639/639/639
f 639/639/639 672/672/672 673/673/673
f 639/639/639 673/673/673 640/640/640
f 640/640/640 673/673/673 674/674/674
f 640/640/640 674/674/674 641/641/641
f 641/641/641 674/674/674 675/675/675
f 641/641/641 675/675/675 642/642/642
f 642/642/642 675/675/675 676/676/676
f 642/642/642 676/676/676 643/643/643
f 643/643/643 676/676/676 677/677/677
f 643/643/643 677/677/677 644/644/644
f 644/644/644 677/677/677 678/678/678
f 644/644/644 678/678/678 645/645/645
f 645/645/645 678/678/678 679/679/679
f 645/645/645 679/679/679 646/646/646
f 646/646/646 679/679/679 680/680/680
f 646/646/646 680/680/680 647/647/647
f 647/647/647 680/680/680 681/681/681
f 647/647/647 681/681/681 648/648/648
f 648/648/648 681/681/681 682/682/682
f 648/648/648 682/682/682 649/649/649
f 649/649/649 682/682/682 683/683/683
f 649/649/649 683/683/683 650/650/650
f 650/650/650 683/683/683 684/684/684
f 650/650/650 684/684/684 651/651/651
f 651/651/651 684/684/684 685/685/685
f 651/651/651 685/685/685 652/652/652
f 652/652/652 685/685/685 686/686/686
f 652/652/652 686/686/686 653/653/653
f 653/653/653 686/686/686 687/687/687
f 653/653/653 687/687/687 654/654/654
f 654/654/654 687/687/687 688/688/688
f 654/654/654 688/688/688 655/655/655
f 655/655/655 688/688/688 689/689/689
f 655/655/655 689/689/689 656/656/656
f 656/656/656 689/689/689 690/690/690
f 656/656/656 690/690/690 657/657/657
f 657/657/657 690/690/690 691/691/691
f 657/657/657 691/691/691 658/658/658
f 658/658/658 691/691/691 692/692/692
f 658/658/658 692/692/692 659/659/659
f 659/659/659 692/692/692 693/693/693
f 659/659/659 693/693/693 660/660/660
f 661/661/661 694/694/694 695/695/695
f 661/661/661 695/695/695 662/662/662
f 662/662/662 695/695/695 696/696/696
f 662/662/662 696/696/696 663/663/663
f 663/663/663 696/696/696 697/697/697
f 663/663/663 697/697/697 664/664/664
f 664/664/664 697/697/697 698/698/698
f 664/664/664 698/698/698 665/665/665
f 665/665/665 698/698/698 699/699/699
f 665/665/665 699/699/699 666/666/666
f 666/666/666 699/699/699 700/700/700
f 666/666/666 700/700/700 667/667/667
f 667/667/667 700/700/700 701/701/701
f 667/667/667 701/701/701 668/668/668
f 668/668/668 701/701/701 702/702/702
f 668/668/668 702/702/702 669/669/669
f 669/669/669 702/702/702 703/703/703
f 669/669/669 703/703/703 670/670/670
f 670/670/670 703/703/703 704/704/704
f 670/670/670 704/704/704 671/671/671
f 671/671/671 704/704/704 705/705/705
f 671/671/671 705/705/705 672/672/672
f 672/672/672 705/705/705 706/706/706
f 672/672/672 706/706/706 673/673/673
f 673/673/673 706/706/706 707/707/707
f 673/673/673 707/707/707 674/674/674
f 674/674/674 707/707/707 708/708/708
f 674/674/674 708/708/708 675/675/675
f 675/675/675 708/708/708 709/709/709
f 675/675/675 709/709/709 676/676/676
f 676/676/676 709/709/709 710/710/710
f 676/676/676 710/710/710 677/677/677
f 677/677/677 710/710/710 711/711/711
f 677/677/677 711/711/711 678/678/678
f 678/678/678 711/711/711 712/712/712
f 678/678/678 712/712/712 679/679/679
f 679/679/679 712/712/712 713/713/713
f 679/679/679 713/713/713 680/680/680
f 680/680/680 713/713/713 714/714/714
f 680/680/680 714/714/714 681/681/681
f 681/681/681 714/714/714 715/715/715
f 681/681/681 715/715/715 682/682/682
f 682/682/682 715/715/715 716/716/716
f 682/682/682 716/716/716 683/683/683
f 683/683/683 716/716/716 717/717/717
f 683/683/683 717/717/717 684/684/684
f 684/684/684 717/717/717 718/718/718
f 684/684/684 718/718/718 685/685/685
f 685/685/685 718/718/718 719/719/719
f 685/685/685 719/719/719 686/686/686
f 686/686/686 719/719/719 720/720/720
f 686/686/686 720/720/720 687/687/687
f 687/687/687 720/720/720 721/721/721
f 687/687/687 721/721/721 688/688/688
f 688/688/688 721/721/721 722/722/722
f 688/688/688 722/722/722 689/689/689
f 689/689/689 722/722/722 723/723/723
f 689/689/689 723/723/723 690/690/690
f 690/690/690 723/723/723 724/724/724
f 690/690/690 724/724/724 691/691/691
f 691/691/691 724/724/724 725/725/725
f 691/691/691 725/725/725 692/692/692
f 692/692/692 725/725/725 726/726/726
f 692/692/692 726/726/726 693/693/693
f 694/694/694 727/727/727 728/728/728
f 694/694/694 728/728/728 695/695/695
f 695/695/695 728/728/728 729/729/729
f 695/695/695 729/729/729 696/696/696
f 696/696/696 729/729/729 730/730/730
f 696/696/696 730/730/730 697/697/697
f 697/697/697 730/730/730 731/731/731
f 697/697/697 731/731/731 698/698/698
f 698/698/698 731/731/731 732/732/732
f 698/698/698 732/732/732 699/699/699
f 699/699/699 732/732/732 733/733/733
f 699/699/699 733/733/733 700/700/700
f 700/700/700 733/733/733 734/734/734
f 700/700/700 734/734/734 701/701/701
f 701/701/701 734/734/734 735/735/735
f 701/701/701 735/735/735 702/702/702
f 702/702/702 735/735/735 736/736/736
f 702/702/702 736/736/736 703/703/703
f 703/703/703 736/736/736 737/737/737
f 703/703/703 737/737/737 704/704/704
f 704/704/704 737/737/737 738/738/738
f 704/704/704 738/738/738 705/705/705
f 705/705/705 738/738/738 739/739/739
f 705/705/705 739/739/739 706/706/706
f 706/706/706 739/739/739 740/740/740
f 706/706/706 740/740/740 707/707/707
f 707/707/707 740/740/740 741/741/741
f 707/707/707 741/741/741 708/708/708
f 708/708/708 741/741/741 742/742/742
f 708/708/708 742/742/742 709/709/709
f 709/709/709 742/742/742 743/743/743
f 709/709/709 743/743/743 710/710/710
f 710/710/710 743/743/743 744/744/744
f 710/710/710 744/744/744 711/711/711
f 711/711/711 744/744/744 745/745/745
f 711/711/711 745/745/745 712/712/712
f 712/712/712 745/745/745 746/746/746
f 712/712/712 746/746/746 713/713/713
f 713/713/713 746/746/746 747/747/747
f 713/713/713 747/747/747 714/714/714
f 714/714/714 747/747/747 748/748/748
f 714/714/714 748/748/748 715/715/715
f 715/715/715 748/748/748 749/749/749
f 715/715/715 749/749/749 716/716/716
f 716/716/716 749/749/749 750/750/750
f 716/716/716 750/750/750 717/717/717
f 717/717/717 750/750/750 751/751/751
f 717/717/717 751/751/751 718/718/718
f 718/718/718 751/751/751 752/752/752
f 718/718/718 752/752/752 719/719/719
f 719/719/719 752/752/752 753/753/753
f 719/719/719 753/753/753 720/720/720
f 720/720/720 753/753/753 754/754/754
f 720/720/720 754/754/754 721/721/721
f 721/721/721 754/754/754 755/755/755
f 721/721/721 755/755/755 722/722/722
f 722/722/722 755/755/755 756/756/756
f 722/722/722 756/756/756 723/723/723
f 723/723/723 756/756/756 757/757/757
f 723/723/723 757/757/757 724/724/724
f 724/724/724 757/757/757 758/758/758
f 724/724/724 758/758/758 725/725/725
f 725/725/725 758/758/758 759/759/759
f 725/725/725 759/759/759 726/726/726
f 727/727/727 760/760/760 761/761/761
f 727/727/727 761/761/761 728/728/728
f 728/728/728 761/761/761 762/762/762
f 728/728/728 762/762/762 729/729/729
f 729/729/729 762/762/762 763/763/763
f 729/729/729 763/763/763 730/730/730
f 730/730/730 763/763/763 764/764/764
f 730/730/730 764/764/764 731/731/731
f 731/731/731 764/764/764 765/765/765
f 731/731/731 765/765/765 732/732/732
f 732/732/732 765/765/765 766/766/766
f 732/732/732 766/766/766 733/733/733
f 733/733/733 766/766/766 767/767/767
f 733/733/733 767/767/767 734/734/734
f 734/734/734 767/767/767 768/768/768
f 734/734/734 768/768/768 735/735/735
f 735/735/735 768/768/768 769/769/769
f 735/735/735 769/769/769 736/736/736
f 736/736/736 769/769/769 770/770/770
f 736/736/736 770/770/770 737/737/737
f 737/737/737 770/770/770 771/771/771
f 737/737/737 771/771/771 738/738/738
f 738/738/738 771/771/771 772/772/772
f 738/738/738 772/772/772 739/739/739
f 739/739/739 772/772/772 773/773/773
f 739/739/739 773/773/773 740/740/740
f 740/740/740 773/773/773 774/774/774
f 740/740/740 774/774/774 741/741/741
f 741/741/741 774/774/774 775/775/775
f 741/741/741 775/775/775 742/742/742
f 742/742/742 775/775/775 776/776/776
f 742/742/742 776/776/776 743/743/743
f 743/743/743 776/776/776 777/777/777
f 743/743/743 777/777/777 744/744/744
f 744/744/744 777/777/777 778/778/778
f 744/744/744 778/778/778 745/745/745
f 745/745/745 778/778/778 779/779/779
f 745/745/745 779/779/779 746/746/746
f 746/746/746 779/779/779 780/780/780
f 746/746/746 780/780/780 747/747/747
f 747/747/747 780/780/780 781/781/781
f 747/747/747 781/781/781 748/748/748
f 748/748/748 781/781/781 782/782/782
f 748/748/748 782/782/782 749/749/749
f 749/749/749 782/782/782 783/783/783
f 749/749/749 783/783/783 750/750/750
f 750/750/750 783/783/783 784/784/784
f 750/750/750 784/784/784 751/751/751
f 751/751/751 784/784/784 785/785/785
f 751/751/751 785/785/785 752/752/752
f 752/752/752 785/785/785 786/786/786
f 752/752/752 786/786/786 753/753/753
f 753/753/753 786/786/786 787/787/787
f 753/753/753 787/787/787 754/754/754
f 754/754/754 787/787/787 788/788/788
f 754/754/754 788/788/788 755/755/755
f 755/755/755 788/788/788 789/789/789
f 755/755/755 789/789/789 756/756/756
f 756/756/756 789/789/789 790/790/790
f 756/756/756 790/790/790 757/757/757
f 757/757/757 790/790/790 791/791/791
f 757/757/757 791/791/791 758/758/758
f 758/758/758 791/791/791 792/792/792
f 758/758/758 792/792/792 759/759/759
f 760/760/760 793/793/793 794/794/794
f 760/760/760 794/794/794 761/761/761
f 761/761/761 794/794/794 795/795/795
f 761/761/761 795/795/795 762/762/762
f 762/762/762 795/795/795 796/796/796
f 762/762/762 796/796/796 763/763/763
f 763/763/763 796/796/796 797/797/797
f 763/763/763 797/797/797 764/764/764
f 764/764/764 797/797/797 798/798/798
f 764/764/764 798/798/798 765/765/765
f 765/765/765 798/798/798 799/799/799
f 765/765/765 799/799/799 766/766/766
f 766/766/766 799/799/799 800/800/800
f 766/766/766 800/800/800 767/767/767
f 767/767/767 800/800/800 801/801/801
f 767/767/767 801/801/801 768/768/768
f 768/768/768 801/801/801 802/802/802
f 768/768/768 802/802/802 769/769/769
f 769/769/769 802/802/802 803/803/803
f 769/769/769 803/803/803 770/770/770
f 770/770/770 803/803/803 804/804/804
f 770/770/770 804/804/804 771/771/771
f 771/771/771 804/804/804 805/805/805
f 771/771/771 805/805/805 772/772/772
f 772/772/772 805/805/805 806/806/806
f 772/772/772 806/806/806 773/773/773
f 773/773/773 806/806/806 807/807/807
f 773/773/773 807/807/807 774/774/774
f 774/774/774 807/807/807 808/808/808
f 774/774/774 808/808/808 775/775/775
f 775/775/775 808/808/808 809/809/809
f 775/775/775 809/809/809 776/776/776
f 776/776/776 809/809/809 810/810/810
f 776/776/776 810/810/810 777/777/777
f 777/777/777 810/810/810 811/811/811
f 777/777/777 811/811/811 778/778/778
f 778/778/778 811/811/811 812/812/812
f 778/778/778 812/812/812 779/779/779
f 779/779/779 812/812/812 813/813/813
f 779/779/779 813/813/813 780/780/780
f 780/780/780 813/813/813 814/814/814
f 780/780/780 814/814/814 781/781/781
f 781/781/781 814/814/814 815/815/815
f 781/781/781 815/815/815 782/782/782
f 782/782/782 815/815/815 816/816/816
f 782/782/782 816/816/816 783/783/783
f 783/783/783 816/816/816 817/817/817
f 783/783/783 817/817/817 784/784/784
f 784/784/784 817/817/817 818/818/818
f 784/784/784 818/818/818 785/785/785
f 785/785/785 818/818/818 819/819/819
f 785/785/785 819/819/819 786/786/786
f 786/786/786 819/819/819 820/820/820
f 786/786/786 820/820/820 787/787/787
f 787/787/787 820/820/820 821/821/821
f 787/787/787 821/821/821 788/788/788
f 788/788/788 821/821/821 822/822/822
f 788/788/788 822/822/822 789/789/789
f 789/789/789 822/822/822 823/823/823
f 789/789/789 823/823/823 790/790/790
f 790/790/790 823/823/823 824/824/824
f 790/790/790 824/824/824 791/791/791
f 791/791/791 824/824/824 825/825/825
f 791/791/791 825/825/825 792/792/792
f 793/793/793 826/826/826 827/827/827
f 793/793/793 827/827/827 794/794/794
f 794/794/794 827/827/827 828/828/828
f 794/794/794 828/828/828 795/795/795
f 795/795/795 828/828/828 829/829/829
f 795/795/795 829/829/829 796/796/796
f 796/796/796 829/829/829 830/830/830
f 796/796/796 830/830/830 797/797/797
f 797/797/797 830/830/830 831/831/831
f 797/797/797 831/831/831 798/798/798
f 798/798/798 831/831/831 832/832/832
f 798/798/798 832/832/832 799/799/799
f 799/799/799 832/832/832 833/833/833
f 799/799/799 833/833/833 800/800/800
f 800/800/800 833/833/833 834/834/834
f 800/800/800 834/834/834 801/801/801
f 801/801/801 834/834/834 835/835/835
f 801/801/801 835/835/835 802/802/802
f 802/802/802 835/835/835 836/836/836
f 802/802/802 836/836/836 803/803/803
f 803/803/803 836/836/836 837/837/837
f 803/803/803 837/837/837 804/804/804
f 804/804/804 837/837/837 838/838/838
f 804/804/804 838/838/838 805/805/805
f 805/805/805 838/838/838 839/839/839
f 805/805/805 839/839/839 806/806/806
f 806/806/806 839/839/839 840/840/840
f 806/806/806 840/840/840 807/807/807
f 807/807/807 840/840/840 841/841/841
f 807/807/807 841/841/841 808/808/808
f 808/808/808 841/841/841 842/842/842
f 808/808/808 842/842/842 809/809/809
f 809/809/809 842/842/842 843/843/843
f 809/809/809 843/843/843 810/810/810
f 810/810/810 843/843/843 844/844/844
f 810/810/810 844/844/844 811/811/811
f 811/811/811 844/844/844 845/845/845
f 811/811/811 845/845/845 812/812/812
f 812/812/812 845/845/845 846/846/846
f 812/812/812 846/846/846 813/813/813
f 813/813/813 846/846/846 847/847/847
f 813/813/813 847/847/847 814/814/814
f 814/814/814 847/847/847 848/848/848
f 814/814/814 848/848/848 815/815/815
f 815/815/815 848/848/848 849/849/849
f 815/815/815 849/849/849 816/816/816
f 816/816/816 849/849/849 850/850/850
f 816/816/816 850/850/850 817/817/817
f 817/817/817 850/850/850 851/851/851
f 817/817/817 851/851/851 818/818/818
f 818/818/818 851/851/851 852/852/852
f 818/818/818 852/852/852 819/819/819
f 819/819/819 852/852/852 853/853/853
f 819/819/819 853/853/853 820/820/820
f 820/820/820 853/853/853 854/854/854
f 820/820/820 854/854/854 821/821/821
f 821/821/821 854/854/854 855/855/855
f 821/821/821 855/855/855 822/822/822
f 822/822/822 855/855/855 856/856/856
f 822/822/822 856/856/856 823/823/823
f 823/823/823 856/856/856 857/857/857
f 823/823/823 857/857/857 824/824/824
f 824/824/824 857/857/857 858/858/858
f 824/824/824 858/858/858 825/825/825
f 826/826/826 859/859/859 860/860/860
f 826/826/826 860/860/860 827/827/827
f 827/827/827 860/860/860 861/861/861
f 827/827/827 861/861/861 828/828/828
f 828/828/828 861/861/861 862/862/862
f 828/828/828 862/862/862 829/829/829
f 829/829/829 862/862/862 863/863/863
f 829/829/829 863/863/863 830/830/830
f 830/830/830 863/863/863 864/864/864
f 830/830/830 864/864/864 831/831/831
f 831/831/831 864/864/864 865/865/865
f 831/831/831 865/865/865 832/832/832
f 832/832/832 865/865/865 866/866/866
f 832/832/832 866/866/866 833/833/833
f 833/833/833 866/866/866 867/867/867
f 833/833/833 867/867/867 834/834/834
f 834/834/834 867/867/867 868/868/868
f 834/834/834 868/868/868 835/835/835
f 835/835/835 868/868/868 869/869/869
f 835/835/835 869/869/869 836/836/836
f 836/836/836 869/869/869 870/870/870
f 836/836/836 870/870/870 837/837/837
f 837/837/837 870/870/870 871/871/871
f 837/837/837 871/871/871 838/838/838
f 838/838/838 871/871/871 872/872/872
f 838/838/838 872/872/872 839/839/839
f 839/839/839 872/872/872 873/873/873
f 839/839/839 873/873/873 840/840/840
f 840/840/840 873/873/873 874/874/874
f 840/840/840 874/874/874 841/841/841
f 841/841/841 874/874/874 875/875/875
f 841/841/841 875/875/875 842/842/842
f 842/842/842 875/875/875 876/876/876
f 842/842/842 876/876/876 843/843/843
f 843/843/843 876/876/876 877/877/877
f 843/843/843 877/877/877 844/844/844
f 844/844/844 877/877/877 878/878/878
f 844/844/844 878/878/878 845/845/845
f 845/845/845 878/878/878 879/879/879
f 845/845/845 879/879/879 846/846/846
f 846/846/846 879/879/879 880/880/880
f 846/846/846 880/880/880 847/847/847
f 847/847/847 880/880/880 881/881/881
f 847/847/847 881/881/881 848/848/848
f 848/848/848 881/881/881 882/882/882
f 848/848/848 882/882/882 849/849/849
f 849/849/849 882/882/882 883/883/883
f 849/849/849 883/883/883 850/850/850
f 850/850/850 883/883/883 884/884/884
f 850/850/850 884/884/884 851/851/851
f 851/851/851 884/884/884 885/885/885
f 851/851/851 885/885/885 852/852/852
f 852/852/852 885/885/885 886/886/886
f 852/852/852 886/886/886 853/853/853
f 853/853/853 886/886/886 887/887/887
f 853/853/853 887/887/887 854/854/854
f 854/854/854 887/887/887 888/888/888
f 854/854/854 888/888/888 855/855/855
f 855/855/855 888/888/888 889/889/889
f 855/855/855 889/889/889 856/856/856
f 856/856/856 889/889/889 890/890/890
f 856/856/856 890/890/890 857/857/857
f 857/857/857 890/890/890 891/891/891
f 857/857/857 891/891/891 858/858/858
f 859/859/859 892/892/892 893/893/893
f 859/859/859 893/893/893 860/860/860
f 860/860/860 893/893/893 894/894/894
f 860/860/860 894/894/894 861/861/861
f 861/861/861 894/894/894 895/895/895
f 861/861/861 895/895/895 862/862/862
f 862/862/862 895/895/895 896/896/896
f 862/862/862 896/896/896 863/863/863
f 863/863/863 896/896/896 897/897/897
f 863/863/863 897/897/897 864/864/864
f 864/864/864 897/897/897 898/898/898
f 864/864/864 898/898/898 865/865/865
f 865/865/865 898/898/898 899/899/899
f 865/865/865 899/899/899 866/866/866
f 866/866/866 899/899/899 900/900/900
f 866/866/866 900/900/900 867/867/867
f 867/867/867 900/900/900 901/901/901
f 867/867/867 901/901/901 868/868/868
f 868/868/868 901/901/901 902/902/902
f 868/868/868 902/902/902 869/869/869
f 869/869/869 902/902/902 903/903/903
f 869/869/869 903/903/903 870/870/870
f 870/870/870 903/903/903 904/904/904
f 870/870/870 904/904/904 871/871/871
f 871/871/871 904/904/904 905/905/905
f 871/871/871 905/905/905 872/872/872
f 872/872/872 905/905/905 906/906/906
f 872/872/872 906/906/906 873/873/873
f 873/873/873 906/906/906 907/907/907
f 873/873/873 907/907/907 874/874/874
f 874/874/874 907/907/907 908/908/908
f 874/874/874 908/908/908 875/875/875
f 875/875/875 908/908/908 909/909/909
f 875/875/875 909/909/909 876/876/876
f 876/876/876 909/909/909 910/910/910
f 876/876/876 910/910/910 877/877/877
f 877/877/877 910/910/910 911/911/911
f 877/877/877 911/911/911 878/878/878
f 878/878/878 911/911/911 912/912/912
f 878/878/878 912/912/912 879/879/879
f 879/879/879 912/912/912 913/913/913
f 879/879/879 913/913/913 880/880/880
f 880/880/880 913/913/913 914/914/914
f 880/880/880 914/914/914 881/881/881
f 881/881/881 914/914/914 915/915/915
f 881/881/881 915/915/915 882/882/882
f 882/882/882 915/915/915 916/916/916
f 882/882/882 916/916/916 883/883/883
f 883/883/883 916/916/916 917/917/917
f 883/883/883 917/917/917 884/884/884
f 884/884/884 917/917/917 918/918/918
f 884/884/884 918/918/918 885/885/885
f 885/885/885 918/918/918 919/919/919
f 885/885/885 919/919/919 886/886/886
f 886/886/886 919/919/919 920/920/920
f 886/886/886 920/920/920 887/887/887
f 887/887/887 920/920/920 921/921/921
f 887/887/887 921/921/921 888/888/888
f 888/888/888 921/921/921 922/922/922
f 888/888/888 922/922/922 889/889/889
f 889/889/889 922/922/922 923/923/923
f 889/889/889 923/923/923 890/890/890
f 890/890/890 923/923/923 924/924/924
f 890/890/890 924/924/924 891/891/891
f 892/892/892 925/925/925 926/926/926
f 892/892/892 926/926/926 893/893/893
f 893/893/893 926/926/926 927/927/927
f 893/893/893 927/927/927 894/894/894
f 894/894/894 927/927/927 928/928/928
f 894/894/894 928/928/928 895/895/895
f 895/895/895 928/928/928 929/929/929
f 895/895/895 929/929/929 896/896/896
f 896/896/896 929/929/929 930/930/930
f 896/896/896 930/930/930 897/897/897
f 897/897/897 930/930/930 931/931/931
f 897/897/897 931/931/931 898/898/898
f 898/898/898 931/931/931 932/932/932
f 898/898/898 932/932/932 899/899/899
f 899/899/899 932/932/932 933/933/933
f 899/899/899 933/933/933 900/900/900
f 900/900/900 933/933/933 934/934/934
f 900/900/900 934/934/934 901/901/901
f 901/901/901 934/934/934 935/935/935
f 901/901/901 935/935/935 902/902/902
f 902/902/902 935/935/935 936/936/936
f 902/902/902 936/936/936 903/903/903
f 903/903/903 936/936/936 937/937/937
f 903/903/903 937/937/937 904/904/904
f 904/904/904 937/937/937 938/938/938
f 904/904/904 938/938/938 905/905/905
f 905/905/905 938/938/938 939/939/939
f 905/905/905 939/939/939 906/906/906
f 906/906/906 939/939/939 940/940/940
f 906/906/906 940/940/940 907/907/907
f 907/907/907 940/940/940 941/941/941
f 907/907/907 941/941/941 908/908/908
f 908/908/908 941/941/941 942/942/942
f 908/908/908 942/942/942 909/909/909
f 909/909/909 942/942/942 943/943/943
f 909/909/909 943/943/943 910/910/910
f 910/910/910 943/943/943 944/944/944
f 910/910/910 944/944/944 911/911/911
f 911/911/911 944/944/944 945/945/945
f 911/911/911 945/945/945 912/912/912
f 912/912/912 945/945/945 946/946/946
f 912/912/912 946/946/946 913/913/913
f 913/913/913 946/946/946 947/947/947
f 913/913/913 947/947/947 914/914/914
f 914/914/914 947/947/947 948/948/948
f 914/914/914 948/948/948 915/915/915
f 915/915/915 948/948/948 949/949/949
f 915/915/915 949/949/949 916/916/916
f 916/916/916 949/949/949 950/950/950
f 916/916/916 950/950/950 917/917/917
f 917/917/917 950/950/950 951/951/951
f 917/917/917 951/951/951 918/918/918
f 918/918/918 951/951/951 952/952/952
f 918/918/918 952/952/952 919/919/919
f 919/919/919 952/952/952 953/953/953
f 919/919/919 953/953/953 920/920/920
f 920/920/920 953/953/953 954/954/954
f 920/920/920 954/954/954 921/921/921
f 921/921/921 954/954/954 955/955/955
f 921/921/921 955/955/955 922/922/922
f 922/922/922 955/955/955 956/956/956
f 922/922/922 956/956/956 923/923/923
f 923/923/923 956/956/956 957/957/957
f 923/923/923 957/957/957 924/924/924
f 925/925/925 958/958/958 959/959/959
f 925/925/925 959/959/959 926/926/926
f 926/926/926 959/959/959 960/960/960
f 926/926/926 960/960/960 927/927/927
f 927/927/927 960/960/960 961/961/961
f 927/927/927 961/961/961 928/928/928
f 928/928/928 961/961/961 962/962/962
f 928/928/928 962/962/962 929/929/929
f 929/929/929 962/962/962 963/963/963
f 929/929/929 963/963/963 930/930/930
f 930/930/930 963/963/963 964/964/964
f 930/930/930 964/964/964 931/931/931
f 931/931/931 964/964/964 965/965/965
f 931/931/931 965/965/965 932/932/932
f 932/932/932 965/965/965 966/966/966
f 932/932/932 966/966/966 933/933/933
f 933/933/933 966/966/966 967/967/967
f 933/933/933 967/967/967 934/934/934
f 934/934/934 967/967/967 968/968/968
f 934/934/934 968/968/968 935/935/935
f 935/935/935 968/968/968 969/969/969
f 935/935/935 969/969/969 936/936/936
f 936/936/936 969/969/969 970/970/970
f 936/936/936 970/970/970 937/937/937
f 937/937/937 970/970/970 971/971/971
f 937/937/937 971/971/971 938/938/938
f 938/938/938 971/971/971 972/972/972
f 938/938/938 972/972/972 939/939/939
f 939/939/939 972/972/972 973/973/973
f 939/939/939 973/973/973 940/940/940
f 940/940/940 973/973/973 974/974/974
f 940/940/940 974/974/974 941/941/941
f 941/941/941 974/974/974 975/975/975
f 941/941/941 975/975/975 942/942/942
f 942/942/942 975/975/975 976/976/976
f 942/942/942 976/976/976 943/943/943
f 943/943/943 976/976/976 977/977/977
f 943/943/943 977/977/977 944/944/944
f 944/944/944 977/977/977 978/978/978
f 944/944/944 978/978/978 945/945/945
f 945/945/945 978/978/978 979/979/979
f 945/945/945 979/979/979 946/946/946
f 946/946/946 979/979/979 980/980/980
f 946/946/946 980/980/980 947/947/947
f 947/947/947 980/980/980 981/981/981
f 947/947/947 981/981/981 948/948/948
f 948/948/948 981/981/981 982/982/982
f 948/948/948 982/982/982 949/949/949
f 949/949/949 982/982/982 983/983/983
f 949/949/949 983/983/983 950/950/950
f 950/950/950 983/983/983 984/984/984
f 950/950/950 984/984/984 951/951/951
f 951/951/951 984/984/984 985/985/985
f 951/951/951 985/985/985 952/952/952
f 952/952/952 985/985/985 986/986/986
f 952/952/952 986/986/986 953/953/953
f 953/953/953 986/986/986 987/987/987
f 953/953/953 987/987/987 954/954/954
f 954/954/954 987/987/987 988/988/988
f 954/954/954 988/988/988 955/955/955
f 955/955/955 988/988/988 989/989/989
f 955/955/955 989/989/989 956/956/956
f 956/956/956 989/989/989 990/990/990
f 956/956/956 990/990/990 957/957/957
f 958/958/958 991/991/991 992/992/992
f 958/958/958 992/992/992 959/959/959
f 959/959/959 992/992/992 993/993/993
f 959/959/959 993/993/993 960/960/960
f 960/960/960 993/993/993 994/994/994
f 960/960/960 994/994/994 961/961/961
f 961/961/961 994/994/994 995/995/995
f 961/961/961 995/995/995 962/962/962
f 962/962/962 995/995/995 996/996/996
f 962/962/962 996/996/996 963/963/963
f 963/963/963 996/996/996 997/997/997
f 963/963/963 997/997/997 964/964/964
f 964/964/964 997/997/997 998/998/998
f 964/964/964 998/998/998 965/965/965
f 965/965/965 998/998/998 999/999/999
f 965/965/965 999/999/999 966/966/966
f 966/966/966 999/999/999 1000/1000/1000
f 966/966/966 1000/1000/1000 967/967/967
f 967/967/967 1000/1000/1000 1001/1001/1001
f 967/967/967 1001/1001/1001 968/968/968
f 968/968/968 1001/1001/1001 1002/1002/1002
f 968/968/968 1002/1002/1002 969/969/969
f 969/969/969 1002/1002/1002 1003/1003/1003
f 969/969/969 1003/1003/1003 970/970/970
f 970/970/970 1003/1003/1003 1004/1004/1004
f 970/970/970 1004/1004/1004 971/971/971
f 971/971/971 1004/1004/1004 1005/1005/1005
f 971/971/971 1005/1005/1005 972/972/972
f 972/972/972 1005/1005/1005 1006/1006/1006
f 972/972/972 1006/1006/1006 973/973/973
f 973/973/973 1006/1006/1006 1007/1007/1007
f 973/973/973 1007/1007/1007 974/974/974
f 974/974/974 1007/1007/1007 1008/1008/1008
f 974/974/974 1008/1008/1008 975/975/975
f 975/975/975 1008/1008/1008 1009/1009/1009
f 975/975/975 1009/1009/1009 976/976/976
f 976/976/976 1009/1009/1009 1010/1010/1010
f 976/976/976 1010/1010/1010 977/977/977
f 977/977/977 1010/1010/1010 1011/1011/1011
f 977/977/977 1011/1011/1011 978/978/978
f 978/978/978 1011/1011/1011 1012/1012/1012
f 978/978/978 1012/1012/1012 979/979/979
f 979/979/979 1012/1012/1012 1013/1013/1013
f 979/979/979 1013/1013/1013 980/980/980
f 980/980/980 1013/1013/1013 1014/1014/1014
f 980/980/980 1014/1014/1014 981/981/981
f 981/981/981 1014/1014/1014 1015/1015/1015
f 981/981/981 1015/1015/1015 982/982/982
f 982/982/982 1015/1015/1015 1016/1016/1016
f 982/982/982 1016/1016/1016 983/983/983
f 983/983/983 1016/1016/1016 1017/1017/1017
f 983/983/983 1017/1017/1017 984/984/984
f 984/984/984 1017/1017/1017 1018/1018/1018
f 984/984/984 1018/1018/1018 985/985/985
f 985/985/985 1018/1018/1018 1019/1019/1019
f 985/985/985 1019/1019/1019 986/986/986
f 986/986/986 1019/1019/1019 1020/1020/1020
f 986/986/986 1020/1020/1020 987/987/987
f 987/987/987 1020/1020/1020 1021/1021/1021
f 987/987/987 1021/1021/1021 988/988/988
f 988/988/988 1021/1021/1021 1022/1022/1022
f 988/988/988 1022/1022/1022 989/989/989
f 989/989/989 1022/1022/1022 1023/1023/1023
f 989/989/989 1023/1023/1023 990/990/990
f 991/991/991 1024/1024/1024 1025/1025/1025
f 991/991/991 1025/1025/1025 992/992/992
f 992/992/992 1025/1025/1025 1026/1026/1026
f 992/992/992 1026/1026/1026 993/993/993
f 993/993/993 1026/1026/1026 1027/1027/1027
f 993/993/993 1027/1027/1027 994/994/994
f 994/994/994 1027/1027/1027 1028/1028/1028
f 994/994/994 1028/1028/1028 995/995/995
f 995/995/995 1028/1028/1028 1029/1029/1029
f 995/995/995 1029/1029/1029 996/996/996
f 996/996/996 1029/1029/1029 1030/1030/1030
f 996/996/996 1030/1030/1030 997/997/997
f 997/997/997 1030/1030/1030 1031/1031/1031
f 997/997/997 1031/1031/1031 998/998/998
f 998/998/998 1031/1031/1031 1032/1032/1032
f 998/998/998 1032/1032/1032 999/999/999
f 999/999/999 1032/1032/1032 1033/1033/1033
f 999/999/999 1033/1033/1033 1000/1000/1000
f 1000/1000/1000 1033/1033/1033 1034/1034/1034
f 1000/1000/1000 1034/1034/1034 1001/1001/1001
f 1001/1001/1001 1034/1034/1034 1035/1035/1035
f 1001/1001/1001 1035/1035/1035 1002/1002/1002
f 1002/1002/1002 1035/1035/1035 1036/1036/1036
f 1002/1002/1002 1036/1036/1036 1003/1003/1003
f 1003/1003/1003 1036/1036/1036 1037/1037/1037
f 1003/1003/1003 1037/1037/1037 1004/1004/1004
f 1004/1004/1004 1037/1037/1037 1038/1038/1038
f 1004/1004/1004 1038/1038/1038 1005/1005/1005
f 1005/1005/1005 1038/1038/1038 1039/1039/1039
f 1005/1005/1005 1039/1039/1039 1006/1006/1006
f 1006/1006/1006 1039/1039/1039 1040/1040/1040
f 1006/1006/1006 1040/1040/1040 1007/1007/1007
f 1007/1007/1007 1040/1040/1040 1041/1041/1041
f 1007/1007/1007 1041/1041/1041 1008/1008/1008
f 1008/1008/1008 1041/1041/1041 1042/1042/1042
f 1008/1008/1008 1042/1042/1042 1009/1009/1009
f 1009/1009/1009 1042/1042/1042 1043/1043/1043
f 1009/1009/1009 1043/1043/1043 1010/1010/1010
f 1010/1010/1010 1043/1043/1043 1044/1044/1044
f 1010/1010/1010 1044/1044/1044 1011/1011/1011
f 1011/1011/1011 1044/1044/1044 1045/1045/1045
f 1011/1011/1011 1045/1045/1045 1012/1012/1012
f 1012/1012/1012 1045/1045/1045 1046/1046/1046
f 1012/1012/1012 1046/1046/1046 1013/1013/1013
f 1013/1013/1013 1046/1046/1046 1047/1047/1047
f 1013/1013/1013 1047/1047/1047 1014/1014/1014
f 1014/1014/1014 1047/1047/1047 1048/1048/1048
f 1014/1014/1014 1048/1048/1048 1015/1015/1015
f 1015/1015/1015 1048/1048/1048 1049/1049/1049
f 1015/1015/1015 1049/1049/1049 1016/1016/1016
f 1016/1016/1016 1049/1049/1049 1050/1050/1050
f 1016/1016/1016 1050/1050/1050 1017/1017/1017
f 1017/1017/1017 1050/1050/1050 1051/1051/1051
f 1017/1017/1017 1051/1051/1051 1018/1018/1018
f 1018/1018/1018 1051/1051/1051 1052/1052/1052
f 1018/1018/1018 1052/1052/1052 1019/1019/1019
f 1019/1019/1019 1052/1052/1052 1053/1053/1053
f 1019/1019/1019 1053/1053/1053 1020/1020/1020
f 1020/1020/1020 1053/1053/1053 1054/1054/1054
f 1020/1020/1020 1054/1054/1054 1021/1021/1021
f 1021/1021/1021 1054/1054/1054 1055/1055/1055
f 1021/1021/1021 1055/1055/1055 1022/1022/1022
f 1022/1022/1022 1055/1055/1055 1056/1056/1056
f 1022/1022/1022 1056/1056/1056 1023/1023/1023
f 1024/1024/1024 1057/1057/1057 1058/1058/1058
f 1024/1024/1024 1058/1058/1058 1025/1025/1025
f 1025/1025/1025 1058/1058/1058 1059/1059/1059
f 1025/1025/1025 1059/1059/1059 1026/1026/1026
f 1026/1026/1026 1059/1059/1059 1060/1060/1060
f 1026/1026/1026 1060/1060/1060 1027/1027/1027
f 1027/1027/1027 1060/1060/1060 1061/1061/1061
f 1027/1027/1027 1061/1061/1061 1028/1028/1028
f 1028/1028/1028 1061/1061/1061 1062/1062/1062
f 1028/1028/1028 1062/1062/1062 1029/1029/1029
f 1029/1029/1029 1062/1062/1062 1063/1063/1063
f 1029/1029/1029 1063/1063/1063 1030/1030/1030
f 1030/1030/1030 1063/1063/1063 1064/1064/1064
f 1030/1030/1030 1064/1064/1064 1031/1031/1031
f 1031/1031/1031 1064/1064/1064 1065/1065/1065
f 1031/1031/1031 1065/1065/1065 1032/1032/1032
f 1032/1032/1032 1065/1065/1065 1066/1066/1066
f 1032/1032/1032 1066/1066/1066 1033/1033/1033
f 1033/1033/1033 1066/1066/1066 1067/1067/1067
f 1033/1033/1033 1067/1067/1067 1034/1034/1034
f 1034/1034/1034 1067/1067/1067 1068/1068/1068
f 1034/1034/1034 1068/1068/1068 1035/1035/1035
f 1035/1035/1035 1068/1068/1068 1069/1069/1069
f 1035/1035/1035 1069/1069/1069 1036/1036/1036
f 1036/1036/1036 1069/1069/1069 1070/1070/1070
f 1036/1036/1036 1070/1070/1070 1037/1037/1037
f 1037/1037/1037 1070/1070/1070 1071/1071/1071
f 1037/1037/1037 1071/1071/1071 1038/1038/1038
f 1038/1038/1038 1071/1071/1071 1072/1072/1072
f 1038/1038/1038 1072/1072/1072 1039/1039/1039
f 1039/1039/1039 1072/1072/1072 1073/1073/1073
f 1039/1039/1039 1073/1073/1073 1040/1040/1040
f 1040/1040/1040 1073/1073/1073 1074/1074/1074
f 1040/1040/1040 1074/1074/1074 1041/1041/1041
f 1041/1041/1041 1074/1074/1074 1075/1075/1075
f 1041/1041/1041 1075/1075/1075 1042/1042/1042
f 1042/1042/1042 1075/1075/1075 1076/1076/1076
f 1042/1042/1042 1076/1076/1076 1043/1043/1043
f 1043/1043/1043 1076/1076/1076 1077/1077/1077
f 1043/1043/1043 1077/1077/1077 1044/1044/1044
f 1044/1044/1044 1077/1077/1077 1078/1078/1078
f 1044/1044/1044 1078/1078/1078 1045/1045/1045
f 1045/1045/1045 1078/1078/1078 1079/1079/1079
f 1045/1045/1045 1079/1079/1079 1046/1046/1046
f 1046/1046/1046 1079/1079/1079 1080/1080/1080
f 1046/1046/1046 1080/1080/1080 1047/1047/1047
f 1047/1047/1047 1080/1080/1080 1081/1081/1081
f 1047/1047/1047 1081/1081/1081 1048/1048/1048
f 1048/1048/1048 1081/1081/1081 1082/1082/1082
f 1048/1048/1048 1082/1082/1082 1049/1049/1049
f 1049/1049/1049 1082/1082/1082 1083/1083/1083
f 1049/1049/1049 1083/1083/1083 1050/1050/1050
f 1050/1050/1050 1083/1083/1083 1084/1084/1084
f 1050/1050/1050 1084/1084/1084 1051/1051/1051
f 1051/1051/1051 1084/1084/1084 1085/1085/1085
f 1051/1051/1051 1085/1085/1085 1052/1052/1052
f 1052/1052/1052 1085/1085/1085 1086/1086/1086
f 1052/1052/1052 1086/1086/1086 1053/1053/1053
f 1053/1053/1053 1086/1086/1086 1087/1087/1087
f 1053/1053/1053 1087/1087/1087 1054/1054/1054
f 1054/1054/1054 1087/1087/1087 1088/1088/1088
f 1054/1054/1054 1088/1088/1088 1055/1055/1055
f 1055/1055/1055 1088/1088/1088 1089/1089/1089
f 1055/1055/1055 1089/1089/1089 1056/1056/1056
f 1057/1057/1057 1090/1090/1090 1091/1091/1091
f 1057/1057/1057 1091/1091/1091 1058/1058/1058
f 1058/1058/1058 1091/1091/1091 1092/1092/1092
f 1058/1058/1058 1092/1092/1092 1059/1059/1059
f 1059/1059/1059 1092/1092/1092 1093/1093/1093
f 1059/1059/1059 1093/1093/1093 1060/1060/1060
f 1060/1060/1060 1093/1093/1093 1094/1094/1094
f 1060/1060/1060 1094/1094/1094 1061/1061/1061
f 1061/1061/1061 1094/1094/1094 1095/1095/1095
f 1061/1061/1061 1095/1095/1095 1062/1062/1062
f 1062/1062/1062 1095/1095/1095 1096/1096/1096
f 1062/1062/1062 1096/1096/1096 1063/1063/1063
f 1063/1063/1063 1096/1096/1096 1097/1097/1097
f 1063/1063/1063 1097/1097/1097 1064/1064/1064
f 1064/1064/1064 1097/1097/1097 1098/1098/1098
f 1064/1064/1064 1098/1098/1098 1065/1065/1065
f 1065/1065/1065 1098/1098/1098 1099/1099/1099
f 1065/1065/1065 1099/1099/1099 1066/1066/1066
f 1066/1066/1066 1099/1099/1099 1100/1100/1100
f 1066/1066/1066 1100/1100/1100 1067/1067/1067
f 1067/1067/1067 1100/1100/1100 1101/1101/1101
f 1067/1067/1067 1101/1101/1101 1068/1068/1068
f 1068/1068/1068 1101/1101/1101 1102/1102/1102
f 1068/1068/1068 1102/1102/1102 1069/1069/1069
f 1069/1069/1069 1102/1102/1102 1103/1103/1103
f 1069/1069/1069 1103/1103/1103 1070/1070/1070
f 1070/1070/1070 1103/1103/1103 1104/1104/1104
f 1070/1070/1070 1104/1104/1104 1071/1071/1071
f 1071/1071/1071 1104/1104/1104 1105/1105/1105
f 1071/1071/1071 1105/1105/1105 1072/1072/1072
f 1072/1072/1072 1105/1105/1105 1106/1106/1106
f 1072/1072/1072 1106/1106/1106 1073/1073/1073
f 1073/1073/1073 1106/1106/1106 1107/1107/1107
f 1073/1073/1073 1107/1107/1107 1074/1074/1074
f 1074/1074/1074 1107/1107/1107 1108/1108/1108
f 1074/1074/1074 1108/1108/1108 1075/1075/1075
f 1075/1075/1075 1108/1108/1108 1109/1109/1109
f 1075/1075/1075 1109/1109/1109 1076/1076/1076
f 1076/1076/1076 1109/1109/1109 1110/1110/1110
f 1076/1076/1076 1110/1110/1110 1077/1077/1077
f 1077/1077/1077 1110/1110/1110 1111/1111/1111
f 1077/1077/1077 1111/1111/1111 1078/1078/1078
f 1078/1078/1078 1111/1111/1111 1112/1112/1112
f 1078/1078/1078 1112/1112/1112 1079/1079/1079
f 1079/1079/1079 1112/1112/1112 1113/1113/1113
f 1079/1079/1079 1113/1113/1113 1080/1080/1080
f 1080/1080/1080 1113/1113/1113 1114/1114/1114
f 1080/1080/1080 1114/1114/1114 1081/1081/1081
f 1081/1081/1081 1114/1114/1114 1115/1115/1115
f 1081/1081/1081 1115/1115/1115 1082/1082/1082
f 1082/1082/1082 1115/1115/1115 1116/1116/1116
f 1082/1082/1082 1116/1116/1116 1083/1083/1083
f 1083/1083/1083 1116/1116/1116 1117/1117/1117
f 1083/1083/1083 1117/1117/1117 1084/1084/1084
f 1084/1084/1084 1117/1117/1117 1118/1118/1118
f 1084/1084/1084 1118/1118/1118 1085/1085/1085
f 1085/1085/1085 1118/1118/1118 1119/1119/1119
f 1085/1085/1085 1119/1119/1119 1086/1086/1086
f 1086/1086/1086 1119/1119/1119 1120/1120/1120
f 1086/1086/1086 1120/1120/1120 1087/1087/1087
f 1087/1087/1087 1120/1120/1120 1121/1121/1121
f 1087/1087/1087 1121/1121/1121 1088/1088/1088
f 1088/1088/1088 1121/1121/1121 1122/1122/1122
f 1088/1088/1088 1122/1122/1122 1089/1089/1089
f 1090/1090/1090 1123/1123/1123 1124/1124/1124
f 1090/1090/1090 1124/1124/1124 1091/1091/1091
f 1091/1091/1091 1124/1124/1124 1125/1125/1125
f 1091/1091/1091 1125/1125/1125 1092/1092/1092
f 1092/1092/1092 1125/1125/1125 1126/1126/1126
f 1092/1092/1092 1126/1126/1126 1093/1093/1093
f 1093/1093/1093 1126/1126/1126 1127/1127/1127
f 1093/1093/1093 1127/1127/1127 1094/1094/1094
f 1094/1094/1094 1127/1127/1127 1128/1128/1128
f 1094/1094/1094 1128/1128/1128 1095/1095/1095
f 1095/1095/1095 1128/1128/1128 1129/1129/1129
f 1095/1095/1095 1129/1129/1129 1096/1096/1096
f 1096/1096/1096 1129/1129/1129 1130/1130/1130
f 1096/1096/1096 1130/1130/1130 1097/1097/1097
f 1097/1097/1097 1130/1130/1130 1131/1131/1131
f 1097/1097/1097 1131/1131/1131 1098/1098/1098
f 1098/1098/1098 1131/1131/1131 1132/1132/1132
f 1098/1098/1098 1132/1132/1132 1099/1099/1099
f 1099/1099/1099 1132/1132/1132 1133/1133/1133
f 1099/1099/1099 1133/1133/1133 1100/1100/1100
f 1100/1100/1100 1133/1133/1133 1134/1134/1134
f 1100/1100/1100 1134/1134/1134 1101/1101/1101
f 1101/1101/1101 1134/1134/1134 1135/1135/1135
f 1101/1101/1101 1135/1135/1135 1102/1102/1102
f 1102/1102/1102 1135/1135/1135 1136/1136/1136
f 1102/1102/1102 1136/1136/1136 1103/1103/1103
f 1103/1103/1103 1136/1136/1136 1137/1137/1137
f 1103/1103/1103 1137/1137/1137 1104/1104/1104
f 1104/1104/1104 1137/1137/1137 1138/1138/1138
f 1104/1104/1104 1138/1138/1138 1105/1105/1105
f 1105/1105/1105 1138/1138/1138 1139/1139/1139
f 1105/1105/1105 1139/1139/1139 1106/1106/1106
f 1106/1106/1106 1139/1139/1139 1140/1140/1140
f 1106/1106/1106 1140/1140/1140 1107/1107/1107
f 1107/1107/1107 1140/1140/1140 1141/1141/1141
f 1107/1107/1107 1141/1141/1141 1108/1108/1108
f 1108/1108/1108 1141/1141/1141 1142/1142/1142
f 1108/1108/1108 1142/1142/1142 1109/1109/1109
f 1109/1109/1109 1142/1142/1142 1143/1143/1143
f 1109/1109/1109 1143/1143/1143 1110/1110/1110
f 1110/1110/1110 1143/1143/1143 1144/1144/1144
f 1110/1110/1110 1144/1144/1144 1111/1111/1111
f 1111/1111/1111 1144/1144/1144 1145/1145/1145
f 1111/1111/1111 1145/1145/1145 1112/1112/1112
f 1112/1112/1112 1145/1145/1145 1146/1146/1146
f 1112/1112/1112 1146/1146/1146 1113/1113/1113
f 1113/1113/1113 1146/1146/1146 1147/1147/1147
f 1113/1113/1113 1147/1147/1147 1114/1114/1114
f 1114/1114/1114 1147/1147/1147 1148/1148/1148
f 1114/1114/1114 1148/1148/1148 1115/1115/1115
f 1115/1115/1115 1148/1148/1148 1149/1149/1149
f 1115/1115/1115 1149/1149/1149 1116/1116/1116
f 1116/1116/1116 1149/1149/1149 1150/1150/1150
f 1116/1116/1116 1150/1150/1150 1117/1117/1117
f 1117/1117/1117 1150/1150/1150 1151/1151/1151
f 1117/1117/1117 1151/1151/1151 1118/1118/1118
f 1118/1118/1118 1151/1151/1151 1152/1152/1152
f 1118/1118/1118 1152/1152/1152 1119/1119/1119
f 1119/1119/1119 1152/1152/1152 1153/1153/1153
f 1119/1119/1119 1153/1153/1153 1120/1120/1120
f 1120/1120/1120 1153/1153/1153 1154/1154/1154
f 1120/1120/1120 1154/1154/1154 1121/1121/1121
f 1121/1121/1121 1154/1154/1154 1155/1155/1155
f 1121/1121/1121 1155/1155/1155 1122/1122/1122
f 1123/1123/1123 1156/1156/1156 1157/1157/1157
f 1123/1123/1123 1157/1157/1157 1124/1124/1124
f 1124/1124/1124 1157/1157/1157 1158/1158/1158
f 1124/1124/1124 1158/1158/1158 1125/1125/1125
f 1125/1125/1125 1158/1158/1158 1159/1159/1159
f 1125/1125/1125 1159/1159/1159 1126/1126/1126
f 1126/1126/1126 1159/1159/1159 1160/1160/1160
f 1126/1126/1126 1160/1160/1160 1127/1127/1127
f 1127/1127/1127 1160/1160/1160 1161/1161/1161
f 1127/1127/1127 1161/1161/1161 1128/1128/1128
f 1128/1128/1128 1161/1161/1161 1162/1162/1162
f 1128/1128/1128 1162/1162/1162 1129/1129/1129
f 1129/1129/1129 1162/1162/1162 1163/1163/1163
f 1129/1129/1129 1163/1163/1163 1130/1130/1130
f 1130/1130/1130 1163/1163/1163 1164/1164/1164
f 1130/1130/1130 1164/1164/1164 1131/1131/1131
f 1131/1131/1131 1164/1164/1164 1165/1165/1165
f 1131/1131/1131 1165/1165/1165 1132/1132/1132
f 1132/1132/1132 1165/1165/1165 1166/1166/1166
f 1132/1132/1132 1166/1166/1166 1133/1133/1133
f 1133/1133/1133 1166/1166/1166 1167/1167/1167
f 1133/1133/1133 1167/1167/1167 1134/1134/1134
f 1134/1134/1134 1167/1167/1167 1168/1168/1168
f 1134/1134/1134 1168/1168/1168 1135/1135/1135
f 1135/1135/1135 1168/1168/1168 1169/1169/1169
f 1135/1135/1135 1169/1169/1169 1136/1136/1136
f 1136/1136/1136 1169/1169/1169 1170/1170/1170
f 1136/1136/1136 1170/1170/1170 1137/1137/1137
f 1137/1137/1137 1170/1170/1170 1171/1171/1171
f 1137/1137/1137 1171/1171/1171 1138/1138/1138
f 1138/1138/1138 1171/1171/1171 1172/1172/1172
f 1138/1138/1138 1172/1172/1172 1139/1139/1139
f 1139/1139/1139 1172/1172/1172 1173/1173/1173
f 1139/1139/1139 1173/1173/1173 1140/1140/1140
f 1140/1140/1140 1173/1173/1173 1174/1174/1174
f 1140/1140/1140 1174/1174/1174 1141/1141/1141
f 1141/1141/1141 1174/1174/1174 1175/1175/1175
f 1141/1141/1141 1175/1175/1175 1142/1142/1142
f 1142/1142/1142 1175/1175/1175 1176/1176/1176
f 1142/1142/1142 1176/1176/1176 1143/1143/1143
f 1143/1143/1143 1176/1176/1176 1177/1177/1177
f 1143/1143/1143 1177/1177/1177 1144/1144/1144
f 1144/1144/1144 1177/1177/1177 1178/1178/1178
f 1144/1144/1144 1178/1178/1178 1145/1145/1145
f 1145/1145/1145 1178/1178/1178 1179/1179/1179
f 1145/1145/1145 1179/1179/1179 1146/1146/1146
f 1146/1146/1146 1179/1179/1179 1180/1180/1180
f 1146/1146/1146 1180/1180/1180 1147/1147/1147
f 1147/1147/1147 1180/1180/1180 1181/1181/1181
f 1147/1147/1147 1181/1181/1181 1148/1148/1148
f 1148/1148/1148 1181/1181/1181 1182/1182/1182
f 1148/1148/1148 1182/1182/1182 1149/1149/1149
f 1149/1149/1149 1182/1182/1182 1183/1183/1183
f 1149/1149/1149 1183/1183/1183 1150/1150/1150
f 1150/1150/1150 1183/1183/1183 1184/1184/1184
f 1150/1150/1150 1184/1184/1184 1151/1151/1151
f 1151/1151/1151 1184/1184/1184 1185/1185/1185
f 1151/1151/1151 1185/1185/1185 1152/1152/1152
f 1152/1152/1152 1185/1185/1185 1186/1186/1186
f 1152/1152/1152 1186/1186/1186 1153/1153/1153
f 1153/1153/1153 1186/1186/1186 1187/1187/1187
f 1153/1153/1153 1187/1187/1187 1154/1154/1154
f 1154/1154/1154 1187/1187/1187 1188/1188/1188
f 1154/1154/1154 1188/1188/1188 1155/1155/1155
f 1156/1156/1156 1189/1189/1189 1190/1190/1190
f 1156/1156/1156 1190/1190/1190 1157/1157/1157
f 1157/1157/1157 1190/1190/1190 1191/1191/1191
f 1157/1157/1157 1191/1191/1191 1158/1158/1158
f 1158/1158/1158 1191/1191/1191 1192/1192/1192
f 1158/1158/1158 1192/1192/1192 1159/1159/1159
f 1159/1159/1159 1192/1192/1192 1193/1193/1193
f 1159/1159/1159 1193/1193/1193 1160/1160/1160
f 1160/1160/1160 1193/1193/1193 1194/1194/1194
f 1160/1160/1160 1194/1194/1194 1161/1161/1161
f 1161/1161/1161 1194/1194/1194 1195/1195/1195
f 1161/1161/1161 1195/1195/1195 1162/1162/1162
f 1162/1162/1162 1195/1195/1195 1196/1196/1196
f 1162/1162/1162 1196/1196/1196 1163/1163/1163
f 1163/1163/1163 1196/1196/1196 1197/1197/1197
f 1163/1163/1163 1197/1197/1197 1164/1164/1164
f 1164/1164/1164 1197/1197/1197 1198/1198/1198
f 1164/1164/1164 1198/1198/1198 1165/1165/1165
f 1165/1165/1165 1198/1198/1198 1199/1199/1199
f 1165/1165/1165 1199/1199/1199 1166/1166/1166
f 1166/1166/1166 1199/1199/1199 1200/1200/1200
f 1166/1166/1166 1200/1200/1200 1167/1167/1167
f 1167/1167/1167 1200/1200/1200 1201/1201/1201
f 1167/1167/1167 1201/1201/1201 1168/1168/1168
f 1168/1168/1168 1201/1201/1201 1202/1202/1202
f 1168/1168/1168 1202/1202/1202 1169/1169/1169
f 1169/1169/1169 1202/1202/1202 1203/1203/1203
f 1169/1169/1169 1203/1203/1203 1170/1170/1170
f 1170/1170/1170 1203/1203/1203 1204/1204/1204
f 1170/1170/1170 1204/1204/1204 1171/1171/1171
f 1171/1171/1171 1204/1204/1204 1205/1205/1205
f 1171/1171/1171 1205/1205/1205 1172/1172/1172
f 1172/1172/1172 1205/1205/1205 1206/1206/1206
f 1172/1172/1172 1206/1206/1206 1173/1173/1173
f 1173/1173/1173 1206/1206/1206 1207/1207/1207
f 1173/1173/1173 1207/1207/1207 1174/1174/1174
f 1174/1174/1174 1207/1207/1207 1208/1208/1208
f 1174/1174/1174 1208/1208/1208 1175/1175/1175
f 1175/1175/1175 1208/1208/1208 1209/1209/1209
f 1175/1175/1175 1209/1209/1209 1176/1176/1176
f 1176/1176/1176 1209/1209/1209 1210/1210/1210
f 1176/1176/1176 1210/1210/1210 1177/1177/1177
f 1177/1177/1177 1210/1210/1210 1211/1211/1211
f 1177/1177/1177 1211/1211/1211 1178/1178/1178
f 1178/1178/1178 1211/1211/1211 1212/1212/1212
f 1178/1178/1178 1212/1212/1212 1179/1179/1179
f 1179/1179/1179 1212/1212/1212 1213/1213/1213
f 1179/1179/1179 1213/1213/1213 1180/1180/1180
f 1180/1180/1180 1213/1213/1213 1214/1214/1214
f 1180/1180/1180 1214/1214/1214 1181/1181/1181
f 1181/1181/1181 1214/1214/1214 1215/1215/1215
f 1181/1181/1181 1215/1215/1215 1182/1182/1182
f 1182/1182/1182 1215/1215/1215 1216/1216/1216
f 1182/1182/1182 1216/1216/1216 1183/1183/1183
f 1183/1183/1183 1216/1216/1216 1217/1217/1217
f 1183/1183/1183 1217/1217/1217 1184/1184/1184
f 1184/1184/1184 1217/1217/1217 1218/1218/1218
f 1184/1184/1184 1218/1218/1218 1185/1185/1185
f 1185/1185/1185 1218/1218/1218 1219/1219/1219
f 1185/1185/1185 1219/1219/1219 1186/1186/1186
f 1186/1186/1186 1219/1219/1219 1220/1220/1220
f 1186/1186/1186 1220/1220/1220 1187/1187/1187
f 1187/1187/1187 1220/1220/1220 1221/1221/1221
f 1187/1187/1187 1221/1221/1221 1188/1188/1188
f 1189/1189/1189 1222/1222/1222 1223/1223/1223
f 1189/1189/1189 1223/1223/1223 1190/1190/1190
f 1190/1190/1190 1223/1223/1223 1224/1224/1224
f 1190/1190/1190 1224/1224/1224 1191/1191/1191
f 1191/1191/1191 1224/1224/1224 1225/1225/1225
f 1191/1191/1191 1225/1225/1225 1192/1192/1192
f 1192/1192/1192 1225/1225/1225 1226/1226/1226
f 1192/1192/1192 1226/1226/1226 1193/1193/1193
f 1193/1193/1193 1226/1226/1226 1227/1227/1227
f 1193/1193/1193 1227/1227/1227 1194/1194/1194
f 1194/1194/1194 1227/1227/1227 1228/1228/1228
f 1194/1194/1194 1228/1228/1228 1195/1195/1195
f 1195/1195/1195 1228/1228/1228 1229/1229/1229
f 1195/1195/1195 1229/1229/1229 1196/1196/1196
f 1196/1196/1196 1229/1229/1229 1230/1230/1230
f 1196/1196/1196 1230/1230/1230 1197/1197/1197
f 1197/1197/1197 1230/1230/1230 1231/1231/1231
f 1197/1197/1197 1231/1231/1231 1198/1198/1198
f 1198/1198/1198 1231/1231/1231 1232/1232/1232
f 1198/1198/1198 1232/1232/1232 1199/1199/1199
f 1199/1199/1199 1232/1232/1232 1233/1233/1233
f 1199/1199/1199 1233/1233/1233 1200/1200/1200
f 1200/1200/1200 1233/1233/1233 1234/1234/1234
f 1200/1200/1200 1234/1234/1234 1201/1201/1201
f 1201/1201/1201 1234/1234/1234 1235/1235/1235
f 1201/1201/1201 1235/1235/1235 1202/1202/1202
f 1202/1202/1202 1235/1235/1235 1236/1236/1236
f 1202/1202/1202 1236/1236/1236 1203/1203/1203
f 1203/1203/1203 1236/1236/1236 1237/1237/1237
f 1203/1203/1203 1237/1237/1237 1204/1204/1204
f 1204/1204/1204 1237/1237/1237 1238/1238/1238
f 1204/1204/1204 1238/1238/1238 1205/1205/1205
f 1205/1205/1205 1238/1238/1238 1239/1239/1239
f 1205/1205/1205 1239/1239/1239 1206/1206/1206
f 1206/1206/1206 1239/1239/1239 1240/1240/1240
f 1206/1206/1206 1240/1240/1240 1207/1207/1207
f 1207/1207/1207 1240/1240/1240 1241/1241/1241
f 1207/1207/1207 1241/1241/1241 1208/1208/1208
f 1208/1208/1208 1241/1241/1241 1242/1242/1242
f 1208/1208/1208 1242/1242/1242 1209/1209/1209
f 1209/1209/1209 1242/1242/1242 1243/1243/1243
f 1209/1209/1209 1243/1243/1243 1210/1210/1210
f 1210/1210/1210 1243/1243/1243 1244/1244/1244
f 1210/1210/1210 1244/1244/1244 1211/1211/1211
f 1211/1211/1211 1244/1244/1244 1245/1245/1245
f 1211/1211/1211 1245/1245/1245 1212/1212/1212
f 1212/1212/1212 1245/1245/1245 1246/1246/1246
f 1212/1212/1212 1246/1246/1246 1213/1213/1213
f 1213/1213/1213 1246/1246/1246 1247/1247/1247
f 1213/1213/1213 1247/1247/1247 1214/1214/1214
f 1214/1214/1214 1247/1247/1247 1248/1248/1248
f 1214/1214/1214 1248/1248/1248 1215/1215/1215
f 1215/1215/1215 1248/1248/1248 1249/1249/1249
f 1215/1215/1215 1249/1249/1249 1216/1216/1216
f 1216/1216/1216 1249/1249/1249 1250/1250/1250
f 1216/1216/1216 1250/1250/1250 1217/1217/1217
f 1217/1217/1217 1250/1250/1250 1251/1251/1251
f 1217/1217/1217 1251/1251/1251 1218/1218/1218
f 1218/1218/1218 1251/1251/1251 1252/1252/1252
f 1218/1218/1218 1252/1252/1252 1219/1219/1219
f 1219/1219/1219 1252/1252/1252 1253/1253/1253
f 1219/1219/1219 1253/1253/1253 1220/1220/1220
f 1220/1220/1220 1253/1253/1253 1254/1254/1254
f 1220/1220/1220 1254/1254/1254 1221/1221/1221
f 1222/1222/1222 1255/1255/1255 1256/1256/1256
f 1222/1222/1222 1256/1256/1256 1223/1223/1223
f 1223/1223/1223 1256/1256/1256 1257/1257/1257
f 1223/1223/1223 1257/1257/1257 1224/1224/1224
f 1224/1224/1224 1257/1257/1257 1258/1258/1258
f 1224/1224/1224 1258/1258/1258 1225/1225/1225
f 1225/1225/1225 1258/1258/1258 1259/1259/1259
f 1225/1225/1225 1259/1259/1259 1226/1226/1226
f 1226/1226/1226 1259/1259/1259 1260/1260/1260
f 1226/1226/1226 1260/1260/1260 1227/1227/1227
f 1227/1227/1227 1260/1260/1260 1261/1261/1261
f 1227/1227/1227 1261/1261/1261 1228/1228/1228
f 1228/1228/1228 1261/1261/1261 1262/1262/1262
f 1228/1228/1228 1262/1262/1262 1229/1229/1229
f 1229/1229/1229 1262/1262/1262 1263/1263/1263
f 1229/1229/1229 1263/1263/1263 1230/1230/1230
f 1230/1230/1230 1263/1263/1263 1264/1264/1264
f 1230/1230/1230 1264/1264/1264 1231/1231/1231
f 1231/1231/1231 1264/1264/1264 1265/1265/1265
f 1231/1231/1231 1265/1265/1265 1232/1232/1232
f 1232/1232/1232 1265/1265/1265 1266/1266/1266
f 1232/1232/1232 1266/1266/1266 1233/1233/1233
f 1233/1233/1233 1266/1266/1266 1267/1267/1267
f 1233/1233/1233 1267/1267/1267 1234/1234/1234
f 1234/1234/1234 1267/1267/1267 1268/1268/1268
f 1234/1234/1234 1268/1268/1268 1235/1235/1235
f 1235/1235/1235 1268/1268/1268 1269/1269/1269
f 1235/1235/1235 1269/1269/1269 1236/1236/1236
f 1236/1236/1236 1269/1269/1269 1270/1270/1270
f 1236/1236/1236 1270/1270/1270 1237/1237/1237
f 1237/1237/1237 1270/1270/1270 1271/1271/1271
f 1237/1237/1237 1271/1271/1271 1238/1238/1238
f 1238/1238/1238 1271/1271/1271 1272/1272/1272
f 1238/1238/1238 1272/1272/1272 1239/1239/1239
f 1239/1239/1239 1272/1272/1272 1273/1273/1273
f 1239/1239/1239 1273/1273/1273 1240/1240/1240
f 1240/1240/1240 1273/1273/1273 1274/1274/1274
f 1240/1240/1240 1274/1274/1274 1241/1241/1241
f 1241/1241/1241 1274/1274/1274 1275/1275/1275
f 1241/1241/1241 1275/1275/1275 1242/1242/1242
f 1242/1242/1242 1275/1275/1275 1276/1276/1276
f 1242/1242/1242 1276/1276/1276 1243/1243/1243
f 1243/1243/1243 1276/1276/1276 1277/1277/1277
f 1243/1243/1243 1277/1277/1277 1244/1244/1244
f 1244/1244/1244 1277/1277/1277 1278/1278/1278
f 1244/1244/1244 1278/1278/1278 1245/1245/1245
f 1245/1245/1245 1278/1278/1278 1279/1279/1279
f 1245/1245/1245 1279/1279/1279 1246/1246/1246
f 1246/1246/1246 1279/1279/1279 1280/1280/1280
f 1246/1246/1246 1280/1280/1280 1247/1247/1247
f 1247/1247/1247 1280/1280/1280 1281/1281/1281
f 1247/1247/1247 1281/1281/1281 1248/1248/1248
f 1248/1248/1248 1281/1281/1281 1282/1282/1282
f 1248/1248/1248 1282/1282/1282 1249/1249/1249
f 1249/1249/1249 1282/1282/1282 1283/1283/1283
f 1249/1249/1249 1283/1283/1283 1250/1250/1250
f 1250/1250/1250 1283/1283/1283 1284/1284/1284
f 1250/1250/1250 1284/1284/1284 1251/1251/1251
f 1251/1251/1251 1284/1284/1284 1285/1285/1285
f 1251/1251/1251 1285/1285/1285 1252/1252/1252
f 1252/1252/1252 1285/1285/1285 1286/1286/1286
f 1252/1252/1252 1286/1286/1286 1253/1253/1253
f 1253/1253/1253 1286/1286/1286 1287/1287/1287
f 1253/1253/1253 1287/1287/1287 1254/1254/1254
f 1255/1255/1255 1288/1288/1288 1289/1289/1289
f 1255/1255/1255 1289/1289/1289 1256/1256/1256
f 1256/1256/1256 1289/1289/1289 1290/1290/1290
f 1256/1256/1256 1290/1290/1290 1257/1257/1257
f 1257/1257/1257 1290/1290/1290 1291/1291/1291
f 1257/1257/1257 1291/1291/1291 1258/1258/1258
f 1258/1258/1258 1291/1291/1291 1292/1292/1292
f 1258/1258/1258 1292/1292/1292 1259/1259/1259
f 1259/1259/1259 1292/1292/1292 1293/1293/1293
f 1259/1259/1259 1293/1293/1293 1260/1260/1260
f 1260/1260/1260 1293/1293/1293 1294/1294/1294
f 1260/1260/1260 1294/1294/1294 1261/1261/1261
f 1261/1261/1261 1294/1294/1294 1295/1295/1295
f 1261/1261/1261 1295/1295/1295 1262/1262/1262
f 1262/1262/1262 1295/1295/1295 1296/1296/1296
f 1262/1262/1262 1296/1296/1296 1263/1263/1263
f 1263/1263/1263 1296/1296/1296 1297/1297/1297
f 1263/1263/1263 1297/1297/1297 1264/1264/1264
f 1264/1264/1264 1297/1297/1297 1298/1298/1298
f 1264/1264/1264 1298/1298/1298 1265/1265/1265
f 1265/1265/1265 1298/1298/1298 1299/1299/1299
f 1265/1265/1265 1299/1299/1299 1266/1266/1266
f 1266/1266/1266 1299/1299/1299 1300/1300/1300
f 1266/1266/1266 1300/1300/1300 1267/1267/1267
f 1267/1267/1267 1300/1300/1300 1301/1301/1301
f 1267/1267/1267 1301/1301/1301 1268/1268/1268
f 1268/1268/1268 1301/1301/1301 1302/1302/1302
f 1268/1268/1268 1302/1302/1302 1269/1269/1269
f 1269/1269/1269 1302/1302/1302 1303/1303/1303
f 1269/1269/1269 1303/1303/1303 1270/1270/1270
f 1270/1270/1270 1303/1303/1303 1304/1304/1304
f 1270/1270/1270 1304/1304/1304 1271/1271/1271
f 1271/1271/1271 1304/1304/1304 1305/1305/1305
f 1271/1271/1271 1305/1305/1305 1272/1272/1272
f 1272/1272/1272 1305/1305/1305 1306/1306/1306
f 1272/1272/1272 1306/1306/1306 1273/1273/1273
f 1273/1273/1273 1306/1306/1306 1307/1307/1307
f 1273/1273/1273 1307/1307/1307 1274/1274/1274
f 1274/1274/1274 1307/1307/1307 1308/1308/1308
f 1274/1274/1274 1308/1308/1308 1275/1275/1275
f 1275/1275/1275 1308/1308/1308 1309/1309/1309
f 1275/1275/1275 1309/1309/1309 1276/1276/1276
f 1276/1276/1276 1309/1309/1309 1310/1310/1310
f 1276/1276/1276 1310/1310/1310 1277/1277/1277
f 1277/1277/1277 1310/1310/1310 1311/1311/1311
f 1277/1277/1277 1311/1311/1311 1278/1278/1278
f 1278/1278/1278 1311/1311/1311 1312/1312/1312
f 1278/1278/1278 1312/1312/1312 1279/1279/1279
f 1279/1279/1279 1312/1312/1312 1313/1313/1313
f 1279/1279/1279 1313/1313/1313 1280/1280/1280
f 1280/1280/1280 1313/1313/1313 1314/1314/1314
f 1280/1280/1280 1314/1314/1314 1281/1281/1281
f 1281/1281/1281 1314/1314/1314 1315/1315/1315
f 1281/1281/1281 1315/1315/1315 1282/1282/1282
f 1282/1282/1282 1315/1315/1315 1316/1316/1316
f 1282/1282/1282 1316/1316/1316 1283/1283/1283
f 1283/1283/1283 1316/1316/1316 1317/1317/1317
f 1283/1283/1283 1317/1317/1317 1284/1284/1284
f 1284/1284/1284 1317/1317/1317 1318/1318/1318
f 1284/1284/1284 1318/1318/1318 1285/1285/1285
f 1285/1285/1285 1318/1318/1318 1319/1319/1319
f 1285/1285/1285 1319/1319/1319 1286/1286/1286
f 1286/1286/1286 1319/1319/1319 1320/1320/1320
f 1286/1286/1286 1320/1320/1320 1287/1287/1287
f 1288/1288/1288 1321/1321/1321 1322/1322/1322
f 1288/1288/1288 1322/1322/1322 1289/1289/1289
f 1289/1289/1289 1322/1322/1322 1323/1323/1323
f 1289/1289/1289 1323/1323/1323 1290/1290/1290
f 1290/1290/1290 1323/1323/1323 1324/1324/1324
f 1290/1290/1290 1324/1324/1324 1291/1291/1291
f 1291/1291/1291 1324/1324/1324 1325/1325/1325
f 1291/1291/1291 1325/1325/1325 1292/1292/1292
f 1292/1292/1292 1325/1325/1325 1326/1326/1326
f 1292/1292/1292 1326/1326/1326 1293/1293/1293
f 1293/1293/1293 1326/1326/1326 1327/1327/1327
f 1293/1293/1293 1327/1327/1327 1294/1294/1294
f 1294/1294/1294 1327/1327/1327 1328/1328/1328
f 1294/1294/1294 1328/1328/1328 1295/1295/1295
f 1295/1295/1295 1328/1328/1328 1329/1329/1329
f 1295/1295/1295 1329/1329/1329 1296/1296/1296
f 1296/1296/1296 1329/1329/1329 1330/1330/1330
f 1296/1296/1296 1330/1330/1330 1297/1297/1297
f 1297/1297/1297 1330/1330/1330 1331/1331/1331
f 1297/1297/1297 1331/1331/1331 1298/1298/1298
f 1298/1298/1298 1331/1331/1331 1332/1332/1332
f 1298/1298/1298 1332/1332/1332 1299/1299/1299
f 1299/1299/1299 1332/1332/1332 1333/1333/1333
f 1299/1299/1299 1333/1333/1333 1300/1300/1300
f 1300/1300/1300 1333/1333/1333 1334/1334/1334
f 1300/1300/1300 1334/1334/1334 1301/1301/1301
f 1301/1301/1301 1334/1334/1334 1335/1335/1335
f 1301/1301/1301 1335/1335/1335 1302/1302/1302
f 1302/1302/1302 1335/1335/1335 1336/1336/1336
f 1302/1302/1302 1336/1336/1336 1303/1303/1303
f 1303/1303/1303 1336/1336/1336 1337/1337/1337
f 1303/1303/1303 1337/1337/1337 1304/1304/1304
f 1304/1304/1304 1337/1337/1337 1338/1338/1338
f 1304/1304/1304 1338/1338/1338 1305/1305/1305
f 1305/1305/1305 1338/1338/1338 1339/1339/1339
f 1305/1305/1305 1339/1339/1339 1306/1306/1306
f 1306/1306/1306 1339/1339/1339 1340/1340/1340
f 1306/1306/1306 1340/1340/1340 1307/1307/1307
f 1307/1307/1307 1340/1340/1340 1341/1341/1341
f 1307/1307/1307 1341/1341/1341 1308/1308/1308
f 1308/1308/1308 1341/1341/1341 1342/1342/1342
f 1308/1308/1308 1342/1342/1342 1309/1309/1309
f 1309/1309/1309 1342/1342/1342 1343/1343/1343
f 1309/1309/1309 1343/1343/1343 1310/1310/1310
f 1310/1310/1310 1343/1343/1343 1344/1344/1344
f 1310/1310/1310 1344/1344/1344 1311/1311/1311
f 1311/1311/1311 1344/1344/1344 1345/1345/1345
f 1311/1311/1311 1345/1345/1345 1312/1312/1312
f 1312/1312/1312 1345/1345/1345 1346/1346/1346
f 1312/1312/1312 1346/1346/1346 1313/1313/1313
f 1313/1313/1313 1346/1346/1346 1347/1347/1347
f 1313/1313/1313 1347/1347/1347 1314/1314/1314
f 1314/1314/1314 1347/1347/1347 1348/1348/1348
f 1314/1314/1314 1348/1348/1348 1315/1315/1315
f 1315/1315/1315 1348/1348/1348 1349/1349/1349
f 1315/1315/1315 1349/1349/1349 1316/1316/1316
f 1316/1316/1316 1349/1349/1349 1350/1350/1350
f 1316/1316/1316 1350/1350/1350 1317/1317/1317
f 1317/1317/1317 1350/1350/1350 1351/1351/1351
f 1317/1317/1317 1351/1351/1351 1318/1318/1318
f 1318/1318/1318 1351/1351/1351 1352/1352/1352
f 1318/1318/1318 1352/1352/1352 1319/1319/1319
f 1319/1319/1319 1352/1352/1352 1353/1353/1353
f 1319/1319/1319 1353/1353/1353 1320/1320/1320
f 1321/1321/1321 1354/1354/1354 1355/1355/1355
f 1321/1321/1321 1355/1355/1355 1322/1322/1322
f 1322/1322/1322 1355/1355/1355 1356/1356/1356
f 1322/1322/1322 1356/1356/1356 1323/1323/1323
f 1323/1323/1323 1356/1356/1356 1357/1357/1357
f 1323/1323/1323 1357/1357/1357 1324/1324/1324
f 1324/1324/1324 1357/1357/1357 1358/1358/1358
f 1324/1324/1324 1358/1358/1358 1325/1325/1325
f 1325/1325/1325 1358/1358/1358 1359/1359/1359
f 1325/1325/1325 1359/1359/1359 1326/1326/1326
f 1326/1326/1326 1359/1359/1359 1360/1360/1360
f 1326/1326/1326 1360/1360/1360 1327/1327/1327
f 1327/1327/1327 1360/1360/1360 1361/1361/1361
f 1327/1327/1327 1361/1361/1361 1328/1328/1328
f 1328/1328/1328 1361/1361/1361 1362/1362/1362
f 1328/1328/1328 1362/1362/1362 1329/1329/1329
f 1329/1329/1329 1362/1362/1362 1363/1363/1363
f 1329/1329/1329 1363/1363/1363 1330/1330/1330
f 1330/1330/1330 1363/1363/1363 1364/1364/1364
f 1330/1330/1330 1364/1364/1364 1331/1331/1331
f 1331/1331/1331 1364/1364/1364 1365/1365/1365
f 1331/1331/1331 1365/1365/1365 1332/1332/1332
f 1332/1332/1332 1365/1365/1365 1366/1366/1366
f 1332/1332/1332 1366/1366/1366 1333/1333/1333
f 1333/1333/1333 1366/1366/1366 1367/1367/1367
f 1333/1333/1333 1367/1367/1367 1334/1334/1334
f 1334/1334/1334 1367/1367/1367 1368/1368/1368
f 1334/1334/1334 1368/1368/1368 1335/1335/1335
f 1335/1335/1335 1368/1368/1368 1369/1369/1369
f 1335/1335/1335 1369/1369/1369 1336/1336/1336
f 1336/1336/1336 1369/1369/1369 1370/1370/1370
f 1336/1336/1336 1370/1370/1370 1337/1337/1337
f 1337/1337/1337 1370/1370/1370 1371/1371/1371
f 1337/1337/1337 1371/1371/1371 1338/1338/1338
f 1338/1338/1338 1371/1371/1371 1372/1372/1372
f 1338/1338/1338 1372/1372/1372 1339/1339/1339
f 1339/1339/1339 1372/1372/1372 1373/1373/1373
f 1339/1339/1339 1373/1373/1373 1340/1340/1340
f 1340/1340/1340 1373/1373/1373 1374/1374/1374
f 1340/1340/1340 1374/1374/1374 1341/1341/1341
f 1341/1341/1341 1374/1374/1374 1375/1375/1375
f 1341/1341/1341 1375/1375/1375 1342/1342/1342
f 1342/1342/1342 1375/1375/1375 1376/1376/1376
f 1342/1342/1342 1376/1376/1376 1343/1343/1343
f 1343/1343/1343 1376/1376/1376 1377/1377/1377
f 1343/1343/1343 1377/1377/1377 1344/1344/1344
f 1344/1344/1344 1377/1377/1377 1378/1378/1378
f 1344/1344/1344 1378/1378/1378 1345/1345/1345
f 1345/1345/1345 1378/1378/1378 1379/1379/1379
f 1345/1345/1345 1379/1379/1379 1346/1346/1346
f 1346/1346/1346 1379/1379/1379 1380/1380/1380
f 1346/1346/1346 1380/1380/1380 1347/1347/1347
f 1347/1347/1347 1380/1380/1380 1381/1381/1381
f 1347/1347/1347 1381/1381/1381 1348/1348/1348
f 1348/1348/1348 1381/1381/1381 1382/1382/1382
f 1348/1348/1348 1382/1382/1382 1349/1349/1349
f 1349/1349/1349 1382/1382/1382 1383/1383/1383
f 1349/1349/1349 1383/1383/1383 1350/1350/1350
f 1350/1350/1350 1383/1383/1383 1384/1384/1384
f 1350/1350/1350 1384/1384/1384 1351/1351/1351
f 1351/1351/1351 1384/1384/1384 1385/1385/1385
f 1351/1351/1351 1385/1385/1385 1352/1352/1352
f 1352/1352/1352 1385/1385/1385 1386/1386/1386
f 1352/1352/1352 1386/1386/1386 1353/1353/1353
f 1354/1354/1354 1387/1387/1387 1388/1388/1388
f 1354/1354/1354 1388/1388/1388 1355/1355/1355
f 1355/1355/1355 1388/1388/1388 1389/1389/1389
f 1355/1355/1355 1389/1389/1389 1356/1356/1356
f 1356/1356/1356 1389/1389/1389 1390/1390/1390
f 1356/1356/1356 1390/1390/1390 1357/1357/1357
f 1357/1357/1357 1390/1390/1390 1391/1391/1391
f 1357/1357/1357 1391/1391/1391 1358/1358/1358
f 1358/1358/1358 1391/1391/1391 1392/1392/1392
f 1358/1358/1358 1392/1392/1392 1359/1359/1359
f 1359/1359/1359 1392/1392/1392 1393/1393/1393
f 1359/1359/1359 1393/1393/1393 1360/1360/1360
f 1360/1360/1360 1393/1393/1393 1394/1394/1394
f 1360/1360/1360 1394/1394/1394 1361/1361/1361
f 1361/1361/1361 1394/1394/1394 1395/1395/1395
f 1361/1361/1361 1395/1395/1395 1362/1362/1362
f 1362/1362/1362 1395/1395/1395 1396/1396/1396
f 1362/1362/1362 1396/1396/1396 1363/1363/1363
f 1363/1363/1363 1396/1396/1396 1397/1397/1397
f 1363/1363/1363 1397/1397/1397 1364/1364/1364
f 1364/1364/1364 1397/1397/1397 1398/1398/1398
f 1364/1364/1364 1398/1398/1398 1365/1365/1365
f 1365/1365/1365 1398/1398/1398 1399/1399/1399
f 1365/1365/1365 1399/1399/1399 1366/1366/1366
f 1366/1366/1366 1399/1399/1399 1400/1400/1400
f 1366/1366/1366 1400/1400/1400 1367/1367/1367
f 1367/1367/1367 1400/1400/1400 1401/1401/1401
f 1367/1367/1367 1401/1401/1401 1368/1368/1368
f 1368/1368/1368 1401/1401/1401 1402/1402/1402
f 1368/1368/1368 1402/1402/1402 1369/1369/1369
f 1369/1369/1369 1402/1402/1402 1403/1403/1403
f 1369/1369/1369 1403/1403/1403 1370/1370/1370
f 1370/1370/1370 1403/1403/1403 1404/1404/1404
f 1370/1370/1370 1404/1404/1404 1371/1371/1371
f 1371/1371/1371 1404/1404/1404 1405/1405/1405
f 1371/1371/1371 1405/1405/1405 1372/1372/1372
f 1372/1372/1372 1405/1405/1405 1406/1406/1406
f 1372/1372/1372 1406/1406/1406 1373/1373/1373
f 1373/1373/1373 1406/1406/1406 1407/1407/1407
f 1373/1373/1373 1407/1407/1407 1374/1374/1374
f 1374/1374/1374 1407/1407/1407 1408/1408/1408
f 1374/1374/1374 1408/1408/1408 1375/1375/1375
f 1375/1375/1375 1408/1408/1408 1409/1409/1409
f 1375/1375/1375 1409/1409/1409 1376/1376/1376
f 1376/1376/1376 1409/1409/1409 1410/1410/1410
f 1376/1376/1376 1410/1410/1410 1377/1377/1377
f 1377/1377/1377 1410/1410/1410 1411/1411/1411
f 1377/1377/1377 1411/1411/1411 1378/1378/1378
f 1378/1378/1378 1411/1411/1411 1412/1412/1412
f 1378/1378/1378 1412/1412/1412 1379/1379/1379
f 1379/1379/1379 1412/1412/1412 1413/1413/1413
f 1379/1379/1379 1413/1413/1413 1380/1380/1380
f 1380/1380/1380 1413/1413/1413 1414/1414/1414
f 1380/1380/1380 1414/1414/1414 1381/1381/1381
f 1381/1381/1381 1414/1414/1414 1415/1415/1415
f 1381/1381/1381 1415/1415/1415 1382/1382/1382
f 1382/1382/1382 1415/1415/1415 1416/1416/1416
f 1382/1382/1382 1416/1416/1416 1383/1383/1383
f 1383/1383/1383 1416/1416/1416 1417/1417/1417
f 1383/1383/1383 1417/1417/1417 1384/1384/1384
f 1384/1384/1384 1417/1417/1417 1418/1418/1418
f 1384/1384/1384 1418/1418/1418 1385/1385/1385
f 1385/1385/1385 1418/1418/1418 1419/1419/1419
f 1385/1385/1385 1419/1419/1419 1386/1386/1386
f 1387/1387/1387 1420/1420/1420 1421/1421/1421
f 1387/1387/1387 1421/1421/1421 1388/1388/1388
f 1388/1388/1388 1421/1421/1421 1422/1422/1422
f 1388/1388/1388 1422/1422/1422 1389/1389/1389
f 1389/1389/1389 1422/1422/1422 1423/1423/1423
f 1389/1389/1389 1423/1423/1423 1390/1390/1390
f 1390/1390/1390 1423/1423/1423 1424/1424/1424
f 1390/1390/1390 1424/1424/1424 1391/1391/1391
f 1391/1391/1391 1424/1424/1424 1425/1425/1425
f 1391/1391/1391 1425/1425/1425 1392/1392/1392
f 1392/1392/1392 1425/1425/1425 1426/1426/1426
f 1392/1392/1392 1426/1426/1426 1393/1393/1393
f 1393/1393/1393 1426/1426/1426 1427/1427/1427
f 1393/1393/1393 1427/1427/1427 1394/1394/1394
f 1394/1394/1394 1427/1427/1427 1428/1428/1428
f 1394/1394/1394 1428/1428/1428 1395/1395/1395
f 1395/1395/1395 1428/1428/1428 1429/1429/1429
f 1395/1395/1395 1429/1429/1429 1396/1396/1396
f 1396/1396/1396 1429/1429/1429 1430/1430/1430
f 1396/1396/1396 1430/1430/1430 1397/1397/1397
f 1397/1397/1397 1430/1430/1430 1431/1431/1431
f 1397/1397/1397 1431/1431/1431 1398/1398/1398
f 1398/1398/1398 1431/1431/1431 1432/1432/1432
f 1398/1398/1398 1432/1432/1432 1399/1399/1399
f 1399/1399/1399 1432/1432/1432 1433/1433/1433
f 1399/1399/1399 1433/1433/1433 1400/1400/1400
f 1400/1400/1400 1433/1433/1433 1434/1434/1434
f 1400/1400/1400 1434/1434/1434 1401/1401/1401
f 1401/1401/1401 1434/1434/1434 1435/1435/1435
f 1401/1401/1401 1435/1435/1435 1402/1402/1402
f 1402/1402/1402 1435/1435/1435 1436/1436/1436
f 1402/1402/1402 1436/1436/1436 1403/1403/1403
f 1403/1403/1403 1436/1436/1436 1437/1437/1437
f 1403/1403/1403 1437/1437/1437 1404/1404/1404
f 1404/1404/1404 1437/1437/1437 1438/1438/1438
f 1404/1404/1404 1438/1438/1438 1405/1405/1405
f 1405/1405/1405 1438/1438/1438 1439/1439/1439
f 1405/1405/1405 1439/1439/1439 1406/1406/1406
f 1406/1406/1406 1439/1439/1439 1440/1440/1440
f 1406/1406/1406 1440/1440/1440 1407/1407/1407
f 1407/1407/1407 1440/1440/1440 1441/1441/1441
f 1407/1407/1407 1441/1441/1441 1408/1408/1408
f 1408/1408/1408 1441/1441/1441 1442/1442/1442
f 1408/1408/1408 1442/1442/1442 1409/1409/1409
f 1409/1409/1409 1442/1442/1442 1443/1443/1443
f 1409/1409/1409 1443/1443/1443 1410/1410/1410
f 1410/1410/1410 1443/1443/1443 1444/1444/1444
f 1410/1410/1410 1444/1444/1444 1411/1411/1411
f 1411/1411/1411 1444/1444/1444 1445/1445/1445
f 1411/1411/1411 1445/1445/1445 1412/1412/1412
f 1412/1412/1412 1445/1445/1445 1446/1446/1446
f 1412/1412/1412 1446/1446/1446 1413/1413/1413
f 1413/1413/1413 1446/1446/1446 1447/1447/1447
f 1413/1413/1413 1447/1447/1447 1414/1414/1414
f 1414/1414/1414 1447/1447/1447 1448/1448/1448
f 1414/1414/1414 1448/1448/1448 1415/1415/1415
f 1415/1415/1415 1448/1448/1448 1449/1449/1449
f 1415/1415/1415 1449/1449/1449 1416/1416/1416
f 1416/1416/1416 1449/1449/1449 1450/1450/1450
f 1416/1416/1416 1450/1450/1450 1417/1417/1417
f 1417/1417/1417 1450/1450/1450 1451/1451/1451
f 1417/1417/1417 1451/1451/1451 1418/1418/1418
f 1418/1418/1418 1451/1451/1451 1452/1452/1452
f 1418/1418/1418 1452/1452/1452 1419/1419/1419
f 1420/1420/1420 1453/1453/1453 1454/1454/1454
f 1420/1420/1420 1454/1454/1454 1421/1421/1421
f 1421/1421/1421 1454/1454/1454 1455/1455/1455
f 1421/1421/1421 1455/1455/1455 1422/1422/1422
f 1422/1422/1422 1455/1455/1455 1456/1456/1456
f 1422/1422/1422 1456/1456/1456 1423/1423/1423
f 1423/1423/1423 1456/1456/1456 1457/1457/1457
f 1423/1423/1423 1457/1457/1457 1424/1424/1424
f 1424/1424/1424 1457/1457/1457 1458/1458/1458
f 1424/1424/1424 1458/1458/1458 1425/1425/1425
f 1425/1425/1425 1458/1458/1458 1459/1459/1459
f 1425/1425/1425 1459/1459/1459 1426/1426/1426
f 1426/1426/1426 1459/1459/1459 1460/1460/1460
f 1426/1426/1426 1460/1460/1460 1427/1427/1427
f 1427/1427/1427 1460/1460/1460 1461/1461/1461
f 1427/1427/1427 1461/1461/1461 1428/1428/1428
f 1428/1428/1428 1461/1461/1461 1462/1462/1462
f 1428/1428/1428 1462/1462/1462 1429/1429/1429
f 1429/1429/1429 1462/1462/1462 1463/1463/1463
f 1429/1429/1429 1463/1463/1463 1430/1430/1430
f 1430/1430/1430 1463/1463/1463 1464/1464/1464
f 1430/1430/1430 1464/1464/1464 1431/1431/1431
f 1431/1431/1431 1464/1464/1464 1465/1465/1465
f 1431/1431/1431 1465/1465/1465 1432/1432/1432
f 1432/1432/1432 1465/1465/1465 1466/1466/1466
f 1432/1432/1432 1466/1466/1466 1433/1433/1433
f 1433/1433/1433 1466/1466/1466 1467/1467/1467
f 1433/1433/1433 1467/1467/1467 1434/1434/1434
f 1434/1434/1434 1467/1467/1467 1468/1468/1468
f 1434/1434/1434 1468/1468/1468 1435/1435/1435
f 1435/1435/1435 1468/1468/1468 1469/1469/1469
f 1435/1435/1435 1469/1469/1469 1436/1436/1436
f 1436/1436/1436 1469/1469/1469 1470/1470/1470
f 1436/1436/1436 1470/1470/1470 1437/1437/1437
f 1437/1437/1437 1470/1470/1470 1471/1471/1471
f 1437/1437/1437 1471/1471/1471 1438/1438/1438
f 1438/1438/1438 1471/1471/1471 1472/1472/1472
f 1438/1438/1438 1472/1472/1472 1439/1439/1439
f 1439/1439/1439 1472/1472/1472 1473/1473/1473
f 1439/1439/1439 1473/1473/1473 1440/1440/1440
f 1440/1440/1440 1473/1473/1473 1474/1474/1474
f 1440/1440/1440 1474/1474/1474 1441/1441/1441
f 1441/1441/1441 1474/1474/1474 1475/1475/1475
f 1441/1441/1441 1475/1475/1475 1442/1442/1442
f 1442/1442/1442 1475/1475/1475 1476/1476/1476
f 1442/1442/1442 1476/1476/1476 1443/1443/1443
f 1443/1443/1443 1476/1476/1476 1477/1477/1477
f 1443/1443/1443 1477/1477/1477 1444/1444/1444
f 1444/1444/1444 1477/1477/1477 1478/1478/1478
f 1444/1444/1444 1478/1478/1478 1445/1445/1445
f 1445/1445/1445 1478/1478/1478 1479/1479/1479
f 1445/1445/1445 1479/1479/1479 1446/1446/1446
f 1446/1446/1446 1479/1479/1479 1480/1480/1480
f 1446/1446/1446 1480/1480/1480 1447/1447/1447
f 1447/1447/1447 1480/1480/1480 1481/1481/1481
f 1447/1447/1447 1481/1481/1481 1448/1448/1448
f 1448/1448/1448 1481/1481/1481 1482/1482/1482
f 1448/1448/1448 1482/1482/1482 1449/1449/1449
f 1449/1449/1449 1482/1482/1482 1483/1483/1483
f 1449/1449/1449 1483/1483/1483 1450/1450/1450
f 1450/1450/1450 1483/1483/1483 1484/1484/1484
f 1450/1450/1450 1484/1484/1484 1451/1451/1451
f 1451/1451/1451 1484/1484/1484 1485/1485/1485
f 1451/1451/1451 1485/1485/1485 1452/1452/1452
f 1453/1453/1453 1486/1486/1486 1487/1487/1487
f 1453/1453/1453 1487/1487/1487 1454/1454/1454
f 1454/1454/1454 1487/1487/1487 1488/1488/1488
f 1454/1454/1454 1488/1488/1488 1455/1455/1455
f 1455/1455/1455 1488/1488/1488 1489/1489/1489
f 1455/1455/1455 1489/1489/1489 1456/1456/1456
f 1456/1456/1456 1489/1489/1489 1490/1490/1490
f 1456/1456/1456 1490/1490/1490 1457/1457/1457
f 1457/1457/1457 1490/1490/1490 1491/1491/1491
f 1457/1457/1457 1491/1491/1491 1458/1458/1458
f 1458/1458/1458 1491/1491/1491 1492/1492/1492
f 1458/1458/1458 1492/1492/1492 1459/1459/1459
f 1459/1459/1459 1492/1492/1492 1493/1493/1493
f 1459/1459/1459 1493/1493/1493 1460/1460/1460
f 1460/1460/1460 1493/1493/1493 1494/1494/1494
f 1460/1460/1460 1494/1494/1494 1461/1461/1461
f 1461/1461/1461 1494/1494/1494 1495/1495/1495
f 1461/1461/1461 1495/1495/1495 1462/1462/1462
f 1462/1462/1462 1495/1495/1495 1496/1496/1496
f 1462/1462/1462 1496/1496/1496 1463/1463/1463
f 1463/1463/1463 1496/1496/1496 1497/1497/1497
f 1463/1463/1463 1497/1497/1497 1464/1464/1464
f 1464/1464/1464 1497/1497/1497 1498/1498/1498
f 1464/1464/1464 1498/1498/1498 1465/1465/1465
f 1465/1465/1465 1498/1498/1498 1499/1499/1499
f 1465/1465/1465 1499/1499/1499 1466/1466/1466
f 1466/1466/1466 1499/1499/1499 1500/1500/1500
f 1466/1466/1466 1500/1500/1500 1467/1467/1467
f 1467/1467/1467 1500/1500/1500 1501/1501/1501
f 1467/1467/1467 1501/1501/1501 1468/1468/1468
f 1468/1468/1468 1501/1501/1501 1502/1502/1502
f 1468/1468/1468 1502/1502/1502 1469/1469/1469
f 1469/1469/1469 1502/1502/1502 1503/1503/1503
f 1469/1469/1469 1503/1503/1503 1470/1470/1470
f 1470/1470/1470 1503/1503/1503 1504/1504/1504
f 1470/1470/1470 1504/1504/1504 1471/1471/1471
f 1471/1471/1471 1504/1504/1504 1505/1505/1505
f 1471/1471/1471 1505/1505/1505 1472/1472/1472
f 1472/1472/1472 1505/1505/1505 1506/1506/1506
f 1472/1472/1472 1506/1506/1506 1473/1473/1473
f 1473/1473/1473 1506/1506/1506 1507/1507/1507
f 1473/1473/1473 1507/1507/1507 1474/1474/1474
f 1474/1474/1474 1507/1507/1507 1508/1508/1508
f 1474/1474/1474 1508/1508/1508 1475/1475/1475
f 1475/1475/1475 1508/1508/1508 1509/1509/1509
f 1475/1475/1475 1509/1509/1509 1476/1476/1476
f 1476/1476/1476 1509/1509/1509 1510/1510/1510
f 1476/1476/1476 1510/1510/1510 1477/1477/1477
f 1477/1477/1477 1510/1510/1510 1511/1511/1511
f 1477/1477/1477 1511/1511/1511 1478/1478/1478
f 1478/1478/1478 1511/1511/1511 1512/1512/1512
f 1478/1478/1478 1512/1512/1512 1479/1479/1479
f 1479/1479/1479 1512/1512/1512 1513/1513/1513
f 1479/1479/1479 1513/1513/1513 1480/1480/1480
f 1480/1480/1480 1513/1513/1513 1514/1514/1514
f 1480/1480/1480 1514/1514/1514 1481/1481/1481
f 1481/1481/1481 1514/1514/1514 1515/1515/1515
f 1481/1481/1481 1515/1515/1515 1482/1482/1482
f 1482/1482/1482 1515/1515/1515 1516/1516/1516
f 1482/1482/1482 1516/1516/1516 1483/1483/1483
f 1483/1483/1483 1516/1516/1516 1517/1517/1517
f 1483/1483/1483 1517/1517/1517 1484/1484/1484
f 1484/1484/1484 1517/1517/1517 1518/1518/1518
f 1484/1484/1484 1518/1518/1518 1485/1485/1485
f 1486/1486/1486 1519/1519/1519 1520/1520/1520
f 1486/1486/1486 1520/1520/1520 1487/1487/1487
f 1487/1487/1487 1520/1520/1520 1521/1521/1521
f 1487/1487/1487 1521/1521/1521 1488/1488/1488
f 1488/1488/1488 1521/1521/1521 1522/1522/1522
f 1488/1488/1488 1522/1522/1522 1489/1489/1489
f 1489/1489/1489 1522/1522/1522 1523/1523/1523
f 1489/1489/1489 1523/1523/1523 1490/1490/1490
f 1490/1490/1490 1523/1523/1523 1524/1524/1524
f 1490/1490/1490 1524/1524/1524 1491/1491/1491
f 1491/1491/1491 1524/1524/1524 1525/1525/1525
f 1491/1491/1491 1525/1525/1525 1492/1492/1492
f 1492/1492/1492 1525/1525/1525 1526/1526/1526
f 1492/1492/1492 1526/1526/1526 1493/1493/1493
f 1493/1493/1493 1526/1526/1526 1527/1527/1527
f 1493/1493/1493 1527/1527/1527 1494/1494/1494
f 1494/1494/1494 1527/1527/1527 1528/1528/1528
f 1494/1494/1494 1528/1528/1528 1495/1495/1495
f 1495/1495/1495 1528/1528/1528 1529/1529/1529
f 1495/1495/1495 1529/1529/1529 1496/1496/1496
f 1496/1496/1496 1529/1529/1529 1530/1530/1530
f 1496/1496/1496 1530/1530/1530 1497/1497/1497
f 1497/1497/1497 1530/1530/1530 1531/1531/1531
f 1497/1497/1497 1531/1531/1531 1498/1498/1498
f 1498/1498/1498 1531/1531/1531 1532/1532/1532
f 1498/1498/1498 1532/1532/1532 1499/1499/1499
f 1499/1499/1499 1532/1532/1532 1533/1533/1533
f 1499/1499/1499 1533/1533/1533 1500/1500/1500
f 1500/1500/1500 1533/1533/1533 1534/1534/1534
f 1500/1500/1500 1534/1534/1534 1501/1501/1501
f 1501/1501/1501 1534/1534/1534 1535/1535/1535
f 1501/1501/1501 1535/1535/1535 1502/1502/1502
f 1502/1502/1502 1535/1535/1535 1536/1536/1536
f 1502/1502/1502 1536/1536/1536 1503/1503/1503
f 1503/1503/1503 1536/1536/1536 1537/1537/1537
f 1503/1503/1503 1537/1537/1537 1504/1504/1504
f 1504/1504/1504 1537/1537/1537 1538/1538/1538
f 1504/1504/1504 1538/1538/1538 1505/1505/1505
f 1505/1505/1505 1538/1538/1538 1539/1539/1539
f 1505/1505/1505 1539/1539/1539 1506/1506/1506
f 1506/1506/1506 1539/1539/1539 1540/1540/1540
f 1506/1506/1506 1540/1540/1540 1507/1507/1507
f 1507/1507/1507 1540/1540/1540 1541/1541/1541
f 1507/1507/1507 1541/1541/1541 1508/1508/1508
f 1508/1508/1508 1541/1541/1541 1542/1542/1542
f 1508/1508/1508 1542/1542/1542 1509/1509/1509
f 1509/1509/1509 1542/1542/1542 1543/1543/1543
f 1509/1509/1509 1543/1543/1543 1510/1510/1510
f 1510/1510/1510 1543/1543/1543 1544/1544/1544
f 1510/1510/1510 1544/1544/1544 1511/1511/1511
f 1511/1511/1511 1544/1544/1544 1545/1545/1545
f 1511/1511/1511 1545/1545/1545 1512/1512/1512
f 1512/1512/1512 1545/1545/1545 1546/1546/1546
f 1512/1512/1512 1546/1546/1546 1513/1513/1513
f 1513/1513/1513 1546/1546/1546 1547/1547/1547
f 1513/1513/1513 1547/1547/1547 1514/1514/1514
f 1514/1514/1514 1547/1547/1547 1548/1548/1548
f 1514/1514/1514 1548/1548/1548 1515/1515/1515
f 1515/1515/1515 1548/1548/1548 1549/1549/1549
f 1515/1515/1515 1549/1549/1549 1516/1516/1516
f 1516/1516/1516 1549/1549/1549 1550/1550/1550
f 1516/1516/1516 1550/1550/1550 1517/1517/1517
f 1517/1517/1517 1550/1550/1550 1551/1551/1551
f 1517/1517/1517 1551/1551/1551 1518/1518/1518
f 1519/1519/1519 1552/1552/1552 1553/1553/1553
f 1519/1519/1519 1553/1553/1553 1520/1520/1520
f 1520/1520/1520 1553/1553/1553 1554/1554/1554
f 1520/1520/1520 1554/1554/1554 1521/1521/1521
f 1521/1521/1521 1554/1554/1554 1555/1555/1555
f 1521/1521/1521 1555/1555/1555 1522/1522/1522
f 1522/1522/1522 1555/1555/1555 1556/1556/1556
f 1522/1522/1522 1556/1556/1556 1523/1523/1523
f 1523/1523/1523 1556/1556/1556 1557/1557/1557
f 1523/1523/1523 1557/1557/1557 1524/1524/1524
f 1524/1524/1524 1557/1557/1557 1558/1558/1558
f 1524/1524/1524 1558/1558/1558 1525/1525/1525
f 1525/1525/1525 1558/1558/1558 1559/1559/1559
f 1525/1525/1525 1559/1559/1559 1526/1526/1526
f 1526/1526/1526 1559/1559/1559 1560/1560/1560
f 1526/1526/1526 1560/1560/1560 1527/1527/1527
f 1527/1527/1527 1560/1560/1560 1561/1561/1561
f 1527/1527/1527 1561/1561/1561 1528/1528/1528
f 1528/1528/1528 1561/1561/1561 1562/1562/1562
f 1528/1528/1528 1562/1562/1562 1529/1529/1529
f 1529/1529/1529 1562/1562/1562 1563/1563/1563
f 1529/1529/1529 1563/1563/1563 1530/1530/1530
f 1530/1530/1530 1563/1563/1563 1564/1564/1564
f 1530/1530/1530 1564/1564/1564 1531/1531/1531
f 1531/1531/1531 1564/1564/1564 1565/1565/1565
f 1531/1531/1531 1565/1565/1565 1532/1532/1532
f 1532/1532/1532 1565/1565/1565 1566/1566/1566
f 1532/1532/1532 1566/1566/1566 1533/1533/1533
f 1533/1533/1533 1566/1566/1566 1567/1567/1567
f 1533/1533/1533 1567/1567/1567 1534/1534/1534
f 1534/1534/1534 1567/1567/1567 1568/1568/1568
f 1534/1534/1534 1568/1568/1568 1535/1535/1535
f 1535/1535/1535 1568/1568/1568 1569/1569/1569
f 1535/1535/1535 1569/1569/1569 1536/1536/1536
f 1536/1536/1536 1569/1569/1569 1570/1570/1570
f 1536/1536/1536 1570/1570/1570 1537/1537/1537
f 1537/1537/1537 1570/1570/1570 1571/1571/1571
f 1537/1537/1537 1571/1571/1571 1538/1538/1538
f 1538/1538/1538 1571/1571/1571 1572/1572/1572
f 1538/1538/1538 1572/1572/1572 1539/1539/1539
f 1539/1539/1539 1572/1572/1572 1573/1573/1573
f 1539/1539/1539 1573/1573/1573 1540/1540/1540
f 1540/1540/1540 1573/1573/1573 1574/1574/1574
f 1540/1540/1540 1574/1574/1574 1541/1541/1541
f 1541/1541/1541 1574/1574/1574 1575/1575/1575
f 1541/1541/1541 1575/1575/1575 1542/1542/1542
f 1542/1542/1542 1575/1575/1575 1576/1576/1576
f 1542/1542/1542 1576/1576/1576 1543/1543/1543
f 1543/1543/1543 1576/1576/1576 1577/1577/1577
f 1543/1543/1543 1577/1577/1577 1544/1544/1544
f 1544/1544/1544 1577/1577/1577 1578/1578/1578
f 1544/1544/1544 1578/1578/1578 1545/1545/1545
f 1545/1545/1545 1578/1578/1578 1579/1579/1579
f 1545/1545/1545 1579/1579/1579 1546/1546/1546
f 1546/1546/1546 1579/1579/1579 1580/1580/1580
f 1546/1546/1546 1580/1580/1580 1547/1547/1547
f 1547/1547/1547 1580/1580/1580 1581/1581/1581
f 1547/1547/1547 1581/1581/1581 1548/1548/1548
f 1548/1548/1548 1581/1581/1581 1582/1582/1582
f 1548/1548/1548 1582/1582/1582 1549/1549/1549
f 1549/1549/1549 1582/1582/1582 1583/1583/1583
f 1549/1549/1549 1583/1583/1583 1550/1550/1550
f 1550/1550/1550 1583/1583/1583 1584/1584/1584
f 1550/1550/1550 1584/1584/1584 1551/1551/1551
f 1552/1552/1552 1585/1585/1585 1586/1586/1586
f 1552/1552/1552 1586/1586/1586 1553/1553/1553
f 1553/1553/1553 1586/1586/1586 1587/1587/1587
f 1553/1553/1553 1587/1587/1587 1554/1554/1554
f 1554/1554/1554 1587/1587/1587 1588/1588/1588
f 1554/1554/1554 1588/1588/1588 1555/1555/1555
f 1555/1555/1555 1588/1588/1588 1589/1589/1589
f 1555/1555/1555 1589/1589/1589 1556/1556/1556
f 1556/1556/1556 1589/1589/1589 1590/1590/1590
f 1556/1556/1556 1590/1590/1590 1557/1557/1557
f 1557/1557/1557 1590/1590/1590 1591/1591/1591
f 1557/1557/1557 1591/1591/1591 1558/1558/1558
f 1558/1558/1558 1591/1591/1591 1592/1592/1592
f 1558/1558/1558 1592/1592/1592 1559/1559/1559
f 1559/1559/1559 1592/1592/1592 1593/1593/1593
f 1559/1559/1559 1593/1593/1593 1560/1560/1560
f 1560/1560/1560 1593/1593/1593 1594/1594/1594
f 1560/1560/1560 1594/1594/1594 1561/1561/1561
f 1561/1561/1561 1594/1594/1594 1595/1595/1595
f 1561/1561/1561 1595/1595/1595 1562/1562/1562
f 1562/1562/1562 1595/1595/1595 1596/1596/1596
f 1562/1562/1562 1596/1596/1596 1563/1563/1563
f 1563/1563/1563 1596/1596/1596 1597/1597/1597
f 1563/1563/1563 1597/1597/1597 1564/1564/1564
f 1564/1564/1564 1597/1597/1597 1598/1598/1598
f 1564/1564/1564 1598/1598/1598 1565/1565/1565
f 1565/1565/1565 1598/1598/1598 1599/1599/1599
f 1565/1565/1565 1599/1599/1599 1566/1566/1566
f 1566/1566/1566 1599/1599/1599 1600/1600/1600
f 1566/1566/1566 1600/1600/1600 1567/1567/1567
f 1567/1567/1567 1600/1600/1600 1601/1601/1601
f 1567/1567/1567 1601/1601/1601 1568/1568/1568
f 1568/1568/1568 1601/1601/1601 1602/1602/1602
f 1568/1568/1568 1602/1602/1602 1569/1569/1569
f 1569/1569/1569 1602/1602/1602 1603/1603/1603
f 1569/1569/1569 1603/1603/1603 1570/1570/1570
f 1570/1570/1570 1603/1603/1603 1604/1604/1604
f 1570/1570/1570 1604/1604/1604 1571/1571/1571
f 1571/1571/1571 1604/1604/1604 1605/1605/1605
f 1571/1571/1571 1605/1605/1605 1572/1572/1572
f 1572/1572/1572 1605/1605/1605 1606/1606/1606
f 1572/1572/1572 1606/1606/1606 1573/1573/1573
f 1573/1573/1573 1606/1606/1606 1607/1607/1607
f 1573/1573/1573 1607/1607/1607 1574/1574/1574
f 1574/1574/1574 1607/1607/1607 1608/1608/1608
f 1574/1574/1574 1608/1608/1608 1575/1575/1575
f 1575/1575/1575 1608/1608/1608 1609/1609/1609
f 1575/1575/1575 1609/1609/1609 1576/1576/1576
f 1576/1576/1576 1609/1609/1609 1610/1610/1610
f 1576/1576/1576 1610/1610/1610 1577/1577/1577
f 1577/1577/1577 1610/1610/1610 1611/1611/1611
f 1577/1577/1577 1611/1611/1611 1578/1578/1578
f 1578/1578/1578 1611/1611/1611 1612/1612/1612
f 1578/1578/1578 1612/1612/1612 1579/1579/1579
f 1579/1579/1579 1612/1612/1612 1613/1613/1613
f 1579/1579/1579 1613/1613/1613 1580/1580/1580
f 1580/1580/1580 1613/1613/1613 1614/1614/1614
f 1580/1580/1580 1614/1614/1614 1581/1581/1581
f 1581/1581/1581 1614/1614/1614 1615/1615/1615
f 1581/1581/1581 1615/1615/1615 1582/1582/1582
f 1582/1582/1582 1615/1615/1615 1616/1616/1616
f 1582/1582/1582 1616/1616/1616 1583/1583/1583
f 1583/1583/1583 1616/1616/1616 1617/1617/1617
f 1583/1583/1583 1617/1617/1617 1584/1584/1584
f 1585/1585/1585 1618/1618/1618 1619/1619/1619
f 1585/1585/1585 1619/1619/1619 1586/1586/1586
f 1586/1586/1586 1619/1619/1619 1620/1620/1620
f 1586/1586/1586 1620/1620/1620 1587/1587/1587
f 1587/1587/1587 1620/1620/1620 1621/1621/1621
f 1587/1587/1587 1621/1621/1621 1588/1588/1588
f 1588/1588/1588 1621/1621/1621 1622/1622/1622
f 1588/1588/1588 1622/1622/1622 1589/1589/1589
f 1589/1589/1589 1622/1622/1622 1623/1623/1623
f 1589/1589/1589 1623/1623/1623 1590/1590/1590
f 1590/1590/1590 1623/1623/1623 1624/1624/1624
f 1590/1590/1590 1624/1624/1624 1591/1591/1591
f 1591/1591/1591 1624/1624/1624 1625/1625/1625
f 1591/1591/1591 1625/1625/1625 1592/1592/1592
f 1592/1592/1592 1625/1625/1625 1626/1626/1626
f 1592/1592/1592 1626/1626/1626 1593/1593/1593
f 1593/1593/1593 1626/1626/1626 1627/1627/1627
f 1593/1593/1593 1627/1627/1627 1594/1594/1594
f 1594/1594/1594 1627/1627/1627 1628/1628/1628
f 1594/1594/1594 1628/1628/1628 1595/1595/1595
f 1595/1595/1595 1628/1628/1628 1629/1629/1629
f 1595/1595/1595 1629/1629/1629 1596/1596/1596
f 1596/1596/1596 1629/1629/1629 1630/1630/1630
f 1596/1596/1596 1630/1630/1630 1597/1597/1597
f 1597/1597/1597 1630/1630/1630 1631/1631/1631
f 1597/1597/1597 1631/1631/1631 1598/1598/1598
f 1598/1598/1598 1631/1631/1631 1632/1632/1632
f 1598/1598/1598 1632/1632/1632 1599/1599/1599
f 1599/1599/1599 1632/1632/1632 1633/1633/1633
f 1599/1599/1599 1633/1633/1633 1600/1600/1600
f 1600/1600/1600 1633/1633/1633 1634/1634/1634
f 1600/1600/1600 1634/1634/1634 1601/1601/1601
f 1601/1601/1601 1634/1634/1634 1635/1635/1635
f 1601/1601/1601 1635/1635/1635 1602/1602/1602
f 1602/1602/1602 1635/1635/1635 1636/1636/1636
f 1602/1602/1602 1636/1636/1636 1603/1603/1603
f 1603/1603/1603 1636/1636/1636 1637/1637/1637
f 1603/1603/1603 1637/1637/1637 1604/1604/1604
f 1604/1604/1604 1637/1637/1637 1638/1638/1638
f 1604/1604/1604 1638/1638/1638 1605/1605/1605
f 1605/1605/1605 1638/1638/1638 1639/1639/1639
f 1605/1605/1605 1639/1639/1639 1606/1606/1606
f 1606/1606/1606 1639/1639/1639 1640/1640/1640
f 1606/1606/1606 1640/1640/1640 1607/1607/1607
f 1607/1607/1607 1640/1640/1640 1641/1641/1641
f 1607/1607/1607 1641/1641/1641 1608/1608/1608
f 1608/1608/1608 1641/1641/1641 1642/1642/1642
f 1608/1608/1608 1642/1642/1642 1609/1609/1609
f 1609/1609/1609 1642/1642/1642 1643/1643/1643
f 1609/1609/1609 1643/1643/1643 1610/1610/1610
f 1610/1610/1610 1643/1643/1643 1644/1644/1644
f 1610/1610/1610 1644/1644/1644 1611/1611/1611
f 1611/1611/1611 1644/1644/1644 1645/1645/1645
f 1611/1611/1611 1645/1645/1645 1612/1612/1612
f 1612/1612/1612 1645/1645/1645 1646/1646/1646
f 1612/1612/1612 1646/1646/1646 1613/1613/1613
f 1613/1613/1613 1646/1646/1646 1647/1647/1647
f 1613/1613/1613 1647/1647/1647 1614/1614/1614
f 1614/1614/1614 1647/1647/1647 1648/1648/1648
f 1614/1614/1614 1648/1648/1648 1615/1615/1615
f 1615/1615/1615 1648/1648/1648 1649/1649/1649
f 1615/1615/1615 1649/1649/1649 1616/1616/1616
f 1616/1616/1616 1649/1649/1649 1650/1650/1650
f 1616/1616/1616 1650/1650/1650 1617/1617/1617
f 1618/1618/1618 1651/1651/1651 1652/1652/1652
f 1618/1618/1618 1652/1652/1652 1619/1619/1619
f 1619/1619/1619 1652/1652/1652 1653/1653/1653
f 1619/1619/1619 1653/1653/1653 1620/1620/1620
f 1620/1620/1620 1653/1653/1653 1654/1654/1654
f 1620/1620/1620 1654/1654/1654 1621/1621/1621
f 1621/1621/1621 1654/1654/1654 1655/1655/1655
f 1621/1621/1621 1655/1655/1655 1622/1622/1622
f 1622/1622/1622 1655/1655/1655 1656/1656/1656
f 1622/1622/1622 1656/1656/1656 1623/1623/1623
f 1623/1623/1623 1656/1656/1656 1657/1657/1657
f 1623/1623/1623 1657/1657/1657 1624/1624/1624
f 1624/1624/1624 1657/1657/1657 1658/1658/1658
f 1624/1624/1624 1658/1658/1658 1625/1625/1625
f 1625/1625/1625 1658/1658/1658 1659/1659/1659
f 1625/1625/1625 1659/1659/1659 1626/1626/1626
f 1626/1626/1626 1659/1659/1659 1660/1660/1660
f 1626/1626/1626 1660/1660/1660 1627/1627/1627
f 1627/1627/1627 1660/1660/1660 1661/1661/1661
f 1627/1627/1627 1661/1661/1661 1628/1628/1628
f 1628/1628/1628 1661/1661/1661 1662/1662/1662
f 1628/1628/1628 1662/1662/1662 1629/1629/1629
f 1629/1629/1629 1662/1662/1662 1663/1663/1663
f 1629/1629/1629 1663/1663/1663 1630/1630/1630
f 1630/1630/1630 1663/1663/1663 1664/1664/1664
f 1630/1630/1630 1664/1664/1664 1631/1631/1631
f 1631/1631/1631 1664/1664/1664 1665/1665/1665
f 1631/1631/1631 1665/1665/1665 1632/1632/1632
f 1632/1632/1632 1665/1665/1665 1666/1666/1666
f 1632/1632/1632 1666/1666/1666 1633/1633/1633
f 1633/1633/1633 1666/1666/1666 1667/1667/1667
f 1633/1633/1633 1667/1667/1667 1634/1634/1634
f 1634/1634/1634 1667/1667/1667 1668/1668/1668
f 1634/1634/1634 1668/1668/1668 1635/1635/1635
f 1635/1635/1635 1668/1668/1668 1669/1669/1669
f 1635/1635/1635 1669/1669/1669 1636/1636/1636
f 1636/1636/1636 1669/1669/1669 1670/1670/1670
f 1636/1636/1636 1670/1670/1670 1637/1637/1637
f 1637/1637/1637 1670/1670/1670 1671/1671/1671
f 1637/1637/1637 1671/1671/1671 1638/1638/1638
f 1638/1638/1638 1671/1671/1671 1672/1672/1672
f 1638/1638/1638 1672/1672/1672 1639/1639/1639
f 1639/1639/1639 1672/1672/1672 1673/1673/1673
f 1639/1639/1639 1673/1673/1673 1640/1640/1640
f 1640/1640/1640 1673/1673/1673 1674/1674/1674
f 1640/1640/1640 1674/1674/1674 1641/1641/1641
f 1641/1641/1641 1674/1674/1674 1675/1675/1675
f 1641/1641/1641 1675/1675/1675 1642/1642/1642
f 1642/1642/1642 1675/1675/1675 1676/1676/1676
f 1642/1642/1642 1676/1676/1676 1643/1643/1643
f 1643/1643/1643 1676/1676/1676 1677/1677/1677
f 1643/1643/1643 1677/1677/1677 1644/1644/1644
f 1644/1644/1644 1677/1677/1677 1678/1678/1678
f 1644/1644/1644 1678/1678/1678 1645/1645/1645
f 1645/1645/1645 1678/1678/1678 1679/1679/1679
f 1645/1645/1645 1679/1679/1679 1646/1646/1646
f 1646/1646/1646 1679/1679/1679 1680/1680/1680
f 1646/1646/1646 1680/1680/1680 1647/1647/1647
f 1647/1647/1647 1680/1680/1680 1681/1681/1681
f 1647/1647/1647 1681/1681/1681 1648/1648/1648
f 1648/1648/1648 1681/1681/1681 1682/1682/1682
f 1648/1648/1648 1682/1682/1682 1649/1649/1649
f 1649/1649/1649 1682/1682/1682 1683/1683/1683
f 1649/1649/1649 1683/1683/1683 1650/1650/1650
f 1651/1651/1651 1684/1684/1684 1685/1685/1685
f 1651/1651/1651 1685/1685/1685 1652/1652/1652
f 1652/1652/1652 1685/1685/1685 1686/1686/1686
f 1652/1652/1652 1686/1686/1686 1653/1653/1653
f 1653/1653/1653 1686/1686/1686 1687/1687/1687
f 1653/1653/1653 1687/1687/1687 1654/1654/1654
f 1654/1654/1654 1687/1687/1687 1688/1688/1688
f 1654/1654/1654 1688/1688/1688 1655/1655/1655
f 1655/1655/1655 1688/1688/1688 1689/1689/1689
f 1655/1655/1655 1689/1689/1689 1656/1656/1656
f 1656/1656/1656 1689/1689/1689 1690/1690/1690
f 1656/1656/1656 1690/1690/1690 1657/1657/1657
f 1657/1657/1657 1690/1690/1690 1691/1691/1691
f 1657/1657/1657 1691/1691/1691 1658/1658/1658
f 1658/1658/1658 1691/1691/1691 1692/1692/1692
f 1658/1658/1658 1692/1692/1692 1659/1659/1659
f 1659/1659/1659 1692/1692/1692 1693/1693/1693
f 1659/1659/1659 1693/1693/1693 1660/1660/1660
f 1660/1660/1660 1693/1693/1693 1694/1694/1694
f 1660/1660/1660 1694/1694/1694 1661/1661/1661
f 1661/1661/1661 1694/1694/1694 1695/1695/1695
f 1661/1661/1661 1695/1695/1695 1662/1662/1662
f 1662/1662/1662 1695/1695/1695 1696/1696/1696
f 1662/1662/1662 1696/1696/1696 1663/1663/1663
f 1663/1663/1663 1696/1696/1696 1697/1697/1697
f 1663/1663/1663 1697/1697/1697 1664/1664/1664
f 1664/1664/1664 1697/1697/1697 1698/1698/1698
f 1664/1664/1664 1698/1698/1698 1665/1665/1665
f 1665/1665/1665 1698/1698/1698 1699/1699/1699
f 1665/1665/1665 1699/1699/1699 1666/1666/1666
f 1666/1666/1666 1699/1699/1699 1700/1700/1700
f 1666/1666/1666 1700/1700/1700 1667/1667/1667
f 1667/1667/1667 1700/1700/1700 1701/1701/1701
f 1667/1667/1667 1701/1701/1701 1668/1668/1668
f 1668/1668/1668 1701/1701/1701 1702/1702/1702
f 1668/1668/1668 1702/1702/1702 1669/1669/1669
f 1669/1669/1669 1702/1702/1702 1703/1703/1703
f 1669/1669/1669 1703/1703/1703 1670/1670/1670
f 1670/1670/1670 1703/1703/1703 1704/1704/1704
f 1670/1670/1670 1704/1704/1704 1671/1671/1671
f 1671/1671/1671 1704/1704/1704 1705/1705/1705
f 1671/1671/1671 1705/1705/1705 1672/1672/1672
f 1672/1672/1672 1705/1705/1705 1706/1706/1706
f 1672/1672/1672 1706/1706/1706 1673/1673/1673
f 1673/1673/1673 1706/1706/1706 1707/1707/1707
f 1673/1673/1673 1707/1707/1707 1674/1674/1674
f 1674/1674/1674 1707/1707/1707 1708/1708/1708
f 1674/1674/1674 1708/1708/1708 1675/1675/1675
f 1675/1675/1675 1708/1708/1708 1709/1709/1709
f 1675/1675/1675 1709/1709/1709 1676/1676/1676
f 1676/1676/1676 1709/1709/1709 1710/1710/1710
f 1676/1676/1676 1710/1710/1710 1677/1677/1677
f 1677/1677/1677 1710/1710/1710 1711/1711/1711
f 1677/1677/1677 1711/1711/1711 1678/1678/1678
f 1678/1678/1678 1711/1711/1711 1712/1712/1712
f 1678/1678/1678 1712/1712/1712 1679/1679/1679
f 1679/1679/1679 1712/1712/1712 1713/1713/1713
f 1679/1679/1679 1713/1713/1713 1680/1680/1680
f 1680/1680/1680 1713/1713/1713 1714/1714/1714
f 1680/1680/1680 1714/1714/1714 1681/1681/1681
f 1681/1681/1681 1714/1714/1714 1715/1715/1715
f 1681/1681/1681 1715/1715/1715 1682/1682/1682
f 1682/1682/1682 1715/1715/1715 1716/1716/1716
f 1682/1682/1682 1716/1716/1716 1683/1683/1683
f 1684/1684/1684 1717/1717/1717 1718/1718/1718
f 1684/1684/1684 1718/1718/1718 1685/1685/1685
f 1685/1685/1685 1718/1718/1718 1719/1719/1719
f 1685/1685/1685 1719/1719/1719 1686/1686/1686
f 1686/1686/1686 1719/1719/1719 1720/1720/1720
f 1686/1686/1686 1720/1720/1720 1687/1687/1687
f 1687/1687/1687 1720/1720/1720 1721/1721/1721
f 1687/1687/1687 1721/1721/1721 1688/1688/1688
f 1688/1688/1688 1721/1721/1721 1722/1722/1722
f 1688/1688/1688 1722/1722/1722 1689/1689/1689
f 1689/1689/1689 1722/1722/1722 1723/1723/1723
f 1689/1689/1689 1723/1723/1723 1690/1690/1690
f 1690/1690/1690 1723/1723/1723 1724/1724/1724
f 1690/1690/1690 1724/1724/1724 1691/1691/1691
f 1691/1691/1691 1724/1724/1724 1725/1725/1725
f 1691/1691/1691 1725/1725/1725 1692/1692/1692
f 1692/1692/1692 1725/1725/1725 1726/1726/1726
f 1692/1692/1692 1726/1726/1726 1693/1693/1693
f 1693/1693/1693 1726/1726/1726 1727/1727/1727
f 1693/1693/1693 1727/1727/1727 1694/1694/1694
f 1694/1694/1694 1727/1727/1727 1728/1728/1728
f 1694/1694/1694 1728/1728/1728 1695/1695/1695
f 1695/1695/1695 1728/1728/1728 1729/1729/1729
f 1695/1695/1695 1729/1729/1729 1696/1696/1696
f 1696/1696/1696 1729/1729/1729 1730/1730/1730
f 1696/1696/1696 1730/1730/1730 1697/1697/1697
f 1697/1697/1697 1730/1730/1730 1731/1731/1731
f 1697/1697/1697 1731/1731/1731 1698/1698/1698
f 1698/1698/1698 1731/1731/1731 1732/1732/1732
f 1698/1698/1698 1732/1732/1732 1699/1699/1699
f 1699/1699/1699 1732/1732/1732 1733/1733/1733
f 1699/1699/1699 1733/1733/1733 1700/1700/1700
f 1700/1700/1700 1733/1733/1733 1734/1734/1734
f 1700/1700/1700 1734/1734/1734 1701/1701/1701
f 1701/1701/1701 1734/1734/1734 1735/1735/1735
f 1701/1701/1701 1735/1735/1735 1702/1702/1702
f 1702/1702/1702 1735/1735/1735 1736/1736/1736
f 1702/1702/1702 1736/1736/1736 1703/1703/1703
f 1703/1703/1703 1736/1736/1736 1737/1737/1737
f 1703/1703/1703 1737/1737/1737 1704/1704/1704
f 1704/1704/1704 1737/1737/1737 1738/1738/1738
f 1704/1704/1704 1738/1738/1738 1705/1705/1705
f 1705/1705/1705 1738/1738/1738 1739/1739/1739
f 1705/1705/1705 1739/1739/1739 1706/1706/1706
f 1706/1706/1706 1739/1739/1739 1740/1740/1740
f 1706/1706/1706 1740/1740/1740 1707/1707/1707
f 1707/1707/1707 1740/1740/1740 1741/1741/1741
f 1707/1707/1707 1741/1741/1741 1708/1708/1708
f 1708/1708/1708 1741/1741/1741 1742/1742/1742
f 1708/1708/1708 1742/1742/1742 1709/1709/1709
f 1709/1709/1709 1742/1742/1742 1743/1743/1743
f 1709/1709/1709 1743/1743/1743 1710/1710/1710
f 1710/1710/1710 1743/1743/1743 1744/1744/1744
f 1710/1710/1710 1744/1744/1744 1711/1711/1711
f 1711/1711/1711 1744/1744/1744 1745/1745/1745
f 1711/1711/1711 1745/1745/1745 1712/1712/1712
f 1712/1712/1712 1745/1745/1745 1746/1746/1746
f 1712/1712/1712 1746/1746/1746 1713/1713/1713
f 1713/1713/1713 1746/1746/1746 1747/1747/1747
f 1713/1713/1713 1747/1747/1747 1714/1714/1714
f 1714/1714/1714 1747/1747/1747 1748/1748/1748
f 1714/1714/1714 1748/1748/1748 1715/1715/1715
f 1715/1715/1715 1748/1748/1748 1749/1749/1749
f 1715/1715/1715 1749/1749/1749 1716/1716/1716
f 1717/1717/1717 1750/1750/1750 1751/1751/1751
f 1717/1717/1717 1751/1751/1751 1718/1718/1718
f 1718/1718/1718 1751/1751/1751 1752/1752/1752
f 1718/1718/1718 1752/1752/1752 1719/1719/1719
f 1719/1719/1719 1752/1752/1752 1753/1753/1753
f 1719/1719/1719 1753/1753/1753 1720/1720/1720
f 1720/1720/1720 1753/1753/1753 1754/1754/1754
f 1720/1720/1720 1754/1754/1754 1721/1721/1721
f 1721/1721/1721 1754/1754/1754 1755/1755/1755
f 1721/1721/1721 1755/1755/1755 1722/1722/1722
f 1722/1722/1722 1755/1755/1755 1756/1756/1756
f 1722/1722/1722 1756/1756/1756 1723/1723/1723
f 1723/1723/1723 1756/1756/1756 1757/1757/1757
f 1723/1723/1723 1757/1757/1757 1724/1724/1724
f 1724/1724/1724 1757/1757/1757 1758/1758/1758
f 1724/1724/1724 1758/1758/1758 1725/1725/1725
f 1725/1725/1725 1758/1758/1758 1759/1759/1759
f 1725/1725/1725 1759/1759/1759 1726/1726/1726
f 1726/1726/1726 1759/1759/1759 1760/1760/1760
f 1726/1726/1726 1760/1760/1760 1727/1727/1727
f 1727/1727/1727 1760/1760/1760 1761/1761/1761
f 1727/1727/1727 1761/1761/1761 1728/1728/1728
f 1728/1728/1728 1761/1761/1761 1762/1762/1762
f 1728/1728/1728 1762/1762/1762 1729/1729/1729
f 1729/1729/1729 1762/1762/1762 1763/1763/1763
f 1729/1729/1729 1763/1763/1763 1730/1730/1730
f 1730/1730/1730 1763/1763/1763 1764/1764/1764
f 1730/1730/1730 1764/1764/1764 1731/1731/1731
f 1731/1731/1731 1764/1764/1764 1765/1765/1765
f 1731/1731/1731 1765/1765/1765 1732/1732/1732
f 1732/1732/1732 1765/1765/1765 1766/1766/1766
f 1732/1732/1732 1766/1766/1766 1733/1733/1733
f 1733/1733/1733 1766/1766/1766 1767/1767/1767
f 1733/1733/1733 1767/1767/1767 1734/1734/1734
f 1734/1734/1734 1767/1767/1767 1768/1768/1768
f 1734/1734/1734 1768/1768/1768 1735/1735/1735
f 1735/1735/1735 1768/1768/1768 1769/1769/1769
f 1735/1735/1735 1769/1769/1769 1736/1736/1736
f 1736/1736/1736 1769/1769/1769 1770/1770/1770
f 1736/1736/1736 1770/1770/1770 1737/1737/1737
f 1737/1737/1737 1770/1770/1770 1771/1771/1771
f 1737/1737/1737 1771/1771/1771 1738/1738/1738
f 1738/1738/1738 1771/1771/1771 1772/1772/1772
f 1738/1738/1738 1772/1772/1772 1739/1739/1739
f 1739/1739/1739 1772/1772/1772 1773/1773/1773
f 1739/1739/1739 1773/1773/1773 1740/1740/1740
f 1740/1740/1740 1773/1773/1773 1774/1774/1774
f 1740/1740/1740 1774/1774/1774 1741/1741/1741
f 1741/1741/1741 1774/1774/1774 1775/1775/1775
f 1741/1741/1741 1775/1775/1775 1742/1742/1742
f 1742/1742/1742 1775/1775/1775 1776/1776/1776
f 1742/1742/1742 1776/1776/1776 1743/1743/1743
f 1743/1743/1743 1776/1776/1776 1777/1777/1777
f 1743/1743/1743 1777/1777/1777 1744/1744/1744
f 1744/1744/1744 1777/1777/1777 1778/1778/1778
f 1744/1744/1744 1778/1778/1778 1745/1745/1745
f 1745/1745/1745 1778/1778/1778 1779/1779/1779
f 1745/1745/1745 1779/1779/1779 1746/1746/1746
f 1746/1746/1746 1779/1779/1779 1780/1780/1780
f 1746/1746/1746 1780/1780/1780 1747/1747/1747
f 1747/1747/1747 1780/1780/1780 1781/1781/1781
f 1747/1747/1747 1781/1781/1781 1748/1748/1748
f 1748/1748/1748 1781/1781/1781 1782/1782/1782
f 1748/1748/1748 1782/1782/1782 1749/1749/1749
f 1750/1750/1750 1783/1783/1783 1784/1784/1784
f 1750/1750/1750 1784/1784/1784 1751/1751/1751
f 1751/1751/1751 1784/1784/1784 1785/1785/1785
f 1751/1751/1751 1785/1785/1785 1752/1752/1752
f 1752/1752/1752 1785/1785/1785 1786/1786/1786
f 1752/1752/1752 1786/1786/1786 1753/1753/1753
f 1753/1753/1753 1786/1786/1786 1787/1787/1787
f 1753/1753/1753 1787/1787/1787 1754/1754/1754
f 1754/1754/1754 1787/1787/1787 1788/1788/1788
f 1754/1754/1754 1788/1788/1788 1755/1755/1755
f 1755/1755/1755 1788/1788/1788 1789/1789/1789
f 1755/1755/1755 1789/1789/1789 1756/1756/1756
f 1756/1756/1756 1789/1789/1789 1790/1790/1790
f 1756/1756/1756 1790/1790/1790 1757/1757/1757
f 1757/1757/1757 1790/1790/1790 1791/1791/1791
f 1757/1757/1757 1791/1791/1791 1758/1758/1758
f 1758/1758/1758 1791/1791/1791 1792/1792/1792
f 1758/1758/1758 1792/1792/1792 1759/1759/1759
f 1759/1759/1759 1792/1792/1792 1793/1793/1793
f 1759/1759/1759 1793/1793/1793 1760/1760/1760
f 1760/1760/1760 1793/1793/1793 1794/1794/1794
f 1760/1760/1760 1794/1794/1794 1761/1761/1761
f 1761/1761/1761 1794/1794/1794 1795/1795/1795
f 1761/1761/1761 1795/1795/1795 1762/1762/1762
f 1762/1762/1762 1795/1795/1795 1796/1796/1796
f 1762/1762/1762 1796/1796/1796 1763/1763/1763
f 1763/1763/1763 1796/1796/1796 1797/1797/1797
f 1763/1763/1763 1797/1797/1797 1764/1764/1764
f 1764/1764/1764 1797/1797/1797 1798/1798/1798
f 1764/1764/1764 1798/1798/1798 1765/1765/1765
f 1765/1765/1765 1798/1798/1798 1799/1799/1799
f 1765/1765/1765 1799/1799/1799 1766/1766/1766
f 1766/1766/1766 1799/1799/1799 1800/1800/1800
f 1766/1766/1766 1800/1800/1800 1767/1767/1767
f 1767/1767/1767 1800/1800/1800 1801/1801/1801
f 1767/1767/1767 1801/1801/1801 1768/1768/1768
f 1768/1768/1768 1801/1801/1801 1802/1802/1802
f 1768/1768/1768 1802/1802/1802 1769/1769/1769
f 1769/1769/1769 1802/1802/1802 1803/1803/1803
f 1769/1769/1769 1803/1803/1803 1770/1770/1770
f 1770/1770/1770 1803/1803/1803 1804/1804/1804
f 1770/1770/1770 1804/1804/1804 1771/1771/1771
f 1771/1771/1771 1804/1804/1804 1805/1805/1805
f 1771/1771/1771 1805/1805/1805 1772/1772/1772
f 1772/1772/1772 1805/1805/1805 1806/1806/1806
f 1772/1772/1772 1806/1806/1806 1773/1773/1773
f 1773/1773/1773 1806/1806/1806 1807/1807/1807
f 1773/1773/1773 1807/1807/1807 1774/1774/1774
f 1774/1774/1774 1807/1807/1807 1808/1808/1808
f 1774/1774/1774 1808/1808/1808 1775/1775/1775
f 1775/1775/1775 1808/1808/1808 1809/1809/1809
f 1775/1775/1775 1809/1809/1809 1776/1776/1776
f 1776/1776/1776 1809/1809/1809 1810/1810/1810
f 1776/1776/1776 1810/1810/1810 1777/1777/1777
f 1777/1777/1777 1810/1810/1810 1811/1811/1811
f 1777/1777/1777 1811/1811/1811 1778/1778/1778
f 1778/1778/1778 1811/1811/1811 1812/1812/1812
f 1778/1778/1778 1812/1812/1812 1779/1779/1779
f 1779/1779/1779 1812/1812/1812 1813/1813/1813
f 1779/1779/1779 1813/1813/1813 1780/1780/1780
f 1780/1780/1780 1813/1813/1813 1814/1814/1814
f 1780/1780/1780 1814/1814/1814 1781/1781/1781
f 1781/1781/1781 1814/1814/1814 1815/1815/1815
f 1781/1781/1781 1815/1815/1815 1782/1782/1782
f 1783/1783/1783 1816/1816/1816 1817/1817/1817
f 1783/1783/1783 1817/1817/1817 1784/1784/1784
f 1784/1784/1784 1817/1817/1817 1818/1818/1818
f 1784/1784/1784 1818/1818/1818 1785/1785/1785
f 1785/1785/1785 1818/1818/1818 1819/1819/1819
f 1785/1785/1785 1819/1819/1819 1786/1786/1786
f 1786/1786/1786 1819/1819/1819 1820/1820/1820
f 1786/1786/1786 1820/1820/1820 1787/1787/1787
f 1787/1787/1787 1820/1820/1820 1821/1821/1821
f 1787/1787/1787 1821/1821/1821 1788/1788/1788
f 1788/1788/1788 1821/1821/1821 1822/1822/1822
f 1788/1788/1788 1822/1822/1822 1789/1789/1789
f 1789/1789/1789 1822/1822/1822 1823/1823/1823
f 1789/1789/1789 1823/1823/1823 1790/1790/1790
f 1790/1790/1790 1823/1823/1823 1824/1824/1824
f 1790/1790/1790 1824/1824/1824 1791/1791/1791
f 1791/1791/1791 1824/1824/1824 1825/1825/1825
f 1791/1791/1791 1825/1825/1825 1792/1792/1792
f 1792/1792/1792 1825/1825/1825 1826/1826/1826
f 1792/1792/1792 1826/1826/1826 1793/1793/1793
f 1793/1793/1793 1826/1826/1826 1827/1827/1827
f 1793/1793/1793 1827/1827/1827 1794/1794/1794
f 1794/1794/1794 1827/1827/1827 1828/1828/1828
f 1794/1794/1794 1828/1828/1828 1795/1795/1795
f 1795/1795/1795 1828/1828/1828 1829/1829/1829
f 1795/1795/1795 1829/1829/1829 1796/1796/1796
f 1796/1796/1796 1829/1829/1829 1830/1830/1830
f 1796/1796/1796 1830/1830/1830 1797/1797/1797
f 1797/1797/1797 1830/1830/1830 1831/1831/1831
f 1797/1797/1797 1831/1831/1831 1798/1798/1798
f 1798/1798/1798 1831/1831/1831 1832/1832/1832
f 1798/1798/1798 1832/1832/1832 1799/1799/1799
f 1799/1799/1799 1832/1832/1832 1833/1833/1833
f 1799/1799/1799 1833/1833/1833 1800/1800/1800
f 1800/1800/1800 1833/1833/1833 1834/1834/1834
f 1800/1800/1800 1834/1834/1834 1801/1801/1801
f 1801/1801/1801 1834/1834/1834 1835/1835/1835
f 1801/1801/1801 1835/1835/1835 1802/1802/1802
f 1802/1802/1802 1835/1835/1835 1836/1836/1836
f 1802/1802/1802 1836/1836/1836 1803/1803/1803
f 1803/1803/1803 1836/1836/1836 1837/1837/1837
f 1803/1803/1803 1837/1837/1837 1804/1804/1804
f 1804/1804/1804 1837/1837/1837 1838/1838/1838
f 1804/1804/1804 1838/1838/1838 1805/1805/1805
f 1805/1805/1805 1838/1838/1838 1839/1839/1839
f 1805/1805/1805 1839/1839/1839 1806/1806/1806
f 1806/1806/1806 1839/1839/1839 1840/1840/1840
f 1806/1806/1806 1840/1840/1840 1807/1807/1807
f 1807/1807/1807 1840/1840/1840 1841/1841/1841
f 1807/1807/1807 1841/1841/1841 1808/1808/1808
f 1808/1808/1808 1841/1841/1841 1842/1842/1842
f 1808/1808/1808 1842/1842/1842 1809/1809/1809
f 1809/1809/1809 1842/1842/1842 1843/1843/1843
f 1809/1809/1809 1843/1843/1843 1810/1810/1810
f 1810/1810/1810 1843/1843/1843 1844/1844/1844
f 1810/1810/1810 1844/1844/1844 1811/1811/1811
f 1811/1811/1811 1844/1844/1844 1845/1845/1845
f 1811/1811/1811 1845/1845/1845 1812/1812/1812
f 1812/1812/1812 1845/1845/1845 1846/1846/1846
f 1812/1812/1812 1846/1846/1846 1813/1813/1813
f 1813/1813/1813 1846/1846/1846 1847/1847/1847
f 1813/1813/1813 1847/1847/1847 1814/1814/1814
f 1814/1814/1814 1847/1847/1847 1848/1848/1848
f 1814/1814/1814 1848/1848/1848 1815/1815/1815
f 1816/1816/1816 1849/1849/1849 1850/1850/1850
f 1816/1816/1816 1850/1850/1850 1817/1817/1817
f 1817/1817/1817 1850/1850/1850 1851/1851/1851
f 1817/1817/1817 1851/1851/1851 1818/1818/1818
f 1818/1818/1818 1851/1851/1851 1852/1852/1852
f 1818/1818/1818 1852/1852/1852 1819/1819/1819
f 1819/1819/1819 1852/1852/1852 1853/1853/1853
f 1819/1819/1819 1853/1853/1853 1820/1820/1820
f 1820/1820/1820 1853/1853/1853 1854/1854/1854
f 1820/1820/1820 1854/1854/1854 1821/1821/1821
f 1821/1821/1821 1854/1854/1854 1855/1855/1855
f 1821/1821/1821 1855/1855/1855 1822/1822/1822
f 1822/1822/1822 1855/1855/1855 1856/1856/1856
f 1822/1822/1822 1856/1856/1856 1823/1823/1823
f 1823/1823/1823 1856/1856/1856 1857/1857/1857
f 1823/1823/1823 1857/1857/1857 1824/1824/1824
f 1824/1824/1824 1857/1857/1857 1858/1858/1858
f 1824/1824/1824 1858/1858/1858 1825/1825/1825
f 1825/1825/1825 1858/1858/1858 1859/1859/1859
f 1825/1825/1825 1859/1859/1859 1826/1826/1826
f 1826/1826/1826 1859/1859/1859 1860/1860/1860
f 1826/1826/1826 1860/1860/1860 1827/1827/1827
f 1827/1827/1827 1860/1860/1860 1861/1861/1861
f 1827/1827/1827 1861/1861/1861 1828/1828/1828
f 1828/1828/1828 1861/1861/1861 1862/1862/1862
f 1828/1828/1828 1862/1862/1862 1829/1829/1829
f 1829/1829/1829 1862/1862/1862 1863/1863/1863
f 1829/1829/1829 1863/1863/1863 1830/1830/1830
f 1830/1830/1830 1863/1863/1863 1864/1864/1864
f 1830/1830/1830 1864/1864/1864 1831/1831/1831
f 1831/1831/1831 1864/1864/1864 1865/1865/1865
f 1831/1831/1831 1865/1865/1865 1832/1832/1832
f 1832/1832/1832 1865/1865/1865 1866/1866/1866
f 1832/1832/1832 1866/1866/1866 1833/1833/1833
f 1833/1833/1833 1866/1866/1866 1867/1867/1867
f 1833/1833/1833 1867/1867/1867 1834/1834/1834
f 1834/1834/1834 1867/1867/1867 1868/1868/1868
f 1834/1834/1834 1868/1868/1868 1835/1835/1835
f 1835/1835/1835 1868/1868/1868 1869/1869/1869
f 1835/1835/1835 1869/1869/1869 1836/1836/1836
f 1836/1836/1836 1869/1869/1869 1870/1870/1870
f 1836/1836/1836 1870/1870/1870 1837/1837/1837
f 1837/1837/1837 1870/1870/1870 1871/1871/1871
f 1837/1837/1837 1871/1871/1871 1838/1838/1838
f 1838/1838/1838 1871/1871/1871 1872/1872/1872
f 1838/1838/1838 1872/1872/1872 1839/1839/1839
f 1839/1839/1839 1872/1872/1872 1873/1873/1873
f 1839/1839/1839 1873/1873/1873 1840/1840/1840
f 1840/1840/1840 1873/1873/1873 1874/1874/1874
f 1840/1840/1840 1874/1874/1874 1841/1841/1841
f 1841/1841/1841 1874/1874/1874 1875/1875/1875
f 1841/1841/1841 1875/1875/1875 1842/1842/1842
f 1842/1842/1842 1875/1875/1875 1876/1876/1876
f 1842/1842/1842 1876/1876/1876 1843/1843/1843
f 1843/1843/1843 1876/1876/1876 1877/1877/1877
f 1843/1843/1843 1877/1877/1877 1844/1844/1844
f 1844/1844/1844 1877/1877/1877 1878/1878/1878
f 1844/1844/1844 1878/1878/1878 1845/1845/1845
f 1845/1845/1845 1878/1878/1878 1879/1879/1879
f 1845/1845/1845 1879/1879/1879 1846/1846/1846
f 1846/1846/1846 1879/1879/1879 1880/1880/1880
f 1846/1846/1846 1880/1880/1880 1847/1847/1847
f 1847/1847/1847 1880/1880/1880 1881/1881/1881
f 1847/1847/1847 1881/1881/1881 1848/1848/1848
f 1849/1849/1849 1882/1882/1882 1883/1883/1883
f 1849/1849/1849 1883/1883/1883 1850/1850/1850
f 1850/1850/1850 1883/1883/1883 1884/1884/1884
f 1850/1850/1850 1884/1884/1884 1851/1851/1851
f 1851/1851/1851 1884/1884/1884 1885/1885/1885
f 1851/1851/1851 1885/1885/1885 1852/1852/1852
f 1852/1852/1852 1885/1885/1885 1886/1886/1886
f 1852/1852/1852 1886/1886/1886 1853/1853/1853
f 1853/1853/1853 1886/1886/1886 1887/1887/1887
f 1853/1853/1853 1887/1887/1887 1854/1854/1854
f 1854/1854/1854 1887/1887/1887 1888/1888/1888
f 1854/1854/1854 1888/1888/1888 1855/1855/1855
f 1855/1855/1855 1888/1888/1888 1889/1889/1889
f 1855/1855/1855 1889/1889/1889 1856/1856/1856
f 1856/1856/1856 1889/1889/1889 1890/1890/1890
f 1856/1856/1856 1890/1890/1890 1857/1857/1857
f 1857/1857/1857 1890/1890/1890 1891/1891/1891
f 1857/1857/1857 1891/1891/1891 1858/1858/1858
f 1858/1858/1858 1891/1891/1891 1892/1892/1892
f 1858/1858/1858 1892/1892/1892 1859/1859/1859
f 1859/1859/1859 1892/1892/1892 1893/1893/1893
f 1859/1859/1859 1893/1893/1893 1860/1860/1860
f 1860/1860/1860 1893/1893/1893 1894/1894/1894
f 1860/1860/1860 1894/1894/1894 1861/1861/1861
f 1861/1861/1861 1894/1894/1894 1895/1895/1895
f 1861/1861/1861 1895/1895/1895 1862/1862/1862
f 1862/1862/1862 1895/1895/1895 1896/1896/1896
f 1862/1862/1862 1896/1896/1896 1863/1863/1863
f 1863/1863/1863 1896/1896/1896 1897/1897/1897
f 1863/1863/1863 1897/1897/1897 1864/1864/1864
f 1864/1864/1864 1897/1897/1897 1898/1898/1898
f 1864/1864/1864 1898/1898/1898 1865/1865/1865
f 1865/1865/1865 1898/1898/1898 1899/1899/1899
f 1865/1865/1865 1899/1899/1899 1866/1866/1866
f 1866/1866/1866 1899/1899/1899 1900/1900/1900
f 1866/1866/1866 1900/1900/1900 1867/1867/1867
f 1867/1867/1867 1900/1900/1900 1901/1901/1901
f 1867/1867/1867 1901/1901/1901 1868/1868/1868
f 1868/1868/1868 1901/1901/1901 1902/1902/1902
f 1868/1868/1868 1902/1902/1902 1869/1869/1869
f 1869/1869/1869 1902/1902/1902 1903/1903/1903
f 1869/1869/1869 1903/1903/1903 1870/1870/1870
f 1870/1870/1870 1903/1903/1903 1904/1904/1904
f 1870/1870/1870 1904/1904/1904 1871/1871/1871
f 1871/1871/1871 1904/1904/1904 1905/1905/1905
f 1871/1871/1871 1905/1905/1905 1872/1872/1872
f 1872/1872/1872 1905/1905/1905 1906/1906/1906
f 1872/1872/1872 1906/1906/1906 1873/1873/1873
f 1873/1873/1873 1906/1906/1906 1907/1907/1907
f 1873/1873/1873 1907/1907/1907 1874/1874/1874
f 1874/1874/1874 1907/1907/1907 1908/1908/1908
f 1874/1874/1874 1908/1908/1908 1875/1875/1875
f 1875/1875/1875 1908/1908/1908 1909/1909/1909
f 1875/1875/1875 1909/1909/1909 1876/1876/1876
f 1876/1876/1876 1909/1909/1909 1910/1910/1910
f 1876/1876/1876 1910/1910/1910 1877/1877/1877
f 1877/1877/1877 1910/1910/1910 1911/1911/1911
f 1877/1877/1877 1911/1911/1911 1878/1878/1878
f 1878/1878/1878 1911/1911/1911 1912/1912/1912
f 1878/1878/1878 1912/1912/1912 1879/1879/1879
f 1879/1879/1879 1912/1912/1912 1913/1913/1913
f 1879/1879/1879 1913/1913/1913 1880/1880/1880
f 1880/1880/1880 1913/1913/1913 1914/1914/1914
f 1880/1880/1880 1914/1914/1914 1881/1881/1881
f 1882/1882/1882 1915/1915/1915 1916/1916/1916
f 1882/1882/1882 1916/1916/1916 1883/1883/1883
f 1883/1883/1883 1916/1916/1916 1917/1917/1917
f 1883/1883/1883 1917/1917/1917 1884/1884/1884
f 1884/1884/1884 1917/1917/1917 1918/1918/1918
f 1884/1884/1884 1918/1918/1918 1885/1885/1885
f 1885/1885/1885 1918/1918/1918 1919/1919/1919
f 1885/1885/1885 1919/1919/1919 1886/1886/1886
f 1886/1886/1886 1919/1919/1919 1920/1920/1920
f 1886/1886/1886 1920/1920/1920 1887/1887/1887
f 1887/1887/1887 1920/1920/1920 1921/1921/1921
f 1887/1887/1887 1921/1921/1921 1888/1888/1888
f 1888/1888/1888 1921/1921/1921 1922/1922/1922
f 1888/1888/1888 1922/1922/1922 1889/1889/1889
f 1889/1889/1889 1922/1922/1922 1923/1923/1923
f 1889/1889/1889 1923/1923/1923 1890/1890/1890
f 1890/1890/1890 1923/1923/1923 1924/1924/1924
f 1890/1890/1890 1924/1924/1924 1891/1891/1891
f 1891/1891/1891 1924/1924/1924 1925/1925/1925
f 1891/1891/1891 1925/1925/1925 1892/1892/1892
f 1892/1892/1892 1925/1925/1925 1926/1926/1926
f 1892/1892/1892 1926/1926/1926 1893/1893/1893
f 1893/1893/1893 1926/1926/1926 1927/1927/1927
f 1893/1893/1893 1927/1927/1927 1894/1894/1894
f 1894/1894/1894 1927/1927/1927 1928/1928/1928
f 1894/1894/1894 1928/1928/1928 1895/1895/1895
f 1895/1895/1895 1928/1928/1928 1929/1929/1929
f 1895/1895/1895 1929/1929/1929 1896/1896/1896
f 1896/1896/1896 1929/1929/1929 1930/1930/1930
f 1896/1896/1896 1930/1930/1930 1897/1897/1897
f 1897/1897/1897 1930/1930/1930 1931/1931/1931
f 1897/1897/1897 1931/1931/1931 1898/1898/1898
f 1898/1898/1898 1931/1931/1931 1932/1932/1932
f 1898/1898/1898 1932/1932/1932 1899/1899/1899
f 1899/1899/1899 1932/1932/1932 1933/1933/1933
f 1899/1899/1899 1933/1933/1933 1900/1900/1900
f 1900/1900/1900 1933/1933/1933 1934/1934/1934
f 1900/1900/1900 1934/1934/1934 1901/1901/1901
f 1901/1901/1901 1934/1934/1934 1935/1935/1935
f 1901/1901/1901 1935/1935/1935 1902/1902/1902
f 1902/1902/1902 1935/1935/1935 1936/1936/1936
f 1902/1902/1902 1936/1936/1936 1903/1903/1903
f 1903/1903/1903 1936/1936/1936 1937/1937/1937
f 1903/1903/1903 1937/1937/1937 1904/1904/1904
f 1904/1904/1904 1937/1937/1937 1938/1938/1938
f 1904/1904/1904 1938/1938/1938 1905/1905/1905
f 1905/1905/1905 1938/1938/1938 1939/1939/1939
f 1905/1905/1905 1939/1939/1939 1906/1906/1906
f 1906/1906/1906 1939/1939/1939 1940/1940/1940
f 1906/1906/1906 1940/1940/1940 1907/1907/1907
f 1907/1907/1907 1940/1940/1940 1941/1941/1941
f 1907/1907/1907 1941/1941/1941 1908/1908/1908
f 1908/1908/1908 1941/1941/1941 1942/1942/1942
f 1908/1908/1908 1942/1942/1942 1909/1909/1909
f 1909/1909/1909 1942/1942/1942 1943/1943/1943
f 1909/1909/1909 1943/1943/1943 1910/1910/1910
f 1910/1910/1910 1943/1943/1943 1944/1944/1944
f 1910/1910/1910 1944/1944/1944 1911/1911/1911
f 1911/1911/1911 1944/1944/1944 1945/1945/1945
f 1911/1911/1911 1945/1945/1945 1912/1912/1912
f 1912/1912/1912 1945/1945/1945 1946/1946/1946
f 1912/1912/1912 1946/1946/1946 1913/1913/1913
f 1913/1913/1913 1946/1946/1946 1947/1947/1947
f 1913/1913/1913 1947/1947/1947 1914/1914/1914
f 1915/1915/1915 1948/1948/1948 1949/1949/1949
f 1915/1915/1915 1949/1949/1949 1916/1916/1916
f 1916/1916/1916 1949/1949/1949 1950/1950/1950
f 1916/1916/1916 1950/1950/1950 1917/1917/1917
f 1917/1917/1917 1950/1950/1950 1951/1951/1951
f 1917/1917/1917 1951/1951/1951 1918/1918/1918
f 1918/1918/1918 1951/1951/1951 1952/1952/1952
f 1918/1918/1918 1952/1952/1952 1919/1919/1919
f 1919/1919/1919 1952/1952/1952 1953/1953/1953
f 1919/1919/1919 1953/1953/1953 1920/1920/1920
f 1920/1920/1920 1953/1953/1953 1954/1954/1954
f 1920/1920/1920 1954/1954/1954 1921/1921/1921
f 1921/1921/1921 1954/1954/1954 1955/1955/1955
f 1921/1921/1921 1955/1955/1955 1922/1922/1922
f 1922/1922/1922 1955/1955/1955 1956/1956/1956
f 1922/1922/1922 1956/1956/1956 1923/1923/1923
f 1923/1923/1923 1956/1956/1956 1957/1957/1957
f 1923/1923/1923 1957/1957/1957 1924/1924/1924
f 1924/1924/1924 1957/1957/1957 1958/1958/1958
f 1924/1924/1924 1958/1958/1958 1925/1925/1925
f 1925/1925/1925 1958/1958/1958 1959/1959/1959
f 1925/1925/1925 1959/1959/1959 1926/1926/1926
f 1926/1926/1926 1959/1959/1959 1960/1960/1960
f 1926/1926/1926 1960/1960/1960 1927/1927/1927
f 1927/1927/1927 1960/1960/1960 1961/1961/1961
f 1927/1927/1927 1961/1961/1961 1928/1928/1928
f 1928/1928/1928 1961/1961/1961 1962/1962/1962
f 1928/1928/1928 1962/1962/1962 1929/1929/1929
f 1929/1929/1929 1962/1962/1962 1963/1963/1963
f 1929/1929/1929 1963/1963/1963 1930/1930/1930
f 1930/1930/1930 1963/1963/1963 1964/1964/1964
f 1930/1930/1930 1964/1964/1964 1931/1931/1931
f 1931/1931/1931 1964/1964/1964 1965/1965/1965
f 1931/1931/1931 1965/1965/1965 1932/1932/1932
f 1932/1932/1932 1965/1965/1965 1966/1966/1966
f 1932/1932/1932 1966/1966/1966 1933/1933/1933
f 1933/1933/1933 1966/1966/1966 1967/1967/1967
f 1933/1933/1933 1967/1967/1967 1934/1934/1934
f 1934/1934/1934 1967/1967/1967 1968/1968/1968
f 1934/1934/1934 1968/1968/1968 1935/1935/1935
f 1935/1935/1935 1968/1968/1968 1969/1969/1969
f 1935/1935/1935 1969/1969/1969 1936/1936/1936
f 1936/1936/1936 1969/1969/1969 1970/1970/1970
f 1936/1936/1936 1970/1970/1970 1937/1937/1937
f 1937/1937/1937 1970/1970/1970 1971/1971/1971
f 1937/1937/1937 1971/1971/1971 1938/1938/1938
f 1938/1938/1938 1971/1971/1971 1972/1972/1972
f 1938/1938/1938 1972/1972/1972 1939/1939/1939
f 1939/1939/1939 1972/1972/1972 1973/1973/1973
f 1939/1939/1939 1973/1973/1973 1940/1940/1940
f 1940/1940/1940 1973/1973/1973 1974/1974/1974
f 1940/1940/1940 1974/1974/1974 1941/1941/1941
f 1941/1941/1941 1974/1974/1974 1975/1975/1975
f 1941/1941/1941 1975/1975/1975 1942/1942/1942
f 1942/1942/1942 1975/1975/1975 1976/1976/1976
f 1942/1942/1942 1976/1976/1976 1943/1943/1943
f 1943/1943/1943 1976/1976/1976 1977/1977/1977
f 1943/1943/1943 1977/1977/1977 1944/1944/1944
f 1944/1944/1944 1977/1977/1977 1978/1978/1978
f 1944/1944/1944 1978/1978/1978 1945/1945/1945
f 1945/1945/1945 1978/1978/1978 1979/1979/1979
f 1945/1945/1945 1979/1979/1979 1946/1946/1946
f 1946/1946/1946 1979/1979/1979 1980/1980/1980
f 1946/1946/1946 1980/1980/1980 1947/1947/1947
f 1948/1948/1948 1981/1981/1981 1982/1982/1982
f 1948/1948/1948 1982/1982/1982 1949/1949/1949
f 1949/1949/1949 1982/1982/1982 1983/1983/1983
f 1949/1949/1949 1983/1983/1983 1950/1950/1950
f 1950/1950/1950 1983/1983/1983 1984/1984/1984
f 1950/1950/1950 1984/1984/1984 1951/1951/1951
f 1951/1951/1951 1984/1984/1984 1985/1985/1985
f 1951/1951/1951 1985/1985/1985 1952/1952/1952
f 1952/1952/1952 1985/1985/1985 1986/1986/1986
f 1952/1952/1952 1986/1986/1986 1953/1953/1953
f 1953/1953/1953 1986/1986/1986 1987/1987/1987
f 1953/1953/1953 1987/1987/1987 1954/1954/1954
f 1954/1954/1954 1987/1987/1987 1988/1988/1988
f 1954/1954/1954 1988/1988/1988 1955/1955/1955
f 1955/1955/1955 1988/1988/1988 1989/1989/1989
f 1955/1955/1955 1989/1989/1989 1956/1956/1956
f 1956/1956/1956 1989/1989/1989 1990/1990/1990
f 1956/1956/1956 1990/1990/1990 1957/1957/1957
f 1957/1957/1957 1990/1990/1990 1991/1991/1991
f 1957/1957/1957 1991/1991/1991 1958/1958/1958
f 1958/1958/1958 1991/1991/1991 1992/1992/1992
f 1958/1958/1958 1992/1992/1992 1959/1959/1959
f 1959/1959/1959 1992/1992/1992 1993/1993/1993
f 1959/1959/1959 1993/1993/1993 1960/1960/1960
f 1960/1960/1960 1993/1993/1993 1994/1994/1994
f 1960/1960/1960 1994/1994/1994 1961/1961/1961
f 1961/1961/1961 1994/1994/1994 1995/1995/1995
f 1961/1961/1961 1995/1995/1995 1962/1962/1962
f 1962/1962/1962 1995/1995/1995 1996/1996/1996
f 1962/1962/1962 1996/1996/1996 1963/1963/1963
f 1963/1963/1963 1996/1996/1996 1997/1997/1997
f 1963/1963/1963 1997/1997/1997 1964/1964/1964
f 1964/1964/1964 1997/1997/1997 1998/1998/1998
f 1964/1964/1964 1998/1998/1998 1965/1965/1965
f 1965/1965/1965 1998/1998/1998 1999/1999/1999
f 1965/1965/1965 1999/1999/1999 1966/1966/1966
f 1966/1966/1966 1999/1999/1999 2000/2000/2000
f 1966/1966/1966 2000/2000/2000 1967/1967/1967
f 1967/1967/1967 2000/2000/2000 2001/2001/2001
f 1967/1967/1967 2001/2001/2001 1968/1968/1968
f 1968/1968/1968 2001/2001/2001 2002/2002/2002
f 1968/1968/1968 2002/2002/2002 1969/1969/1969
f 1969/1969/1969 2002/2002/2002 2003/2003/2003
f 1969/1969/1969 2003/2003/2003 1970/1970/1970
f 1970/1970/1970 2003/2003/2003 2004/2004/2004
f 1970/1970/1970 2004/2004/2004 1971/1971/1971
f 1971/1971/1971 2004/2004/2004 2005/2005/2005
f 1971/1971/1971 2005/2005/2005 1972/1972/1972
f 1972/1972/1972 2005/2005/2005 2006/2006/2006
f 1972/1972/1972 2006/2006/2006 1973/1973/1973
f 1973/1973/1973 2006/2006/2006 2007/2007/2007
f 1973/1973/1973 2007/2007/2007 1974/1974/1974
f 1974/1974/1974 2007/2007/2007 2008/2008/2008
f 1974/1974/1974 2008/2008/2008 1975/1975/1975
f 1975/1975/1975 2008/2008/2008 2009/2009/2009
f 1975/1975/1975 2009/2009/2009 1976/1976/1976
f 1976/1976/1976 2009/2009/2009 2010/2010/2010
f 1976/1976/1976 2010/2010/2010 1977/1977/1977
f 1977/1977/1977 2010/2010/2010 2011/2011/2011
f 1977/1977/1977 2011/2011/2011 1978/1978/1978
f 1978/1978/1978 2011/2011/2011 2012/2012/2012
f 1978/1978/1978 2012/2012/2012 1979/1979/1979
f 1979/1979/1979 2012/2012/2012 2013/2013/2013
f 1979/1979/1979 2013/2013/2013 1980/1980/1980
f 1981/1981/1981 2014/2014/2014 2015/2015/2015
f 1981/1981/1981 2015/2015/2015 1982/1982/1982
f 1982/1982/1982 2015/2015/2015 2016/2016/2016
f 1982/1982/1982 2016/2016/2016 1983/1983/1983
f 1983/1983/1983 2016/2016/2016 2017/2017/2017
f 1983/1983/1983 2017/2017/2017 1984/1984/1984
f 1984/1984/1984 2017/2017/2017 2018/2018/2018
f 1984/1984/1984 2018/2018/2018 1985/1985/1985
f 1985/1985/1985 2018/2018/2018 2019/2019/2019
f 1985/1985/1985 2019/2019/2019 1986/1986/1986
f 1986/1986/1986 2019/2019/2019 2020/2020/2020
f 1986/1986/1986 2020/2020/2020 1987/1987/1987
f 1987/1987/1987 2020/2020/2020 2021/2021/2021
f 1987/1987/1987 2021/2021/2021 1988/1988/1988
f 1988/1988/1988 2021/2021/2021 2022/2022/2022
f 1988/1988/1988 2022/2022/2022 1989/1989/1989
f 1989/1989/1989 2022/2022/2022 2023/2023/2023
f 1989/1989/1989 2023/2023/2023 1990/1990/1990
f 1990/1990/1990 2023/2023/2023 2024/2024/2024
f 1990/1990/1990 2024/2024/2024 1991/1991/1991
f 1991/1991/1991 2024/2024/2024 2025/2025/2025
f 1991/1991/1991 2025/2025/2025 1992/1992/1992
f 1992/1992/1992 2025/2025/2025 2026/2026/2026
f 1992/1992/1992 2026/2026/2026 1993/1993/1993
f 1993/1993/1993 2026/2026/2026 2027/2027/2027
f 1993/1993/1993 2027/2027/2027 1994/1994/1994
f 1994/1994/1994 2027/2027/2027 2028/2028/2028
f 1994/1994/1994 2028/2028/2028 1995/1995/1995
f 1995/1995/1995 2028/2028/2028 2029/2029/2029
f 1995/1995/1995 2029/2029/2029 1996/1996/1996
f 1996/1996/1996 2029/2029/2029 2030/2030/2030
f 1996/1996/1996 2030/2030/2030 1997/1997/1997
f 1997/1997/1997 2030/2030/2030 2031/2031/2031
f 1997/1997/1997 2031/2031/2031 1998/1998/1998
f 1998/1998/1998 2031/2031/2031 2032/2032/2032
f 1998/1998/1998 2032/2032/2032 1999/1999/1999
f 1999/1999/1999 2032/2032/2032 2033/2033/2033
f 1999/1999/1999 2033/2033/2033 2000/2000/2000
f 2000/2000/2000 2033/2033/2033 2034/2034/2034
f 2000/2000/2000 2034/2034/2034 2001/2001/2001
f 2001/2001/2001 2034/2034/2034 2035/2035/2035
f 2001/2001/2001 2035/2035/2035 2002/2002/2002
f 2002/2002/2002 2035/2035/2035 2036/2036/2036
f 2002/2002/2002 2036/2036/2036 2003/2003/2003
f 2003/2003/2003 2036/2036/2036 2037/2037/2037
f 2003/2003/2003 2037/2037/2037 2004/2004/2004
f 2004/2004/2004 2037/2037/2037 2038/2038/2038
f 2004/2004/2004 2038/2038/2038 2005/2005/2005
f 2005/2005/2005 2038/2038/2038 2039/2039/2039
f 2005/2005/2005 2039/2039/2039 2006/2006/2006
f 2006/2006/2006 2039/2039/2039 2040/2040/2040
f 2006/2006/2006 2040/2040/2040 2007/2007/2007
f 2007/2007/2007 2040/2040/2040 2041/2041/2041
f 2007/2007/2007 2041/2041/2041 2008/2008/2008
f 2008/2008/2008 2041/2041/2041 2042/2042/2042
f 2008/2008/2008 2042/2042/2042 2009/2009/2009
f 2009/2009/2009 2042/2042/2042 2043/2043/2043
f 2009/2009/2009 2043/2043/2043 2010/2010/2010
f 2010/2010/2010 2043/2043/2043 2044/2044/2044
f 2010/2010/2010 2044/2044/2044 2011/2011/2011
f 2011/2011/2011 2044/2044/2044 2045/2045/2045
f 2011/2011/2011 2045/2045/2045 2012/2012/2012
f 2012/2012/2012 2045/2045/2045 2046/2046/2046
f 2012/2012/2012 2046/2046/2046 2013/2013/2013
f 2014/2014/2014 2047/2047/2047 2048/2048/2048
f 2014/2014/2014 2048/2048/2048 2015/2015/2015
f 2015/2015/2015 2048/2048/2048 2049/2049/2049
f 2015/2015/2015 2049/2049/2049 2016/2016/2016
f 2016/2016/2016 2049/2049/2049 2050/2050/2050
f 2016/2016/2016 2050/2050/2050 2017/2017/2017
f 2017/2017/2017 2050/2050/2050 2051/2051/2051
f 2017/2017/2017 2051/2051/2051 2018/2018/2018
f 2018/2018/2018 2051/2051/2051 2052/2052/2052
f 2018/2018/2018 2052/2052/2052 2019/2019/2019
f 2019/2019/2019 2052/2052/2052 2053/2053/2053
f 2019/2019/2019 2053/2053/2053 2020/2020/2020
f 2020/2020/2020 2053/2053/2053 2054/2054/2054
f 2020/2020/2020 2054/2054/2054 2021/2021/2021
f 2021/2021/2021 2054/2054/2054 2055/2055/2055
f 2021/2021/2021 2055/2055/2055 2022/2022/2022
f 2022/2022/2022 2055/2055/2055 2056/2056/2056
f 2022/2022/2022 2056/2056/2056 2023/2023/2023
f 2023/2023/2023 2056/2056/2056 2057/2057/2057
f 2023/2023/2023 2057/2057/2057 2024/2024/2024
f 2024/2024/2024 2057/2057/2057 2058/2058/2058
f 2024/2024/2024 2058/2058/2058 2025/2025/2025
f 2025/2025/2025 2058/2058/2058 2059/2059/2059
f 2025/2025/2025 2059/2059/2059 2026/2026/2026
f 2026/2026/2026 2059/2059/2059 2060/2060/2060
f 2026/2026/2026 2060/2060/2060 2027/2027/2027
f 2027/2027/2027 2060/2060/2060 2061/2061/2061
f 2027/2027/2027 2061/2061/2061 2028/2028/2028
f 2028/2028/2028 2061/2061/2061 2062/2062/2062
f 2028/2028/2028 2062/2062/2062 2029/2029/2029
f 2029/2029/2029 2062/2062/2062 2063/2063/2063
f 2029/2029/2029 2063/2063/2063 2030/2030/2030
f 2030/2030/2030 2063/2063/2063 2064/2064/2064
f 2030/2030/2030 2064/2064/2064 2031/2031/2031
f 2031/2031/2031 2064/2064/2064 2065/2065/2065
f 2031/2031/2031 2065/2065/2065 2032/2032/2032
f 2032/2032/2032 2065/2065/2065 2066/2066/2066
f 2032/2032/2032 2066/2066/2066 2033/2033/2033
f 2033/2033/2033 2066/2066/2066 2067/2067/2067
f 2033/2033/2033 2067/2067/2067 2034/2034/2034
f 2034/2034/2034 2067/2067/2067 2068/2068/2068
f 2034/2034/2034 2068/2068/2068 2035/2035/2035
f 2035/2035/2035 2068/2068/2068 2069/2069/2069
f 2035/2035/2035 2069/2069/2069 2036/2036/2036
f 2036/2036/2036 2069/2069/2069 2070/2070/2070
f 2036/2036/2036 2070/2070/2070 2037/2037/2037
f 2037/2037/2037 2070/2070/2070 2071/2071/2071
f 2037/2037/2037 2071/2071/2071 2038/2038/2038
f 2038/2038/2038 2071/2071/2071 2072/2072/2072
f 2038/2038/2038 2072/2072/2072 2039/2039/2039
f 2039/2039/2039 2072/2072/2072 2073/2073/2073
f 2039/2039/2039 2073/2073/2073 2040/2040/2040
f 2040/2040/2040 2073/2073/2073 2074/2074/2074
f 2040/2040/2040 2074/2074/2074 2041/2041/2041
f 2041/2041/2041 2074/2074/2074 2075/2075/2075
f 2041/2041/2041 2075/2075/2075 2042/2042/2042
f 2042/2042/2042 2075/2075/2075 2076/2076/2076
f 2042/2042/2042 2076/2076/2076 2043/2043/2043
f 2043/2043/2043 2076/2076/2076 2077/2077/2077
f 2043/2043/2043 2077/2077/2077 2044/2044/2044
f 2044/2044/2044 2077/2077/2077 2078/2078/2078
f 2044/2044/2044 2078/2078/2078 2045/2045/2045
f 2045/2045/2045 2078/2078/2078 2079/2079/2079
f 2045/2045/2045 2079/2079/2079 2046/2046/2046
f 2047/2047/2047 2080/2080/2080 2081/2081/2081
f 2047/2047/2047 2081/2081/2081 2048/2048/2048
f 2048/2048/2048 2081/2081/2081 2082/2082/2082
f 2048/2048/2048 2082/2082/2082 2049/2049/2049
f 2049/2049/2049 2082/2082/2082 2083/2083/2083
f 2049/2049/2049 2083/2083/2083 2050/2050/2050
f 2050/2050/2050 2083/2083/2083 2084/2084/2084
f 2050/2050/2050 2084/2084/2084 2051/2051/2051
f 2051/2051/2051 2084/2084/2084 2085/2085/2085
f 2051/2051/2051 2085/2085/2085 2052/2052/2052
f 2052/2052/2052 2085/2085/2085 2086/2086/2086
f 2052/2052/2052 2086/2086/2086 2053/2053/2053
f 2053/2053/2053 2086/2086/2086 2087/2087/2087
f 2053/2053/2053 2087/2087/2087 2054/2054/2054
f 2054/2054/2054 2087/2087/2087 2088/2088/2088
f 2054/2054/2054 2088/2088/2088 2055/2055/2055
f 2055/2055/2055 2088/2088/2088 2089/2089/2089
f 2055/2055/2055 2089/2089/2089 2056/2056/2056
f 2056/2056/2056 2089/2089/2089 2090/2090/2090
f 2056/2056/2056 2090/2090/2090 2057/2057/2057
f 2057/2057/2057 2090/2090/2090 2091/2091/2091
f 2057/2057/2057 2091/2091/2091 2058/2058/2058
f 2058/2058/2058 2091/2091/2091 2092/2092/2092
f 2058/2058/2058 2092/2092/2092 2059/2059/2059
f 2059/2059/2059 2092/2092/2092 2093/2093/2093
f 2059/2059/2059 2093/2093/2093 2060/2060/2060
f 2060/2060/2060 2093/2093/2093 2094/2094/2094
f 2060/2060/2060 2094/2094/2094 2061/2061/2061
f 2061/2061/2061 2094/2094/2094 2095/2095/2095
f 2061/2061/2061 2095/2095/2095 2062/2062/2062
f 2062/2062/2062 2095/2095/2095 2096/2096/2096
f 2062/2062/2062 2096/2096/2096 2063/2063/2063
f 2063/2063/2063 2096/2096/2096 2097/2097/2097
f 2063/2063/2063 2097/2097/2097 2064/2064/2064
f 2064/2064/2064 2097/2097/2097 2098/2098/2098
f 2064/2064/2064 2098/2098/2098 2065/2065/2065
f 2065/2065/2065 2098/2098/2098 2099/2099/2099
f 2065/2065/2065 2099/2099/2099 2066/2066/2066
f 2066/2066/2066 2099/2099/2099 2100/2100/2100
f 2066/2066/2066 2100/2100/2100 2067/2067/2067
f 2067/2067/2067 2100/2100/2100 2101/2101/2101
f 2067/2067/2067 2101/2101/2101 2068/2068/2068
f 2068/2068/2068 2101/2101/2101 2102/2102/2102
f 2068/2068/2068 2102/2102/2102 2069/2069/2069
f 2069/2069/2069 2102/2102/2102 2103/2103/2103
f 2069/2069/2069 2103/2103/2103 2070/2070/2070
f 2070/2070/2070 2103/2103/2103 2104/2104/2104
f 2070/2070/2070 2104/2104/2104 2071/2071/2071
f 2071/2071/2071 2104/2104/2104 2105/2105/2105
f 2071/2071/2071 2105/2105/2105 2072/2072/2072
f 2072/2072/2072 2105/2105/2105 2106/2106/2106
f 2072/2072/2072 2106/2106/2106 2073/2073/2073
f 2073/2073/2073 2106/2106/2106 2107/2107/2107
f 2073/2073/2073 2107/2107/2107 2074/2074/2074
f 2074/2074/2074 2107/2107/2107 2108/2108/2108
f 2074/2074/2074 2108/2108/2108 2075/2075/2075
f 2075/2075/2075 2108/2108/2108 2109/2109/2109
f 2075/2075/2075 2109/2109/2109 2076/2076/2076
f 2076/2076/2076 2109/2109/2109 2110/2110/2110
f 2076/2076/2076 2110/2110/2110 2077/2077/2077
f 2077/2077/2077 2110/2110/2110 2111/2111/2111
f 2077/2077/2077 2111/2111/2111 2078/2078/2078
f 2078/2078/2078 2111/2111/2111 2112/2112/2112
f 2078/2078/2078 2112/2112/2112 2079/2079/2079
f 2080/2080/2080 2113/2113/2113 2114/2114/2114
f 2080/2080/2080 2114/2114/2114 2081/2081/2081
f 2081/2081/2081 2114/2114/2114 2115/2115/2115
f 2081/2081/2081 2115/2115/2115 2082/2082/2082
f 2082/2082/2082 2115/2115/2115 2116/2116/2116
f 2082/2082/2082 2116/2116/2116 2083/2083/2083
f 2083/2083/2083 2116/2116/2116 2117/2117/2117
f 2083/2083/2083 2117/2117/2117 2084/2084/2084
f 2084/2084/2084 2117/2117/2117 2118/2118/2118
f 2084/2084/2084 2118/2118/2118 2085/2085/2085
f 2085/2085/2085 2118/2118/2118 2119/2119/2119
f 2085/2085/2085 2119/2119/2119 2086/2086/2086
f 2086/2086/2086 2119/2119/2119 2120/2120/2120
f 2086/2086/2086 2120/2120/2120 2087/2087/2087
f 2087/2087/2087 2120/2120/2120 2121/2121/2121
f 2087/2087/2087 2121/2121/2121 2088/2088/2088
f 2088/2088/2088 2121/2121/2121 2122/2122/2122
f 2088/2088/2088 2122/2122/2122 2089/2089/2089
f 2089/2089/2089 2122/2122/2122 2123/2123/2123
f 2089/2089/2089 2123/2123/2123 2090/2090/2090
f 2090/2090/2090 2123/2123/2123 2124/2124/2124
f 2090/2090/2090 2124/2124/2124 2091/2091/2091
f 2091/2091/2091 2124/2124/2124 2125/2125/2125
f 2091/2091/2091 2125/2125/2125 2092/2092/2092
f 2092/2092/2092 2125/2125/2125 2126/2126/2126
f 2092/2092/2092 2126/2126/2126 2093/2093/2093
f 2093/2093/2093 2126/2126/2126 2127/2127/2127
f 2093/2093/2093 2127/2127/2127 2094/2094/2094
f 2094/2094/2094 2127/2127/2127 2128/2128/2128
f 2094/2094/2094 2128/2128/2128 2095/2095/2095
f 2095/2095/2095 2128/2128/2128 2129/2129/2129
f 2095/2095/2095 2129/2129/2129 2096/2096/2096
f 2096/2096/2096 2129/2129/2129 2130/2130/2130
f 2096/2096/2096 2130/2130/2130 2097/2097/2097
f 2097/2097/2097 2130/2130/2130 2131/2131/2131
f 2097/2097/2097 2131/2131/2131 2098/2098/2098
f 2098/2098/2098 2131/2131/2131 2132/2132/2132
f 2098/2098/2098 2132/2132/2132 2099/2099/2099
f 2099/2099/2099 2132/2132/2132 2133/2133/2133
f 2099/2099/2099 2133/2133/2133 2100/2100/2100
f 2100/2100/2100 2133/2133/2133 2134/2134/2134
f 2100/2100/2100 2134/2134/2134 2101/2101/2101
f 2101/2101/2101 2134/2134/2134 2135/2135/2135
f 2101/2101/2101 2135/2135/2135 2102/2102/2102
f 2102/2102/2102 2135/2135/2135 2136/2136/2136
f 2102/2102/2102 2136/2136/2136 2103/2103/2103
f 2103/2103/2103 2136/2136/2136 2137/2137/2137
f 2103/2103/2103 2137/2137/2137 2104/2104/2104
f 2104/2104/2104 2137/2137/2137 2138/2138/2138
f 2104/2104/2104 2138/2138/2138 2105/2105/2105
f 2105/2105/2105 2138/2138/2138 2139/2139/2139
f 2105/2105/2105 2139/2139/2139 2106/2106/2106
f 2106/2106/2106 2139/2139/2139 2140/2140/2140
f 2106/2106/2106 2140/2140/2140 2107/2107/2107
f 2107/2107/2107 2140/2140/2140 2141/2141/2141
f 2107/2107/2107 2141/2141/2141 2108/2108/2108
f 2108/2108/2108 2141/2141/2141 2142/2142/2142
f 2108/2108/2108 2142/2142/2142 2109/2109/2109
f 2109/2109/2109 2142/2142/2142 2143/2143/2143
f 2109/2109/2109 2143/2143/2143 2110/2110/2110
f 2110/2110/2110 2143/2143/2143 2144/2144/2144
f 2110/2110/2110 2144/2144/2144 2111/2111/2111
f 2111/2111/2111 2144/2144/2144 2145/2145/2145
f 2111/2111/2111 2145/2145/2145 2112/2112/2112
f 2113/2113/2113 2146/2146/2146 2147/2147/2147
f 2113/2113/2113 2147/2147/2147 2114/2114/2114
f 2114/2114/2114 2147/2147/2147 2148/2148/2148
f 2114/2114/2114 2148/2148/2148 2115/2115/2115
f 2115/2115/2115 2148/2148/2148 2149/2149/2149
f 2115/2115/2115 2149/2149/2149 2116/2116/2116
f 2116/2116/2116 2149/2149/2149 2150/2150/2150
f 2116/2116/2116 2150/2150/2150 2117/2117/2117
f 2117/2117/2117 2150/2150/2150 2151/2151/2151
f 2117/2117/2117 2151/2151/2151 2118/2118/2118
f 2118/2118/2118 2151/2151/2151 2152/2152/2152
f 2118/2118/2118 2152/2152/2152 2119/2119/2119
f 2119/2119/2119 2152/2152/2152 2153/2153/2153
f 2119/2119/2119 2153/2153/2153 2120/2120/2120
f 2120/2120/2120 2153/2153/2153 2154/2154/2154
f 2120/2120/2120 2154/2154/2154 2121/2121/2121
f 2121/2121/2121 2154/2154/2154 2155/2155/2155
f 2121/2121/2121 2155/2155/2155 2122/2122/2122
f 2122/2122/2122 2155/2155/2155 2156/2156/2156
f 2122/2122/2122 2156/2156/2156 2123/2123/2123
f 2123/2123/2123 2156/2156/2156 2157/2157/2157
f 2123/2123/2123 2157/2157/2157 2124/2124/2124
f 2124/2124/2124 2157/2157/2157 2158/2158/2158
f 2124/2124/2124 2158/2158/2158 2125/2125/2125
f 2125/2125/2125 2158/2158/2158 2159/2159/2159
f 2125/2125/2125 2159/2159/2159 2126/2126/2126
f 2126/2126/2126 2159/2159/2159 2160/2160/2160
f 2126/2126/2126 2160/2160/2160 2127/2127/2127
f 2127/2127/2127 2160/2160/2160 2161/2161/2161
f 2127/2127/2127 2161/2161/2161 2128/2128/2128
f 2128/2128/2128 2161/2161/2161 2162/2162/2162
f 2128/2128/2128 2162/2162/2162 2129/2129/2129
f 2129/2129/2129 2162/2162/2162 2163/2163/2163
f 2129/2129/2129 2163/2163/2163 2130/2130/2130
f 2130/2130/2130 2163/2163/2163 2164/2164/2164
f 2130/2130/2130 2164/2164/2164 2131/2131/2131
f 2131/2131/2131 2164/2164/2164 2165/2165/2165
f 2131/2131/2131 2165/2165/2165 2132/2132/2132
f 2132/2132/2132 2165/2165/2165 2166/2166/2166
f 2132/2132/2132 2166/2166/2166 2133/2133/2133
f 2133/2133/2133 2166/2166/2166 2167/2167/2167
f 2133/2133/2133 2167/2167/2167 2134/2134/2134
f 2134/2134/2134 2167/2167/2167 2168/2168/2168
f 2134/2134/2134 2168/2168/2168 2135/2135/2135
f 2135/2135/2135 2168/2168/2168 2169/2169/2169
f 2135/2135/2135 2169/2169/2169 2136/2136/2136
f 2136/2136/2136 2169/2169/2169 2170/2170/2170
f 2136/2136/2136 2170/2170/2170 2137/2137/2137
f 2137/2137/2137 2170/2170/2170 2171/2171/2171
f 2137/2137/2137 2171/2171/2171 2138/2138/2138
f 2138/2138/2138 2171/2171/2171 2172/2172/2172
f 2138/2138/2138 2172/2172/2172 2139/2139/2139
f 2139/2139/2139 2172/2172/2172 2173/2173/2173
f 2139/2139/2139 2173/2173/2173 2140/2140/2140
f 2140/2140/2140 2173/2173/2173 2174/2174/2174
f 2140/2140/2140 2174/2174/2174 2141/2141/2141
f 2141/2141/2141 2174/2174/2174 2175/2175/2175
f 2141/2141/2141 2175/2175/2175 2142/2142/2142
f 2142/2142/2142 2175/2175/2175 2176/2176/2176
f 2142/2142/2142 2176/2176/2176 2143/2143/2143
f 2143/2143/2143 2176/2176/2176 2177/2177/2177
f 2143/2143/2143 2177/2177/2177 2144/2144/2144
f 2144/2144/2144 2177/2177/2177 2178/2178/2178
f 2144/2144/2144 2178/2178/2178 2145/2145/2145
f 2146/2146/2146 2179/2179/2179 2180/2180/2180
f 2146/2146/2146 2180/2180/2180 2147/2147/2147
f 2147/2147/2147 2180/2180/2180 2181/2181/2181
f 2147/2147/2147 2181/2181/2181 2148/2148/2148
f 2148/2148/2148 2181/2181/2181 2182/2182/2182
f 2148/2148/2148 2182/2182/2182 2149/2149/2149
f 2149/2149/2149 2182/2182/2182 2183/2183/2183
f 2149/2149/2149 2183/2183/2183 2150/2150/2150
f 2150/2150/2150 2183/2183/2183 2184/2184/2184
f 2150/2150/2150 2184/2184/2184 2151/2151/2151
f 2151/2151/2151 2184/2184/2184 2185/2185/2185
f 2151/2151/2151 2185/2185/2185 2152/2152/2152
f 2152/2152/2152 2185/2185/2185 2186/2186/2186
f 2152/2152/2152 2186/2186/2186 2153/2153/2153
f 2153/2153/2153 2186/2186/2186 2187/2187/2187
f 2153/2153/2153 2187/2187/2187 2154/2154/2154
f 2154/2154/2154 2187/2187/2187 2188/2188/2188
f 2154/2154/2154 2188/2188/2188 2155/2155/2155
f 2155/2155/2155 2188/2188/2188 2189/2189/2189
f 2155/2155/2155 2189/2189/2189 2156/2156/2156
f 2156/2156/2156 2189/2189/2189 2190/2190/2190
f 2156/2156/2156 2190/2190/2190 2157/2157/2157
f 2157/2157/2157 2190/2190/2190 2191/2191/2191
f 2157/2157/2157 2191/2191/2191 2158/2158/2158
f 2158/2158/2158 2191/2191/2191 2192/2192/2192
f 2158/2158/2158 2192/2192/2192 2159/2159/2159
f 2159/2159/2159 2192/2192/2192 2193/2193/2193
f 2159/2159/2159 2193/2193/2193 2160/2160/2160
f 2160/2160/2160 2193/2193/2193 2194/2194/2194
f 2160/2160/2160 2194/2194/2194 2161/2161/2161
f 2161/2161/2161 2194/2194/2194 2195/2195/2195
f 2161/2161/2161 2195/2195/2195 2162/2162/2162
f 2162/2162/2162 2195/2195/2195 2196/2196/2196
f 2162/2162/2162 2196/2196/2196 2163/2163/2163
f 2163/2163/2163 2196/2196/2196 2197/2197/2197
f 2163/2163/2163 2197/2197/2197 2164/2164/2164
f 2164/2164/2164 2197/2197/2197 2198/2198/2198
f 2164/2164/2164 2198/2198/2198 2165/2165/2165
f 2165/2165/2165 2198/2198/2198 2199/2199/2199
f 2165/2165/2165 2199/2199/2199 2166/2166/2166
f 2166/2166/2166 2199/2199/2199 2200/2200/2200
f 2166/2166/2166 2200/2200/2200 2167/2167/2167
f 2167/2167/2167 2200/2200/2200 2201/2201/2201
f 2167/2167/2167 2201/2201/2201 2168/2168/2168
f 2168/2168/2168 2201/2201/2201 2202/2202/2202
f 2168/2168/2168 2202/2202/2202 2169/2169/2169
f 2169/2169/2169 2202/2202/2202 2203/2203/2203
f 2169/2169/2169 2203/2203/2203 2170/2170/2170
f 2170/2170/2170 2203/2203/2203 2204/2204/2204
f 2170/2170/2170 2204/2204/2204 2171/2171/2171
f 2171/2171/2171 2204/2204/2204 2205/2205/2205
f 2171/2171/2171 2205/2205/2205 2172/2172/2172
f 2172/2172/2172 2205/2205/2205 2206/2206/2206
f 2172/2172/2172 2206/2206/2206 2173/2173/2173
f 2173/2173/2173 2206/2206/2206 2207/2207/2207
f 2173/2173/2173 2207/2207/2207 2174/2174/2174
f 2174/2174/2174 2207/2207/2207 2208/2208/2208
f 2174/2174/2174 2208/2208/2208 2175/2175/2175
f 2175/2175/2175 2208/2208/2208 2209/2209/2209
f 2175/2175/2175 2209/2209/2209 2176/2176/2176
f 2176/2176/2176 2209/2209/2209 2210/2210/2210
f 2176/2176/2176 2210/2210/2210 2177/2177/2177
f 2177/2177/2177 2210/2210/2210 2211/2211/2211
f 2177/2177/2177 2211/2211/2211 2178/2178/2178
f 2179/2179/2179 2212/2212/2212 2213/2213/2213
f 2179/2179/2179 2213/2213/2213 2180/2180/2180
f 2180/2180/2180 2213/2213/2213 2214/2214/2214
f 2180/2180/2180 2214/2214/2214 2181/2181/2181
f 2181/2181/2181 2214/2214/2214 2215/2215/2215
f 2181/2181/2181 2215/2215/2215 2182/2182/2182
f 2182/2182/2182 2215/2215/2215 2216/2216/2216
f 2182/2182/2182 2216/2216/2216 2183/2183/2183
f 2183/2183/2183 2216/2216/2216 2217/2217/2217
f 2183/2183/2183 2217/2217/2217 2184/2184/2184
f 2184/2184/2184 2217/2217/2217 2218/2218/2218
f 2184/2184/2184 2218/2218/2218 2185/2185/2185
f 2185/2185/2185 2218/2218/2218 2219/2219/2219
f 2185/2185/2185 2219/2219/2219 2186/2186/2186
f 2186/2186/2186 2219/2219/2219 2220/2220/2220
f 2186/2186/2186 2220/2220/2220 2187/2187/2187
f 2187/2187/2187 2220/2220/2220 2221/2221/2221
f 2187/2187/2187 2221/2221/2221 2188/2188/2188
f 2188/2188/2188 2221/2221/2221 2222/2222/2222
f 2188/2188/2188 2222/2222/2222 2189/2189/2189
f 2189/2189/2189 2222/2222/2222 2223/2223/2223
f 2189/2189/2189 2223/2223/2223 2190/2190/2190
f 2190/2190/2190 2223/2223/2223 2224/2224/2224
f 2190/2190/2190 2224/2224/2224 2191/2191/2191
f 2191/2191/2191 2224/2224/2224 2225/2225/2225
f 2191/2191/2191 2225/2225/2225 2192/2192/2192
f 2192/2192/2192 2225/2225/2225 2226/2226/2226
f 2192/2192/2192 2226/2226/2226 2193/2193/2193
f 2193/2193/2193 2226/2226/2226 2227/2227/2227
f 2193/2193/2193 2227/2227/2227 2194/2194/2194
f 2194/2194/2194 2227/2227/2227 2228/2228/2228
f 2194/2194/2194 2228/2228/2228 2195/2195/2195
f 2195/2195/2195 2228/2228/2228 2229/2229/2229
f 2195/2195/2195 2229/2229/2229 2196/2196/2196
f 2196/2196/2196 2229/2229/2229 2230/2230/2230
f 2196/2196/2196 2230/2230/2230 2197/2197/2197
f 2197/2197/2197 2230/2230/2230 2231/2231/2231
f 2197/2197/2197 2231/2231/2231 2198/2198/2198
f 2198/2198/2198 2231/2231/2231 2232/2232/2232
f 2198/2198/2198 2232/2232/2232 2199/2199/2199
f 2199/2199/2199 2232/2232/2232 2233/2233/2233
f 2199/2199/2199 2233/2233/2233 2200/2200/2200
f 2200/2200/2200 2233/2233/2233 2234/2234/2234
f 2200/2200/2200 2234/2234/2234 2201/2201/2201
f 2201/2201/2201 2234/2234/2234 2235/2235/2235
f 2201/2201/2201 2235/2235/2235 2202/2202/2202
f 2202/2202/2202 2235/2235/2235 2236/2236/2236
f 2202/2202/2202 2236/2236/2236 2203/2203/2203
f 2203/2203/2203 2236/2236/2236 2237/2237/2237
f 2203/2203/2203 2237/2237/2237 2204/2204/2204
f 2204/2204/2204 2237/2237/2237 2238/2238/2238
f 2204/2204/2204 2238/2238/2238 2205/2205/2205
f 2205/2205/2205 2238/2238/2238 2239/2239/2239
f 2205/2205/2205 2239/2239/2239 2206/2206/2206
f 2206/2206/2206 2239/2239/2239 2240/2240/2240
f 2206/2206/2206 2240/2240/2240 2207/2207/2207
f 2207/2207/2207 2240/2240/2240 2241/2241/2241
f 2207/2207/2207 2241/2241/2241 2208/2208/2208
f 2208/2208/2208 2241/2241/2241 2242/2242/2242
f 2208/2208/2208 2242/2242/2242 2209/2209/2209
f 2209/2209/2209 2242/2242/2242 2243/2243/2243
f 2209/2209/2209 2243/2243/2243 2210/2210/2210
f 2210/2210/2210 2243/2243/2243 2244/2244/2244
f 2210/2210/2210 2244/2244/2244 2211/2211/2211
f 2212/2212/2212 2245/2245/2245 2246/2246/2246
f 2212/2212/2212 2246/2246/2246 2213/2213/2213
f 2213/2213/2213 2246/2246/2246 2247/2247/2247
f 2213/2213/2213 2247/2247/2247 2214/2214/2214
f 2214/2214/2214 2247/2247/2247 2248/2248/2248
f 2214/2214/2214 2248/2248/2248 2215/2215/2215
f 2215/2215/2215 2248/2248/2248 2249/2249/2249
f 2215/2215/2215 2249/2249/2249 2216/2216/2216
f 2216/2216/2216 2249/2249/2249 2250/2250/2250
f 2216/2216/2216 2250/2250/2250 2217/2217/2217
f 2217/2217/2217 2250/2250/2250 2251/2251/2251
f 2217/2217/2217 2251/2251/2251 2218/2218/2218
f 2218/2218/2218 2251/2251/2251 2252/2252/2252
f 2218/2218/2218 2252/2252/2252 2219/2219/2219
f 2219/2219/2219 2252/2252/2252 2253/2253/2253
f 2219/2219/2219 2253/2253/2253 2220/2220/2220
f 2220/2220/2220 2253/2253/2253 2254/2254/2254
f 2220/2220/2220 2254/2254/2254 2221/2221/2221
f 2221/2221/2221 2254/2254/2254 2255/2255/2255
f 2221/2221/2221 2255/2255/2255 2222/2222/2222
f 2222/2222/2222 2255/2255/2255 2256/2256/2256
f 2222/2222/2222 2256/2256/2256 2223/2223/2223
f 2223/2223/2223 2256/2256/2256 2257/2257/2257
f 2223/2223/2223 2257/2257/2257 2224/2224/2224
f 2224/2224/2224 2257/2257/2257 2258/2258/2258
f 2224/2224/2224 2258/2258/2258 2225/2225/2225
f 2225/2225/2225 2258/2258/2258 2259/2259/2259
f 2225/2225/2225 2259/2259/2259 2226/2226/2226
f 2226/2226/2226 2259/2259/2259 2260/2260/2260
f 2226/2226/2226 2260/2260/2260 2227/2227/2227
f 2227/2227/2227 2260/2260/2260 2261/2261/2261
f 2227/2227/2227 2261/2261/2261 2228/2228/2228
f 2228/2228/2228 2261/2261/2261 2262/2262/2262
f 2228/2228/2228 2262/2262/2262 2229/2229/2229
f 2229/2229/2229 2262/2262/2262 2263/2263/2263
f 2229/2229/2229 2263/2263/2263 2230/2230/2230
f 2230/2230/2230 2263/2263/2263 2264/2264/2264
f 2230/2230/2230 2264/2264/2264 2231/2231/2231
f 2231/2231/2231 2264/2264/2264 2265/2265/2265
f 2231/2231/2231 2265/2265/2265 2232/2232/2232
f 2232/2232/2232 2265/2265/2265 2266/2266/2266
f 2232/2232/2232 2266/2266/2266 2233/2233/2233
f 2233/2233/2233 2266/2266/2266 2267/2267/2267
f 2233/2233/2233 2267/2267/2267 2234/2234/2234
f 2234/2234/2234 2267/2267/2267 2268/2268/2268
f 2234/2234/2234 2268/2268/2268 2235/2235/2235
f 2235/2235/2235 2268/2268/2268 2269/2269/2269
f 2235/2235/2235 2269/2269/2269 2236/2236/2236
f 2236/2236/2236 2269/2269/2269 2270/2270/2270
f 2236/2236/2236 2270/2270/2270 2237/2237/2237
f 2237/2237/2237 2270/2270/2270 2271/2271/2271
f 2237/2237/2237 2271/2271/2271 2238/2238/2238
f 2238/2238/2238 2271/2271/2271 2272/2272/2272
f 2238/2238/2238 2272/2272/2272 2239/2239/2239
f 2239/2239/2239 2272/2272/2272 2273/2273/2273
f 2239/2239/2239 2273/2273/2273 2240/2240/2240
f 2240/2240/2240 2273/2273/2273 2274/2274/2274
f 2240/2240/2240 2274/2274/2274 2241/2241/2241
f 2241/2241/2241 2274/2274/2274 2275/2275/2275
f 2241/2241/2241 2275/2275/2275 2242/2242/2242
f 2242/2242/2242 2275/2275/2275 2276/2276/2276
f 2242/2242/2242 2276/2276/2276 2243/2243/2243
f 2243/2243/2243 2276/2276/2276 2277/2277/2277
f 2243/2243/2243 2277/2277/2277 2244/2244/2244
f 2245/2245/2245 2278/2278/2278 2279/2279/2279
f 2245/2245/2245 2279/2279/2279 2246/2246/2246
f 2246/2246/2246 2279/2279/2279 2280/2280/2280
f 2246/2246/2246 2280/2280/2280 2247/2247/2247
f 2247/2247/2247 2280/2280/2280 2281/2281/2281
f 2247/2247/2247 2281/2281/2281 2248/2248/2248
f 2248/2248/2248 2281/2281/2281 2282/2282/2282
f 2248/2248/2248 2282/2282/2282 2249/2249/2249
f 2249/2249/2249 2282/2282/2282 2283/2283/2283
f 2249/2249/2249 2283/2283/2283 2250/2250/2250
f 2250/2250/2250 2283/2283/2283 2284/2284/2284
f 2250/2250/2250 2284/2284/2284 2251/2251/2251
f 2251/2251/2251 2284/2284/2284 2285/2285/2285
f 2251/2251/2251 2285/2285/2285 2252/2252/2252
f 2252/2252/2252 2285/2285/2285 2286/2286/2286
f 2252/2252/2252 2286/2286/2286 2253/2253/2253
f 2253/2253/2253 2286/2286/2286 2287/2287/2287
f 2253/2253/2253 2287/2287/2287 2254/2254/2254
f 2254/2254/2254 2287/2287/2287 2288/2288/2288
f 2254/2254/2254 2288/2288/2288 2255/2255/2255
f 2255/2255/2255 2288/2288/2288 2289/2289/2289
f 2255/2255/2255 2289/2289/2289 2256/2256/2256
f 2256/2256/2256 2289/2289/2289 2290/2290/2290
f 2256/2256/2256 2290/2290/2290 2257/2257/2257
f 2257/2257/2257 2290/2290/2290 2291/2291/2291
f 2257/2257/2257 2291/2291/2291 2258/2258/2258
f 2258/2258/2258 2291/2291/2291 2292/2292/2292
f 2258/2258/2258 2292/2292/2292 2259/2259/2259
f 2259/2259/2259 2292/2292/2292 2293/2293/2293
f 2259/2259/2259 2293/2293/2293 2260/2260/2260
f 2260/2260/2260 2293/2293/2293 2294/2294/2294
f 2260/2260/2260 2294/2294/2294 2261/2261/2261
f 2261/2261/2261 2294/2294/2294 2295/2295/2295
f 2261/2261/2261 2295/2295/2295 2262/2262/2262
f 2262/2262/2262 2295/2295/2295 2296/2296/2296
f 2262/2262/2262 2296/2296/2296 2263/2263/2263
f 2263/2263/2263 2296/2296/2296 2297/2297/2297
f 2263/2263/2263 2297/2297/2297 2264/2264/2264
f 2264/2264/2264 2297/2297/2297 2298/2298/2298
f 2264/2264/2264 2298/2298/2298 2265/2265/2265
f 2265/2265/2265 2298/2298/2298 2299/2299/2299
f 2265/2265/2265 2299/2299/2299 2266/2266/2266
f 2266/2266/2266 2299/2299/2299 2300/2300/2300
f 2266/2266/2266 2300/2300/2300 2267/2267/2267
f 2267/2267/2267 2300/2300/2300 2301/2301/2301
f 2267/2267/2267 2301/2301/2301 2268/2268/2268
f 2268/2268/2268 2301/2301/2301 2302/2302/2302
f 2268/2268/2268 2302/2302/2302 2269/2269/2269
f 2269/2269/2269 2302/2302/2302 2303/2303/2303
f 2269/2269/2269 2303/2303/2303 2270/2270/2270
f 2270/2270/2270 2303/2303/2303 2304/2304/2304
f 2270/2270/2270 2304/2304/2304 2271/2271/2271
f 2271/2271/2271 2304/2304/2304 2305/2305/2305
f 2271/2271/2271 2305/2305/2305 2272/2272/2272
f 2272/2272/2272 2305/2305/2305 2306/2306/2306
f 2272/2272/2272 2306/2306/2306 2273/2273/2273
f 2273/2273/2273 2306/2306/2306 2307/2307/2307
f 2273/2273/2273 2307/2307/2307 2274/2274/2274
f 2274/2274/2274 2307/2307/2307 2308/2308/2308
f 2274/2274/2274 2308/2308/2308 2275/2275/2275
f 2275/2275/2275 2308/2308/2308 2309/2309/2309
f 2275/2275/2275 2309/2309/2309 2276/2276/2276
f 2276/2276/2276 2309/2309/2309 2310/2310/2310
f 2276/2276/2276 2310/2310/2310 2277/2277/2277
f 2278/2278/2278 2311/2311/2311 2312/2312/2312
f 2278/2278/2278 2312/2312/2312 2279/2279/2279
f 2279/2279/2279 2312/2312/2312 2313/2313/2313
f 2279/2279/2279 2313/2313/2313 2280/2280/2280
f 2280/2280/2280 2313/2313/2313 2314/2314/2314
f 2280/2280/2280 2314/2314/2314 2281/2281/2281
f 2281/2281/2281 2314/2314/2314 2315/2315/2315
f 2281/2281/2281 2315/2315/2315 2282/2282/2282
f 2282/2282/2282 2315/2315/2315 2316/2316/2316
f 2282/2282/2282 2316/2316/2316 2283/2283/2283
f 2283/2283/2283 2316/2316/2316 2317/2317/2317
f 2283/2283/2283 2317/2317/2317 2284/2284/2284
f 2284/2284/2284 2317/2317/2317 2318/2318/2318
f 2284/2284/2284 2318/2318/2318 2285/2285/2285
f 2285/2285/2285 2318/2318/2318 2319/2319/2319
f 2285/2285/2285 2319/2319/2319 2286/2286/2286
f 2286/2286/2286 2319/2319/2319 2320/2320/2320
f 2286/2286/2286 2320/2320/2320 2287/2287/2287
f 2287/2287/2287 2320/2320/2320 2321/2321/2321
f 2287/2287/2287 2321/2321/2321 2288/2288/2288
f 2288/2288/2288 2321/2321/2321 2322/2322/2322
f 2288/2288/2288 2322/2322/2322 2289/2289/2289
f 2289/2289/2289 2322/2322/2322 2323/2323/2323
f 2289/2289/2289 2323/2323/2323 2290/2290/2290
f 2290/2290/2290 2323/2323/2323 2324/2324/2324
f 2290/2290/2290 2324/2324/2324 2291/2291/2291
f 2291/2291/2291 2324/2324/2324 2325/2325/2325
f 2291/2291/2291 2325/2325/2325 2292/2292/2292
f 2292/2292/2292 2325/2325/2325 2326/2326/2326
f 2292/2292/2292 2326/2326/2326 2293/2293/2293
f 2293/2293/2293 2326/2326/2326 2327/2327/2327
f 2293/2293/2293 2327/2327/2327 2294/2294/2294
f 2294/2294/2294 2327/2327/2327 2328/2328/2328
f 2294/2294/2294 2328/2328/2328 2295/2295/2295
f 2295/2295/2295 2328/2328/2328 2329/2329/2329
f 2295/2295/2295 2329/2329/2329 2296/2296/2296
f 2296/2296/2296 2329/2329/2329 2330/2330/2330
f 2296/2296/2296 2330/2330/2330 2297/2297/2297
f 2297/2297/2297 2330/2330/2330 2331/2331/2331
f 2297/2297/2297 2331/2331/2331 2298/2298/2298
f 2298/2298/2298 2331/2331/2331 2332/2332/2332
f 2298/2298/2298 2332/2332/2332 2299/2299/2299
f 2299/2299/2299 2332/2332/2332 2333/2333/2333
f 2299/2299/2299 2333/2333/2333 2300/2300/2300
f 2300/2300/2300 2333/2333/2333 2334/2334/2334
f 2300/2300/2300 2334/2334/2334 2301/2301/2301
f 2301/2301/2301 2334/2334/2334 2335/2335/2335
f 2301/2301/2301 2335/2335/2335 2302/2302/2302
f 2302/2302/2302 2335/2335/2335 2336/2336/2336
f 2302/2302/2302 2336/2336/2336 2303/2303/2303
f 2303/2303/2303 2336/2336/2336 2337/2337/2337
f 2303/2303/2303 2337/2337/2337 2304/2304/2304
f 2304/2304/2304 2337/2337/2337 2338/2338/2338
f 2304/2304/2304 2338/2338/2338 2305/2305/2305
f 2305/2305/2305 2338/2338/2338 2339/2339/2339
f 2305/2305/2305 2339/2339/2339 2306/2306/2306
f 2306/2306/2306 2339/2339/2339 2340/2340/2340
f 2306/2306/2306 2340/2340/2340 2307/2307/2307
f 2307/2307/2307 2340/2340/2340 2341/2341/2341
f 2307/2307/2307 2341/2341/2341 2308/2308/2308
f 2308/2308/2308 2341/2341/2341 2342/2342/2342
f 2308/2308/2308 2342/2342/2342 2309/2309/2309
f 2309/2309/2309 2342/2342/2342 2343/2343/2343
f 2309/2309/2309 2343/2343/2343 2310/2310/2310
f 2311/2311/2311 2344/2344/2344 2345/2345/2345
f 2311/2311/2311 2345/2345/2345 2312/2312/2312
f 2312/2312/2312 2345/2345/2345 2346/2346/2346
f 2312/2312/2312 2346/2346/2346 2313/2313/2313
f 2313/2313/2313 2346/2346/2346 2347/2347/2347
f 2313/2313/2313 2347/2347/2347 2314/2314/2314
f 2314/2314/2314 2347/2347/2347 2348/2348/2348
f 2314/2314/2314 2348/2348/2348 2315/2315/2315
f 2315/2315/2315 2348/2348/2348 2349/2349/2349
f 2315/2315/2315 2349/2349/2349 2316/2316/2316
f 2316/2316/2316 2349/2349/2349 2350/2350/2350
f 2316/2316/2316 2350/2350/2350 2317/2317/2317
f 2317/2317/2317 2350/2350/2350 2351/2351/2351
f 2317/2317/2317 2351/2351/2351 2318/2318/2318
f 2318/2318/2318 2351/2351/2351 2352/2352/2352
f 2318/2318/2318 2352/2352/2352 2319/2319/2319
f 2319/2319/2319 2352/2352/2352 2353/2353/2353
f 2319/2319/2319 2353/2353/2353 2320/2320/2320
f 2320/2320/2320 2353/2353/2353 2354/2354/2354
f 2320/2320/2320 2354/2354/2354 2321/2321/2321
f 2321/2321/2321 2354/2354/2354 2355/2355/2355
f 2321/2321/2321 2355/2355/2355 2322/2322/2322
f 2322/2322/2322 2355/2355/2355 2356/2356/2356
f 2322/2322/2322 2356/2356/2356 2323/2323/2323
f 2323/2323/2323 2356/2356/2356 2357/2357/2357
f 2323/2323/2323 2357/2357/2357 2324/2324/2324
f 2324/2324/2324 2357/2357/2357 2358/2358/2358
f 2324/2324/2324 2358/2358/2358 2325/2325/2325
f 2325/2325/2325 2358/2358/2358 2359/2359/2359
f 2325/2325/2325 2359/2359/2359 2326/2326/2326
f 2326/2326/2326 2359/2359/2359 2360/2360/2360
f 2326/2326/2326 2360/2360/2360 2327/2327/2327
f 2327/2327/2327 2360/2360/2360 2361/2361/2361
f 2327/2327/2327 2361/2361/2361 2328/2328/2328
f 2328/2328/2328 2361/2361/2361 2362/2362/2362
f 2328/2328/2328 2362/2362/2362 2329/2329/2329
f 2329/2329/2329 2362/2362/2362 2363/2363/2363
f 2329/2329/2329 2363/2363/2363 2330/2330/2330
f 2330/2330/2330 2363/2363/2363 2364/2364/2364
f 2330/2330/2330 2364/2364/2364 2331/2331/2331
f 2331/2331/2331 2364/2364/2364 2365/2365/2365
f 2331/2331/2331 2365/2365/2365 2332/2332/2332
f 2332/2332/2332 2365/2365/2365 2366/2366/2366
f 2332/2332/2332 2366/2366/2366 2333/2333/2333
f 2333/2333/2333 2366/2366/2366 2367/2367/2367
f 2333/2333/2333 2367/2367/2367 2334/2334/2334
f 2334/2334/2334 2367/2367/2367 2368/2368/2368
f 2334/2334/2334 2368/2368/2368 2335/2335/2335
f 2335/2335/2335 2368/2368/2368 2369/2369/2369
f 2335/2335/2335 2369/2369/2369 2336/2336/2336
f 2336/2336/2336 2369/2369/2369 2370/2370/2370
f 2336/2336/2336 2370/2370/2370 2337/2337/2337
f 2337/2337/2337 2370/2370/2370 2371/2371/2371
f 2337/2337/2337 2371/2371/2371 2338/2338/2338
f 2338/2338/2338 2371/2371/2371 2372/2372/2372
f 2338/2338/2338 2372/2372/2372 2339/2339/2339
f 2339/2339/2339 2372/2372/2372 2373/2373/2373
f 2339/2339/2339 2373/2373/2373 2340/2340/2340
f 2340/2340/2340 2373/2373/2373 2374/2374/2374
f 2340/2340/2340 2374/2374/2374 2341/2341/2341
f 2341/2341/2341 2374/2374/2374 2375/2375/2375
f 2341/2341/2341 2375/2375/2375 2342/2342/2342
f 2342/2342/2342 2375/2375/2375 2376/2376/2376
f 2342/2342/2342 2376/2376/2376 2343/2343/2343
f 2344/2344/2344 2377/2377/2377 2378/2378/2378
f 2344/2344/2344 2378/2378/2378 2345/2345/2345
f 2345/2345/2345 2378/2378/2378 2379/2379/2379
f 2345/2345/2345 2379/2379/2379 2346/2346/2346
f 2346/2346/2346 2379/2379/2379 2380/2380/2380
f 2346/2346/2346 2380/2380/2380 2347/2347/2347
f 2347/2347/2347 2380/2380/2380 2381/2381/2381
f 2347/2347/2347 2381/2381/2381 2348/2348/2348
f 2348/2348/2348 2381/2381/2381 2382/2382/2382
f 2348/2348/2348 2382/2382/2382 2349/2349/2349
f 2349/2349/2349 2382/2382/2382 2383/2383/2383
f 2349/2349/2349 2383/2383/2383 2350/2350/2350
f 2350/2350/2350 2383/2383/2383 2384/2384/2384
f 2350/2350/2350 2384/2384/2384 2351/2351/2351
f 2351/2351/2351 2384/2384/2384 2385/2385/2385
f 2351/2351/2351 2385/2385/2385 2352/2352/2352
f 2352/2352/2352 2385/2385/2385 2386/2386/2386
f 2352/2352/2352 2386/2386/2386 2353/2353/2353
f 2353/2353/2353 2386/2386/2386 2387/2387/2387
f 2353/2353/2353 2387/2387/2387 2354/2354/2354
f 2354/2354/2354 2387/2387/2387 2388/2388/2388
f 2354/2354/2354 2388/2388/2388 2355/2355/2355
f 2355/2355/2355 2388/2388/2388 2389/2389/2389
f 2355/2355/2355 2389/2389/2389 2356/2356/2356
f 2356/2356/2356 2389/2389/2389 2390/2390/2390
f 2356/2356/2356 2390/2390/2390 2357/2357/2357
f 2357/2357/2357 2390/2390/2390 2391/2391/2391
f 2357/2357/2357 2391/2391/2391 2358/2358/2358
f 2358/2358/2358 2391/2391/2391 2392/2392/2392
f 2358/2358/2358 2392/2392/2392 2359/2359/2359
f 2359/2359/2359 2392/2392/2392 2393/2393/2393
f 2359/2359/2359 2393/2393/2393 2360/2360/2360
f 2360/2360/2360 2393/2393/2393 2394/2394/2394
f 2360/2360/2360 2394/2394/2394 2361/2361/2361
f 2361/2361/2361 2394/2394/2394 2395/2395/2395
f 2361/2361/2361 2395/2395/2395 2362/2362/2362
f 2362/2362/2362 2395/2395/2395 2396/2396/2396
f 2362/2362/2362 2396/2396/2396 2363/2363/2363
f 2363/2363/2363 2396/2396/2396 2397/2397/2397
f 2363/2363/2363 2397/2397/2397 2364/2364/2364
f 2364/2364/2364 2397/2397/2397 2398/2398/2398
f 2364/2364/2364 2398/2398/2398 2365/2365/2365
f 2365/2365/2365 2398/2398/2398 2399/2399/2399
f 2365/2365/2365 2399/2399/2399 2366/2366/2366
f 2366/2366/2366 2399/2399/2399 2400/2400/2400
f 2366/2366/2366 2400/2400/2400 2367/2367/2367
f 2367/2367/2367 2400/2400/2400 2401/2401/2401
f 2367/2367/2367 2401/2401/2401 2368/2368/2368
f 2368/2368/2368 2401/2401/2401 2402/2402/2402
f 2368/2368/2368 2402/2402/2402 2369/2369/2369
f 2369/2369/2369 2402/2402/2402 2403/2403/2403
f 2369/2369/2369 2403/2403/2403 2370/2370/2370
f 2370/2370/2370 2403/2403/2403 2404/2404/2404
f 2370/2370/2370 2404/2404/2404 2371/2371/2371
f 2371/2371/2371 2404/2404/2404 2405/2405/2405
f 2371/2371/2371 2405/2405/2405 2372/2372/2372
f 2372/2372/2372 2405/2405/2405 2406/2406/2406
f 2372/2372/2372 2406/2406/2406 2373/2373/2373
f 2373/2373/2373 2406/2406/2406 2407/2407/2407
f 2373/2373/2373 2407/2407/2407 2374/2374/2374
f 2374/2374/2374 2407/2407/2407 2408/2408/2408
f 2374/2374/2374 2408/2408/2408 2375/2375/2375
f 2375/2375/2375 2408/2408/2408 2409/2409/2409
f 2375/2375/2375 2409/2409/2409 2376/2376/2376
f 2377/2377/2377 2410/2410/2410 2411/2411/2411
f 2377/2377/2377 2411/2411/2411 2378/2378/2378
f 2378/2378/2378 2411/2411/2411 2412/2412/2412
f 2378/2378/2378 2412/2412/2412 2379/2379/2379
f 2379/2379/2379 2412/2412/2412 2413/2413/2413
f 2379/2379/2379 2413/2413/2413 2380/2380/2380
f 2380/2380/2380 2413/2413/2413 2414/2414/2414
f 2380/2380/2380 2414/2414/2414 2381/2381/2381
f 2381/2381/2381 2414/2414/2414 2415/2415/2415
f 2381/2381/2381 2415/2415/2415 2382/2382/2382
f 2382/2382/2382 2415/2415/2415 2416/2416/2416
f 2382/2382/2382 2416/2416/2416 2383/2383/2383
f 2383/2383/2383 2416/2416/2416 2417/2417/2417
f 2383/2383/2383 2417/2417/2417 2384/2384/2384
f 2384/2384/2384 2417/2417/2417 2418/2418/2418
f 2384/2384/2384 2418/2418/2418 2385/2385/2385
f 2385/2385/2385 2418/2418/2418 2419/2419/2419
f 2385/2385/2385 2419/2419/2419 2386/2386/2386
f 2386/2386/2386 2419/2419/2419 2420/2420/2420
f 2386/2386/2386 2420/2420/2420 2387/2387/2387
f 2387/2387/2387 2420/2420/2420 2421/2421/2421
f 2387/2387/2387 2421/2421/2421 2388/2388/2388
f 2388/2388/2388 2421/2421/2421 2422/2422/2422
f 2388/2388/2388 2422/2422/2422 2389/2389/2389
f 2389/2389/2389 2422/2422/2422 2423/2423/2423
f 2389/2389/2389 2423/2423/2423 2390/2390/2390
f 2390/2390/2390 2423/2423/2423 2424/2424/2424
f 2390/2390/2390 2424/2424/2424 2391/2391/2391
f 2391/2391/2391 2424/2424/2424 2425/2425/2425
f 2391/2391/2391 2425/2425/2425 2392/2392/2392
f 2392/2392/2392 2425/2425/2425 2426/2426/2426
f 2392/2392/2392 2426/2426/2426 2393/2393/2393
f 2393/2393/2393 2426/2426/2426 2427/2427/2427
f 2393/2393/2393 2427/2427/2427 2394/2394/2394
f 2394/2394/2394 2427/2427/2427 2428/2428/2428
f 2394/2394/2394 2428/2428/2428 2395/2395/2395
f 2395/2395/2395 2428/2428/2428 2429/2429/2429
f 2395/2395/2395 2429/2429/2429 2396/2396/2396
f 2396/2396/2396 2429/2429/2429 2430/2430/2430
f 2396/2396/2396 2430/2430/2430 2397/2397/2397
f 2397/2397/2397 2430/2430/2430 2431/2431/2431
f 2397/2397/2397 2431/2431/2431 2398/2398/2398
f 2398/2398/2398 2431/2431/2431 2432/2432/2432
f 2398/2398/2398 2432/2432/2432 2399/2399/2399
f 2399/2399/2399 2432/2432/2432 2433/2433/2433
f 2399/2399/2399 2433/2433/2433 2400/2400/2400
f 2400/2400/2400 2433/2433/2433 2434/2434/2434
f 2400/2400/2400 2434/2434/2434 2401/2401/2401
f 2401/2401/2401 2434/2434/2434 2435/2435/2435
f 2401/2401/2401 2435/2435/2435 2402/2402/2402
f 2402/2402/2402 2435/2435/2435 2436/2436/2436
f 2402/2402/2402 2436/2436/2436 2403/2403/2403
f 2403/2403/2403 2436/2436/2436 2437/2437/2437
f 2403/2403/2403 2437/2437/2437 2404/2404/2404
f 2404/2404/2404 2437/2437/2437 2438/2438/2438
f 2404/2404/2404 2438/2438/2438 2405/2405/2405
f 2405/2405/2405 2438/2438/2438 2439/2439/2439
f 2405/2405/2405 2439/2439/2439 2406/2406/2406
f 2406/2406/2406 2439/2439/2439 2440/2440/2440
f 2406/2406/2406 2440/2440/2440 2407/2407/2407
f 2407/2407/2407 2440/2440/2440 2441/2441/2441
f 2407/2407/2407 2441/2441/2441 2408/2408/2408
f 2408/2408/2408 2441/2441/2441 2442/2442/2442
f 2408/2408/2408 2442/2442/2442 2409/2409/2409
f 2410/2410/2410 2443/2443/2443 2444/2444/2444
f 2410/2410/2410 2444/2444/2444 2411/2411/2411
f 2411/2411/2411 2444/2444/2444 2445/2445/2445
f 2411/2411/2411 2445/2445/2445 2412/2412/2412
f 2412/2412/2412 2445/2445/2445 2446/2446/2446
f 2412/2412/2412 2446/2446/2446 2413/2413/2413
f 2413/2413/2413 2446/2446/2446 2447/2447/2447
f 2413/2413/2413 2447/2447/2447 2414/2414/2414
f 2414/2414/2414 2447/2447/2447 2448/2448/2448
f 2414/2414/2414 2448/2448/2448 2415/2415/2415
f 2415/2415/2415 2448/2448/2448 2449/2449/2449
f 2415/2415/2415 2449/2449/2449 2416/2416/2416
f 2416/2416/2416 2449/2449/2449 2450/2450/2450
f 2416/2416/2416 2450/2450/2450 2417/2417/2417
f 2417/2417/2417 2450/2450/2450 2451/2451/2451
f 2417/2417/2417 2451/2451/2451 2418/2418/2418
f 2418/2418/2418 2451/2451/2451 2452/2452/2452
f 2418/2418/2418 2452/2452/2452 2419/2419/2419
f 2419/2419/2419 2452/2452/2452 2453/2453/2453
f 2419/2419/2419 2453/2453/2453 2420/2420/2420
f 2420/2420/2420 2453/2453/2453 2454/2454/2454
f 2420/2420/2420 2454/2454/2454 2421/2421/2421
f 2421/2421/2421 2454/2454/2454 2455/2455/2455
f 2421/2421/2421 2455/2455/2455 2422/2422/2422
f 2422/2422/2422 2455/2455/2455 2456/2456/2456
f 2422/2422/2422 2456/2456/2456 2423/2423/2423
f 2423/2423/2423 2456/2456/2456 2457/2457/2457
f 2423/2423/2423 2457/2457/2457 2424/2424/2424
f 2424/2424/2424 2457/2457/2457 2458/2458/2458
f 2424/2424/2424 2458/2458/2458 2425/2425/2425
f 2425/2425/2425 2458/2458/2458 2459/2459/2459
f 2425/2425/2425 2459/2459/2459 2426/2426/2426
f 2426/2426/2426 2459/2459/2459 2460/2460/2460
f 2426/2426/2426 2460/2460/2460 2427/2427/2427
f 2427/2427/2427 2460/2460/2460 2461/2461/2461
f 2427/2427/2427 2461/2461/2461 2428/2428/2428
f 2428/2428/2428 2461/2461/2461 2462/2462/2462
f 2428/2428/2428 2462/2462/2462 2429/2429/2429
f 2429/2429/2429 2462/2462/2462 2463/2463/2463
f 2429/2429/2429 2463/2463/2463 2430/2430/2430
f 2430/2430/2430 2463/2463/2463 2464/2464/2464
f 2430/2430/2430 2464/2464/2464 2431/2431/2431
f 2431/2431/2431 2464/2464/2464 2465/2465/2465
f 2431/2431/2431 2465/2465/2465 2432/2432/2432
f 2432/2432/2432 2465/2465/2465 2466/2466/2466
f 2432/2432/2432 2466/2466/2466 2433/2433/2433
f 2433/2433/2433 2466/2466/2466 2467/2467/2467
f 2433/2433/2433 2467/2467/2467 2434/2434/2434
f 2434/2434/2434 2467/2467/2467 2468/2468/2468
f 2434/2434/2434 2468/2468/2468 2435/2435/2435
f 2435/2435/2435 2468/2468/2468 2469/2469/2469
f 2435/2435/2435 2469/2469/2469 2436/2436/2436
f 2436/2436/2436 2469/2469/2469 2470/2470/2470
f 2436/2436/2436 2470/2470/2470 2437/2437/2437
f 2437/2437/2437 2470/2470/2470 2471/2471/2471
f 2437/2437/2437 2471/2471/2471 2438/2438/2438
f 2438/2438/2438 2471/2471/2471 2472/2472/2472
f 2438/2438/2438 2472/2472/2472 2439/2439/2439
f 2439/2439/2439 2472/2472/2472 2473/2473/2473
f 2439/2439/2439 2473/2473/2473 2440/2440/2440
f 2440/2440/2440 2473/2473/2473 2474/2474/2474
f 2440/2440/2440 2474/2474/2474 2441/2441/2441
f 2441/2441/2441 2474/2474/2474 2475/2475/2475
f 2441/2441/2441 2475/2475/2475 2442/2442/2442
f 2443/2443/2443 2476/2476/2476 2477/2477/2477
f 2443/2443/2443 2477/2477/2477 2444/2444/2444
f 2444/2444/2444 2477/2477/2477 2478/2478/2478
f 2444/2444/2444 2478/2478/2478 2445/2445/2445
f 2445/2445/2445 2478/2478/2478 2479/2479/2479
f 2445/2445/2445 2479/2479/2479 2446/2446/2446
f 2446/2446/2446 2479/2479/2479 2480/2480/2480
f 2446/2446/2446 2480/2480/2480 2447/2447/2447
f 2447/2447/2447 2480/2480/2480 2481/2481/2481
f 2447/2447/2447 2481/2481/2481 2448/2448/2448
f 2448/2448/2448 2481/2481/2481 2482/2482/2482
f 2448/2448/2448 2482/2482/2482 2449/2449/2449
f 2449/2449/2449 2482/2482/2482 2483/2483/2483
f 2449/2449/2449 2483/2483/2483 2450/2450/2450
f 2450/2450/2450 2483/2483/2483 2484/2484/2484
f 2450/2450/2450 2484/2484/2484 2451/2451/2451
f 2451/2451/2451 2484/2484/2484 2485/2485/2485
f 2451/2451/2451 2485/2485/2485 2452/2452/2452
f 2452/2452/2452 2485/2485/2485 2486/2486/2486
f 2452/2452/2452 2486/2486/2486 2453/2453/2453
f 2453/2453/2453 2486/2486/2486 2487/2487/2487
f 2453/2453/2453 2487/2487/2487 2454/2454/2454
f 2454/2454/2454 2487/2487/2487 2488/2488/2488
f 2454/2454/2454 2488/2488/2488 2455/2455/2455
f 2455/2455/2455 2488/2488/2488 2489/2489/2489
f 2455/2455/2455 2489/2489/2489 2456/2456/2456
f 2456/2456/2456 2489/2489/2489 2490/2490/2490
f 2456/2456/2456 2490/2490/2490 2457/2457/2457
f 2457/2457/2457 2490/2490/2490 2491/2491/2491
f 2457/2457/2457 2491/2491/2491 2458/2458/2458
f 2458/2458/2458 2491/2491/2491 2492/2492/2492
f 2458/2458/2458 2492/2492/2492 2459/2459/2459
f 2459/2459/2459 2492/2492/2492 2493/2493/2493
f 2459/2459/2459 2493/2493/2493 2460/2460/2460
f 2460/2460/2460 2493/2493/2493 2494/2494/2494
f 2460/2460/2460 2494/2494/2494 2461/2461/2461
f 2461/2461/2461 2494/2494/2494 2495/2495/2495
f 2461/2461/2461 2495/2495/2495 2462/2462/2462
f 2462/2462/2462 2495/2495/2495 2496/2496/2496
f 2462/2462/2462 2496/2496/2496 2463/2463/2463
f 2463/2463/2463 2496/2496/2496 2497/2497/2497
f 2463/2463/2463 2497/2497/2497 2464/2464/2464
f 2464/2464/2464 2497/2497/2497 2498/2498/2498
f 2464/2464/2464 2498/2498/2498 2465/2465/2465
f 2465/2465/2465 2498/2498/2498 2499/2499/2499
f 2465/2465/2465 2499/2499/2499 2466/2466/2466
f 2466/2466/2466 2499/2499/2499 2500/2500/2500
f 2466/2466/2466 2500/2500/2500 2467/2467/2467
f 2467/2467/2467 2500/2500/2500 2501/2501/2501
f 2467/2467/2467 2501/2501/2501 2468/2468/2468
f 2468/2468/2468 2501/2501/2501 2502/2502/2502
f 2468/2468/2468 2502/2502/2502 2469/2469/2469
f 2469/2469/2469 2502/2502/2502 2503/2503/2503
f 2469/2469/2469 2503/2503/2503 2470/2470/2470
f 2470/2470/2470 2503/2503/2503 2504/2504/2504
f 2470/2470/2470 2504/2504/2504 2471/2471/2471
f 2471/2471/2471 2504/2504/2504 2505/2505/2505
f 2471/2471/2471 2505/2505/2505 2472/2472/2472
f 2472/2472/2472 2505/2505/2505 2506/2506/2506
f 2472/2472/2472 2506/2506/2506 2473/2473/2473
f 2473/2473/2473 2506/2506/2506 2507/2507/2507
f 2473/2473/2473 2507/2507/2507 2474/2474/2474
f 2474/2474/2474 2507/2507/2507 2508/2508/2508
f 2474/2474/2474 2508/2508/2508 2475/2475/2475
f 2476/2476/2476 2509/2509/2509 2510/2510/2510
f 2476/2476/2476 2510/2510/2510 2477/2477/2477
f 2477/2477/2477 2510/2510/2510 2511/2511/2511
f 2477/2477/2477 2511/2511/2511 2478/2478/2478
f 2478/2478/2478 2511/2511/2511 2512/2512/2512
f 2478/2478/2478 2512/2512/2512 2479/2479/2479
f 2479/2479/2479 2512/2512/2512 2513/2513/2513
f 2479/2479/2479 2513/2513/2513 2480/2480/2480
f 2480/2480/2480 2513/2513/2513 2514/2514/2514
f 2480/2480/2480 2514/2514/2514 2481/2481/2481
f 2481/2481/2481 2514/2514/2514 2515/2515/2515
f 2481/2481/2481 2515/2515/2515 2482/2482/2482
f 2482/2482/2482 2515/2515/2515 2516/2516/2516
f 2482/2482/2482 2516/2516/2516 2483/2483/2483
f 2483/2483/2483 2516/2516/2516 2517/2517/2517
f 2483/2483/2483 2517/2517/2517 2484/2484/2484
f 2484/2484/2484 2517/2517/2517 2518/2518/2518
f 2484/2484/2484 2518/2518/2518 2485/2485/2485
f 2485/2485/2485 2518/2518/2518 2519/2519/2519
f 2485/2485/2485 2519/2519/2519 2486/2486/2486
f 2486/2486/2486 2519/2519/2519 2520/2520/2520
f 2486/2486/2486 2520/2520/2520 2487/2487/2487
f 2487/2487/2487 2520/2520/2520 2521/2521/2521
f 2487/2487/2487 2521/2521/2521 2488/2488/2488
f 2488/2488/2488 2521/2521/2521 2522/2522/2522
f 2488/2488/2488 2522/2522/2522 2489/2489/2489
f 2489/2489/2489 2522/2522/2522 2523/2523/2523
f 2489/2489/2489 2523/2523/2523 2490/2490/2490
f 2490/2490/2490 2523/2523/2523 2524/2524/2524
f 2490/2490/2490 2524/2524/2524 2491/2491/2491
f 2491/2491/2491 2524/2524/2524 2525/2525/2525
f 2491/2491/2491 2525/2525/2525 2492/2492/2492
f 2492/2492/2492 2525/2525/2525 2526/2526/2526
f 2492/2492/2492 2526/2526/2526 2493/2493/2493
f 2493/2493/2493 2526/2526/2526 2527/2527/2527
f 2493/2493/2493 2527/2527/2527 2494/2494/2494
f 2494/2494/2494 2527/2527/2527 2528/2528/2528
f 2494/2494/2494 2528/2528/2528 2495/2495/2495
f 2495/2495/2495 2528/2528/2528 2529/2529/2529
f 2495/2495/2495 2529/2529/2529 2496/2496/2496
f 2496/2496/2496 2529/2529/2529 2530/2530/2530
f 2496/2496/2496 2530/2530/2530 2497/2497/2497
f 2497/2497/2497 2530/2530/2530 2531/2531/2531
f 2497/2497/2497 2531/2531/2531 2498/2498/2498
f 2498/2498/2498 2531/2531/2531 2532/2532/2532
f 2498/2498/2498 2532/2532/2532 2499/2499/2499
f 2499/2499/2499 2532/2532/2532 2533/2533/2533
f 2499/2499/2499 2533/2533/2533 2500/2500/2500
f 2500/2500/2500 2533/2533/2533 2534/2534/2534
f 2500/2500/2500 2534/2534/2534 2501/2501/2501
f 2501/2501/2501 2534/2534/2534 2535/2535/2535
f 2501/2501/2501 2535/2535/2535 2502/2502/2502
f 2502/2502/2502 2535/2535/2535 2536/2536/2536
f 2502/2502/2502 2536/2536/2536 2503/2503/2503
f 2503/2503/2503 2536/2536/2536 2537/2537/2537
f 2503/2503/2503 2537/2537/2537 2504/2504/2504
f 2504/2504/2504 2537/2537/2537 2538/2538/2538
f 2504/2504/2504 2538/2538/2538 2505/2505/2505
f 2505/2505/2505 2538/2538/2538 2539/2539/2539
f 2505/2505/2505 2539/2539/2539 2506/2506/2506
f 2506/2506/2506 2539/2539/2539 2540/2540/2540
f 2506/2506/2506 2540/2540/2540 2507/2507/2507
f 2507/2507/2507 2540/2540/2540 2541/2541/2541
f 2507/2507/2507 2541/2541/2541 2508/2508/2508
f 2509/2509/2509 2542/2542/2542 2543/2543/2543
f 2509/2509/2509 2543/2543/2543 2510/2510/2510
f 2510/2510/2510 2543/2543/2543 2544/2544/2544
f 2510/2510/2510 2544/2544/2544 2511/2511/2511
f 2511/2511/2511 2544/2544/2544 2545/2545/2545
f 2511/2511/2511 2545/2545/2545 2512/2512/2512
f 2512/2512/2512 2545/2545/2545 2546/2546/2546
f 2512/2512/2512 2546/2546/2546 2513/2513/2513
f 2513/2513/2513 2546/2546/2546 2547/2547/2547
f 2513/2513/2513 2547/2547/2547 2514/2514/2514
f 2514/2514/2514 2547/2547/2547 2548/2548/2548
f 2514/2514/2514 2548/2548/2548 2515/2515/2515
f 2515/2515/2515 2548/2548/2548 2549/2549/2549
f 2515/2515/2515 2549/2549/2549 2516/2516/2516
f 2516/2516/2516 2549/2549/2549 2550/2550/2550
f 2516/2516/2516 2550/2550/2550 2517/2517/2517
f 2517/2517/2517 2550/2550/2550 2551/2551/2551
f 2517/2517/2517 2551/2551/2551 2518/2518/2518
f 2518/2518/2518 2551/2551/2551 2552/2552/2552
f 2518/2518/2518 2552/2552/2552 2519/2519/2519
f 2519/2519/2519 2552/2552/2552 2553/2553/2553
f 2519/2519/2519 2553/2553/2553 2520/2520/2520
f 2520/2520/2520 2553/2553/2553 2554/2554/2554
f 2520/2520/2520 2554/2554/2554 2521/2521/2521
f 2521/2521/2521 2554/2554/2554 2555/2555/2555
f 2521/2521/2521 2555/2555/2555 2522/2522/2522
f 2522/2522/2522 2555/2555/2555 2556/2556/2556
f 2522/2522/2522 2556/2556/2556 2523/2523/2523
f 2523/2523/2523 2556/2556/2556 2557/2557/2557
f 2523/2523/2523 2557/2557/2557 2524/2524/2524
f 2524/2524/2524 2557/2557/2557 2558/2558/2558
f 2524/2524/2524 2558/2558/2558 2525/2525/2525
f 2525/2525/2525 2558/2558/2558 2559/2559/2559
f 2525/2525/2525 2559/2559/2559 2526/2526/2526
f 2526/2526/2526 2559/2559/2559 2560/2560/2560
f 2526/2526/2526 2560/2560/2560 2527/2527/2527
f 2527/2527/2527 2560/2560/2560 2561/2561/2561
f 2527/2527/2527 2561/2561/2561 2528/2528/2528
f 2528/2528/2528 2561/2561/2561 2562/2562/2562
f 2528/2528/2528 2562/2562/2562 2529/2529/2529
f 2529/2529/2529 2562/2562/2562 2563/2563/2563
f 2529/2529/2529 2563/2563/2563 2530/2530/2530
f 2530/2530/2530 2563/2563/2563 2564/2564/2564
f 2530/2530/2530 2564/2564/2564 2531/2531/2531
f 2531/2531/2531 2564/2564/2564 2565/2565/2565
f 2531/2531/2531 2565/2565/2565 2532/2532/2532
f 2532/2532/2532 2565/2565/2565 2566/2566/2566
f 2532/2532/2532 2566/2566/2566 2533/2533/2533
f 2533/2533/2533 2566/2566/2566 2567/2567/2567
f 2533/2533/2533 2567/2567/2567 2534/2534/2534
f 2534/2534/2534 2567/2567/2567 2568/2568/2568
f 2534/2534/2534 2568/2568/2568 2535/2535/2535
f 2535/2535/2535 2568/2568/2568 2569/2569/2569
f 2535/2535/2535 2569/2569/2569 2536/2536/2536
f 2536/2536/2536 2569/2569/2569 2570/2570/2570
f 2536/2536/2536 2570/2570/2570 2537/2537/2537
f 2537/2537/2537 2570/2570/2570 2571/2571/2571
f 2537/2537/2537 2571/2571/2571 2538/2538/2538
f 2538/2538/2538 2571/2571/2571 2572/2572/2572
f 2538/2538/2538 2572/2572/2572 2539/2539/2539
f 2539/2539/2539 2572/2572/2572 2573/2573/2573
f 2539/2539/2539 2573/2573/2573 2540/2540/2540
f 2540/2540/2540 2573/2573/2573 2574/2574/2574
f 2540/2540/2540 2574/2574/2574 2541/2541/2541
f 2542/2542/2542 2575/2575/2575 2576/2576/2576
f 2542/2542/2542 2576/2576/2576 2543/2543/2543
f 2543/2543/2543 2576/2576/2576 2577/2577/2577
f 2543/2543/2543 2577/2577/2577 2544/2544/2544
f 2544/2544/2544 2577/2577/2577 2578/2578/2578
f 2544/2544/2544 2578/2578/2578 2545/2545/2545
f 2545/2545/2545 2578/2578/2578 2579/2579/2579
f 2545/2545/2545 2579/2579/2579 2546/2546/2546
f 2546/2546/2546 2579/2579/2579 2580/2580/2580
f 2546/2546/2546 2580/2580/2580 2547/2547/2547
f 2547/2547/2547 2580/2580/2580 2581/2581/2581
f 2547/2547/2547 2581/2581/2581 2548/2548/2548
f 2548/2548/2548 2581/2581/2581 2582/2582/2582
f 2548/2548/2548 2582/2582/2582 2549/2549/2549
f 2549/2549/2549 2582/2582/2582 2583/2583/2583
f 2549/2549/2549 2583/2583/2583 2550/2550/2550
f 2550/2550/2550 2583/2583/2583 2584/2584/2584
f 2550/2550/2550 2584/2584/2584 2551/2551/2551
f 2551/2551/2551 2584/2584/2584 2585/2585/2585
f 2551/2551/2551 2585/2585/2585 2552/2552/2552
f 2552/2552/2552 2585/2585/2585 2586/2586/2586
f 2552/2552/2552 2586/2586/2586 2553/2553/2553
f 2553/2553/2553 2586/2586/2586 2587/2587/2587
f 2553/2553/2553 2587/2587/2587 2554/2554/2554
f 2554/2554/2554 2587/2587/2587 2588/2588/2588
f 2554/2554/2554 2588/2588/2588 2555/2555/2555
f 2555/2555/2555 2588/2588/2588 2589/2589/2589
f 2555/2555/2555 2589/2589/2589 2556/2556/2556
f 2556/2556/2556 2589/2589/2589 2590/2590/2590
f 2556/2556/2556 2590/2590/2590 2557/2557/2557
f 2557/2557/2557 2590/2590/2590 2591/2591/2591
f 2557/2557/2557 2591/2591/2591 2558/2558/2558
f 2558/2558/2558 2591/2591/2591 2592/2592/2592
f 2558/2558/2558 2592/2592/2592 2559/2559/2559
f 2559/2559/2559 2592/2592/2592 2593/2593/2593
f 2559/2559/2559 2593/2593/2593 2560/2560/2560
f 2560/2560/2560 2593/2593/2593 2594/2594/2594
f 2560/2560/2560 2594/2594/2594 2561/2561/2561
f 2561/2561/2561 2594/2594/2594 2595/2595/2595
f 2561/2561/2561 2595/2595/2595 2562/2562/2562
f 2562/2562/2562 2595/2595/2595 2596/2596/2596
f 2562/2562/2562 2596/2596/2596 2563/2563/2563
f 2563/2563/2563 2596/2596/2596 2597/2597/2597
f 2563/2563/2563 2597/2597/2597 2564/2564/2564
f 2564/2564/2564 2597/2597/2597 2598/2598/2598
f 2564/2564/2564 2598/2598/2598 2565/2565/2565
f 2565/2565/2565 2598/2598/2598 2599/2599/2599
f 2565/2565/2565 2599/2599/2599 2566/2566/2566
f 2566/2566/2566 2599/2599/2599 2600/2600/2600
f 2566/2566/2566 2600/2600/2600 2567/2567/2567
f 2567/2567/2567 2600/2600/2600 2601/2601/2601
f 2567/2567/2567 2601/2601/2601 2568/2568/2568
f 2568/2568/2568 2601/2601/2601 2602/2602/2602
f 2568/2568/2568 2602/2602/2602 2569/2569/2569
f 2569/2569/2569 2602/2602/2602 2603/2603/2603
f 2569/2569/2569 2603/2603/2603 2570/2570/2570
f 2570/2570/2570 2603/2603/2603 2604/2604/2604
f 2570/2570/2570 2604/2604/2604 2571/2571/2571
f 2571/2571/2571 2604/2604/2604 2605/2605/2605
f 2571/2571/2571 2605/2605/2605 2572/2572/2572
f 2572/2572/2572 2605/2605/2605 2606/2606/2606
f 2572/2572/2572 2606/2606/2606 2573/2573/2573
f 2573/2573/2573 2606/2606/2606 2607/2607/2607
f 2573/2573/2573 2607/2607/2607 2574/2574/2574
f 2575/2575/2575 2608/2608/2608 2609/2609/2609
f 2575/2575/2575 2609/2609/2609 2576/2576/2576
f 2576/2576/2576 2609/2609/2609 2610/2610/2610
f 2576/2576/2576 2610/2610/2610 2577/2577/2577
f 2577/2577/2577 2610/2610/2610 2611/2611/2611
f 2577/2577/2577 2611/2611/2611 2578/2578/2578
f 2578/2578/2578 2611/2611/2611 2612/2612/2612
f 2578/2578/2578 2612/2612/2612 2579/2579/2579
f 2579/2579/2579 2612/2612/2612 2613/2613/2613
f 2579/2579/2579 2613/2613/2613 2580/2580/2580
f 2580/2580/2580 2613/2613/2613 2614/2614/2614
f 2580/2580/2580 2614/2614/2614 2581/2581/2581
f 2581/2581/2581 2614/2614/2614 2615/2615/2615
f 2581/2581/2581 2615/2615/2615 2582/2582/2582
f 2582/2582/2582 2615/2615/2615 2616/2616/2616
f 2582/2582/2582 2616/2616/2616 2583/2583/2583
f 2583/2583/2583 2616/2616/2616 2617/2617/2617
f 2583/2583/2583 2617/2617/2617 2584/2584/2584
f 2584/2584/2584 2617/2617/2617 2618/2618/2618
f 2584/2584/2584 2618/2618/2618 2585/2585/2585
f 2585/2585/2585 2618/2618/2618 2619/2619/2619
f 2585/2585/2585 2619/2619/2619 2586/2586/2586
f 2586/2586/2586 2619/2619/2619 2620/2620/2620
f 2586/2586/2586 2620/2620/2620 2587/2587/2587
f 2587/2587/2587 2620/2620/2620 2621/2621/2621
f 2587/2587/2587 2621/2621/2621 2588/2588/2588
f 2588/2588/2588 2621/2621/2621 2622/2622/2622
f 2588/2588/2588 2622/2622/2622 2589/2589/2589
f 2589/2589/2589 2622/2622/2622 2623/2623/2623
f 2589/2589/2589 2623/2623/2623 2590/2590/2590
f 2590/2590/2590 2623/2623/2623 2624/2624/2624
f 2590/2590/2590 2624/2624/2624 2591/2591/2591
f 2591/2591/2591 2624/2624/2624 2625/2625/2625
f 2591/2591/2591 2625/2625/2625 2592/2592/2592
f 2592/2592/2592 2625/2625/2625 2626/2626/2626
f 2592/2592/2592 2626/2626/2626 2593/2593/2593
f 2593/2593/2593 2626/2626/2626 2627/2627/2627
f 2593/2593/2593 2627/2627/2627 2594/2594/2594
f 2594/2594/2594 2627/2627/2627 2628/2628/2628
f 2594/2594/2594 2628/2628/2628 2595/2595/2595
f 2595/2595/2595 2628/2628/2628 2629/2629/2629
f 2595/2595/2595 2629/2629/2629 2596/2596/2596
f 2596/2596/2596 2629/2629/2629 2630/2630/2630
f 2596/2596/2596 2630/2630/2630 2597/2597/2597
f 2597/2597/2597 2630/2630/2630 2631/2631/2631
f 2597/2597/2597 2631/2631/2631 2598/2598/2598
f 2598/2598/2598 2631/2631/2631 2632/2632/2632
f 2598/2598/2598 2632/2632/2632 2599/2599/2599
f 2599/2599/2599 2632/2632/2632 2633/2633/2633
f 2599/2599/2599 2633/2633/2633 2600/2600/2600
f 2600/2600/2600 2633/2633/2633 2634/2634/2634
f 2600/2600/2600 2634/2634/2634 2601/2601/2601
f 2601/2601/2601 2634/2634/2634 2635/2635/2635
f 2601/2601/2601 2635/2635/2635 2602/2602/2602
f 2602/2602/2602 2635/2635/2635 2636/2636/2636
f 2602/2602/2602 2636/2636/2636 2603/2603/2603
f 2603/2603/2603 2636/2636/2636 2637/2637/2637
f 2603/2603/2603 2637/2637/2637 2604/2604/2604
f 2604/2604/2604 2637/2637/2637 2638/2638/2638
f 2604/2604/2604 2638/2638/2638 2605/2605/2605
f 2605/2605/2605 2638/2638/2638 2639/2639/2639
f 2605/2605/2605 2639/2639/2639 2606/2606/2606
f 2606/2606/2606 2639/2639/2639 2640/2640/2640
f 2606/2606/2606 2640/2640/2640 2607/2607/2607
f 2608/2608/2608 2641/2641/2641 2642/2642/2642
f 2608/2608/2608 2642/2642/2642 2609/2609/2609
f 2609/2609/2609 2642/2642/2642 2643/2643/2643
f 2609/2609/2609 2643/2643/2643 2610/2610/2610
f 2610/2610/2610 2643/2643/2643 2644/2644/2644
f 2610/2610/2610 2644/2644/2644 2611/2611/2611
f 2611/2611/2611 2644/2644/2644 2645/2645/2645
f 2611/2611/2611 2645/2645/2645 2612/2612/2612
f 2612/2612/2612 2645/2645/2645 2646/2646/2646
f 2612/2612/2612 2646/2646/2646 2613/2613/2613
f 2613/2613/2613 2646/2646/2646 2647/2647/2647
f 2613/2613/2613 2647/2647/2647 2614/2614/2614
f 2614/2614/2614 2647/2647/2647 2648/2648/2648
f 2614/2614/2614 2648/2648/2648 2615/2615/2615
f 2615/2615/2615 2648/2648/2648 2649/2649/2649
f 2615/2615/2615 2649/2649/2649 2616/2616/2616
f 2616/2616/2616 2649/2649/2649 2650/2650/2650
f 2616/2616/2616 2650/2650/2650 2617/2617/2617
f 2617/2617/2617 2650/2650/2650 2651/2651/2651
f 2617/2617/2617 2651/2651/2651 2618/2618/2618
f 2618/2618/2618 2651/2651/2651 2652/2652/2652
f 2618/2618/2618 2652/2652/2652 2619/2619/2619
f 2619/2619/2619 2652/2652/2652 2653/2653/2653
f 2619/2619/2619 2653/2653/2653 2620/2620/2620
f 2620/2620/2620 2653/2653/2653 2654/2654/2654
f 2620/2620/2620 2654/2654/2654 2621/2621/2621
f 2621/2621/2621 2654/2654/2654 2655/2655/2655
f 2621/2621/2621 2655/2655/2655 2622/2622/2622
f 2622/2622/2622 2655/2655/2655 2656/2656/2656
f 2622/2622/2622 2656/2656/2656 2623/2623/2623
f 2623/2623/2623 2656/2656/2656 2657/2657/2657
f 2623/2623/2623 2657/2657/2657 2624/2624/2624
f 2624/2624/2624 2657/2657/2657 2658/2658/2658
f 2624/2624/2624 2658/2658/2658 2625/2625/2625
f 2625/2625/2625 2658/2658/2658 2659/2659/2659
f 2625/2625/2625 2659/2659/2659 2626/2626/2626
f 2626/2626/2626 2659/2659/2659 2660/2660/2660
f 2626/2626/2626 2660/2660/2660 2627/2627/2627
f 2627/2627/2627 2660/2660/2660 2661/2661/2661
f 2627/2627/2627 2661/2661/2661 2628/2628/2628
f 2628/2628/2628 2661/2661/2661 2662/2662/2662
f 2628/2628/2628 2662/2662/2662 2629/2629/2629
f 2629/2629/2629 2662/2662/2662 2663/2663/2663
f 2629/2629/2629 2663/2663/2663 2630/2630/2630
f 2630/2630/2630 2663/2663/2663 2664/2664/2664
f 2630/2630/2630 2664/2664/2664 2631/2631/2631
f 2631/2631/2631 2664/2664/2664 2665/2665/2665
f 2631/2631/2631 2665/2665/2665 2632/2632/2632
f 2632/2632/2632 2665/2665/2665 2666/2666/2666
f 2632/2632/2632 2666/2666/2666 2633/2633/2633
f 2633/2633/2633 2666/2666/2666 2667/2667/2667
f 2633/2633/2633 2667/2667/2667 2634/2634/2634
f 2634/2634/2634 2667/2667/2667 2668/2668/2668
f 2634/2634/2634 2668/2668/2668 2635/2635/2635
f 2635/2635/2635 2668/2668/2668 2669/2669/2669
f 2635/2635/2635 2669/2669/2669 2636/2636/2636
f 2636/2636/2636 2669/2669/2669 2670/2670/2670
f 2636/2636/2636 2670/2670/2670 2637/2637/2637
f 2637/2637/2637 2670/2670/2670 2671/2671/2671
f 2637/2637/2637 2671/2671/2671 2638/2638/2638
f 2638/2638/2638 2671/2671/2671 2672/2672/2672
f 2638/2638/2638 2672/2672/2672 2639/2639/2639
f 2639/2639/2639 2672/2672/2672 2673/2673/2673
f 2639/2639/2639 2673/2673/2673 2640/2640/2640
f 2641/2641/2641 2674/2674/2674 2675/2675/2675
f 2641/2641/2641 2675/2675/2675 2642/2642/2642
f 2642/2642/2642 2675/2675/2675 2676/2676/2676
f 2642/2642/2642 2676/2676/2676 2643/2643/2643
f 2643/2643/2643 2676/2676/2676 2677/2677/2677
f 2643/2643/2643 2677/2677/2677 2644/2644/2644
f 2644/2644/2644 2677/2677/2677 2678/2678/2678
f 2644/2644/2644 2678/2678/2678 2645/2645/2645
f 2645/2645/2645 2678/2678/2678 2679/2679/2679
f 2645/2645/2645 2679/2679/2679 2646/2646/2646
f 2646/2646/2646 2679/2679/2679 2680/2680/2680
f 2646/2646/2646 2680/2680/2680 2647/2647/2647
f 2647/2647/2647 2680/2680/2680 2681/2681/2681
f 2647/2647/2647 2681/2681/2681 2648/2648/2648
f 2648/2648/2648 2681/2681/2681 2682/2682/2682
f 2648/2648/2648 2682/2682/2682 2649/2649/2649
f 2649/2649/2649 2682/2682/2682 2683/2683/2683
f 2649/2649/2649 2683/2683/2683 2650/2650/2650
f 2650/2650/2650 2683/2683/2683 2684/2684/2684
f 2650/2650/2650 2684/2684/2684 2651/2651/2651
f 2651/2651/2651 2684/2684/2684 2685/2685/2685
f 2651/2651/2651 2685/2685/2685 2652/2652/2652
f 2652/2652/2652 2685/2685/2685 2686/2686/2686
f 2652/2652/2652 2686/2686/2686 2653/2653/2653
f 2653/2653/2653 2686/2686/2686 2687/2687/2687
f 2653/2653/2653 2687/2687/2687 2654/2654/2654
f 2654/2654/2654 2687/2687/2687 2688/2688/2688
f 2654/2654/2654 2688/2688/2688 2655/2655/2655
f 2655/2655/2655 2688/2688/2688 2689/2689/2689
f 2655/2655/2655 2689/2689/2689 2656/2656/2656
f 2656/2656/2656 2689/2689/2689 2690/2690/2690
f 2656/2656/2656 2690/2690/2690 2657/2657/2657
f 2657/2657/2657 2690/2690/2690 2691/2691/2691
f 2657/2657/2657 2691/2691/2691 2658/2658/2658
f 2658/2658/2658 2691/2691/2691 2692/2692/2692
f 2658/2658/2658 2692/2692/2692 2659/2659/2659
f 2659/2659/2659 2692/2692/2692 2693/2693/2693
f 2659/2659/2659 2693/2693/2693 2660/2660/2660
f 2660/2660/2660 2693/2693/2693 2694/2694/2694
f 2660/2660/2660 2694/2694/2694 2661/2661/2661
f 2661/2661/2661 2694/2694/2694 2695/2695/2695
f 2661/2661/2661 2695/2695/2695 2662/2662/2662
f 2662/2662/2662 2695/2695/2695 2696/2696/2696
f 2662/2662/2662 2696/2696/2696 2663/2663/2663
f 2663/2663/2663 2696/2696/2696 2697/2697/2697
f 2663/2663/2663 2697/2697/2697 2664/2664/2664
f 2664/2664/2664 2697/2697/2697 2698/2698/2698
f 2664/2664/2664 2698/2698/2698 2665/2665/2665
f 2665/2665/2665 2698/2698/2698 2699/2699/2699
f 2665/2665/2665 2699/2699/2699 2666/2666/2666
f 2666/2666/2666 2699/2699/2699 2700/2700/2700
f 2666/2666/2666 2700/2700/2700 2667/2667/2667
f 2667/2667/2667 2700/2700/2700 2701/2701/2701
f 2667/2667/2667 2701/2701/2701 2668/2668/2668
f 2668/2668/2668 2701/2701/2701 2702/2702/2702
f 2668/2668/2668 2702/2702/2702 2669/2669/2669
f 2669/2669/2669 2702/2702/2702 2703/2703/2703
f 2669/2669/2669 2703/2703/2703 2670/2670/2670
f 2670/2670/2670 2703/2703/2703 2704/2704/2704
f 2670/2670/2670 2704/2704/2704 2671/2671/2671
f 2671/2671/2671 2704/2704/2704 2705/2705/2705
f 2671/2671/2671 2705/2705/2705 2672/2672/2672
f 2672/2672/2672 2705/2705/2705 2706/2706/2706
f 2672/2672/2672 2706/2706/2706 2673/2673/2673
f 2674/2674/2674 2707/2707/2707 2708/2708/2708
f 2674/2674/2674 2708/2708/2708 2675/2675/2675
f 2675/2675/2675 2708/2708/2708 2709/2709/2709
f 2675/2675/2675 2709/2709/2709 2676/2676/2676
f 2676/2676/2676 2709/2709/2709 2710/2710/2710
f 2676/2676/2676 2710/2710/2710 2677/2677/2677
f 2677/2677/2677 2710/2710/2710 2711/2711/2711
f 2677/2677/2677 2711/2711/2711 2678/2678/2678
f 2678/2678/2678 2711/2711/2711 2712/2712/2712
f 2678/2678/2678 2712/2712/2712 2679/2679/2679
f 2679/2679/2679 2712/2712/2712 2713/2713/2713
f 2679/2679/2679 2713/2713/2713 2680/2680/2680
f 2680/2680/2680 2713/2713/2713 2714/2714/2714
f 2680/2680/2680 2714/2714/2714 2681/2681/2681
f 2681/2681/2681 2714/2714/2714 2715/2715/2715
f 2681/2681/2681 2715/2715/2715 2682/2682/2682
f 2682/2682/2682 2715/2715/2715 2716/2716/2716
f 2682/2682/2682 2716/2716/2716 2683/2683/2683
f 2683/2683/2683 2716/2716/2716 2717/2717/2717
f 2683/2683/2683 2717/2717/2717 2684/2684/2684
f 2684/2684/2684 2717/2717/2717 2718/2718/2718
f 2684/2684/2684 2718/2718/2718 2685/2685/2685
f 2685/2685/2685 2718/2718/2718 2719/2719/2719
f 2685/2685/2685 2719/2719/2719 2686/2686/2686
f 2686/2686/2686 2719/2719/2719 2720/2720/2720
f 2686/2686/2686 2720/2720/2720 2687/2687/2687
f 2687/2687/2687 2720/2720/2720 2721/2721/2721
f 2687/2687/2687 2721/2721/2721 2688/2688/2688
f 2688/2688/2688 2721/2721/2721 2722/2722/2722
f 2688/2688/2688 2722/2722/2722 2689/2689/2689
f 2689/2689/2689 2722/2722/2722 2723/2723/2723
f 2689/2689/2689 2723/2723/2723 2690/2690/2690
f 2690/2690/2690 2723/2723/2723 2724/2724/2724
f 2690/2690/2690 2724/2724/2724 2691/2691/2691
f 2691/2691/2691 2724/2724/2724 2725/2725/2725
f 2691/2691/2691 2725/2725/2725 2692/2692/2692
f 2692/2692/2692 2725/2725/2725 2726/2726/2726
f 2692/2692/2692 2726/2726/2726 2693/2693/2693
f 2693/2693/2693 2726/2726/2726 2727/2727/2727
f 2693/2693/2693 2727/2727/2727 2694/2694/2694
f 2694/2694/2694 2727/2727/2727 2728/2728/2728
f 2694/2694/2694 2728/2728/2728 2695/2695/2695
f 2695/2695/2695 2728/2728/2728 2729/2729/2729
f 2695/2695/2695 2729/2729/2729 2696/2696/2696
f 2696/2696/2696 2729/2729/2729 2730/2730/2730
f 2696/2696/2696 2730/2730/2730 2697/2697/2697
f 2697/2697/2697 2730/2730/2730 2731/2731/2731
f 2697/2697/2697 2731/2731/2731 2698/2698/2698
f 2698/2698/2698 2731/2731/2731 2732/2732/2732
f 2698/2698/2698 2732/2732/2732 2699/2699/2699
f 2699/2699/2699 2732/2732/2732 2733/2733/2733
f 2699/2699/2699 2733/2733/2733 2700/2700/2700
f 2700/2700/2700 2733/2733/2733 2734/2734/2734
f 2700/2700/2700 2734/2734/2734 2701/2701/2701
f 2701/2701/2701 2734/2734/2734 2735/2735/2735
f 2701/2701/2701 2735/2735/2735 2702/2702/2702
f 2702/2702/2702 2735/2735/2735 2736/2736/2736
f 2702/2702/2702 2736/2736/2736 2703/2703/2703
f 2703/2703/2703 2736/2736/2736 2737/2737/2737
f 2703/2703/2703 2737/2737/2737 2704/2704/2704
f 2704/2704/2704 2737/2737/2737 2738/2738/2738
f 2704/2704/2704 2738/2738/2738 2705/2705/2705
f 2705/2705/2705 2738/2738/2738 2739/2739/2739
f 2705/2705/2705 2739/2739/2739 2706/2706/2706
f 2707/2707/2707 2740/2740/2740 2741/2741/2741
f 2707/2707/2707 2741/2741/2741 2708/2708/2708
f 2708/2708/2708 2741/2741/2741 2742/2742/2742
f 2708/2708/2708 2742/2742/2742 2709/2709/2709
f 2709/2709/2709 2742/2742/2742 2743/2743/2743
f 2709/2709/2709 2743/2743/2743 2710/2710/2710
f 2710/2710/2710 2743/2743/2743 2744/2744/2744
f 2710/2710/2710 2744/2744/2744 2711/2711/2711
f 2711/2711/2711 2744/2744/2744 2745/2745/2745
f 2711/2711/2711 2745/2745/2745 2712/2712/2712
f 2712/2712/2712 2745/2745/2745 2746/2746/2746
f 2712/2712/2712 2746/2746/2746 2713/2713/2713
f 2713/2713/2713 2746/2746/2746 2747/2747/2747
f 2713/2713/2713 2747/2747/2747 2714/2714/2714
f 2714/2714/2714 2747/2747/2747 2748/2748/2748
f 2714/2714/2714 2748/2748/2748 2715/2715/2715
f 2715/2715/2715 2748/2748/2748 2749/2749/2749
f 2715/2715/2715 2749/2749/2749 2716/2716/2716
f 2716/2716/2716 2749/2749/2749 2750/2750/2750
f 2716/2716/2716 2750/2750/2750 2717/2717/2717
f 2717/2717/2717 2750/2750/2750 2751/2751/2751
f 2717/2717/2717 2751/2751/2751 2718/2718/2718
f 2718/2718/2718 2751/2751/2751 2752/2752/2752
f 2718/2718/2718 2752/2752/2752 2719/2719/2719
f 2719/2719/2719 2752/2752/2752 2753/2753/2753
f 2719/2719/2719 2753/2753/2753 2720/2720/2720
f 2720/2720/2720 2753/2753/2753 2754/2754/2754
f 2720/2720/2720 2754/2754/2754 2721/2721/2721
f 2721/2721/2721 2754/2754/2754 2755/2755/2755
f 2721/2721/2721 2755/2755/2755 2722/2722/2722
f 2722/2722/2722 2755/2755/2755 2756/2756/2756
f 2722/2722/2722 2756/2756/2756 2723/2723/2723
f 2723/2723/2723 2756/2756/2756 2757/2757/2757
f 2723/2723/2723 2757/2757/2757 2724/2724/2724
f 2724/2724/2724 2757/2757/2757 2758/2758/2758
f 2724/2724/2724 2758/2758/2758 2725/2725/2725
f 2725/2725/2725 2758/2758/2758 2759/2759/2759
f 2725/2725/2725 2759/2759/2759 2726/2726/2726
f 2726/2726/2726 2759/2759/2759 2760/2760/2760
f 2726/2726/2726 2760/2760/2760 2727/2727/2727
f 2727/2727/2727 2760/2760/2760 2761/2761/2761
f 2727/2727/2727 2761/2761/2761 2728/2728/2728
f 2728/2728/2728 2761/2761/2761 2762/2762/2762
f 2728/2728/2728 2762/2762/2762 2729/2729/2729
f 2729/2729/2729 2762/2762/2762 2763/2763/2763
f 2729/2729/2729 2763/2763/2763 2730/2730/2730
f 2730/2730/2730 2763/2763/2763 2764/2764/2764
f 2730/2730/2730 2764/2764/2764 2731/2731/2731
f 2731/2731/2731 2764/2764/2764 2765/2765/2765
f 2731/2731/2731 2765/2765/2765 2732/2732/2732
f 2732/2732/2732 2765/2765/2765 2766/2766/2766
f 2732/2732/2732 2766/2766/2766 2733/2733/2733
f 2733/2733/2733 2766/2766/2766 2767/2767/2767
f 2733/2733/2733 2767/2767/2767 2734/2734/2734
f 2734/2734/2734 2767/2767/2767 2768/2768/2768
f 2734/2734/2734 2768/2768/2768 2735/2735/2735
f 2735/2735/2735 2768/2768/2768 2769/2769/2769
f 2735/2735/2735 2769/2769/2769 2736/2736/2736
f 2736/2736/2736 2769/2769/2769 2770/2770/2770
f 2736/2736/2736 2770/2770/2770 2737/2737/2737
f 2737/2737/2737 2770/2770/2770 2771/2771/2771
f 2737/2737/2737 2771/2771/2771 2738/2738/2738
f 2738/2738/2738 2771/2771/2771 2772/2772/2772
f 2738/2738/2738 2772/2772/2772 2739/2739/2739
f 2740/2740/2740 2773/2773/2773 2774/2774/2774
f 2740/2740/2740 2774/2774/2774 2741/2741/2741
f 2741/2741/2741 2774/2774/2774 2775/2775/2775
f 2741/2741/2741 2775/2775/2775 2742/2742/2742
f 2742/2742/2742 2775/2775/2775 2776/2776/2776
f 2742/2742/2742 2776/2776/2776 2743/2743/2743
f 2743/2743/2743 2776/2776/2776 2777/2777/2777
f 2743/2743/2743 2777/2777/2777 2744/2744/2744
f 2744/2744/2744 2777/2777/2777 2778/2778/2778
f 2744/2744/2744 2778/2778/2778 2745/2745/2745
f 2745/2745/2745 2778/2778/2778 2779/2779/2779
f 2745/2745/2745 2779/2779/2779 2746/2746/2746
f 2746/2746/2746 2779/2779/2779 2780/2780/2780
f 2746/2746/2746 2780/2780/2780 2747/2747/2747
f 2747/2747/2747 2780/2780/2780 2781/2781/2781
f 2747/2747/2747 2781/2781/2781 2748/2748/2748
f 2748/2748/2748 2781/2781/2781 2782/2782/2782
f 2748/2748/2748 2782/2782/2782 2749/2749/2749
f 2749/2749/2749 2782/2782/2782 2783/2783/2783
f 2749/2749/2749 2783/2783/2783 2750/2750/2750
f 2750/2750/2750 2783/2783/2783 2784/2784/2784
f 2750/2750/2750 2784/2784/2784 2751/2751/2751
f 2751/2751/2751 2784/2784/2784 2785/2785/2785
f 2751/2751/2751 2785/2785/2785 2752/2752/2752
f 2752/2752/2752 2785/2785/2785 2786/2786/2786
f 2752/2752/2752 2786/2786/2786 2753/2753/2753
f 2753/2753/2753 2786/2786/2786 2787/2787/2787
f 2753/2753/2753 2787/2787/2787 2754/2754/2754
f 2754/2754/2754 2787/2787/2787 2788/2788/2788
f 2754/2754/2754 2788/2788/2788 2755/2755/2755
f 2755/2755/2755 2788/2788/2788 2789/2789/2789
f 2755/2755/2755 2789/2789/2789 2756/2756/2756
f 2756/2756/2756 2789/2789/2789 2790/2790/2790
f 2756/2756/2756 2790/2790/2790 2757/2757/2757
f 2757/2757/2757 2790/2790/2790 2791/2791/2791
f 2757/2757/2757 2791/2791/2791 2758/2758/2758
f 2758/2758/2758 2791/2791/2791 2792/2792/2792
f 2758/2758/2758 2792/2792/2792 2759/2759/2759
f 2759/2759/2759 2792/2792/2792 2793/2793/2793
f 2759/2759/2759 2793/2793/2793 2760/2760/2760
f 2760/2760/2760 2793/2793/2793 2794/2794/2794
f 2760/2760/2760 2794/2794/2794 2761/2761/2761
f 2761/2761/2761 2794/2794/2794 2795/2795/2795
f 2761/2761/2761 2795/2795/2795 2762/2762/2762
f 2762/2762/2762 2795/2795/2795 2796/2796/2796
f 2762/2762/2762 2796/2796/2796 2763/2763/2763
f 2763/2763/2763 2796/2796/2796 2797/2797/2797
f 2763/2763/2763 2797/2797/2797 2764/2764/2764
f 2764/2764/2764 2797/2797/2797 2798/2798/2798
f 2764/2764/2764 2798/2798/2798 2765/2765/2765
f 2765/2765/2765 2798/2798/2798 2799/2799/2799
f 2765/2765/2765 2799/2799/2799 2766/2766/2766
f 2766/2766/2766 2799/2799/2799 2800/2800/2800
f 2766/2766/2766 2800/2800/2800 2767/2767/2767
f 2767/2767/2767 2800/2800/2800 2801/2801/2801
f 2767/2767/2767 2801/2801/2801 2768/2768/2768
f 2768/2768/2768 2801/2801/2801 2802/2802/2802
f 2768/2768/2768 2802/2802/2802 2769/2769/2769
f 2769/2769/2769 2802/2802/2802 2803/2803/2803
f 2769/2769/2769 2803/2803/2803 2770/2770/2770
f 2770/2770/2770 2803/2803/2803 2804/2804/2804
f 2770/2770/2770 2804/2804/2804 2771/2771/2771
f 2771/2771/2771 2804/2804/2804 2805/2805/2805
f 2771/2771/2771 2805/2805/2805 2772/2772/2772
f 2773/2773/2773 2806/2806/2806 2807/2807/2807
f 2773/2773/2773 2807/2807/2807 2774/2774/2774
f 2774/2774/2774 2807/2807/2807 2808/2808/2808
f 2774/2774/2774 2808/2808/2808 2775/2775/2775
f 2775/2775/2775 2808/2808/2808 2809/2809/2809
f 2775/2775/2775 2809/2809/2809 2776/2776/2776
f 2776/2776/2776 2809/2809/2809 2810/2810/2810
f 2776/2776/2776 2810/2810/2810 2777/2777/2777
f 2777/2777/2777 2810/2810/2810 2811/2811/2811
f 2777/2777/2777 2811/2811/2811 2778/2778/2778
f 2778/2778/2778 2811/2811/2811 2812/2812/2812
f 2778/2778/2778 2812/2812/2812 2779/2779/2779
f 2779/2779/2779 2812/2812/2812 2813/2813/2813
f 2779/2779/2779 2813/2813/2813 2780/2780/2780
f 2780/2780/2780 2813/2813/2813 2814/2814/2814
f 2780/2780/2780 2814/2814/2814 2781/2781/2781
f 2781/2781/2781 2814/2814/2814 2815/2815/2815
f 2781/2781/2781 2815/2815/2815 2782/2782/2782
f 2782/2782/2782 2815/2815/2815 2816/2816/2816
f 2782/2782/2782 2816/2816/2816 2783/2783/2783
f 2783/2783/2783 2816/2816/2816 2817/2817/2817
f 2783/2783/2783 2817/2817/2817 2784/2784/2784
f 2784/2784/2784 2817/2817/2817 2818/2818/2818
f 2784/2784/2784 2818/2818/2818 2785/2785/2785
f 2785/2785/2785 2818/2818/2818 2819/2819/2819
f 2785/2785/2785 2819/2819/2819 2786/2786/2786
f 2786/2786/2786 2819/2819/2819 2820/2820/2820
f 2786/2786/2786 2820/2820/2820 2787/2787/2787
f 2787/2787/2787 2820/2820/2820 2821/2821/2821
f 2787/2787/2787 2821/2821/2821 2788/2788/2788
f 2788/2788/2788 2821/2821/2821 2822/2822/2822
f 2788/2788/2788 2822/2822/2822 2789/2789/2789
f 2789/2789/2789 2822/2822/2822 2823/2823/2823
f 2789/2789/2789 2823/2823/2823 2790/2790/2790
f 2790/2790/2790 2823/2823/2823 2824/2824/2824
f 2790/2790/2790 2824/2824/2824 2791/2791/2791
f 2791/2791/2791 2824/2824/2824 2825/2825/2825
f 2791/2791/2791 2825/2825/2825 2792/2792/2792
f 2792/2792/2792 2825/2825/2825 2826/2826/2826
f 2792/2792/2792 2826/2826/2826 2793/2793/2793
f 2793/2793/2793 2826/2826/2826 2827/2827/2827
f 2793/2793/2793 2827/2827/2827 2794/2794/2794
f 2794/2794/2794 2827/2827/2827 2828/2828/2828
f 2794/2794/2794 2828/2828/2828 2795/2795/2795
f 2795/2795/2795 2828/2828/2828 2829/2829/2829
f 2795/2795/2795 2829/2829/2829 2796/2796/2796
f 2796/2796/2796 2829/2829/2829 2830/2830/2830
f 2796/2796/2796 2830/2830/2830 2797/2797/2797
f 2797/2797/2797 2830/2830/2830 2831/2831/2831
f 2797/2797/2797 2831/2831/2831 2798/2798/2798
f 2798/2798/2798 2831/2831/2831 2832/2832/2832
f 2798/2798/2798 2832/2832/2832 2799/2799/2799
f 2799/2799/2799 2832/2832/2832 2833/2833/2833
f 2799/2799/2799 2833/2833/2833 2800/2800/2800
f 2800/2800/2800 2833/2833/2833 2834/2834/2834
f 2800/2800/2800 2834/2834/2834 2801/2801/2801
f 2801/2801/2801 2834/2834/2834 2835/2835/2835
f 2801/2801/2801 2835/2835/2835 2802/2802/2802
f 2802/2802/2802 2835/2835/2835 2836/2836/2836
f 2802/2802/2802 2836/2836/2836 2803/2803/2803
f 2803/2803/2803 2836/2836/2836 2837/2837/2837
f 2803/2803/2803 2837/2837/2837 2804/2804/2804
f 2804/2804/2804 2837/2837/2837 2838/2838/2838
f 2804/2804/2804 2838/2838/2838 2805/2805/2805
f 2806/2806/2806 2839/2839/2839 2840/2840/2840
f 2806/2806/2806 2840/2840/2840 2807/2807/2807
f 2807/2807/2807 2840/2840/2840 2841/2841/2841
f 2807/2807/2807 2841/2841/2841 2808/2808/2808
f 2808/2808/2808 2841/2841/2841 2842/2842/2842
f 2808/2808/2808 2842/2842/2842 2809/2809/2809
f 2809/2809/2809 2842/2842/2842 2843/2843/2843
f 2809/2809/2809 2843/2843/2843 2810/2810/2810
f 2810/2810/2810 2843/2843/2843 2844/2844/2844
f 2810/2810/2810 2844/2844/2844 2811/2811/2811
f 2811/2811/2811 2844/2844/2844 2845/2845/2845
f 2811/2811/2811 2845/2845/2845 2812/2812/2812
f 2812/2812/2812 2845/2845/2845 2846/2846/2846
f 2812/2812/2812 2846/2846/2846 2813/2813/2813
f 2813/2813/2813 2846/2846/2846 2847/2847/2847
f 2813/2813/2813 2847/2847/2847 2814/2814/2814
f 2814/2814/2814 2847/2847/2847 2848/2848/2848
f 2814/2814/2814 2848/2848/2848 2815/2815/2815
f 2815/2815/2815 2848/2848/2848 2849/2849/2849
f 2815/2815/2815 2849/2849/2849 2816/2816/2816
f 2816/2816/2816 2849/2849/2849 2850/2850/2850
f 2816/2816/2816 2850/2850/2850 2817/2817/2817
f 2817/2817/2817 2850/2850/2850 2851/2851/2851
f 2817/2817/2817 2851/2851/2851 2818/2818/2818
f 2818/2818/2818 2851/2851/2851 2852/2852/2852
f 2818/2818/2818 2852/2852/2852 2819/2819/2819
f 2819/2819/2819 2852/2852/2852 2853/2853/2853
f 2819/2819/2819 2853/2853/2853 2820/2820/2820
f 2820/2820/2820 2853/2853/2853 2854/2854/2854
f 2820/2820/2820 2854/2854/2854 2821/2821/2821
f 2821/2821/2821 2854/2854/2854 2855/2855/2855
f 2821/2821/2821 2855/2855/2855 2822/2822/2822
f 2822/2822/2822 2855/2855/2855 2856/2856/2856
f 2822/2822/2822 2856/2856/2856 2823/2823/2823
f 2823/2823/2823 2856/2856/2856 2857/2857/2857
f 2823/2823/2823 2857/2857/2857 2824/2824/2824
f 2824/2824/2824 2857/2857/2857 2858/2858/2858
f 2824/2824/2824 2858/2858/2858 2825/2825/2825
f 2825/2825/2825 2858/2858/2858 2859/2859/2859
f 2825/2825/2825 2859/2859/2859 2826/2826/2826
f 2826/2826/2826 2859/2859/2859 2860/2860/2860
f 2826/2826/2826 2860/2860/2860 2827/2827/2827
f 2827/2827/2827 2860/2860/2860 2861/2861/2861
f 2827/2827/2827 2861/2861/2861 2828/2828/2828
f 2828/2828/2828 2861/2861/2861 2862/2862/2862
f 2828/2828/2828 2862/2862/2862 2829/2829/2829
f 2829/2829/2829 2862/2862/2862 2863/2863/2863
f 2829/2829/2829 2863/2863/2863 2830/2830/2830
f 2830/2830/2830 2863/2863/2863 2864/2864/2864
f 2830/2830/2830 2864/2864/2864 2831/2831/2831
f 2831/2831/2831 2864/2864/2864 2865/2865/2865
f 2831/2831/2831 2865/2865/2865 2832/2832/2832
f 2832/2832/2832 2865/2865/2865 2866/2866/2866
f 2832/2832/2832 2866/2866/2866 2833/2833/2833
f 2833/2833/2833 2866/2866/2866 2867/2867/2867
f 2833/2833/2833 2867/2867/2867 2834/2834/2834
f 2834/2834/2834 2867/2867/2867 2868/2868/2868
f 2834/2834/2834 2868/2868/2868 2835/2835/2835
f 2835/2835/2835 2868/2868/2868 2869/2869/2869
f 2835/2835/2835 2869/2869/2869 2836/2836/2836
f 2836/2836/2836 2869/2869/2869 2870/2870/2870
f 2836/2836/2836 2870/2870/2870 2837/2837/2837
f 2837/2837/2837 2870/2870/2870 2871/2871/2871
f 2837/2837/2837 2871/2871/2871 2838/2838/2838
f 2839/2839/2839 2872/2872/2872 2873/2873/2873
f 2839/2839/2839 2873/2873/2873 2840/2840/2840
f 2840/2840/2840 2873/2873/2873 2874/2874/2874
f 2840/2840/2840 2874/2874/2874 2841/2841/2841
f 2841/2841/2841 2874/2874/2874 2875/2875/2875
f 2841/2841/2841 2875/2875/2875 2842/2842/2842
f 2842/2842/2842 2875/2875/2875 2876/2876/2876
f 2842/2842/2842 2876/2876/2876 2843/2843/2843
f 2843/2843/2843 2876/2876/2876 2877/2877/2877
f 2843/2843/2843 2877/2877/2877 2844/2844/2844
f 2844/2844/2844 2877/2877/2877 2878/2878/2878
f 2844/2844/2844 2878/2878/2878 2845/2845/2845
f 2845/2845/2845 2878/2878/2878 2879/2879/2879
f 2845/2845/2845 2879/2879/2879 2846/2846/2846
f 2846/2846/2846 2879/2879/2879 2880/2880/2880
f 2846/2846/2846 2880/2880/2880 2847/2847/2847
f 2847/2847/2847 2880/2880/2880 2881/2881/2881
f 2847/2847/2847 2881/2881/2881 2848/2848/2848
f 2848/2848/2848 2881/2881/2881 2882/2882/2882
f 2848/2848/2848 2882/2882/2882 2849/2849/2849
f 2849/2849/2849 2882/2882/2882 2883/2883/2883
f 2849/2849/2849 2883/2883/2883 2850/2850/2850
f 2850/2850/2850 2883/2883/2883 2884/2884/2884
f 2850/2850/2850 2884/2884/2884 2851/2851/2851
f 2851/2851/2851 2884/2884/2884 2885/2885/2885
f 2851/2851/2851 2885/2885/2885 2852/2852/2852
f 2852/2852/2852 2885/2885/2885 2886/2886/2886
f 2852/2852/2852 2886/2886/2886 2853/2853/2853
f 2853/2853/2853 2886/2886/2886 2887/2887/2887
f 2853/2853/2853 2887/2887/2887 2854/2854/2854
f 2854/2854/2854 2887/2887/2887 2888/2888/2888
f 2854/2854/2854 2888/2888/2888 2855/2855/2855
f 2855/2855/2855 2888/2888/2888 2889/2889/2889
f 2855/2855/2855 2889/2889/2889 2856/2856/2856
f 2856/2856/2856 2889/2889/2889 2890/2890/2890
f 2856/2856/2856 2890/2890/2890 2857/2857/2857
f 2857/2857/2857 2890/2890/2890 2891/2891/2891
f 2857/2857/2857 2891/2891/2891 2858/2858/2858
f 2858/2858/2858 2891/2891/2891 2892/2892/2892
f 2858/2858/2858 2892/2892/2892 2859/2859/2859
f 2859/2859/2859 2892/2892/2892 2893/2893/2893
f 2859/2859/2859 2893/2893/2893 2860/2860/2860
f 2860/2860/2860 2893/2893/2893 2894/2894/2894
f 2860/2860/2860 2894/2894/2894 2861/2861/2861
f 2861/2861/2861 2894/2894/2894 2895/2895/2895
f 2861/2861/2861 2895/2895/2895 2862/2862/2862
f 2862/2862/2862 2895/2895/2895 2896/2896/2896
f 2862/2862/2862 2896/2896/2896 2863/2863/2863
f 2863/2863/2863 2896/2896/2896 2897/2897/2897
f 2863/2863/2863 2897/2897/2897 2864/2864/2864
f 2864/2864/2864 2897/2897/2897 2898/2898/2898
f 2864/2864/2864 2898/2898/2898 2865/2865/2865
f 2865/2865/2865 2898/2898/2898 2899/2899/2899
f 2865/2865/2865 2899/2899/2899 2866/2866/2866
f 2866/2866/2866 2899/2899/2899 2900/2900/2900
f 2866/2866/2866 2900/2900/2900 2867/2867/2867
f 2867/2867/2867 2900/2900/2900 2901/2901/2901
f 2867/2867/2867 2901/2901/2901 2868/2868/2868
f 2868/2868/2868 2901/2901/2901 2902/2902/2902
f 2868/2868/2868 2902/2902/2902 2869/2869/2869
f 2869/2869/2869 2902/2902/2902 2903/2903/2903
f 2869/2869/2869 2903/2903/2903 2870/2870/2870
f 2870/2870/2870 2903/2903/2903 2904/2904/2904
f 2870/2870/2870 2904/2904/2904 2871/2871/2871
f 2872/2872/2872 2905/2905/2905 2906/2906/2906
f 2872/2872/2872 2906/2906/2906 2873/2873/2873
f 2873/2873/2873 2906/2906/2906 2907/2907/2907
f 2873/2873/2873 2907/2907/2907 2874/2874/2874
f 2874/2874/2874 2907/2907/2907 2908/2908/2908
f 2874/2874/2874 2908/2908/2908 2875/2875/2875
f 2875/2875/2875 2908/2908/2908 2909/2909/2909
f 2875/2875/2875 2909/2909/2909 2876/2876/2876
f 2876/2876/2876 2909/2909/2909 2910/2910/2910
f 2876/2876/2876 2910/2910/2910 2877/2877/2877
f 2877/2877/2877 2910/2910/2910 2911/2911/2911
f 2877/2877/2877 2911/2911/2911 2878/2878/2878
f 2878/2878/2878 2911/2911/2911 2912/2912/2912
f 2878/2878/2878 2912/2912/2912 2879/2879/2879
f 2879/2879/2879 2912/2912/2912 2913/2913/2913
f 2879/2879/2879 2913/2913/2913 2880/2880/2880
f 2880/2880/2880 2913/2913/2913 2914/2914/2914
f 2880/2880/2880 2914/2914/2914 2881/2881/2881
f 2881/2881/2881 2914/2914/2914 2915/2915/2915
f 2881/2881/2881 2915/2915/2915 2882/2882/2882
f 2882/2882/2882 2915/2915/2915 2916/2916/2916
f 2882/2882/2882 2916/2916/2916 2883/2883/2883
f 2883/2883/2883 2916/2916/2916 2917/2917/2917
f 2883/2883/2883 2917/2917/2917 2884/2884/2884
f 2884/2884/2884 2917/2917/2917 2918/2918/2918
f 2884/2884/2884 2918/2918/2918 2885/2885/2885
f 2885/2885/2885 2918/2918/2918 2919/2919/2919
f 2885/2885/2885 2919/2919/2919 2886/2886/2886
f 2886/2886/2886 2919/2919/2919 2920/2920/2920
f 2886/2886/2886 2920/2920/2920 2887/2887/2887
f 2887/2887/2887 2920/2920/2920 2921/2921/2921
f 2887/2887/2887 2921/2921/2921 2888/2888/2888
f 2888/2888/2888 2921/2921/2921 2922/2922/2922
f 2888/2888/2888 2922/2922/2922 2889/2889/2889
f 2889/2889/2889 2922/2922/2922 2923/2923/2923
f 2889/2889/2889 2923/2923/2923 2890/2890/2890
f 2890/2890/2890 2923/2923/2923 2924/2924/2924
f 2890/2890/2890 2924/2924/2924 2891/2891/2891
f 2891/2891/2891 2924/2924/2924 2925/2925/2925
f 2891/2891/2891 2925/2925/2925 2892/2892/2892
f 2892/2892/2892 2925/2925/2925 2926/2926/2926
f 2892/2892/2892 2926/2926/2926 2893/2893/2893
f 2893/2893/2893 2926/2926/2926 2927/2927/2927
f 2893/2893/2893 2927/2927/2927 2894/2894/2894
f 2894/2894/2894 2927/2927/2927 2928/2928/2928
f 2894/2894/2894 2928/2928/2928 2895/2895/2895
f 2895/2895/2895 2928/2928/2928 2929/2929/2929
f 2895/2895/2895 2929/2929/2929 2896/2896/2896
f 2896/2896/2896 2929/2929/2929 2930/2930/2930
f 2896/2896/2896 2930/2930/2930 2897/2897/2897
f 2897/2897/2897 2930/2930/2930 2931/2931/2931
f 2897/2897/2897 2931/2931/2931 2898/2898/2898
f 2898/2898/2898 2931/2931/2931 2932/2932/2932
f 2898/2898/2898 2932/2932/2932 2899/2899/2899
f 2899/2899/2899 2932/2932/2932 2933/2933/2933
f 2899/2899/2899 2933/2933/2933 2900/2900/2900
f 2900/2900/2900 2933/2933/2933 2934/2934/2934
f 2900/2900/2900 2934/2934/2934 2901/2901/2901
f 2901/2901/2901 2934/2934/2934 2935/2935/2935
f 2901/2901/2901 2935/2935/2935 2902/2902/2902
f 2902/2902/2902 2935/2935/2935 2936/2936/2936
f 2902/2902/2902 2936/2936/2936 2903/2903/2903
f 2903/2903/2903 2936/2936/2936 2937/2937/2937
f 2903/2903/2903 2937/2937/2937 2904/2904/2904
f 2905/2905/2905 2938/2938/2938 2939/2939/2939
f 2905/2905/2905 2939/2939/2939 2906/2906/2906
f 2906/2906/2906 2939/2939/2939 2940/2940/2940
f 2906/2906/2906 2940/2940/2940 2907/2907/2907
f 2907/2907/2907 2940/2940/2940 2941/2941/2941
f 2907/2907/2907 2941/2941/2941 2908/2908/2908
f 2908/2908/2908 2941/2941/2941 2942/2942/2942
f 2908/2908/2908 2942/2942/2942 2909/2909/2909
f 2909/2909/2909 2942/2942/2942 2943/2943/2943
f 2909/2909/2909 2943/2943/2943 2910/2910/2910
f 2910/2910/2910 2943/2943/2943 2944/2944/2944
f 2910/2910/2910 2944/2944/2944 2911/2911/2911
f 2911/2911/2911 2944/2944/2944 2945/2945/2945
f 2911/2911/2911 2945/2945/2945 2912/2912/2912
f 2912/2912/2912 2945/2945/2945 2946/2946/2946
f 2912/2912/2912 2946/2946/2946 2913/2913/2913
f 2913/2913/2913 2946/2946/2946 2947/2947/2947
f 2913/2913/2913 2947/2947/2947 2914/2914/2914
f 2914/2914/2914 2947/2947/2947 2948/2948/2948
f 2914/2914/2914 2948/2948/2948 2915/2915/2915
f 2915/2915/2915 2948/2948/2948 2949/2949/2949
f 2915/2915/2915 2949/2949/2949 2916/2916/2916
f 2916/2916/2916 2949/2949/2949 2950/2950/2950
f 2916/2916/2916 2950/2950/2950 2917/2917/2917
f 2917/2917/2917 2950/2950/2950 2951/2951/2951
f 2917/2917/2917 2951/2951/2951 2918/2918/2918
f 2918/2918/2918 2951/2951/2951 2952/2952/2952
f 2918/2918/2918 2952/2952/2952 2919/2919/2919
f 2919/2919/2919 2952/2952/2952 2953/2953/2953
f 2919/2919/2919 2953/2953/2953 2920/2920/2920
f 2920/2920/2920 2953/2953/2953 2954/2954/2954
f 2920/2920/2920 2954/2954/2954 2921/2921/2921
f 2921/2921/2921 2954/2954/2954 2955/2955/2955
f 2921/2921/2921 2955/2955/2955 2922/2922/2922
f 2922/2922/2922 2955/2955/2955 2956/2956/2956
f 2922/2922/2922 2956/2956/2956 2923/2923/2923
f 2923/2923/2923 2956/2956/2956 2957/2957/2957
f 2923/2923/2923 2957/2957/2957 2924/2924/2924
f 2924/2924/2924 2957/2957/2957 2958/2958/2958
f 2924/2924/2924 2958/2958/2958 2925/2925/2925
f 2925/2925/2925 2958/2958/2958 2959/2959/2959
f 2925/2925/2925 2959/2959/2959 2926/2926/2926
f 2926/2926/2926 2959/2959/2959 2960/2960/2960
f 2926/2926/2926 2960/2960/2960 2927/2927/2927
f 2927/2927/2927 2960/2960/2960 2961/2961/2961
f 2927/2927/2927 2961/2961/2961 2928/2928/2928
f 2928/2928/2928 2961/2961/2961 2962/2962/2962
f 2928/2928/2928 2962/2962/2962 2929/2929/2929
f 2929/2929/2929 2962/2962/2962 2963/2963/2963
f 2929/2929/2929 2963/2963/2963 2930/2930/2930
f 2930/2930/2930 2963/2963/2963 2964/2964/2964
f 2930/2930/2930 2964/2964/2964 2931/2931/2931
f 2931/2931/2931 2964/2964/2964 2965/2965/2965
f 2931/2931/2931 2965/2965/2965 2932/2932/2932
f 2932/2932/2932 2965/2965/2965 2966/2966/2966
f 2932/2932/2932 2966/2966/2966 2933/2933/2933
f 2933/2933/2933 2966/2966/2966 2967/2967/2967
f 2933/2933/2933 2967/2967/2967 2934/2934/2934
f 2934/2934/2934 2967/2967/2967 2968/2968/2968
f 2934/2934/2934 2968/2968/2968 2935/2935/2935
f 2935/2935/2935 2968/2968/2968 2969/2969/2969
f 2935/2935/2935 2969/2969/2969 2936/2936/2936
f 2936/2936/2936 2969/2969/2969 2970/2970/2970
f 2936/2936/2936 2970/2970/2970 2937/2937/2937
f 2938/2938/2938 2971/2971/2971 2972/2972/2972
f 2938/2938/2938 2972/2972/2972 2939/2939/2939
f 2939/2939/2939 2972/2972/2972 2973/2973/2973
f 2939/2939/2939 2973/2973/2973 2940/2940/2940
f 2940/2940/2940 2973/2973/2973 2974/2974/2974
f 2940/2940/2940 2974/2974/2974 2941/2941/2941
f 2941/2941/2941 2974/2974/2974 2975/2975/2975
f 2941/2941/2941 2975/2975/2975 2942/2942/2942
f 2942/2942/2942 2975/2975/2975 2976/2976/2976
f 2942/2942/2942 2976/2976/2976 2943/2943/2943
f 2943/2943/2943 2976/2976/2976 2977/2977/2977
f 2943/2943/2943 2977/2977/2977 2944/2944/2944
f 2944/2944/2944 2977/2977/2977 2978/2978/2978
f 2944/2944/2944 2978/2978/2978 2945/2945/2945
f 2945/2945/2945 2978/2978/2978 2979/2979/2979
f 2945/2945/2945 2979/2979/2979 2946/2946/2946
f 2946/2946/2946 2979/2979/2979 2980/2980/2980
f 2946/2946/2946 2980/2980/2980 2947/2947/2947
f 2947/2947/2947 2980/2980/2980 2981/2981/2981
f 2947/2947/2947 2981/2981/2981 2948/2948/2948
f 2948/2948/2948 2981/2981/2981 2982/2982/2982
f 2948/2948/2948 2982/2982/2982 2949/2949/2949
f 2949/2949/2949 2982/2982/2982 2983/2983/2983
f 2949/2949/2949 2983/2983/2983 2950/2950/2950
f 2950/2950/2950 2983/2983/2983 2984/2984/2984
f 2950/2950/2950 2984/2984/2984 2951/2951/2951
f 2951/2951/2951 2984/2984/2984 2985/2985/2985
f 2951/2951/2951 2985/2985/2985 2952/2952/2952
f 2952/2952/2952 2985/2985/2985 2986/2986/2986
f 2952/2952/2952 2986/2986/2986 2953/2953/2953
f 2953/2953/2953 2986/2986/2986 2987/2987/2987
f 2953/2953/2953 2987/2987/2987 2954/2954/2954
f 2954/2954/2954 2987/2987/2987 2988/2988/2988
f 2954/2954/2954 2988/2988/2988 2955/2955/2955
f 2955/2955/2955 2988/2988/2988 2989/2989/2989
f 2955/2955/2955 2989/2989/2989 2956/2956/2956
f 2956/2956/2956 2989/2989/2989 2990/2990/2990
f 2956/2956/2956 2990/2990/2990 2957/2957/2957
f 2957/2957/2957 2990/2990/2990 2991/2991/2991
f 2957/2957/2957 2991/2991/2991 2958/2958/2958
f 2958/2958/2958 2991/2991/2991 2992/2992/2992
f 2958/2958/2958 2992/2992/2992 2959/2959/2959
f 2959/2959/2959 2992/2992/2992 2993/2993/2993
f 2959/2959/2959 2993/2993/2993 2960/2960/2960
f 2960/2960/2960 2993/2993/2993 2994/2994/2994
f 2960/2960/2960 2994/2994/2994 2961/2961/2961
f 2961/2961/2961 2994/2994/2994 2995/2995/2995
f 2961/2961/2961 2995/2995/2995 2962/2962/2962
f 2962/2962/2962 2995/2995/2995 2996/2996/2996
f 2962/2962/2962 2996/2996/2996 2963/2963/2963
f 2963/2963/2963 2996/2996/2996 2997/2997/2997
f 2963/2963/2963 2997/2997/2997 2964/2964/2964
f 2964/2964/2964 2997/2997/2997 2998/2998/2998
f 2964/2964/2964 2998/2998/2998 2965/2965/2965
f 2965/2965/2965 2998/2998/2998 2999/2999/2999
f 2965/2965/2965 2999/2999/2999 2966/2966/2966
f 2966/2966/2966 2999/2999/2999 3000/3000/3000
f 2966/2966/2966 3000/3000/3000 2967/2967/2967
f 2967/2967/2967 3000/3000/3000 3001/3001/3001
f 2967/2967/2967 3001/3001/3001 2968/2968/2968
f 2968/2968/2968 3001/3001/3001 3002/3002/3002
f 2968/2968/2968 3002/3002/3002 2969/2969/2969
f 2969/2969/2969 3002/3002/3002 3003/3003/3003
f 2969/2969/2969 3003/3003/3003 2970/2970/2970
f 2971/2971/2971 3004/3004/3004 3005/3005/3005
f 2971/2971/2971 3005/3005/3005 2972/2972/2972
f 2972/2972/2972 3005/3005/3005 3006/3006/3006
f 2972/2972/2972 3006/3006/3006 2973/2973/2973
f 2973/2973/2973 3006/3006/3006 3007/3007/3007
f 2973/2973/2973 3007/3007/3007 2974/2974/2974
f 2974/2974/2974 3007/3007/3007 3008/3008/3008
f 2974/2974/2974 3008/3008/3008 2975/2975/2975
f 2975/2975/2975 3008/3008/3008 3009/3009/3009
f 2975/2975/2975 3009/3009/3009 2976/2976/2976
f 2976/2976/2976 3009/3009/3009 3010/3010/3010
f 2976/2976/2976 3010/3010/3010 2977/2977/2977
f 2977/2977/2977 3010/3010/3010 3011/3011/3011
f 2977/2977/2977 3011/3011/3011 2978/2978/2978
f 2978/2978/2978 3011/3011/3011 3012/3012/3012
f 2978/2978/2978 3012/3012/3012 2979/2979/2979
f 2979/2979/2979 3012/3012/3012 3013/3013/3013
f 2979/2979/2979 3013/3013/3013 2980/2980/2980
f 2980/2980/2980 3013/3013/3013 3014/3014/3014
f 2980/2980/2980 3014/3014/3014 2981/2981/2981
f 2981/2981/2981 3014/3014/3014 3015/3015/3015
f 2981/2981/2981 3015/3015/3015 2982/2982/2982
f 2982/2982/2982 3015/3015/3015 3016/3016/3016
f 2982/2982/2982 3016/3016/3016 2983/2983/2983
f 2983/2983/2983 3016/3016/3016 3017/3017/3017
f 2983/2983/2983 3017/3017/3017 2984/2984/2984
f 2984/2984/2984 3017/3017/3017 3018/3018/3018
f 2984/2984/2984 3018/3018/3018 2985/2985/2985
f 2985/2985/2985 3018/3018/3018 3019/3019/3019
f 2985/2985/2985 3019/3019/3019 2986/2986/2986
f 2986/2986/2986 3019/3019/3019 3020/3020/3020
f 2986/2986/2986 3020/3020/3020 2987/2987/2987
f 2987/2987/2987 3020/3020/3020 3021/3021/3021
f 2987/2987/2987 3021/3021/3021 2988/2988/2988
f 2988/2988/2988 3021/3021/3021 3022/3022/3022
f 2988/2988/2988 3022/3022/3022 2989/2989/2989
f 2989/2989/2989 3022/3022/3022 3023/3023/3023
f 2989/2989/2989 3023/3023/3023 2990/2990/2990
f 2990/2990/2990 3023/3023/3023 3024/3024/3024
f 2990/2990/2990 3024/3024/3024 2991/2991/2991
f 2991/2991/2991 3024/3024/3024 3025/3025/3025
f 2991/2991/2991 3025/3025/3025 2992/2992/2992
f 2992/2992/2992 3025/3025/3025 3026/3026/3026
f 2992/2992/2992 3026/3026/3026 2993/2993/2993
f 2993/2993/2993 3026/3026/3026 3027/3027/3027
f 2993/2993/2993 3027/3027/3027 2994/2994/2994
f 2994/2994/2994 3027/3027/3027 3028/3028/3028
f 2994/2994/2994 3028/3028/3028 2995/2995/2995
f 2995/2995/2995 3028/3028/3028 3029/3029/3029
f 2995/2995/2995 3029/3029/3029 2996/2996/2996
f 2996/2996/2996 3029/3029/3029 3030/3030/3030
f 2996/2996/2996 3030/3030/3030 2997/2997/2997
f 2997/2997/2997 3030/3030/3030 3031/3031/3031
f 2997/2997/2997 3031/3031/3031 2998/2998/2998
f 2998/2998/2998 3031/3031/3031 3032/3032/3032
f 2998/2998/2998 3032/3032/3032 2999/2999/2999
f 2999/2999/2999 3032/3032/3032 3033/3033/3033
f 2999/2999/2999 3033/3033/3033 3000/3000/3000
f 3000/3000/3000 3033/3033/3033 3034/3034/3034
f 3000/3000/3000 3034/3034/3034 3001/3001/3001
f 3001/3001/3001 3034/3034/3034 3035/3035/3035
f 3001/3001/3001 3035/3035/3035 3002/3002/3002
f 3002/3002/3002 3035/3035/3035 3036/3036/3036
f 3002/3002/3002 3036/3036/3036 3003/3003/3003
f 3004/3004/3004 3037/3037/3037 3038/3038/3038
f 3004/3004/3004 3038/3038/3038 3005/3005/3005
f 3005/3005/3005 3038/3038/3038 3039/3039/3039
f 3005/3005/3005 3039/3039/3039 3006/3006/3006
f 3006/3006/3006 3039/3039/3039 3040/3040/3040
f 3006/3006/3006 3040/3040/3040 3007/3007/3007
f 3007/3007/3007 3040/3040/3040 3041/3041/3041
f 3007/3007/3007 3041/3041/3041 3008/3008/3008
f 3008/3008/3008 3041/3041/3041 3042/3042/3042
f 3008/3008/3008 3042/3042/3042 3009/3009/3009
f 3009/3009/3009 3042/3042/3042 3043/3043/3043
f 3009/3009/3009 3043/3043/3043 3010/3010/3010
f 3010/3010/3010 3043/3043/3043 3044/3044/3044
f 3010/3010/3010 3044/3044/3044 3011/3011/3011
f 3011/3011/3011 3044/3044/3044 3045/3045/3045
f 3011/3011/3011 3045/3045/3045 3012/3012/3012
f 3012/3012/3012 3045/3045/3045 3046/3046/3046
f 3012/3012/3012 3046/3046/3046 3013/3013/3013
f 3013/3013/3013 3046/3046/3046 3047/3047/3047
f 3013/3013/3013 3047/3047/3047 3014/3014/3014
f 3014/3014/3014 3047/3047/3047 3048/3048/3048
f 3014/3014/3014 3048/3048/3048 3015/3015/3015
f 3015/3015/3015 3048/3048/3048 3049/3049/3049
f 3015/3015/3015 3049/3049/3049 3016/3016/3016
f 3016/3016/3016 3049/3049/3049 3050/3050/3050
f 3016/3016/3016 3050/3050/3050 3017/3017/3017
f 3017/3017/3017 3050/3050/3050 3051/3051/3051
f 3017/3017/3017 3051/3051/3051 3018/3018/3018
f 3018/3018/3018 3051/3051/3051 3052/3052/3052
f 3018/3018/3018 3052/3052/3052 3019/3019/3019
f 3019/3019/3019 3052/3052/3052 3053/3053/3053
f 3019/3019/3019 3053/3053/3053 3020/3020/3020
f 3020/3020/3020 3053/3053/3053 3054/3054/3054
f 3020/3020/3020 3054/3054/3054 3021/3021/3021
f 3021/3021/3021 3054/3054/3054 3055/3055/3055
f 3021/3021/3021 3055/3055/3055 3022/3022/3022
f 3022/3022/3022 3055/3055/3055 3056/3056/3056
f 3022/3022/3022 3056/3056/3056 3023/3023/3023
f 3023/3023/3023 3056/3056/3056 3057/3057/3057
f 3023/3023/3023 3057/3057/3057 3024/3024/3024
f 3024/3024/3024 3057/3057/3057 3058/3058/3058
f 3024/3024/3024 3058/3058/3058 3025/3025/3025
f 3025/3025/3025 3058/3058/3058 3059/3059/3059
f 3025/3025/3025 3059/3059/3059 3026/3026/3026
f 3026/3026/3026 3059/3059/3059 3060/3060/3060
f 3026/3026/3026 3060/3060/3060 3027/3027/3027
f 3027/3027/3027 3060/3060/3060 3061/3061/3061
f 3027/3027/3027 3061/3061/3061 3028/3028/3028
f 3028/3028/3028 3061/3061/3061 3062/3062/3062
f 3028/3028/3028 3062/3062/3062 3029/3029/3029
f 3029/3029/3029 3062/3062/3062 3063/3063/3063
f 3029/3029/3029 3063/3063/3063 3030/3030/3030
f 3030/3030/3030 3063/3063/3063 3064/3064/3064
f 3030/3030/3030 3064/3064/3064 3031/3031/3031
f 3031/3031/3031 3064/3064/3064 3065/3065/3065
f 3031/3031/3031 3065/3065/3065 3032/3032/3032
f 3032/3032/3032 3065/3065/3065 3066/3066/3066
f 3032/3032/3032 3066/3066/3066 3033/3033/3033
f 3033/3033/3033 3066/3066/3066 3067/3067/3067
f 3033/3033/3033 3067/3067/3067 3034/3034/3034
f 3034/3034/3034 3067/3067/3067 3068/3068/3068
f 3034/3034/3034 3068/3068/3068 3035/3035/3035
f 3035/3035/3035 3068/3068/3068 3069/3069/3069
f 3035/3035/3035 3069/3069/3069 3036/3036/3036
f 3037/3037/3037 3070/3070/3070 3071/3071/3071
f 3037/3037/3037 3071/3071/3071 3038/3038/3038
f 3038/3038/3038 3071/3071/3071 3072/3072/3072
f 3038/3038/3038 3072/3072/3072 3039/3039/3039
f 3039/3039/3039 3072/3072/3072 3073/3073/3073
f 3039/3039/3039 3073/3073/3073 3040/3040/3040
f 3040/3040/3040 3073/3073/3073 3074/3074/3074
f 3040/3040/3040 3074/3074/3074 3041/3041/3041
f 3041/3041/3041 3074/3074/3074 3075/3075/3075
f 3041/3041/3041 3075/3075/3075 3042/3042/3042
f 3042/3042/3042 3075/3075/3075 3076/3076/3076
f 3042/3042/3042 3076/3076/3076 3043/3043/3043
f 3043/3043/3043 3076/3076/3076 3077/3077/3077
f 3043/3043/3043 3077/3077/3077 3044/3044/3044
f 3044/3044/3044 3077/3077/3077 3078/3078/3078
f 3044/3044/3044 3078/3078/3078 3045/3045/3045
f 3045/3045/3045 3078/3078/3078 3079/3079/3079
f 3045/3045/3045 3079/3079/3079 3046/3046/3046
f 3046/3046/3046 3079/3079/3079 3080/3080/3080
f 3046/3046/3046 3080/3080/3080 3047/3047/3047
f 3047/3047/3047 3080/3080/3080 3081/3081/3081
f 3047/3047/3047 3081/3081/3081 3048/3048/3048
f 3048/3048/3048 3081/3081/3081 3082/3082/3082
f 3048/3048/3048 3082/3082/3082 3049/3049/3049
f 3049/3049/3049 3082/3082/3082 3083/3083/3083
f 3049/3049/3049 3083/3083/3083 3050/3050/3050
f 3050/3050/3050 3083/3083/3083 3084/3084/3084
f 3050/3050/3050 3084/3084/3084 3051/3051/3051
f 3051/3051/3051 3084/3084/3084 3085/3085/3085
f 3051/3051/3051 3085/3085/3085 3052/3052/3052
f 3052/3052/3052 3085/3085/3085 3086/3086/3086
f 3052/3052/3052 3086/3086/3086 3053/3053/3053
f 3053/3053/3053 3086/3086/3086 3087/3087/3087
f 3053/3053/3053 3087/3087/3087 3054/3054/3054
f 3054/3054/3054 3087/3087/3087 3088/3088/3088
f 3054/3054/3054 3088/3088/3088 3055/3055/3055
f 3055/3055/3055 3088/3088/3088 3089/3089/3089
f 3055/3055/3055 3089/3089/3089 3056/3056/3056
f 3056/3056/3056 3089/3089/3089 3090/3090/3090
f 3056/3056/3056 3090/3090/3090 3057/3057/3057
f 3057/3057/3057 3090/3090/3090 3091/3091/3091
f 3057/3057/3057 3091/3091/3091 3058/3058/3058
f 3058/3058/3058 3091/3091/3091 3092/3092/3092
f 3058/3058/3058 3092/3092/3092 3059/3059/3059
f 3059/3059/3059 3092/3092/3092 3093/3093/3093
f 3059/3059/3059 3093/3093/3093 3060/3060/3060
f 3060/3060/3060 3093/3093/3093 3094/3094/3094
f 3060/3060/3060 3094/3094/3094 3061/3061/3061
f 3061/3061/3061 3094/3094/3094 3095/3095/3095
f 3061/3061/3061 3095/3095/3095 3062/3062/3062
f 3062/3062/3062 3095/3095/3095 3096/3096/3096
f 3062/3062/3062 3096/3096/3096 3063/3063/3063
f 3063/3063/3063 3096/3096/3096 3097/3097/3097
f 3063/3063/3063 3097/3097/3097 3064/3064/3064
f 3064/3064/3064 3097/3097/3097 3098/3098/3098
f 3064/3064/3064 3098/3098/3098 3065/3065/3065
f 3065/3065/3065 3098/3098/3098 3099/3099/3099
f 3065/3065/3065 3099/3099/3099 3066/3066/3066
f 3066/3066/3066 3099/3099/3099 3100/3100/3100
f 3066/3066/3066 3100/3100/3100 3067/3067/3067
f 3067/3067/3067 3100/3100/3100 3101/3101/3101
f 3067/3067/3067 3101/3101/3101 3068/3068/3068
f 3068/3068/3068 3101/3101/3101 3102/3102/3102
f 3068/3068/3068 3102/3102/3102 3069/3069/3069
f 3070/3070/3070 3103/3103/3103 3104/3104/3104
f 3070/3070/3070 3104/3104/3104 3071/3071/3071
f 3071/3071/3071 3104/3104/3104 3105/3105/3105
f 3071/3071/3071 3105/3105/3105 3072/3072/3072
f 3072/3072/3072 3105/3105/3105 3106/3106/3106
f 3072/3072/3072 3106/3106/3106 3073/3073/3073
f 3073/3073/3073 3106/3106/3106 3107/3107/3107
f 3073/3073/3073 3107/3107/3107 3074/3074/3074
f 3074/3074/3074 3107/3107/3107 3108/3108/3108
f 3074/3074/3074 3108/3108/3108 3075/3075/3075
f 3075/3075/3075 3108/3108/3108 3109/3109/3109
f 3075/3075/3075 3109/3109/3109 3076/3076/3076
f 3076/3076/3076 3109/3109/3109 3110/3110/3110
f 3076/3076/3076 3110/3110/3110 3077/3077/3077
f 3077/3077/3077 3110/3110/3110 3111/3111/3111
f 3077/3077/3077 3111/3111/3111 3078/3078/3078
f 3078/3078/3078 3111/3111/3111 3112/3112/3112
f 3078/3078/3078 3112/3112/3112 3079/3079/3079
f 3079/3079/3079 3112/3112/3112 3113/3113/3113
f 3079/3079/3079 3113/3113/3113 3080/3080/3080
f 3080/3080/3080 3113/3113/3113 3114/3114/3114
f 3080/3080/3080 3114/3114/3114 3081/3081/3081
f 3081/3081/3081 3114/3114/3114 3115/3115/3115
f 3081/3081/3081 3115/3115/3115 3082/3082/3082
f 3082/3082/3082 3115/3115/3115 3116/3116/3116
f 3082/3082/3082 3116/3116/3116 3083/3083/3083
f 3083/3083/3083 3116/3116/3116 3117/3117/3117
f 3083/3083/3083 3117/3117/3117 3084/3084/3084
f 3084/3084/3084 3117/3117/3117 3118/3118/3118
f 3084/3084/3084 3118/3118/3118 3085/3085/3085
f 3085/3085/3085 3118/3118/3118 3119/3119/3119
f 3085/3085/3085 3119/3119/3119 3086/3086/3086
f 3086/3086/3086 3119/3119/3119 3120/3120/3120
f 3086/3086/3086 3120/3120/3120 3087/3087/3087
f 3087/3087/3087 3120/3120/3120 3121/3121/3121
f 3087/3087/3087 3121/3121/3121 3088/3088/3088
f 3088/3088/3088 3121/3121/3121 3122/3122/3122
f 3088/3088/3088 3122/3122/3122 3089/3089/3089
f 3089/3089/3089 3122/3122/3122 3123/3123/3123
f 3089/3089/3089 3123/3123/3123 3090/3090/3090
f 3090/3090/3090 3123/3123/3123 3124/3124/3124
f 3090/3090/3090 3124/3124/3124 3091/3091/3091
f 3091/3091/3091 3124/3124/3124 3125/3125/3125
f 3091/3091/3091 3125/3125/3125 3092/3092/3092
f 3092/3092/3092 3125/3125/3125 3126/3126/3126
f 3092/3092/3092 3126/3126/3126 3093/3093/3093
f 3093/3093/3093 3126/3126/3126 3127/3127/3127
f 3093/3093/3093 3127/3127/3127 3094/3094/3094
f 3094/3094/3094 3127/3127/3127 3128/3128/3128
f 3094/3094/3094 3128/3128/3128 3095/3095/3095
f 3095/3095/3095 3128/3128/3128 3129/3129/3129
f 3095/3095/3095 3129/3129/3129 3096/3096/3096
f 3096/3096/3096 3129/3129/3129 3130/3130/3130
f 3096/3096/3096 3130/3130/3130 3097/3097/3097
f 3097/3097/3097 3130/3130/3130 3131/3131/3131
f 3097/3097/3097 3131/3131/3131 3098/3098/3098
f 3098/3098/3098 3131/3131/3131 3132/3132/3132
f 3098/3098/3098 3132/3132/3132 3099/3099/3099
f 3099/3099/3099 3132/3132/3132 3133/3133/3133
f 3099/3099/3099 3133/3133/3133 3100/3100/3100
f 3100/3100/3100 3133/3133/3133 3134/3134/3134
f 3100/3100/3100 3134/3134/3134 3101/3101/3101
f 3101/3101/3101 3134/3134/3134 3135/3135/3135
f 3101/3101/3101 3135/3135/3135 3102/3102/3102
f 3103/3103/3103 3136/3136/3136 3137/3137/3137
f 3103/3103/3103 3137/3137/3137 3104/3104/3104
f 3104/3104/3104 3137/3137/3137 3138/3138/3138
f 3104/3104/3104 3138/3138/3138 3105/3105/3105
f 3105/3105/3105 3138/3138/3138 3139/3139/3139
f 3105/3105/3105 3139/3139/3139 3106/3106/3106
f 3106/3106/3106 3139/3139/3139 3140/3140/3140
f 3106/3106/3106 3140/3140/3140 3107/3107/3107
f 3107/3107/3107 3140/3140/3140 3141/3141/3141
f 3107/3107/3107 3141/3141/3141 3108/3108/3108
f 3108/3108/3108 3141/3141/3141 3142/3142/3142
f 3108/3108/3108 3142/3142/3142 3109/3109/3109
f 3109/3109/3109 3142/3142/3142 3143/3143/3143
f 3109/3109/3109 3143/3143/3143 3110/3110/3110
f 3110/3110/3110 3143/3143/3143 3144/3144/3144
f 3110/3110/3110 3144/3144/3144 3111/3111/3111
f 3111/3111/3111 3144/3144/3144 3145/3145/3145
f 3111/3111/3111 3145/3145/3145 3112/3112/3112
f 3112/3112/3112 3145/3145/3145 3146/3146/3146
f 3112/3112/3112 3146/3146/3146 3113/3113/3113
f 3113/3113/3113 3146/3146/3146 3147/3147/3147
f 3113/3113/3113 3147/3147/3147 3114/3114/3114
f 3114/3114/3114 3147/3147/3147 3148/3148/3148
f 3114/3114/3114 3148/3148/3148 3115/3115/3115
f 3115/3115/3115 3148/3148/3148 3149/3149/3149
f 3115/3115/3115 3149/3149/3149 3116/3116/3116
f 3116/3116/3116 3149/3149/3149 3150/3150/3150
f 3116/3116/3116 3150/3150/3150 3117/3117/3117
f 3117/3117/3117 3150/3150/3150 3151/3151/3151
f 3117/3117/3117 3151/3151/3151 3118/3118/3118
f 3118/3118/3118 3151/3151/3151 3152/3152/3152
f 3118/3118/3118 3152/3152/3152 3119/3119/3119
f 3119/3119/3119 3152/3152/3152 3153/3153/3153
f 3119/3119/3119 3153/3153/3153 3120/3120/3120
f 3120/3120/3120 3153/3153/3153 3154/3154/3154
f 3120/3120/3120 3154/3154/3154 3121/3121/3121
f 3121/3121/3121 3154/3154/3154 3155/3155/3155
f 3121/3121/3121 3155/3155/3155 3122/3122/3122
f 3122/3122/3122 3155/3155/3155 3156/3156/3156
f 3122/3122/3122 3156/3156/3156 3123/3123/3123
f 3123/3123/3123 3156/3156/3156 3157/3157/3157
f 3123/3123/3123 3157/3157/3157 3124/3124/3124
f 3124/3124/3124 3157/3157/3157 3158/3158/3158
f 3124/3124/3124 3158/3158/3158 3125/3125/3125
f 3125/3125/3125 3158/3158/3158 3159/3159/3159
f 3125/3125/3125 3159/3159/3159 3126/3126/3126
f 3126/3126/3126 3159/3159/3159 3160/3160/3160
f 3126/3126/3126 3160/3160/3160 3127/3127/3127
f 3127/3127/3127 3160/3160/3160 3161/3161/3161
f 3127/3127/3127 3161/3161/3161 3128/3128/3128
f 3128/3128/3128 3161/3161/3161 3162/3162/3162
f 3128/3128/3128 3162/3162/3162 3129/3129/3129
f 3129/3129/3129 3162/3162/3162 3163/3163/3163
f 3129/3129/3129 3163/3163/3163 3130/3130/3130
f 3130/3130/3130 3163/3163/3163 3164/3164/3164
f 3130/3130/3130 3164/3164/3164 3131/3131/3131
f 3131/3131/3131 3164/3164/3164 3165/3165/3165
f 3131/3131/3131 3165/3165/3165 3132/3132/3132
f 3132/3132/3132 3165/3165/3165 3166/3166/3166
f 3132/3132/3132 3166/3166/3166 3133/3133/3133
f 3133/3133/3133 3166/3166/3166 3167/3167/3167
f 3133/3133/3133 3167/3167/3167 3134/3134/3134
f 3134/3134/3134 3167/3167/3167 3168/3168/3168
f 3134/3134/3134 3168/3168/3168 3135/3135/3135
f 3136/3136/3136 3169/3169/3169 3170/3170/3170
f 3136/3136/3136 3170/3170/3170 3137/3137/3137
f 3137/3137/3137 3170/3170/3170 3171/3171/3171
f 3137/3137/3137 3171/3171/3171 3138/3138/3138
f 3138/3138/3138 3171/3171/3171 3172/3172/3172
f 3138/3138/3138 3172/3172/3172 3139/3139/3139
f 3139/3139/3139 3172/3172/3172 3173/3173/3173
f 3139/3139/3139 3173/3173/3173 3140/3140/3140
f 3140/3140/3140 3173/3173/3173 3174/3174/3174
f 3140/3140/3140 3174/3174/3174 3141/3141/3141
f 3141/3141/3141 3174/3174/3174 3175/3175/3175
f 3141/3141/3141 3175/3175/3175 3142/3142/3142
f 3142/3142/3142 3175/3175/3175 3176/3176/3176
f 3142/3142/3142 3176/3176/3176 3143/3143/3143
f 3143/3143/3143 3176/3176/3176 3177/3177/3177
f 3143/3143/3143 3177/3177/3177 3144/3144/3144
f 3144/3144/3144 3177/3177/3177 3178/3178/3178
f 3144/3144/3144 3178/3178/3178 3145/3145/3145
f 3145/3145/3145 3178/3178/3178 3179/3179/3179
f 3145/3145/3145 3179/3179/3179 3146/3146/3146
f 3146/3146/3146 3179/3179/3179 3180/3180/3180
f 3146/3146/3146 3180/3180/3180 3147/3147/3147
f 3147/3147/3147 3180/3180/3180 3181/3181/3181
f 3147/3147/3147 3181/3181/3181 3148/3148/3148
f 3148/3148/3148 3181/3181/3181 3182/3182/3182
f 3148/3148/3148 3182/3182/3182 3149/3149/3149
f 3149/3149/3149 3182/3182/3182 3183/3183/3183
f 3149/3149/3149 3183/3183/3183 3150/3150/3150
f 3150/3150/3150 3183/3183/3183 3184/3184/3184
f 3150/3150/3150 3184/3184/3184 3151/3151/3151
f 3151/3151/3151 3184/3184/3184 3185/3185/3185
f 3151/3151/3151 3185/3185/3185 3152/3152/3152
f 3152/3152/3152 3185/3185/3185 3186/3186/3186
f 3152/3152/3152 3186/3186/3186 3153/3153/3153
f 3153/3153/3153 3186/3186/3186 3187/3187/3187
f 3153/3153/3153 3187/3187/3187 3154/3154/3154
f 3154/3154/3154 3187/3187/3187 3188/3188/3188
f 3154/3154/3154 3188/3188/3188 3155/3155/3155
f 3155/3155/3155 3188/3188/3188 3189/3189/3189
f 3155/3155/3155 3189/3189/3189 3156/3156/3156
f 3156/3156/3156 3189/3189/3189 3190/3190/3190
f 3156/3156/3156 3190/3190/3190 3157/3157/3157
f 3157/3157/3157 3190/3190/3190 3191/3191/3191
f 3157/3157/3157 3191/3191/3191 3158/3158/3158
f 3158/3158/3158 3191/3191/3191 3192/3192/3192
f 3158/3158/3158 3192/3192/3192 3159/3159/3159
f 3159/3159/3159 3192/3192/3192 3193/3193/3193
f 3159/3159/3159 3193/3193/3193 3160/3160/3160
f 3160/3160/3160 3193/3193/3193 3194/3194/3194
f 3160/3160/3160 3194/3194/3194 3161/3161/3161
f 3161/3161/3161 3194/3194/3194 3195/3195/3195
f 3161/3161/3161 3195/3195/3195 3162/3162/3162
f 3162/3162/3162 3195/3195/3195 3196/3196/3196
f 3162/3162/3162 3196/3196/3196 3163/3163/3163
f 3163/3163/3163 3196/3196/3196 3197/3197/3197
f 3163/3163/3163 3197/3197/3197 3164/3164/3164
f 3164/3164/3164 3197/3197/3197 3198/3198/3198
f 3164/3164/3164 3198/3198/3198 3165/3165/3165
f 3165/3165/3165 3198/3198/3198 3199/3199/3199
f 3165/3165/3165 3199/3199/3199 3166/3166/3166
f 3166/3166/3166 3199/3199/3199 3200/3200/3200
f 3166/3166/3166 3200/3200/3200 3167/3167/3167
f 3167/3167/3167 3200/3200/3200 3201/3201/3201
f 3167/3167/3167 3201/3201/3201 3168/3168/3168
f 3169/3169/3169 3202/3202/3202 3203/3203/3203
f 3169/3169/3169 3203/3203/3203 3170/3170/3170
f 3170/3170/3170 3203/3203/3203 3204/3204/3204
f 3170/3170/3170 3204/3204/3204 3171/3171/3171
f 3171/3171/3171 3204/3204/3204 3205/3205/3205
f 3171/3171/3171 3205/3205/3205 3172/3172/3172
f 3172/3172/3172 3205/3205/3205 3206/3206/3206
f 3172/3172/3172 3206/3206/3206 3173/3173/3173
f 3173/3173/3173 3206/3206/3206 3207/3207/3207
f 3173/3173/3173 3207/3207/3207 3174/3174/3174
f 3174/3174/3174 3207/3207/3207 3208/3208/3208
f 3174/3174/3174 3208/3208/3208 3175/3175/3175
f 3175/3175/3175 3208/3208/3208 3209/3209/3209
f 3175/3175/3175 3209/3209/3209 3176/3176/3176
f 3176/3176/3176 3209/3209/3209 3210/3210/3210
f 3176/3176/3176 3210/3210/3210 3177/3177/3177
f 3177/3177/3177 3210/3210/3210 3211/3211/3211
f 3177/3177/3177 3211/3211/3211 3178/3178/3178
f 3178/3178/3178 3211/3211/3211 3212/3212/3212
f 3178/3178/3178 3212/3212/3212 3179/3179/3179
f 3179/3179/3179 3212/3212/3212 3213/3213/3213
f 3179/3179/3179 3213/3213/3213 3180/3180/3180
f 3180/3180/3180 3213/3213/3213 3214/3214/3214
f 3180/3180/3180 3214/3214/3214 3181/3181/3181
f 3181/3181/3181 3214/3214/3214 3215/3215/3215
f 3181/3181/3181 3215/3215/3215 3182/3182/3182
f 3182/3182/3182 3215/3215/3215 3216/3216/3216
f 3182/3182/3182 3216/3216/3216 3183/3183/3183
f 3183/3183/3183 3216/3216/3216 3217/3217/3217
f 3183/3183/3183 3217/3217/3217 3184/3184/3184
f 3184/3184/3184 3217/3217/3217 3218/3218/3218
f 3184/3184/3184 3218/3218/3218 3185/3185/3185
f 3185/3185/3185 3218/3218/3218 3219/3219/3219
f 3185/3185/3185 3219/3219/3219 3186/3186/3186
f 3186/3186/3186 3219/3219/3219 3220/3220/3220
f 3186/3186/3186 3220/3220/3220 3187/3187/3187
f 3187/3187/3187 3220/3220/3220 3221/3221/3221
f 3187/3187/3187 3221/3221/3221 3188/3188/3188
f 3188/3188/3188 3221/3221/3221 3222/3222/3222
f 3188/3188/3188 3222/3222/3222 3189/3189/3189
f 3189/3189/3189 3222/3222/3222 3223/3223/3223
f 3189/3189/3189 3223/3223/3223 3190/3190/3190
f 3190/3190/3190 3223/3223/3223 3224/3224/3224
f 3190/3190/3190 3224/3224/3224 3191/3191/3191
f 3191/3191/3191 3224/3224/3224 3225/3225/3225
f 3191/3191/3191 3225/3225/3225 3192/3192/3192
f 3192/3192/3192 3225/3225/3225 3226/3226/3226
f 3192/3192/3192 3226/3226/3226 3193/3193/3193
f 3193/3193/3193 3226/3226/3226 3227/3227/3227
f 3193/3193/3193 3227/3227/3227 3194/3194/3194
f 3194/3194/3194 3227/3227/3227 3228/3228/3228
f 3194/3194/3194 3228/3228/3228 3195/3195/3195
f 3195/3195/3195 3228/3228/3228 3229/3229/3229
f 3195/3195/3195 3229/3229/3229 3196/3196/3196
f 3196/3196/3196 3229/3229/3229 3230/3230/3230
f 3196/3196/3196 3230/3230/3230 3197/3197/3197
f 3197/3197/3197 3230/3230/3230 3231/3231/3231
f 3197/3197/3197 3231/3231/3231 3198/3198/3198
f 3198/3198/3198 3231/3231/3231 3232/3232/3232
f 3198/3198/3198 3232/3232/3232 3199/3199/3199
f 3199/3199/3199 3232/3232/3232 3233/3233/3233
f 3199/3199/3199 3233/3233/3233 3200/3200/3200
f 3200/3200/3200 3233/3233/3233 3234/3234/3234
f 3200/3200/3200 3234/3234/3234 3201/3201/3201
f 3202/3202/3202 3235/3235/3235 3236/3236/3236
f 3202/3202/3202 3236/3236/3236 3203/3203/3203
f 3203/3203/3203 3236/3236/3236 3237/3237/3237
f 3203/3203/3203 3237/3237/3237 3204/3204/3204
f 3204/3204/3204 3237/3237/3237 3238/3238/3238
f 3204/3204/3204 3238/3238/3238 3205/3205/3205
f 3205/3205/3205 3238/3238/3238 3239/3239/3239
f 3205/3205/3205 3239/3239/3239 3206/3206/3206
f 3206/3206/3206 3239/3239/3239 3240/3240/3240
f 3206/3206/3206 3240/3240/3240 3207/3207/3207
f 3207/3207/3207 3240/3240/3240 3241/3241/3241
f 3207/3207/3207 3241/3241/3241 3208/3208/3208
f 3208/3208/3208 3241/3241/3241 3242/3242/3242
f 3208/3208/3208 3242/3242/3242 3209/3209/3209
f 3209/3209/3209 3242/3242/3242 3243/3243/3243
f 3209/3209/3209 3243/3243/3243 3210/3210/3210
f 3210/3210/3210 3243/3243/3243 3244/3244/3244
f 3210/3210/3210 3244/3244/3244 3211/3211/3211
f 3211/3211/3211 3244/3244/3244 3245/3245/3245
f 3211/3211/3211 3245/3245/3245 3212/3212/3212
f 3212/3212/3212 3245/3245/3245 3246/3246/3246
f 3212/3212/3212 3246/3246/3246 3213/3213/3213
f 3213/3213/3213 3246/3246/3246 3247/3247/3247
f 3213/3213/3213 3247/3247/3247 3214/3214/3214
f 3214/3214/3214 3247/3247/3247 3248/3248/3248
f 3214/3214/3214 3248/3248/3248 3215/3215/3215
f 3215/3215/3215 3248/3248/3248 3249/3249/3249
f 3215/3215/3215 3249/3249/3249 3216/3216/3216
f 3216/3216/3216 3249/3249/3249 3250/3250/3250
f 3216/3216/3216 3250/3250/3250 3217/3217/3217
f 3217/3217/3217 3250/3250/3250 3251/3251/3251
f 3217/3217/3217 3251/3251/3251 3218/3218/3218
f 3218/3218/3218 3251/3251/3251 3252/3252/3252
f 3218/3218/3218 3252/3252/3252 3219/3219/3219
f 3219/3219/3219 3252/3252/3252 3253/3253/3253
f 3219/3219/3219 3253/3253/3253 3220/3220/3220
f 3220/3220/3220 3253/3253/3253 3254/3254/3254
f 3220/3220/3220 3254/3254/3254 3221/3221/3221
f 3221/3221/3221 3254/3254/3254 3255/3255/3255
f 3221/3221/3221 3255/3255/3255 3222/3222/3222
f 3222/3222/3222 3255/3255/3255 3256/3256/3256
f 3222/3222/3222 3256/3256/3256 3223/3223/3223
f 3223/3223/3223 3256/3256/3256 3257/3257/3257
f 3223/3223/3223 3257/3257/3257 3224/3224/3224
f 3224/3224/3224 3257/3257/3257 3258/3258/3258
f 3224/3224/3224 3258/3258/3258 3225/3225/3225
f 3225/3225/3225 3258/3258/3258 3259/3259/3259
f 3225/3225/3225 3259/3259/3259 3226/3226/3226
f 3226/3226/3226 3259/3259/3259 3260/3260/3260
f 3226/3226/3226 3260/3260/3260 3227/3227/3227
f 3227/3227/3227 3260/3260/3260 3261/3261/3261
f 3227/3227/3227 3261/3261/3261 3228/3228/3228
f 3228/3228/3228 3261/3261/3261 3262/3262/3262
f 3228/3228/3228 3262/3262/3262 3229/3229/3229
f 3229/3229/3229 3262/3262/3262 3263/3263/3263
f 3229/3229/3229 3263/3263/3263 3230/3230/3230
f 3230/3230/3230 3263/3263/3263 3264/3264/3264
f 3230/3230/3230 3264/3264/3264 3231/3231/3231
f 3231/3231/3231 3264/3264/3264 3265/3265/3265
f 3231/3231/3231 3265/3265/3265 3232/3232/3232
f 3232/3232/3232 3265/3265/3265 3266/3266/3266
f 3232/3232/3232 3266/3266/3266 3233/3233/3233
f 3233/3233/3233 3266/3266/3266 3267/3267/3267
f 3233/3233/3233 3267/3267/3267 3234/3234/3234
f 3235/3235/3235 3268/3268/3268 3269/3269/3269
f 3235/3235/3235 3269/3269/3269 3236/3236/3236
f 3236/3236/3236 3269/3269/3269 3270/3270/3270
f 3236/3236/3236 3270/3270/3270 3237/3237/3237
f 3237/3237/3237 3270/3270/3270 3271/3271/3271
f 3237/3237/3237 3271/3271/3271 3238/3238/3238
f 3238/3238/3238 3271/3271/3271 3272/3272/3272
f 3238/3238/3238 3272/3272/3272 3239/3239/3239
f 3239/3239/3239 3272/3272/3272 3273/3273/3273
f 3239/3239/3239 3273/3273/3273 3240/3240/3240
f 3240/3240/3240 3273/3273/3273 3274/3274/3274
f 3240/3240/3240 3274/3274/3274 3241/3241/3241
f 3241/3241/3241 3274/3274/3274 3275/3275/3275
f 3241/3241/3241 3275/3275/3275 3242/3242/3242
f 3242/3242/3242 3275/3275/3275 3276/3276/3276
f 3242/3242/3242 3276/3276/3276 3243/3243/3243
f 3243/3243/3243 3276/3276/3276 3277/3277/3277
f 3243/3243/3243 3277/3277/3277 3244/3244/3244
f 3244/3244/3244 3277/3277/3277 3278/3278/3278
f 3244/3244/3244 3278/3278/3278 3245/3245/3245
f 3245/3245/3245 3278/3278/3278 3279/3279/3279
f 3245/3245/3245 3279/3279/3279 3246/3246/3246
f 3246/3246/3246 3279/3279/3279 3280/3280/3280
f 3246/3246/3246 3280/3280/3280 3247/3247/3247
f 3247/3247/3247 3280/3280/3280 3281/3281/3281
f 3247/3247/3247 3281/3281/3281 3248/3248/3248
f 3248/3248/3248 3281/3281/3281 3282/3282/3282
f 3248/3248/3248 3282/3282/3282 3249/3249/3249
f 3249/3249/3249 3282/3282/3282 3283/3283/3283
f 3249/3249/3249 3283/3283/3283 3250/3250/3250
f 3250/3250/3250 3283/3283/3283 3284/3284/3284
f 3250/3250/3250 3284/3284/3284 3251/3251/3251
f 3251/3251/3251 3284/3284/3284 3285/3285/3285
f 3251/3251/3251 3285/3285/3285 3252/3252/3252
f 3252/3252/3252 3285/3285/3285 3286/3286/3286
f 3252/3252/3252 3286/3286/3286 3253/3253/3253
f 3253/3253/3253 3286/3286/3286 3287/3287/3287
f 3253/3253/3253 3287/3287/3287 3254/3254/3254
f 3254/3254/3254 3287/3287/3287 3288/3288/3288
f 3254/3254/3254 3288/3288/3288 3255/3255/3255
f 3255/3255/3255 3288/3288/3288 3289/3289/3289
f 3255/3255/3255 3289/3289/3289 3256/3256/3256
f 3256/3256/3256 3289/3289/3289 3290/3290/3290
f 3256/3256/3256 3290/3290/3290 3257/3257/3257
f 3257/3257/3257 3290/3290/3290 3291/3291/3291
f 3257/3257/3257 3291/3291/3291 3258/3258/3258
f 3258/3258/3258 3291/3291/3291 3292/3292/3292
f 3258/3258/3258 3292/3292/3292 3259/3259/3259
f 3259/3259/3259 3292/3292/3292 3293/3293/3293
f 3259/3259/3259 3293/3293/3293 3260/3260/3260
f 3260/3260/3260 3293/3293/3293 3294/3294/3294
f 3260/3260/3260 3294/3294/3294 3261/3261/3261
f 3261/3261/3261 3294/3294/3294 3295/3295/3295
f 3261/3261/3261 3295/3295/3295 3262/3262/3262
f 3262/3262/3262 3295/3295/3295 3296/3296/3296
f 3262/3262/3262 3296/3296/3296 3263/3263/3263
f 3263/3263/3263 3296/3296/3296 3297/3297/3297
f 3263/3263/3263 3297/3297/3297 3264/3264/3264
f 3264/3264/3264 3297/3297/3297 3298/3298/3298
f 3264/3264/3264 3298/3298/3298 3265/3265/3265
f 3265/3265/3265 3298/3298/3298 3299/3299/3299
f 3265/3265/3265 3299/3299/3299 3266/3266/3266
f 3266/3266/3266 3299/3299/3299 3300/3300/3300
f 3266/3266/3266 3300/3300/3300 3267/3267/3267
f 3268/3268/3268 3301/3301/3301 3302/3302/3302
f 3268/3268/3268 3302/3302/3302 3269/3269/3269
f 3269/3269/3269 3302/3302/3302 3303/3303/3303
f 3269/3269/3269 3303/3303/3303 3270/3270/3270
f 3270/3270/3270 3303/3303/3303 3304/3304/3304
f 3270/3270/3270 3304/3304/3304 3271/3271/3271
f 3271/3271/3271 3304/3304/3304 3305/3305/3305
f 3271/3271/3271 3305/3305/3305 3272/3272/3272
f 3272/3272/3272 3305/3305/3305 3306/3306/3306
f 3272/3272/3272 3306/3306/3306 3273/3273/3273
f 3273/3273/3273 3306/3306/3306 3307/3307/3307
f 3273/3273/3273 3307/3307/3307 3274/3274/3274
f 3274/3274/3274 3307/3307/3307 3308/3308/3308
f 3274/3274/3274 3308/3308/3308 3275/3275/3275
f 3275/3275/3275 3308/3308/3308 3309/3309/3309
f 3275/3275/3275 3309/3309/3309 3276/3276/3276
f 3276/3276/3276 3309/3309/3309 3310/3310/3310
f 3276/3276/3276 3310/3310/3310 3277/3277/3277
f 3277/3277/3277 3310/3310/3310 3311/3311/3311
f 3277/3277/3277 3311/3311/3311 3278/3278/3278
f 3278/3278/3278 3311/3311/3311 3312/3312/3312
f 3278/3278/3278 3312/3312/3312 3279/3279/3279
f 3279/3279/3279 3312/3312/3312 3313/3313/3313
f 3279/3279/3279 3313/3313/3313 3280/3280/3280
f 3280/3280/3280 3313/3313/3313 3314/3314/3314
f 3280/3280/3280 3314/3314/3314 3281/3281/3281
f 3281/3281/3281 3314/3314/3314 3315/3315/3315
f 3281/3281/3281 3315/3315/3315 3282/3282/3282
f 3282/3282/3282 3315/3315/3315 3316/3316/3316
f 3282/3282/3282 3316/3316/3316 3283/3283/3283
f 3283/3283/3283 3316/3316/3316 3317/3317/3317
f 3283/3283/3283 3317/3317/3317 3284/3284/3284
f 3284/3284/3284 3317/3317/3317 3318/3318/3318
f 3284/3284/3284 3318/3318/3318 3285/3285/3285
f 3285/3285/3285 3318/3318/3318 3319/3319/3319
f 3285/3285/3285 3319/3319/3319 3286/3286/3286
f 3286/3286/3286 3319/3319/3319 3320/3320/3320
f 3286/3286/3286 3320/3320/3320 3287/3287/3287
f 3287/3287/3287 3320/3320/3320 3321/3321/3321
f 3287/3287/3287 3321/3321/3321 3288/3288/3288
f 3288/3288/3288 3321/3321/3321 3322/3322/3322
f 3288/3288/3288 3322/3322/3322 3289/3289/3289
f 3289/3289/3289 3322/3322/3322 3323/3323/3323
f 3289/3289/3289 3323/3323/3323 3290/3290/3290
f 3290/3290/3290 3323/3323/3323 3324/3324/3324
f 3290/3290/3290 3324/3324/3324 3291/3291/3291
f 3291/3291/3291 3324/3324/3324 3325/3325/3325
f 3291/3291/3291 3325/3325/3325 3292/3292/3292
f 3292/3292/3292 3325/3325/3325 3326/3326/3326
f 3292/3292/3292 3326/3326/3326 3293/3293/3293
f 3293/3293/3293 3326/3326/3326 3327/3327/3327
f 3293/3293/3293 3327/3327/3327 3294/3294/3294
f 3294/3294/3294 3327/3327/3327 3328/3328/3328
f 3294/3294/3294 3328/3328/3328 3295/3295/3295
f 3295/3295/3295 3328/3328/3328 3329/3329/3329
f 3295/3295/3295 3329/3329/3329 3296/3296/3296
f 3296/3296/3296 3329/3329/3329 3330/3330/3330
f 3296/3296/3296 3330/3330/3330 3297/3297/3297
f 3297/3297/3297 3330/3330/3330 3331/3331/3331
f 3297/3297/3297 3331/3331/3331 3298/3298/3298
f 3298/3298/3298 3331/3331/3331 3332/3332/3332
f 3298/3298/3298 3332/3332/3332 3299/3299/3299
f 3299/3299/3299 3332/3332/3332 3333/3333/3333
f 3299/3299/3299 3333/3333/3333 3300/3300/3300
f 3301/3301/3301 3334/3334/3334 3335/3335/3335
f 3301/3301/3301 3335/3335/3335 3302/3302/3302
f 3302/3302/3302 3335/3335/3335 3336/3336/3336
f 3302/3302/3302 3336/3336/3336 3303/3303/3303
f 3303/3303/3303 3336/3336/3336 3337/3337/3337
f 3303/3303/3303 3337/3337/3337 3304/3304/3304
f 3304/3304/3304 3337/3337/3337 3338/3338/3338
f 3304/3304/3304 3338/3338/3338 3305/3305/3305
f 3305/3305/3305 3338/3338/3338 3339/3339/3339
f 3305/3305/3305 3339/3339/3339 3306/3306/3306
f 3306/3306/3306 3339/3339/3339 3340/3340/3340
f 3306/3306/3306 3340/3340/3340 3307/3307/3307
f 3307/3307/3307 3340/3340/3340 3341/3341/3341
f 3307/3307/3307 3341/3341/3341 3308/3308/3308
f 3308/3308/3308 3341/3341/3341 3342/3342/3342
f 3308/3308/3308 3342/3342/3342 3309/3309/3309
f 3309/3309/3309 3342/3342/3342 3343/3343/3343
f 3309/3309/3309 3343/3343/3343 3310/3310/3310
f 3310/3310/3310 3343/3343/3343 3344/3344/3344
f 3310/3310/3310 3344/3344/3344 3311/3311/3311
f 3311/3311/3311 3344/3344/3344 3345/3345/3345
f 3311/3311/3311 3345/3345/3345 3312/3312/3312
f 3312/3312/3312 3345/3345/3345 3346/3346/3346
f 3312/3312/3312 3346/3346/3346 3313/3313/3313
f 3313/3313/3313 3346/3346/3346 3347/3347/3347
f 3313/3313/3313 3347/3347/3347 3314/3314/3314
f 3314/3314/3314 3347/3347/3347 3348/3348/3348
f 3314/3314/3314 3348/3348/3348 3315/3315/3315
f 3315/3315/3315 3348/3348/3348 3349/3349/3349
f 3315/3315/3315 3349/3349/3349 3316/3316/3316
f 3316/3316/3316 3349/3349/3349 3350/3350/3350
f 3316/3316/3316 3350/3350/3350 3317/3317/3317
f 3317/3317/3317 3350/3350/3350 3351/3351/3351
f 3317/3317/3317 3351/3351/3351 3318/3318/3318
f 3318/3318/3318 3351/3351/3351 3352/3352/3352
f 3318/3318/3318 3352/3352/3352 3319/3319/3319
f 3319/3319/3319 3352/3352/3352 3353/3353/3353
f 3319/3319/3319 3353/3353/3353 3320/3320/3320
f 3320/3320/3320 3353/3353/3353 3354/3354/3354
f 3320/3320/3320 3354/3354/3354 3321/3321/3321
f 3321/3321/3321 3354/3354/3354 3355/3355/3355
f 3321/3321/3321 3355/3355/3355 3322/3322/3322
f 3322/3322/3322 3355/3355/3355 3356/3356/3356
f 3322/3322/3322 3356/3356/3356 3323/3323/3323
f 3323/3323/3323 3356/3356/3356 3357/3357/3357
f 3323/3323/3323 3357/3357/3357 3324/3324/3324
f 3324/3324/3324 3357/3357/3357 3358/3358/3358
f 3324/3324/3324 3358/3358/3358 3325/3325/3325
f 3325/3325/3325 3358/3358/3358 3359/3359/3359
f 3325/3325/3325 3359/3359/3359 3326/3326/3326
f 3326/3326/3326 3359/3359/3359 3360/3360/3360
f 3326/3326/3326 3360/3360/3360 3327/3327/3327
f 3327/3327/3327 3360/3360/3360 3361/3361/3361
f 3327/3327/3327 3361/3361/3361 3328/3328/3328
f 3328/3328/3328 3361/3361/3361 3362/3362/3362
f 3328/3328/3328 3362/3362/3362 3329/3329/3329
f 3329/3329/3329 3362/3362/3362 3363/3363/3363
f 3329/3329/3329 3363/3363/3363 3330/3330/3330
f 3330/3330/3330 3363/3363/3363 3364/3364/3364
f 3330/3330/3330 3364/3364/3364 3331/3331/3331
f 3331/3331/3331 3364/3364/3364 3365/3365/3365
f 3331/3331/3331 3365/3365/3365 3332/3332/3332
f 3332/3332/3332 3365/3365/3365 3366/3366/3366
f 3332/3332/3332 3366/3366/3366 3333/3333/3333
f 3334/3334/3334 3367/3367/3367 3368/3368/3368
f 3334/3334/3334 3368/3368/3368 3335/3335/3335
f 3335/3335/3335 3368/3368/3368 3369/3369/3369
f 3335/3335/3335 3369/3369/3369 3336/3336/3336
f 3336/3336/3336 3369/3369/3369 3370/3370/3370
f 3336/3336/3336 3370/3370/3370 3337/3337/3337
f 3337/3337/3337 3370/3370/3370 3371/3371/3371
f 3337/3337/3337 3371/3371/3371 3338/3338/3338
f 3338/3338/3338 3371/3371/3371 3372/3372/3372
f 3338/3338/3338 3372/3372/3372 3339/3339/3339
f 3339/3339/3339 3372/3372/3372 3373/3373/3373
f 3339/3339/3339 3373/3373/3373 3340/3340/3340
f 3340/3340/3340 3373/3373/3373 3374/3374/3374
f 3340/3340/3340 3374/3374/3374 3341/3341/3341
f 3341/3341/3341 3374/3374/3374 3375/3375/3375
f 3341/3341/3341 3375/3375/3375 3342/3342/3342
f 3342/3342/3342 3375/3375/3375 3376/3376/3376
f 3342/3342/3342 3376/3376/3376 3343/3343/3343
f 3343/3343/3343 3376/3376/3376 3377/3377/3377
f 3343/3343/3343 3377/3377/3377 3344/3344/3344
f 3344/3344/3344 3377/3377/3377 3378/3378/3378
f 3344/3344/3344 3378/3378/3378 3345/3345/3345
f 3345/3345/3345 3378/3378/3378 3379/3379/3379
f 3345/3345/3345 3379/3379/3379 3346/3346/3346
f 3346/3346/3346 3379/3379/3379 3380/3380/3380
f 3346/3346/3346 3380/3380/3380 3347/3347/3347
f 3347/3347/3347 3380/3380/3380 3381/3381/3381
f 3347/3347/3347 3381/3381/3381 3348/3348/3348
f 3348/3348/3348 3381/3381/3381 3382/3382/3382
f 3348/3348/3348 3382/3382/3382 3349/3349/3349
f 3349/3349/3349 3382/3382/3382 3383/3383/3383
f 3349/3349/3349 3383/3383/3383 3350/3350/3350
f 3350/3350/3350 3383/3383/3383 3384/3384/3384
f 3350/3350/3350 3384/3384/3384 3351/3351/3351
f 3351/3351/3351 3384/3384/3384 3385/3385/3385
f 3351/3351/3351 3385/3385/3385 3352/3352/3352
f 3352/3352/3352 3385/3385/3385 3386/3386/3386
f 3352/3352/3352 3386/3386/3386 3353/3353/3353
f 3353/3353/3353 3386/3386/3386 3387/3387/3387
f 3353/3353/3353 3387/3387/3387 3354/3354/3354
f 3354/3354/3354 3387/3387/3387 3388/3388/3388
f 3354/3354/3354 3388/3388/3388 3355/3355/3355
f 3355/3355/3355 3388/3388/3388 3389/3389/3389
f 3355/3355/3355 3389/3389/3389 3356/3356/3356
f 3356/3356/3356 3389/3389/3389 3390/3390/3390
f 3356/3356/3356 3390/3390/3390 3357/3357/3357
f 3357/3357/3357 3390/3390/3390 3391/3391/3391
f 3357/3357/3357 3391/3391/3391 3358/3358/3358
f 3358/3358/3358 3391/3391/3391 3392/3392/3392
f 3358/3358/3358 3392/3392/3392 3359/3359/3359
f 3359/3359/3359 3392/3392/3392 3393/3393/3393
f 3359/3359/3359 3393/3393/3393 3360/3360/3360
f 3360/3360/3360 3393/3393/3393 3394/3394/3394
f 3360/3360/3360 3394/3394/3394 3361/3361/3361
f 3361/3361/3361 3394/3394/3394 3395/3395/3395
f 3361/3361/3361 3395/3395/3395 3362/3362/3362
f 3362/3362/3362 3395/3395/3395 3396/3396/3396
f 3362/3362/3362 3396/3396/3396 3363/3363/3363
f 3363/3363/3363 3396/3396/3396 3397/3397/3397
f 3363/3363/3363 3397/3397/3397 3364/3364/3364
f 3364/3364/3364 3397/3397/3397 3398/3398/3398
f 3364/3364/3364 3398/3398/3398 3365/3365/3365
f 3365/3365/3365 3398/3398/3398 3399/3399/3399
f 3365/3365/3365 3399/3399/3399 3366/3366/3366
f 3367/3367/3367 3400/3400/3400 3401/3401/3401
f 3367/3367/3367 3401/3401/3401 3368/3368/3368
f 3368/3368/3368 3401/3401/3401 3402/3402/3402
f 3368/3368/3368 3402/3402/3402 3369/3369/3369
f 3369/3369/3369 3402/3402/3402 3403/3403/3403
f 3369/3369/3369 3403/3403/3403 3370/3370/3370
f 3370/3370/3370 3403/3403/3403 3404/3404/3404
f 3370/3370/3370 3404/3404/3404 3371/3371/3371
f 3371/3371/3371 3404/3404/3404 3405/3405/3405
f 3371/3371/3371 3405/3405/3405 3372/3372/3372
f 3372/3372/3372 3405/3405/3405 3406/3406/3406
f 3372/3372/3372 3406/3406/3406 3373/3373/3373
f 3373/3373/3373 3406/3406/3406 3407/3407/3407
f 3373/3373/3373 3407/3407/3407 3374/3374/3374
f 3374/3374/3374 3407/3407/3407 3408/3408/3408
f 3374/3374/3374 3408/3408/3408 3375/3375/3375
f 3375/3375/3375 3408/3408/3408 3409/3409/3409
f 3375/3375/3375 3409/3409/3409 3376/3376/3376
f 3376/3376/3376 3409/3409/3409 3410/3410/3410
f 3376/3376/3376 3410/3410/3410 3377/3377/3377
f 3377/3377/3377 3410/3410/3410 3411/3411/3411
f 3377/3377/3377 3411/3411/3411 3378/3378/3378
f 3378/3378/3378 3411/3411/3411 3412/3412/3412
f 3378/3378/3378 3412/3412/3412 3379/3379/3379
f 3379/3379/3379 3412/3412/3412 3413/3413/3413
f 3379/3379/3379 3413/3413/3413 3380/3380/3380
f 3380/3380/3380 3413/3413/3413 3414/3414/3414
f 3380/3380/3380 3414/3414/3414 3381/3381/3381
f 3381/3381/3381 3414/3414/3414 3415/3415/3415
f 3381/3381/3381 3415/3415/3415 3382/3382/3382
f 3382/3382/3382 3415/3415/3415 3416/3416/3416
f 3382/3382/3382 3416/3416/3416 3383/3383/3383
f 3383/3383/3383 3416/3416/3416 3417/3417/3417
f 3383/3383/3383 3417/3417/3417 3384/3384/3384
f 3384/3384/3384 3417/3417/3417 3418/3418/3418
f 3384/3384/3384 3418/3418/3418 3385/3385/3385
f 3385/3385/3385 3418/3418/3418 3419/3419/3419
f 3385/3385/3385 3419/3419/3419 3386/3386/3386
f 3386/3386/3386 3419/3419/3419 3420/3420/3420
f 3386/3386/3386 3420/3420/3420 3387/3387/3387
f 3387/3387/3387 3420/3420/3420 3421/3421/3421
f 3387/3387/3387 3421/3421/3421 3388/3388/3388
f 3388/3388/3388 3421/3421/3421 3422/3422/3422
f 3388/3388/3388 3422/3422/3422 3389/3389/3389
f 3389/3389/3389 3422/3422/3422 3423/3423/3423
f 3389/3389/3389 3423/3423/3423 3390/3390/3390
f 3390/3390/3390 3423/3423/3423 3424/3424/3424
f 3390/3390/3390 3424/3424/3424 3391/3391/3391
f 3391/3391/3391 3424/3424/3424 3425/3425/3425
f 3391/3391/3391 3425/3425/3425 3392/3392/3392
f 3392/3392/3392 3425/3425/3425 3426/3426/3426
f 3392/3392/3392 3426/3426/3426 3393/3393/3393
f 3393/3393/3393 3426/3426/3426 3427/3427/3427
f 3393/3393/3393 3427/3427/3427 3394/3394/3394
f 3394/3394/3394 3427/3427/3427 3428/3428/3428
f 3394/3394/3394 3428/3428/3428 3395/3395/3395
f 3395/3395/3395 3428/3428/3428 3429/3429/3429
f 3395/3395/3395 3429/3429/3429 3396/3396/3396
f 3396/3396/3396 3429/3429/3429 3430/3430/3430
f 3396/3396/3396 3430/3430/3430 3397/3397/3397
f 3397/3397/3397 3430/3430/3430 3431/3431/3431
f 3397/3397/3397 3431/3431/3431 3398/3398/3398
f 3398/3398/3398 3431/3431/3431 3432/3432/3432
f 3398/3398/3398 3432/3432/3432 3399/3399/3399
f 3400/3400/3400 3433/3433/3433 3434/3434/3434
f 3400/3400/3400 3434/3434/3434 3401/3401/3401
f 3401/3401/3401 3434/3434/3434 3435/3435/3435
f 3401/3401/3401 3435/3435/3435 3402/3402/3402
f 3402/3402/3402 3435/3435/3435 3436/3436/3436
f 3402/3402/3402 3436/3436/3436 3403/3403/3403
f 3403/3403/3403 3436/3436/3436 3437/3437/3437
f 3403/3403/3403 3437/3437/3437 3404/3404/3404
f 3404/3404/3404 3437/3437/3437 3438/3438/3438
f 3404/3404/3404 3438/3438/3438 3405/3405/3405
f 3405/3405/3405 3438/3438/3438 3439/3439/3439
f 3405/3405/3405 3439/3439/3439 3406/3406/3406
f 3406/3406/3406 3439/3439/3439 3440/3440/3440
f 3406/3406/3406 3440/3440/3440 3407/3407/3407
f 3407/3407/3407 3440/3440/3440 3441/3441/3441
f 3407/3407/3407 3441/3441/3441 3408/3408/3408
f 3408/3408/3408 3441/3441/3441 3442/3442/3442
f 3408/3408/3408 3442/3442/3442 3409/3409/3409
f 3409/3409/3409 3442/3442/3442 3443/3443/3443
f 3409/3409/3409 3443/3443/3443 3410/3410/3410
f 3410/3410/3410 3443/3443/3443 3444/3444/3444
f 3410/3410/3410 3444/3444/3444 3411/3411/3411
f 3411/3411/3411 3444/3444/3444 3445/3445/3445
f 3411/3411/3411 3445/3445/3445 3412/3412/3412
f 3412/3412/3412 3445/3445/3445 3446/3446/3446
f 3412/3412/3412 3446/3446/3446 3413/3413/3413
f 3413/3413/3413 3446/3446/3446 3447/3447/3447
f 3413/3413/3413 3447/3447/3447 3414/3414/3414
f 3414/3414/3414 3447/3447/3447 3448/3448/3448
f 3414/3414/3414 3448/3448/3448 3415/3415/3415
f 3415/3415/3415 3448/3448/3448 3449/3449/3449
f 3415/3415/3415 3449/3449/3449 3416/3416/3416
f 3416/3416/3416 3449/3449/3449 3450/3450/3450
f 3416/3416/3416 3450/3450/3450 3417/3417/3417
f 3417/3417/3417 3450/3450/3450 3451/3451/3451
f 3417/3417/3417 3451/3451/3451 3418/3418/3418
f 3418/3418/3418 3451/3451/3451 3452/3452/3452
f 3418/3418/3418 3452/3452/3452 3419/3419/3419
f 3419/3419/3419 3452/3452/3452 3453/3453/3453
f 3419/3419/3419 3453/3453/3453 3420/3420/3420
f 3420/3420/3420 3453/3453/3453 3454/3454/3454
f 3420/3420/3420 3454/3454/3454 3421/3421/3421
f 3421/3421/3421 3454/3454/3454 3455/3455/3455
f 3421/3421/3421 3455/3455/3455 3422/3422/3422
f 3422/3422/3422 3455/3455/3455 3456/3456/3456
f 3422/3422/3422 3456/3456/3456 3423/3423/3423
f 3423/3423/3423 3456/3456/3456 3457/3457/3457
f 3423/3423/3423 3457/3457/3457 3424/3424/3424
f 3424/3424/3424 3457/3457/3457 3458/3458/3458
f 3424/3424/3424 3458/3458/3458 3425/3425/3425
f 3425/3425/3425 3458/3458/3458 3459/3459/3459
f 3425/3425/3425 3459/3459/3459 3426/3426/3426
f 3426/3426/3426 3459/3459/3459 3460/3460/3460
f 3426/3426/3426 3460/3460/3460 3427/3427/3427
f 3427/3427/3427 3460/3460/3460 3461/3461/3461
f 3427/3427/3427 3461/3461/3461 3428/3428/3428
f 3428/3428/3428 3461/3461/3461 3462/3462/3462
f 3428/3428/3428 3462/3462/3462 3429/3429/3429
f 3429/3429/3429 3462/3462/3462 3463/3463/3463
f 3429/3429/3429 3463/3463/3463 3430/3430/3430
f 3430/3430/3430 3463/3463/3463 3464/3464/3464
f 3430/3430/3430 3464/3464/3464 3431/3431/3431
f 3431/3431/3431 3464/3464/3464 3465/3465/3465
f 3431/3431/3431 3465/3465/3465 3432/3432/3432
f 3433/3433/3433 3466/3466/3466 3467/3467/3467
f 3433/3433/3433 3467/3467/3467 3434/3434/3434
f 3434/3434/3434 3467/3467/3467 3468/3468/3468
f 3434/3434/3434 3468/3468/3468 3435/3435/3435
f 3435/3435/3435 3468/3468/3468 3469/3469/3469
f 3435/3435/3435 3469/3469/3469 3436/3436/3436
f 3436/3436/3436 3469/3469/3469 3470/3470/3470
f 3436/3436/3436 3470/3470/3470 3437/3437/3437
f 3437/3437/3437 3470/3470/3470 3471/3471/3471
f 3437/3437/3437 3471/3471/3471 3438/3438/3438
f 3438/3438/3438 3471/3471/3471 3472/3472/3472
f 3438/3438/3438 3472/3472/3472 3439/3439/3439
f 3439/3439/3439 3472/3472/3472 3473/3473/3473
f 3439/3439/3439 3473/3473/3473 3440/3440/3440
f 3440/3440/3440 3473/3473/3473 3474/3474/3474
f 3440/3440/3440 3474/3474/3474 3441/3441/3441
f 3441/3441/3441 3474/3474/3474 3475/3475/3475
f 3441/3441/3441 3475/3475/3475 3442/3442/3442
f 3442/3442/3442 3475/3475/3475 3476/3476/3476
f 3442/3442/3442 3476/3476/3476 3443/3443/3443
f 3443/3443/3443 3476/3476/3476 3477/3477/3477
f 3443/3443/3443 3477/3477/3477 3444/3444/3444
f 3444/3444/3444 3477/3477/3477 3478/3478/3478
f 3444/3444/3444 3478/3478/3478 3445/3445/3445
f 3445/3445/3445 3478/3478/3478 3479/3479/3479
f 3445/3445/3445 3479/3479/3479 3446/3446/3446
f 3446/3446/3446 3479/3479/3479 3480/3480/3480
f 3446/3446/3446 3480/3480/3480 3447/3447/3447
f 3447/3447/3447 3480/3480/3480 3481/3481/3481
f 3447/3447/3447 3481/3481/3481 3448/3448/3448
f 3448/3448/3448 3481/3481/3481 3482/3482/3482
f 3448/3448/3448 3482/3482/3482 3449/3449/3449
f 3449/3449/3449 3482/3482/3482 3483/3483/3483
f 3449/3449/3449 3483/3483/3483 3450/3450/3450
f 3450/3450/3450 3483/3483/3483 3484/3484/3484
f 3450/3450/3450 3484/3484/3484 3451/3451/3451
f 3451/3451/3451 3484/3484/3484 3485/3485/3485
f 3451/3451/3451 3485/3485/3485 3452/3452/3452
f 3452/3452/3452 3485/3485/3485 3486/3486/3486
f 3452/3452/3452 3486/3486/3486 3453/3453/3453
f 3453/3453/3453 3486/3486/3486 3487/3487/3487
f 3453/3453/3453 3487/3487/3487 3454/3454/3454
f 3454/3454/3454 3487/3487/3487 3488/3488/3488
f 3454/3454/3454 3488/3488/3488 3455/3455/3455
f 3455/3455/3455 3488/3488/3488 3489/3489/3489
f 3455/3455/3455 3489/3489/3489 3456/3456/3456
f 3456/3456/3456 3489/3489/3489 3490/3490/3490
f 3456/3456/3456 3490/3490/3490 3457/3457/3457
f 3457/3457/3457 3490/3490/3490 3491/3491/3491
f 3457/3457/3457 3491/3491/3491 3458/3458/3458
f 3458/3458/3458 3491/3491/3491 3492/3492/3492
f 3458/3458/3458 3492/3492/3492 3459/3459/3459
f 3459/3459/3459 3492/3492/3492 3493/3493/3493
f 3459/3459/3459 3493/3493/3493 3460/3460/3460
f 3460/3460/3460 3493/3493/3493 3494/3494/3494
f 3460/3460/3460 3494/3494/3494 3461/3461/3461
f 3461/3461/3461 3494/3494/3494 3495/3495/3495
f 3461/3461/3461 3495/3495/3495 3462/3462/3462
f 3462/3462/3462 3495/3495/3495 3496/3496/3496
f 3462/3462/3462 3496/3496/3496 3463/3463/3463
f 3463/3463/3463 3496/3496/3496 3497/3497/3497
f 3463/3463/3463 3497/3497/3497 3464/3464/3464
f 3464/3464/3464 3497/3497/3497 3498/3498/3498
f 3464/3464/3464 3498/3498/3498 3465/3465/3465
f 3466/3466/3466 3499/3499/3499 3500/3500/3500
f 3466/3466/3466 3500/3500/3500 3467/3467/3467
f 3467/3467/3467 3500/3500/3500 3501/3501/3501
f 3467/3467/3467 3501/3501/3501 3468/3468/3468
f 3468/3468/3468 3501/3501/3501 3502/3502/3502
f 3468/3468/3468 3502/3502/3502 3469/3469/3469
f 3469/3469/3469 3502/3502/3502 3503/3503/3503
f 3469/3469/3469 3503/3503/3503 3470/3470/3470
f 3470/3470/3470 3503/3503/3503 3504/3504/3504
f 3470/3470/3470 3504/3504/3504 3471/3471/3471
f 3471/3471/3471 3504/3504/3504 3505/3505/3505
f 3471/3471/3471 3505/3505/3505 3472/3472/3472
f 3472/3472/3472 3505/3505/3505 3506/3506/3506
f 3472/3472/3472 3506/3506/3506 3473/3473/3473
f 3473/3473/3473 3506/3506/3506 3507/3507/3507
f 3473/3473/3473 3507/3507/3507 3474/3474/3474
f 3474/3474/3474 3507/3507/3507 3508/3508/3508
f 3474/3474/3474 3508/3508/3508 3475/3475/3475
f 3475/3475/3475 3508/3508/3508 3509/3509/3509
f 3475/3475/3475 3509/3509/3509 3476/3476/3476
f 3476/3476/3476 3509/3509/3509 3510/3510/3510
f 3476/3476/3476 3510/3510/3510 3477/3477/3477
f 3477/3477/3477 3510/3510/3510 3511/3511/3511
f 3477/3477/3477 3511/3511/3511 3478/3478/3478
f 3478/3478/3478 3511/3511/3511 3512/3512/3512
f 3478/3478/3478 3512/3512/3512 3479/3479/3479
f 3479/3479/3479 3512/3512/3512 3513/3513/3513
f 3479/3479/3479 3513/3513/3513 3480/3480/3480
f 3480/3480/3480 3513/3513/3513 3514/3514/3514
f 3480/3480/3480 3514/3514/3514 3481/3481/3481
f 3481/3481/3481 3514/3514/3514 3515/3515/3515
f 3481/3481/3481 3515/3515/3515 3482/3482/3482
f 3482/3482/3482 3515/3515/3515 3516/3516/3516
f 3482/3482/3482 3516/3516/3516 3483/3483/3483
f 3483/3483/3483 3516/3516/3516 3517/3517/3517
f 3483/3483/3483 3517/3517/3517 3484/3484/3484
f 3484/3484/3484 3517/3517/3517 3518/3518/3518
f 3484/3484/3484 3518/3518/3518 3485/3485/3485
f 3485/3485/3485 3518/3518/3518 3519/3519/3519
f 3485/3485/3485 3519/3519/3519 3486/3486/3486
f 3486/3486/3486 3519/3519/3519 3520/3520/3520
f 3486/3486/3486 3520/3520/3520 3487/3487/3487
f 3487/3487/3487 3520/3520/3520 3521/3521/3521
f 3487/3487/3487 3521/3521/3521 3488/3488/3488
f 3488/3488/3488 3521/3521/3521 3522/3522/3522
f 3488/3488/3488 3522/3522/3522 3489/3489/3489
f 3489/3489/3489 3522/3522/3522 3523/3523/3523
f 3489/3489/3489 3523/3523/3523 3490/3490/3490
f 3490/3490/3490 3523/3523/3523 3524/3524/3524
f 3490/3490/3490 3524/3524/3524 3491/3491/3491
f 3491/3491/3491 3524/3524/3524 3525/3525/3525
f 3491/3491/3491 3525/3525/3525 3492/3492/3492
f 3492/3492/3492 3525/3525/3525 3526/3526/3526
f 3492/3492/3492 3526/3526/3526 3493/3493/3493
f 3493/3493/3493 3526/3526/3526 3527/3527/3527
f 3493/3493/3493 3527/3527/3527 3494/3494/3494
f 3494/3494/3494 3527/3527/3527 3528/3528/3528
f 3494/3494/3494 3528/3528/3528 3495/3495/3495
f 3495/3495/3495 3528/3528/3528 3529/3529/3529
f 3495/3495/3495 3529/3529/3529 3496/3496/3496
f 3496/3496/3496 3529/3529/3529 3530/3530/3530
f 3496/3496/3496 3530/3530/3530 3497/3497/3497
f 3497/3497/3497 3530/3530/3530 3531/3531/3531
f 3497/3497/3497 3531/3531/3531 3498/3498/3498
f 3499/3499/3499 3532/3532/3532 3533/3533/3533
f 3499/3499/3499 3533/3533/3533 3500/3500/3500
f 3500/3500/3500 3533/3533/3533 3534/3534/3534
f 3500/3500/3500 3534/3534/3534 3501/3501/3501
f 3501/3501/3501 3534/3534/3534 3535/3535/3535
f 3501/3501/3501 3535/3535/3535 3502/3502/3502
f 3502/3502/3502 3535/3535/3535 3536/3536/3536
f 3502/3502/3502 3536/3536/3536 3503/3503/3503
f 3503/3503/3503 3536/3536/3536 3537/3537/3537
f 3503/3503/3503 3537/3537/3537 3504/3504/3504
f 3504/3504/3504 3537/3537/3537 3538/3538/3538
f 3504/3504/3504 3538/3538/3538 3505/3505/3505
f 3505/3505/3505 3538/3538/3538 3539/3539/3539
f 3505/3505/3505 3539/3539/3539 3506/3506/3506
f 3506/3506/3506 3539/3539/3539 3540/3540/3540
f 3506/3506/3506 3540/3540/3540 3507/3507/3507
f 3507/3507/3507 3540/3540/3540 3541/3541/3541
f 3507/3507/3507 3541/3541/3541 3508/3508/3508
f 3508/3508/3508 3541/3541/3541 3542/3542/3542
f 3508/3508/3508 3542/3542/3542 3509/3509/3509
f 3509/3509/3509 3542/3542/3542 3543/3543/3543
f 3509/3509/3509 3543/3543/3543 3510/3510/3510
f 3510/3510/3510 3543/3543/3543 3544/3544/3544
f 3510/3510/3510 3544/3544/3544 3511/3511/3511
f 3511/3511/3511 3544/3544/3544 3545/3545/3545
f 3511/3511/3511 3545/3545/3545 3512/3512/3512
f 3512/3512/3512 3545/3545/3545 3546/3546/3546
f 3512/3512/3512 3546/3546/3546 3513/3513/3513
f 3513/3513/3513 3546/3546/3546 3547/3547/3547
f 3513/3513/3513 3547/3547/3547 3514/3514/3514
f 3514/3514/3514 3547/3547/3547 3548/3548/3548
f 3514/3514/3514 3548/3548/3548 3515/3515/3515
f 3515/3515/3515 3548/3548/3548 3549/3549/3549
f 3515/3515/3515 3549/3549/3549 3516/3516/3516
f 3516/3516/3516 3549/3549/3549 3550/3550/3550
f 3516/3516/3516 3550/3550/3550 3517/3517/3517
f 3517/3517/3517 3550/3550/3550 3551/3551/3551
f 3517/3517/3517 3551/3551/3551 3518/3518/3518
f 3518/3518/3518 3551/3551/3551 3552/3552/3552
f 3518/3518/3518 3552/3552/3552 3519/3519/3519
f 3519/3519/3519 3552/3552/3552 3553/3553/3553
f 3519/3519/3519 3553/3553/3553 3520/3520/3520
f 3520/3520/3520 3553/3553/3553 3554/3554/3554
f 3520/3520/3520 3554/3554/3554 3521/3521/3521
f 3521/3521/3521 3554/3554/3554 3555/3555/3555
f 3521/3521/3521 3555/3555/3555 3522/3522/3522
f 3522/3522/3522 3555/3555/3555 3556/3556/3556
f 3522/3522/3522 3556/3556/3556 3523/3523/3523
f 3523/3523/3523 3556/3556/3556 3557/3557/3557
f 3523/3523/3523 3557/3557/3557 3524/3524/3524
f 3524/3524/3524 3557/3557/3557 3558/3558/3558
f 3524/3524/3524 3558/3558/3558 3525/3525/3525
f 3525/3525/3525 3558/3558/3558 3559/3559/3559
f 3525/3525/3525 3559/3559/3559 3526/3526/3526
f 3526/3526/3526 3559/3559/3559 3560/3560/3560
f 3526/3526/3526 3560/3560/3560 3527/3527/3527
f 3527/3527/3527 3560/3560/3560 3561/3561/3561
f 3527/3527/3527 3561/3561/3561 3528/3528/3528
f 3528/3528/3528 3561/3561/3561 3562/3562/3562
f 3528/3528/3528 3562/3562/3562 3529/3529/3529
f 3529/3529/3529 3562/3562/3562 3563/3563/3563
f 3529/3529/3529 3563/3563/3563 3530/3530/3530
f 3530/3530/3530 3563/3563/3563 3564/3564/3564
f 3530/3530/3530 3564/3564/3564 3531/3531/3531
f 3532/3532/3532 3565/3565/3565 3566/3566/3566
f 3532/3532/3532 3566/3566/3566 3533/3533/3533
f 3533/3533/3533 3566/3566/3566 3567/3567/3567
f 3533/3533/3533 3567/3567/3567 3534/3534/3534
f 3534/3534/3534 3567/3567/3567 3568/3568/3568
f 3534/3534/3534 3568/3568/3568 3535/3535/3535
f 3535/3535/3535 3568/3568/3568 3569/3569/3569
f 3535/3535/3535 3569/3569/3569 3536/3536/3536
f 3536/3536/3536 3569/3569/3569 3570/3570/3570
f 3536/3536/3536 3570/3570/3570 3537/3537/3537
f 3537/3537/3537 3570/3570/3570 3571/3571/3571
f 3537/3537/3537 3571/3571/3571 3538/3538/3538
f 3538/3538/3538 3571/3571/3571 3572/3572/3572
f 3538/3538/3538 3572/3572/3572 3539/3539/3539
f 3539/3539/3539 3572/3572/3572 3573/3573/3573
f 3539/3539/3539 3573/3573/3573 3540/3540/3540
f 3540/3540/3540 3573/3573/3573 3574/3574/3574
f 3540/3540/3540 3574/3574/3574 3541/3541/3541
f 3541/3541/3541 3574/3574/3574 3575/3575/3575
f 3541/3541/3541 3575/3575/3575 3542/3542/3542
f 3542/3542/3542 3575/3575/3575 3576/3576/3576
f 3542/3542/3542 3576/3576/3576 3543/3543/3543
f 3543/3543/3543 3576/3576/3576 3577/3577/3577
f 3543/3543/3543 3577/3577/3577 3544/3544/3544
f 3544/3544/3544 3577/3577/3577 3578/3578/3578
f 3544/3544/3544 3578/3578/3578 3545/3545/3545
f 3545/3545/3545 3578/3578/3578 3579/3579/3579
f 3545/3545/3545 3579/3579/3579 3546/3546/3546
f 3546/3546/3546 3579/3579/3579 3580/3580/3580
f 3546/3546/3546 3580/3580/3580 3547/3547/3547
f 3547/3547/3547 3580/3580/3580 3581/3581/3581
f 3547/3547/3547 3581/3581/3581 3548/3548/3548
f 3548/3548/3548 3581/3581/3581 3582/3582/3582
f 3548/3548/3548 3582/3582/3582 3549/3549/3549
f 3549/3549/3549 3582/3582/3582 3583/3583/3583
f 3549/3549/3549 3583/3583/3583 3550/3550/3550
f 3550/3550/3550 3583/3583/3583 3584/3584/3584
f 3550/3550/3550 3584/3584/3584 3551/3551/3551
f 3551/3551/3551 3584/3584/3584 3585/3585/3585
f 3551/3551/3551 3585/3585/3585 3552/3552/3552
f 3552/3552/3552 3585/3585/3585 3586/3586/3586
f 3552/3552/3552 3586/3586/3586 3553/3553/3553
f 3553/3553/3553 3586/3586/3586 3587/3587/3587
f 3553/3553/3553 3587/3587/3587 3554/3554/3554
f 3554/3554/3554 3587/3587/3587 3588/3588/3588
f 3554/3554/3554 3588/3588/3588 3555/3555/3555
f 3555/3555/3555 3588/3588/3588 3589/3589/3589
f 3555/3555/3555 3589/3589/3589 3556/3556/3556
f 3556/3556/3556 3589/3589/3589 3590/3590/3590
f 3556/3556/3556 3590/3590/3590 3557/3557/3557
f 3557/3557/3557 3590/3590/3590 3591/3591/3591
f 3557/3557/3557 3591/3591/3591 3558/3558/3558
f 3558/3558/3558 3591/3591/3591 3592/3592/3592
f 3558/3558/3558 3592/3592/3592 3559/3559/3559
f 3559/3559/3559 3592/3592/3592 3593/3593/3593
f 3559/3559/3559 3593/3593/3593 3560/3560/3560
f 3560/3560/3560 3593/3593/3593 3594/3594/3594
f 3560/3560/3560 3594/3594/3594 3561/3561/3561
f 3561/3561/3561 3594/3594/3594 3595/3595/3595
f 3561/3561/3561 3595/3595/3595 3562/3562/3562
f 3562/3562/3562 3595/3595/3595 3596/3596/3596
f 3562/3562/3562 3596/3596/3596 3563/3563/3563
f 3563/3563/3563 3596/3596/3596 3597/3597/3597
f 3563/3563/3563 3597/3597/3597 3564/3564/3564
f 3565/3565/3565 3598/3598/3598 3599/3599/3599
f 3565/3565/3565 3599/3599/3599 3566/3566/3566
f 3566/3566/3566 3599/3599/3599 3600/3600/3600
f 3566/3566/3566 3600/3600/3600 3567/3567/3567
f 3567/3567/3567 3600/3600/3600 3601/3601/3601
f 3567/3567/3567 3601/3601/3601 3568/3568/3568
f 3568/3568/3568 3601/3601/3601 3602/3602/3602
f 3568/3568/3568 3602/3602/3602 3569/3569/3569
f 3569/3569/3569 3602/3602/3602 3603/3603/3603
f 3569/3569/3569 3603/3603/3603 3570/3570/3570
f 3570/3570/3570 3603/3603/3603 3604/3604/3604
f 3570/3570/3570 3604/3604/3604 3571/3571/3571
f 3571/3571/3571 3604/3604/3604 3605/3605/3605
f 3571/3571/3571 3605/3605/3605 3572/3572/3572
f 3572/3572/3572 3605/3605/3605 3606/3606/3606
f 3572/3572/3572 3606/3606/3606 3573/3573/3573
f 3573/3573/3573 3606/3606/3606 3607/3607/3607
f 3573/3573/3573 3607/3607/3607 3574/3574/3574
f 3574/3574/3574 3607/3607/3607 3608/3608/3608
f 3574/3574/3574 3608/3608/3608 3575/3575/3575
f 3575/3575/3575 3608/3608/3608 3609/3609/3609
f 3575/3575/3575 3609/3609/3609 3576/3576/3576
f 3576/3576/3576 3609/3609/3609 3610/3610/3610
f 3576/3576/3576 3610/3610/3610 3577/3577/3577
f 3577/3577/3577 3610/3610/3610 3611/3611/3611
f 3577/3577/3577 3611/3611/3611 3578/3578/3578
f 3578/3578/3578 3611/3611/3611 3612/3612/3612
f 3578/3578/3578 3612/3612/3612 3579/3579/3579
f 3579/3579/3579 3612/3612/3612 3613/3613/3613
f 3579/3579/3579 3613/3613/3613 3580/3580/3580
f 3580/3580/3580 3613/3613/3613 3614/3614/3614
f 3580/3580/3580 3614/3614/3614 3581/3581/3581
f 3581/3581/3581 3614/3614/3614 3615/3615/3615
f 3581/3581/3581 3615/3615/3615 3582/3582/3582
f 3582/3582/3582 3615/3615/3615 3616/3616/3616
f 3582/3582/3582 3616/3616/3616 3583/3583/3583
f 3583/3583/3583 3616/3616/3616 3617/3617/3617
f 3583/3583/3583 3617/3617/3617 3584/3584/3584
f 3584/3584/3584 3617/3617/3617 3618/3618/3618
f 3584/3584/3584 3618/3618/3618 3585/3585/3585
f 3585/3585/3585 3618/3618/3618 3619/3619/3619
f 3585/3585/3585 3619/3619/3619 3586/3586/3586
f 3586/3586/3586 3619/3619/3619 3620/3620/3620
f 3586/3586/3586 3620/3620/3620 3587/3587/3587
f 3587/3587/3587 3620/3620/3620 3621/3621/3621
f 3587/3587/3587 3621/3621/3621 3588/3588/3588
f 3588/3588/3588 3621/3621/3621 3622/3622/3622
f 3588/3588/3588 3622/3622/3622 3589/3589/3589
f 3589/3589/3589 3622/3622/3622 3623/3623/3623
f 3589/3589/3589 3623/3623/3623 3590/3590/3590
f 3590/3590/3590 3623/3623/3623 3624/3624/3624
f 3590/3590/3590 3624/3624/3624 3591/3591/3591
f 3591/3591/3591 3624/3624/3624 3625/3625/3625
f 3591/3591/3591 3625/3625/3625 3592/3592/3592
f 3592/3592/3592 3625/3625/3625 3626/3626/3626
f 3592/3592/3592 3626/3626/3626 3593/3593/3593
f 3593/3593/3593 3626/3626/3626 3627/3627/3627
f 3593/3593/3593 3627/3627/3627 3594/3594/3594
f 3594/3594/3594 3627/3627/3627 3628/3628/3628
f 3594/3594/3594 3628/3628/3628 3595/3595/3595
f 3595/3595/3595 3628/3628/3628 3629/3629/3629
f 3595/3595/3595 3629/3629/3629 3596/3596/3596
f 3596/3596/3596 3629/3629/3629 3630/3630/3630
f 3596/3596/3596 3630/3630/3630 3597/3597/3597
f 3598/3598/3598 3631/3631/3631 3632/3632/3632
f 3598/3598/3598 3632/3632/3632 3599/3599/3599
f 3599/3599/3599 3632/3632/3632 3633/3633/3633
f 3599/3599/3599 3633/3633/3633 3600/3600/3600
f 3600/3600/3600 3633/3633/3633 3634/3634/3634
f 3600/3600/3600 3634/3634/3634 3601/3601/3601
f 3601/3601/3601 3634/3634/3634 3635/3635/3635
f 3601/3601/3601 3635/3635/3635 3602/3602/3602
f 3602/3602/3602 3635/3635/3635 3636/3636/3636
f 3602/3602/3602 3636/3636/3636 3603/3603/3603
f 3603/3603/3603 3636/3636/3636 3637/3637/3637
f 3603/3603/3603 3637/3637/3637 3604/3604/3604
f 3604/3604/3604 3637/3637/3637 3638/3638/3638
f 3604/3604/3604 3638/3638/3638 3605/3605/3605
f 3605/3605/3605 3638/3638/3638 3639/3639/3639
f 3605/3605/3605 3639/3639/3639 3606/3606/3606
f 3606/3606/3606 3639/3639/3639 3640/3640/3640
f 3606/3606/3606 3640/3640/3640 3607/3607/3607
f 3607/3607/3607 3640/3640/3640 3641/3641/3641
f 3607/3607/3607 3641/3641/3641 3608/3608/3608
f 3608/3608/3608 3641/3641/3641 3642/3642/3642
f 3608/3608/3608 3642/3642/3642 3609/3609/3609
f 3609/3609/3609 3642/3642/3642 3643/3643/3643
f 3609/3609/3609 3643/3643/3643 3610/3610/3610
f 3610/3610/3610 3643/3643/3643 3644/3644/3644
f 3610/3610/3610 3644/3644/3644 3611/3611/3611
f 3611/3611/3611 3644/3644/3644 3645/3645/3645
f 3611/3611/3611 3645/3645/3645 3612/3612/3612
f 3612/3612/3612 3645/3645/3645 3646/3646/3646
f 3612/3612/3612 3646/3646/3646 3613/3613/3613
f 3613/3613/3613 3646/3646/3646 3647/3647/3647
f 3613/3613/3613 3647/3647/3647 3614/3614/3614
f 3614/3614/3614 3647/3647/3647 3648/3648/3648
f 3614/3614/3614 3648/3648/3648 3615/3615/3615
f 3615/3615/3615 3648/3648/3648 3649/3649/3649
f 3615/3615/3615 3649/3649/3649 3616/3616/3616
f 3616/3616/3616 3649/3649/3649 3650/3650/3650
f 3616/3616/3616 3650/3650/3650 3617/3617/3617
f 3617/3617/3617 3650/3650/3650 3651/3651/3651
f 3617/3617/3617 3651/3651/3651 3618/3618/3618
f 3618/3618/3618 3651/3651/3651 3652/3652/3652
f 3618/3618/3618 3652/3652/3652 3619/3619/3619
f 3619/3619/3619 3652/3652/3652 3653/3653/3653
f 3619/3619/3619 3653/3653/3653 3620/3620/3620
f 3620/3620/3620 3653/3653/3653 3654/3654/3654
f 3620/3620/3620 3654/3654/3654 3621/3621/3621
f 3621/3621/3621 3654/3654/3654 3655/3655/3655
f 3621/3621/3621 3655/3655/3655 3622/3622/3622
f 3622/3622/3622 3655/3655/3655 3656/3656/3656
f 3622/3622/3622 3656/3656/3656 3623/3623/3623
f 3623/3623/3623 3656/3656/3656 3657/3657/3657
f 3623/3623/3623 3657/3657/3657 3624/3624/3624
f 3624/3624/3624 3657/3657/3657 3658/3658/3658
f 3624/3624/3624 3658/3658/3658 3625/3625/3625
f 3625/3625/3625 3658/3658/3658 3659/3659/3659
f 3625/3625/3625 3659/3659/3659 3626/3626/3626
f 3626/3626/3626 3659/3659/3659 3660/3660/3660
f 3626/3626/3626 3660/3660/3660 3627/3627/3627
f 3627/3627/3627 3660/3660/3660 3661/3661/3661
f 3627/3627/3627 3661/3661/3661 3628/3628/3628
f 3628/3628/3628 3661/3661/3661 3662/3662/3662
f 3628/3628/3628 3662/3662/3662 3629/3629/3629
f 3629/3629/3629 3662/3662/3662 3663/3663/3663
f 3629/3629/3629 3663/3663/3663 3630/3630/3630
f 3631/3631/3631 3664/3664/3664 3665/3665/3665
f 3631/3631/3631 3665/3665/3665 3632/3632/3632
f 3632/3632/3632 3665/3665/3665 3666/3666/3666
f 3632/3632/3632 3666/3666/3666 3633/3633/3633
f 3633/3633/3633 3666/3666/3666 3667/3667/3667
f 3633/3633/3633 3667/3667/3667 3634/3634/3634
f 3634/3634/3634 3667/3667/3667 3668/3668/3668
f 3634/3634/3634 3668/3668/3668 3635/3635/3635
f 3635/3635/3635 3668/3668/3668 3669/3669/3669
f 3635/3635/3635 3669/3669/3669 3636/3636/3636
f 3636/3636/3636 3669/3669/3669 3670/3670/3670
f 3636/3636/3636 3670/3670/3670 3637/3637/3637
f 3637/3637/3637 3670/3670/3670 3671/3671/3671
f 3637/3637/3637 3671/3671/3671 3638/3638/3638
f 3638/3638/3638 3671/3671/3671 3672/3672/3672
f 3638/3638/3638 3672/3672/3672 3639/3639/3639
f 3639/3639/3639 3672/3672/3672 3673/3673/3673
f 3639/3639/3639 3673/3673/3673 3640/3640/3640
f 3640/3640/3640 3673/3673/3673 3674/3674/3674
f 3640/3640/3640 3674/3674/3674 3641/3641/3641
f 3641/3641/3641 3674/3674/3674 3675/3675/3675
f 3641/3641/3641 3675/3675/3675 3642/3642/3642
f 3642/3642/3642 3675/3675/3675 3676/3676/3676
f 3642/3642/3642 3676/3676/3676 3643/3643/3643
f 3643/3643/3643 3676/3676/3676 3677/3677/3677
f 3643/3643/3643 3677/3677/3677 3644/3644/3644
f 3644/3644/3644 3677/3677/3677 3678/3678/3678
f 3644/3644/3644 3678/3678/3678 3645/3645/3645
f 3645/3645/3645 3678/3678/3678 3679/3679/3679
f 3645/3645/3645 3679/3679/3679 3646/3646/3646
f 3646/3646/3646 3679/3679/3679 3680/3680/3680
f 3646/3646/3646 3680/3680/3680 3647/3647/3647
f 3647/3647/3647 3680/3680/3680 3681/3681/3681
f 3647/3647/3647 3681/3681/3681 3648/3648/3648
f 3648/3648/3648 3681/3681/3681 3682/3682/3682
f 3648/3648/3648 3682/3682/3682 3649/3649/3649
f 3649/3649/3649 3682/3682/3682 3683/3683/3683
f 3649/3649/3649 3683/3683/3683 3650/3650/3650
f 3650/3650/3650 3683/3683/3683 3684/3684/3684
f 3650/3650/3650 3684/3684/3684 3651/3651/3651
f 3651/3651/3651 3684/3684/3684 3685/3685/3685
f 3651/3651/3651 3685/3685/3685 3652/3652/3652
f 3652/3652/3652 3685/3685/3685 3686/3686/3686
f 3652/3652/3652 3686/3686/3686 3653/3653/3653
f 3653/3653/3653 3686/3686/3686 3687/3687/3687
f 3653/3653/3653 3687/3687/3687 3654/3654/3654
f 3654/3654/3654 3687/3687/3687 3688/3688/3688
f 3654/3654/3654 3688/3688/3688 3655/3655/3655
f 3655/3655/3655 3688/3688/3688 3689/3689/3689
f 3655/3655/3655 3689/3689/3689 3656/3656/3656
f 3656/3656/3656 3689/3689/3689 3690/3690/3690
f 3656/3656/3656 3690/3690/3690 3657/3657/3657
f 3657/3657/3657 3690/3690/3690 3691/3691/3691
f 3657/3657/3657 3691/3691/3691 3658/3658/3658
f 3658/3658/3658 3691/3691/3691 3692/3692/3692
f 3658/3658/3658 3692/3692/3692 3659/3659/3659
f 3659/3659/3659 3692/3692/3692 3693/3693/3693
f 3659/3659/3659 3693/3693/3693 3660/3660/3660
f 3660/3660/3660 3693/3693/3693 3694/3694/3694
f 3660/3660/3660 3694/3694/3694 3661/3661/3661
f 3661/3661/3661 3694/3694/3694 3695/3695/3695
f 3661/3661/3661 3695/3695/3695 3662/3662/3662
f 3662/3662/3662 3695/3695/3695 3696/3696/3696
f 3662/3662/3662 3696/3696/3696 3663/3663/3663
f 3664/3664/3664 3697/3697/3697 3698/3698/3698
f 3664/3664/3664 3698/3698/3698 3665/3665/3665
f 3665/3665/3665 3698/3698/3698 3699/3699/3699
f 3665/3665/3665 3699/3699/3699 3666/3666/3666
f 3666/3666/3666 3699/3699/3699 3700/3700/3700
f 3666/3666/3666 3700/3700/3700 3667/3667/3667
f 3667/3667/3667 3700/3700/3700 3701/3701/3701
f 3667/3667/3667 3701/3701/3701 3668/3668/3668
f 3668/3668/3668 3701/3701/3701 3702/3702/3702
f 3668/3668/3668 3702/3702/3702 3669/3669/3669
f 3669/3669/3669 3702/3702/3702 3703/3703/3703
f 3669/3669/3669 3703/3703/3703 3670/3670/3670
f 3670/3670/3670 3703/3703/3703 3704/3704/3704
f 3670/3670/3670 3704/3704/3704 3671/3671/3671
f 3671/3671/3671 3704/3704/3704 3705/3705/3705
f 3671/3671/3671 3705/3705/3705 3672/3672/3672
f 3672/3672/3672 3705/3705/3705 3706/3706/3706
f 3672/3672/3672 3706/3706/3706 3673/3673/3673
f 3673/3673/3673 3706/3706/3706 3707/3707/3707
f 3673/3673/3673 3707/3707/3707 3674/3674/3674
f 3674/3674/3674 3707/3707/3707 3708/3708/3708
f 3674/3674/3674 3708/3708/3708 3675/3675/3675
f 3675/3675/3675 3708/3708/3708 3709/3709/3709
f 3675/3675/3675 3709/3709/3709 3676/3676/3676
f 3676/3676/3676 3709/3709/3709 3710/3710/3710
f 3676/3676/3676 3710/3710/3710 3677/3677/3677
f 3677/3677/3677 3710/3710/3710 3711/3711/3711
f 3677/3677/3677 3711/3711/3711 3678/3678/3678
f 3678/3678/3678 3711/3711/3711 3712/3712/3712
f 3678/3678/3678 3712/3712/3712 3679/3679/3679
f 3679/3679/3679 3712/3712/3712 3713/3713/3713
f 3679/3679/3679 3713/3713/3713 3680/3680/3680
f 3680/3680/3680 3713/3713/3713 3714/3714/3714
f 3680/3680/3680 3714/3714/3714 3681/3681/3681
f 3681/3681/3681 3714/3714/3714 3715/3715/3715
f 3681/3681/3681 3715/3715/3715 3682/3682/3682
f 3682/3682/3682 3715/3715/3715 3716/3716/3716
f 3682/3682/3682 3716/3716/3716 3683/3683/3683
f 3683/3683/3683 3716/3716/3716 3717/3717/3717
f 3683/3683/3683 3717/3717/3717 3684/3684/3684
f 3684/3684/3684 3717/3717/3717 3718/3718/3718
f 3684/3684/3684 3718/3718/3718 3685/3685/3685
f 3685/3685/3685 3718/3718/3718 3719/3719/3719
f 3685/3685/3685 3719/3719/3719 3686/3686/3686
f 3686/3686/3686 3719/3719/3719 3720/3720/3720
f 3686/3686/3686 3720/3720/3720 3687/3687/3687
f 3687/3687/3687 3720/3720/3720 3721/3721/3721
f 3687/3687/3687 3721/3721/3721 3688/3688/3688
f 3688/3688/3688 3721/3721/3721 3722/3722/3722
f 3688/3688/3688 3722/3722/3722 3689/3689/3689
f 3689/3689/3689 3722/3722/3722 3723/3723/3723
f 3689/3689/3689 3723/3723/3723 3690/3690/3690
f 3690/3690/3690 3723/3723/3723 3724/3724/3724
f 3690/3690/3690 3724/3724/3724 3691/3691/3691
f 3691/3691/3691 3724/3724/3724 3725/3725/3725
f 3691/3691/3691 3725/3725/3725 3692/3692/3692
f 3692/3692/3692 3725/3725/3725 3726/3726/3726
f 3692/3692/3692 3726/3726/3726 3693/3693/3693
f 3693/3693/3693 3726/3726/3726 3727/3727/3727
f 3693/3693/3693 3727/3727/3727 3694/3694/3694
f 3694/3694/3694 3727/3727/3727 3728/3728/3728
f 3694/3694/3694 3728/3728/3728 3695/3695/3695
f 3695/3695/3695 3728/3728/3728 3729/3729/3729
f 3695/3695/3695 3729/3729/3729 3696/3696/3696
f 3697/3697/3697 3730/3730/3730 3731/3731/3731
f 3697/3697/3697 3731/3731/3731 3698/3698/3698
f 3698/3698/3698 3731/3731/3731 3732/3732/3732
f 3698/3698/3698 3732/3732/3732 3699/3699/3699
f 3699/3699/3699 3732/3732/3732 3733/3733/3733
f 3699/3699/3699 3733/3733/3733 3700/3700/3700
f 3700/3700/3700 3733/3733/3733 3734/3734/3734
f 3700/3700/3700 3734/3734/3734 3701/3701/3701
f 3701/3701/3701 3734/3734/3734 3735/3735/3735
f 3701/3701/3701 3735/3735/3735 3702/3702/3702
f 3702/3702/3702 3735/3735/3735 3736/3736/3736
f 3702/3702/3702 3736/3736/3736 3703/3703/3703
f 3703/3703/3703 3736/3736/3736 3737/3737/3737
f 3703/3703/3703 3737/3737/3737 3704/3704/3704
f 3704/3704/3704 3737/3737/3737 3738/3738/3738
f 3704/3704/3704 3738/3738/3738 3705/3705/3705
f 3705/3705/3705 3738/3738/3738 3739/3739/3739
f 3705/3705/3705 3739/3739/3739 3706/3706/3706
f 3706/3706/3706 3739/3739/3739 3740/3740/3740
f 3706/3706/3706 3740/3740/3740 3707/3707/3707
f 3707/3707/3707 3740/3740/3740 3741/3741/3741
f 3707/3707/3707 3741/3741/3741 3708/3708/3708
f 3708/3708/3708 3741/3741/3741 3742/3742/3742
f 3708/3708/3708 3742/3742/3742 3709/3709/3709
f 3709/3709/3709 3742/3742/3742 3743/3743/3743
f 3709/3709/3709 3743/3743/3743 3710/3710/3710
f 3710/3710/3710 3743/3743/3743 3744/3744/3744
f 3710/3710/3710 3744/3744/3744 3711/3711/3711
f 3711/3711/3711 3744/3744/3744 3745/3745/3745
f 3711/3711/3711 3745/3745/3745 3712/3712/3712
f 3712/3712/3712 3745/3745/3745 3746/3746/3746
f 3712/3712/3712 3746/3746/3746 3713/3713/3713
f 3713/3713/3713 3746/3746/3746 3747/3747/3747
f 3713/3713/3713 3747/3747/3747 3714/3714/3714
f 3714/3714/3714 3747/3747/3747 3748/3748/3748
f 3714/3714/3714 3748/3748/3748 3715/3715/3715
f 3715/3715/3715 3748/3748/3748 3749/3749/3749
f 3715/3715/3715 3749/3749/3749 3716/3716/3716
f 3716/3716/3716 3749/3749/3749 3750/3750/3750
f 3716/3716/3716 3750/3750/3750 3717/3717/3717
f 3717/3717/3717 3750/3750/3750 3751/3751/3751
f 3717/3717/3717 3751/3751/3751 3718/3718/3718
f 3718/3718/3718 3751/3751/3751 3752/3752/3752
f 3718/3718/3718 3752/3752/3752 3719/3719/3719
f 3719/3719/3719 3752/3752/3752 3753/3753/3753
f 3719/3719/3719 3753/3753/3753 3720/3720/3720
f 3720/3720/3720 3753/3753/3753 3754/3754/3754
f 3720/3720/3720 3754/3754/3754 3721/3721/3721
f 3721/3721/3721 3754/3754/3754 3755/3755/3755
f 3721/3721/3721 3755/3755/3755 3722/3722/3722
f 3722/3722/3722 3755/3755/3755 3756/3756/3756
f 3722/3722/3722 3756/3756/3756 3723/3723/3723
f 3723/3723/3723 3756/3756/3756 3757/3757/3757
f 3723/3723/3723 3757/3757/3757 3724/3724/3724
f 3724/3724/3724 3757/3757/3757 3758/3758/3758
f 3724/3724/3724 3758/3758/3758 3725/3725/3725
f 3725/3725/3725 3758/3758/3758 3759/3759/3759
f 3725/3725/3725 3759/3759/3759 3726/3726/3726
f 3726/3726/3726 3759/3759/3759 3760/3760/3760
f 3726/3726/3726 3760/3760/3760 3727/3727/3727
f 3727/3727/3727 3760/3760/3760 3761/3761/3761
f 3727/3727/3727 3761/3761/3761 3728/3728/3728
f 3728/3728/3728 3761/3761/3761 3762/3762/3762
f 3728/3728/3728 3762/3762/3762 3729/3729/3729
f 3730/3730/3730 3763/3763/3763 3764/3764/3764
f 3730/3730/3730 3764/3764/3764 3731/3731/3731
f 3731/3731/3731 3764/3764/3764 3765/3765/3765
f 3731/3731/3731 3765/3765/3765 3732/3732/3732
f 3732/3732/3732 3765/3765/3765 3766/3766/3766
f 3732/3732/3732 3766/3766/3766 3733/3733/3733
f 3733/3733/3733 3766/3766/3766 3767/3767/3767
f 3733/3733/3733 3767/3767/3767 3734/3734/3734
f 3734/3734/3734 3767/3767/3767 3768/3768/3768
f 3734/3734/3734 3768/3768/3768 3735/3735/3735
f 3735/3735/3735 3768/3768/3768 3769/3769/3769
f 3735/3735/3735 3769/3769/3769 3736/3736/3736
f 3736/3736/3736 3769/3769/3769 3770/3770/3770
f 3736/3736/3736 3770/3770/3770 3737/3737/3737
f 3737/3737/3737 3770/3770/3770 3771/3771/3771
f 3737/3737/3737 3771/3771/3771 3738/3738/3738
f 3738/3738/3738 3771/3771/3771 3772/3772/3772
f 3738/3738/3738 3772/3772/3772 3739/3739/3739
f 3739/3739/3739 3772/3772/3772 3773/3773/3773
f 3739/3739/3739 3773/3773/3773 3740/3740/3740
f 3740/3740/3740 3773/3773/3773 3774/3774/3774
f 3740/3740/3740 3774/3774/3774 3741/3741/3741
f 3741/3741/3741 3774/3774/3774 3775/3775/3775
f 3741/3741/3741 3775/3775/3775 3742/3742/3742
f 3742/3742/3742 3775/3775/3775 3776/3776/3776
f 3742/3742/3742 3776/3776/3776 3743/3743/3743
f 3743/3743/3743 3776/3776/3776 3777/3777/3777
f 3743/3743/3743 3777/3777/3777 3744/3744/3744
f 3744/3744/3744 3777/3777/3777 3778/3778/3778
f 3744/3744/3744 3778/3778/3778 3745/3745/3745
f 3745/3745/3745 3778/3778/3778 3779/3779/3779
f 3745/3745/3745 3779/3779/3779 3746/3746/3746
f 3746/3746/3746 3779/3779/3779 3780/3780/3780
f 3746/3746/3746 3780/3780/3780 3747/3747/3747
f 3747/3747/3747 3780/3780/3780 3781/3781/3781
f 3747/3747/3747 3781/3781/3781 3748/3748/3748
f 3748/3748/3748 3781/3781/3781 3782/3782/3782
f 3748/3748/3748 3782/3782/3782 3749/3749/3749
f 3749/3749/3749 3782/3782/3782 3783/3783/3783
f 3749/3749/3749 3783/3783/3783 3750/3750/3750
f 3750/3750/3750 3783/3783/3783 3784/3784/3784
f 3750/3750/3750 3784/3784/3784 3751/3751/3751
f 3751/3751/3751 3784/3784/3784 3785/3785/3785
f 3751/3751/3751 3785/3785/3785 3752/3752/3752
f 3752/3752/3752 3785/3785/3785 3786/3786/3786
f 3752/3752/3752 3786/3786/3786 3753/3753/3753
f 3753/3753/3753 3786/3786/3786 3787/3787/3787
f 3753/3753/3753 3787/3787/3787 3754/3754/3754
f 3754/3754/3754 3787/3787/3787 3788/3788/3788
f 3754/3754/3754 3788/3788/3788 3755/3755/3755
f 3755/3755/3755 3788/3788/3788 3789/3789/3789
f 3755/3755/3755 3789/3789/3789 3756/3756/3756
f 3756/3756/3756 3789/3789/3789 3790/3790/3790
f 3756/3756/3756 3790/3790/3790 3757/3757/3757
f 3757/3757/3757 3790/3790/3790 3791/3791/3791
f 3757/3757/3757 3791/3791/3791 3758/3758/3758
f 3758/3758/3758 3791/3791/3791 3792/3792/3792
f 3758/3758/3758 3792/3792/3792 3759/3759/3759
f 3759/3759/3759 3792/3792/3792 3793/3793/3793
f 3759/3759/3759 3793/3793/3793 3760/3760/3760
f 3760/3760/3760 3793/3793/3793 3794/3794/3794
f 3760/3760/3760 3794/3794/3794 3761/3761/3761
f 3761/3761/3761 3794/3794/3794 3795/3795/3795
f 3761/3761/3761 3795/3795/3795 3762/3762/3762
f 3763/3763/3763 3796/3796/3796 3797/3797/3797
f 3763/3763/3763 3797/3797/3797 3764/3764/3764
f 3764/3764/3764 3797/3797/3797 3798/3798/3798
f 3764/3764/3764 3798/3798/3798 3765/3765/3765
f 3765/3765/3765 3798/3798/3798 3799/3799/3799
f 3765/3765/3765 3799/3799/3799 3766/3766/3766
f 3766/3766/3766 3799/3799/3799 3800/3800/3800
f 3766/3766/3766 3800/3800/3800 3767/3767/3767
f 3767/3767/3767 3800/3800/3800 3801/3801/3801
f 3767/3767/3767 3801/3801/3801 3768/3768/3768
f 3768/3768/3768 3801/3801/3801 3802/3802/3802
f 3768/3768/3768 3802/3802/3802 3769/3769/3769
f 3769/3769/3769 3802/3802/3802 3803/3803/3803
f 3769/3769/3769 3803/3803/3803 3770/3770/3770
f 3770/3770/3770 3803/3803/3803 3804/3804/3804
f 3770/3770/3770 3804/3804/3804 3771/3771/3771
f 3771/3771/3771 3804/3804/3804 3805/3805/3805
f 3771/3771/3771 3805/3805/3805 3772/3772/3772
f 3772/3772/3772 3805/3805/3805 3806/3806/3806
f 3772/3772/3772 3806/3806/3806 3773/3773/3773
f 3773/3773/3773 3806/3806/3806 3807/3807/3807
f 3773/3773/3773 3807/3807/3807 3774/3774/3774
f 3774/3774/3774 3807/3807/3807 3808/3808/3808
f 3774/3774/3774 3808/3808/3808 3775/3775/3775
f 3775/3775/3775 3808/3808/3808 3809/3809/3809
f 3775/3775/3775 3809/3809/3809 3776/3776/3776
f 3776/3776/3776 3809/3809/3809 3810/3810/3810
f 3776/3776/3776 3810/3810/3810 3777/3777/3777
f 3777/3777/3777 3810/3810/3810 3811/3811/3811
f 3777/3777/3777 3811/3811/3811 3778/3778/3778
f 3778/3778/3778 3811/3811/3811 3812/3812/3812
f 3778/3778/3778 3812/3812/3812 3779/3779/3779
f 3779/3779/3779 3812/3812/3812 3813/3813/3813
f 3779/3779/3779 3813/3813/3813 3780/3780/3780
f 3780/3780/3780 3813/3813/3813 3814/3814/3814
f 3780/3780/3780 3814/3814/3814 3781/3781/3781
f 3781/3781/3781 3814/3814/3814 3815/3815/3815
f 3781/3781/3781 3815/3815/3815 3782/3782/3782
f 3782/3782/3782 3815/3815/3815 3816/3816/3816
f 3782/3782/3782 3816/3816/3816 3783/3783/3783
f 3783/3783/3783 3816/3816/3816 3817/3817/3817
f 3783/3783/3783 3817/3817/3817 3784/3784/3784
f 3784/3784/3784 3817/3817/3817 3818/3818/3818
f 3784/3784/3784 3818/3818/3818 3785/3785/3785
f 3785/3785/3785 3818/3818/3818 3819/3819/3819
f 3785/3785/3785 3819/3819/3819 3786/3786/3786
f 3786/3786/3786 3819/3819/3819 3820/3820/3820
f 3786/3786/3786 3820/3820/3820 3787/3787/3787
f 3787/3787/3787 3820/3820/3820 3821/3821/3821
f 3787/3787/3787 3821/3821/3821 3788/3788/3788
f 3788/3788/3788 3821/3821/3821 3822/3822/3822
f 3788/3788/3788 3822/3822/3822 3789/3789/3789
f 3789/3789/3789 3822/3822/3822 3823/3823/3823
f 3789/3789/3789 3823/3823/3823 3790/3790/3790
f 3790/3790/3790 3823/3823/3823 3824/3824/3824
f 3790/3790/3790 3824/3824/3824 3791/3791/3791
f 3791/3791/3791 3824/3824/3824 3825/3825/3825
f 3791/3791/3791 3825/3825/3825 3792/3792/3792
f 3792/3792/3792 3825/3825/3825 3826/3826/3826
f 3792/3792/3792 3826/3826/3826 3793/3793/3793
f 3793/3793/3793 3826/3826/3826 3827/3827/3827
f 3793/3793/3793 3827/3827/3827 3794/3794/3794
f 3794/3794/3794 3827/3827/3827 3828/3828/3828
f 3794/3794/3794 3828/3828/3828 3795/3795/3795
f 3796/3796/3796 3829/3829/3829 3830/3830/3830
f 3796/3796/3796 3830/3830/3830 3797/3797/3797
f 3797/3797/3797 3830/3830/3830 3831/3831/3831
f 3797/3797/3797 3831/3831/3831 3798/3798/3798
f 3798/3798/3798 3831/3831/3831 3832/3832/3832
f 3798/3798/3798 3832/3832/3832 3799/3799/3799
f 3799/3799/3799 3832/3832/3832 3833/3833/3833
f 3799/3799/3799 3833/3833/3833 3800/3800/3800
f 3800/3800/3800 3833/3833/3833 3834/3834/3834
f 3800/3800/3800 3834/3834/3834 3801/3801/3801
f 3801/3801/3801 3834/3834/3834 3835/3835/3835
f 3801/3801/3801 3835/3835/3835 3802/3802/3802
f 3802/3802/3802 3835/3835/3835 3836/3836/3836
f 3802/3802/3802 3836/3836/3836 3803/3803/3803
f 3803/3803/3803 3836/3836/3836 3837/3837/3837
f 3803/3803/3803 3837/3837/3837 3804/3804/3804
f 3804/3804/3804 3837/3837/3837 3838/3838/3838
f 3804/3804/3804 3838/3838/3838 3805/3805/3805
f 3805/3805/3805 3838/3838/3838 3839/3839/3839
f 3805/3805/3805 3839/3839/3839 3806/3806/3806
f 3806/3806/3806 3839/3839/3839 3840/3840/3840
f 3806/3806/3806 3840/3840/3840 3807/3807/3807
f 3807/3807/3807 3840/3840/3840 3841/3841/3841
f 3807/3807/3807 3841/3841/3841 3808/3808/3808
f 3808/3808/3808 3841/3841/3841 3842/3842/3842
f 3808/3808/3808 3842/3842/3842 3809/3809/3809
f 3809/3809/3809 3842/3842/3842 3843/3843/3843
f 3809/3809/3809 3843/3843/3843 3810/3810/3810
f 3810/3810/3810 3843/3843/3843 3844/3844/3844
f 3810/3810/3810 3844/3844/3844 3811/3811/3811
f 3811/3811/3811 3844/3844/3844 3845/3845/3845
f 3811/3811/3811 3845/3845/3845 3812/3812/3812
f 3812/3812/3812 3845/3845/3845 3846/3846/3846
f 3812/3812/3812 3846/3846/3846 3813/3813/3813
f 3813/3813/3813 3846/3846/3846 3847/3847/3847
f 3813/3813/3813 3847/3847/3847 3814/3814/3814
f 3814/3814/3814 3847/3847/3847 3848/3848/3848
f 3814/3814/3814 3848/3848/3848 3815/3815/3815
f 3815/3815/3815 3848/3848/3848 3849/3849/3849
f 3815/3815/3815 3849/3849/3849 3816/3816/3816
f 3816/3816/3816 3849/3849/3849 3850/3850/3850
f 3816/3816/3816 3850/3850/3850 3817/3817/3817
f 3817/3817/3817 3850/3850/3850 3851/3851/3851
f 3817/3817/3817 3851/3851/3851 3818/3818/3818
f 3818/3818/3818 3851/3851/3851 3852/3852/3852
f 3818/3818/3818 3852/3852/3852 3819/3819/3819
f 3819/3819/3819 3852/3852/3852 3853/3853/3853
f 3819/3819/3819 3853/3853/3853 3820/3820/3820
f 3820/3820/3820 3853/3853/3853 3854/3854/3854
f 3820/3820/3820 3854/3854/3854 3821/3821/3821
f 3821/3821/3821 3854/3854/3854 3855/3855/3855
f 3821/3821/3821 3855/3855/3855 3822/3822/3822
f 3822/3822/3822 3855/3855/3855 3856/3856/3856
f 3822/3822/3822 3856/3856/3856 3823/3823/3823
f 3823/3823/3823 3856/3856/3856 3857/3857/3857
f 3823/3823/3823 3857/3857/3857 3824/3824/3824
f 3824/3824/3824 3857/3857/3857 3858/3858/3858
f 3824/3824/3824 3858/3858/3858 3825/3825/3825
f 3825/3825/3825 3858/3858/3858 3859/3859/3859
f 3825/3825/3825 3859/3859/3859 3826/3826/3826
f 3826/3826/3826 3859/3859/3859 3860/3860/3860
f 3826/3826/3826 3860/3860/3860 3827/3827/3827
f 3827/3827/3827 3860/3860/3860 3861/3861/3861
f 3827/3827/3827 3861/3861/3861 3828/3828/3828
f 3829/3829/3829 3862/3862/3862 3863/3863/3863
f 3829/3829/3829 3863/3863/3863 3830/3830/3830
f 3830/3830/3830 3863/3863/3863 3864/3864/3864
f 3830/3830/3830 3864/3864/3864 3831/3831/3831
f 3831/3831/3831 3864/3864/3864 3865/3865/3865
f 3831/3831/3831 3865/3865/3865 3832/3832/3832
f 3832/3832/3832 3865/3865/3865 3866/3866/3866
f 3832/3832/3832 3866/3866/3866 3833/3833/3833
f 3833/3833/3833 3866/3866/3866 3867/3867/3867
f 3833/3833/3833 3867/3867/3867 3834/3834/3834
f 3834/3834/3834 3867/3867/3867 3868/3868/3868
f 3834/3834/3834 3868/3868/3868 3835/3835/3835
f 3835/3835/3835 3868/3868/3868 3869/3869/3869
f 3835/3835/3835 3869/3869/3869 3836/3836/3836
f 3836/3836/3836 3869/3869/3869 3870/3870/3870
f 3836/3836/3836 3870/3870/3870 3837/3837/3837
f 3837/3837/3837 3870/3870/3870 3871/3871/3871
f 3837/3837/3837 3871/3871/3871 3838/3838/3838
f 3838/3838/3838 3871/3871/3871 3872/3872/3872
f 3838/3838/3838 3872/3872/3872 3839/3839/3839
f 3839/3839/3839 3872/3872/3872 3873/3873/3873
f 3839/3839/3839 3873/3873/3873 3840/3840/3840
f 3840/3840/3840 3873/3873/3873 3874/3874/3874
f 3840/3840/3840 3874/3874/3874 3841/3841/3841
f 3841/3841/3841 3874/3874/3874 3875/3875/3875
f 3841/3841/3841 3875/3875/3875 3842/3842/3842
f 3842/3842/3842 3875/3875/3875 3876/3876/3876
f 3842/3842/3842 3876/3876/3876 3843/3843/3843
f 3843/3843/3843 3876/3876/3876 3877/3877/3877
f 3843/3843/3843 3877/3877/3877 3844/3844/3844
f 3844/3844/3844 3877/3877/3877 3878/3878/3878
f 3844/3844/3844 3878/3878/3878 3845/3845/3845
f 3845/3845/3845 3878/3878/3878 3879/3879/3879
f 3845/3845/3845 3879/3879/3879 3846/3846/3846
f 3846/3846/3846 3879/3879/3879 3880/3880/3880
f 3846/3846/3846 3880/3880/3880 3847/3847/3847
f 3847/3847/3847 3880/3880/3880 3881/3881/3881
f 3847/3847/3847 3881/3881/3881 3848/3848/3848
f 3848/3848/3848 3881/3881/3881 3882/3882/3882
f 3848/3848/3848 3882/3882/3882 3849/3849/3849
f 3849/3849/3849 3882/3882/3882 3883/3883/3883
f 3849/3849/3849 3883/3883/3883 3850/3850/3850
f 3850/3850/3850 3883/3883/3883 3884/3884/3884
f 3850/3850/3850 3884/3884/3884 3851/3851/3851
f 3851/3851/3851 3884/3884/3884 3885/3885/3885
f 3851/3851/3851 3885/3885/3885 3852/3852/3852
f 3852/3852/3852 3885/3885/3885 3886/3886/3886
f 3852/3852/3852 3886/3886/3886 3853/3853/3853
f 3853/3853/3853 3886/3886/3886 3887/3887/3887
f 3853/3853/3853 3887/3887/3887 3854/3854/3854
f 3854/3854/3854 3887/3887/3887 3888/3888/3888
f 3854/3854/3854 3888/3888/3888 3855/3855/3855
f 3855/3855/3855 3888/3888/3888 3889/3889/3889
f 3855/3855/3855 3889/3889/3889 3856/3856/3856
f 3856/3856/3856 3889/3889/3889 3890/3890/3890
f 3856/3856/3856 3890/3890/3890 3857/3857/3857
f 3857/3857/3857 3890/3890/3890 3891/3891/3891
f 3857/3857/3857 3891/3891/3891 3858/3858/3858
f 3858/3858/3858 3891/3891/3891 3892/3892/3892
f 3858/3858/3858 3892/3892/3892 3859/3859/3859
f 3859/3859/3859 3892/3892/3892 3893/3893/3893
f 3859/3859/3859 3893/3893/3893 3860/3860/3860
f 3860/3860/3860 3893/3893/3893 3894/3894/3894
f 3860/3860/3860 3894/3894/3894 3861/3861/3861
f 3862/3862/3862 3895/3895/3895 3896/3896/3896
f 3862/3862/3862 3896/3896/3896 3863/3863/3863
f 3863/3863/3863 3896/3896/3896 3897/3897/3897
f 3863/3863/3863 3897/3897/3897 3864/3864/3864
f 3864/3864/3864 3897/3897/3897 3898/3898/3898
f 3864/3864/3864 3898/3898/3898 3865/3865/3865
f 3865/3865/3865 3898/3898/3898 3899/3899/3899
f 3865/3865/3865 3899/3899/3899 3866/3866/3866
f 3866/3866/3866 3899/3899/3899 3900/3900/3900
f 3866/3866/3866 3900/3900/3900 3867/3867/3867
f 3867/3867/3867 3900/3900/3900 3901/3901/3901
f 3867/3867/3867 3901/3901/3901 3868/3868/3868
f 3868/3868/3868 3901/3901/3901 3902/3902/3902
f 3868/3868/3868 3902/3902/3902 3869/3869/3869
f 3869/3869/3869 3902/3902/3902 3903/3903/3903
f 3869/3869/3869 3903/3903/3903 3870/3870/3870
f 3870/3870/3870 3903/3903/3903 3904/3904/3904
f 3870/3870/3870 3904/3904/3904 3871/3871/3871
f 3871/3871/3871 3904/3904/3904 3905/3905/3905
f 3871/3871/3871 3905/3905/3905 3872/3872/3872
f 3872/3872/3872 3905/3905/3905 3906/3906/3906
f 3872/3872/3872 3906/3906/3906 3873/3873/3873
f 3873/3873/3873 3906/3906/3906 3907/3907/3907
f 3873/3873/3873 3907/3907/3907 3874/3874/3874
f 3874/3874/3874 3907/3907/3907 3908/3908/3908
f 3874/3874/3874 3908/3908/3908 3875/3875/3875
f 3875/3875/3875 3908/3908/3908 3909/3909/3909
f 3875/3875/3875 3909/3909/3909 3876/3876/3876
f 3876/3876/3876 3909/3909/3909 3910/3910/3910
f 3876/3876/3876 3910/3910/3910 3877/3877/3877
f 3877/3877/3877 3910/3910/3910 3911/3911/3911
f 3877/3877/3877 3911/3911/3911 3878/3878/3878
f 3878/3878/3878 3911/3911/3911 3912/3912/3912
f 3878/3878/3878 3912/3912/3912 3879/3879/3879
f 3879/3879/3879 3912/3912/3912 3913/3913/3913
f 3879/3879/3879 3913/3913/3913 3880/3880/3880
f 3880/3880/3880 3913/3913/3913 3914/3914/3914
f 3880/3880/3880 3914/3914/3914 3881/3881/3881
f 3881/3881/3881 3914/3914/3914 3915/3915/3915
f 3881/3881/3881 3915/3915/3915 3882/3882/3882
f 3882/3882/3882 3915/3915/3915 3916/3916/3916
f 3882/3882/3882 3916/3916/3916 3883/3883/3883
f 3883/3883/3883 3916/3916/3916 3917/3917/3917
f 3883/3883/3883 3917/3917/3917 3884/3884/3884
f 3884/3884/3884 3917/3917/3917 3918/3918/3918
f 3884/3884/3884 3918/3918/3918 3885/3885/3885
f 3885/3885/3885 3918/3918/3918 3919/3919/3919
f 3885/3885/3885 3919/3919/3919 3886/3886/3886
f 3886/3886/3886 3919/3919/3919 3920/3920/3920
f 3886/3886/3886 3920/3920/3920 3887/3887/3887
f 3887/3887/3887 3920/3920/3920 3921/3921/3921
f 3887/3887/3887 3921/3921/3921 3888/3888/3888
f 3888/3888/3888 3921/3921/3921 3922/3922/3922
f 3888/3888/3888 3922/3922/3922 3889/3889/3889
f 3889/3889/3889 3922/3922/3922 3923/3923/3923
f 3889/3889/3889 3923/3923/3923 3890/3890/3890
f 3890/3890/3890 3923/3923/3923 3924/3924/3924
f 3890/3890/3890 3924/3924/3924 3891/3891/3891
f 3891/3891/3891 3924/3924/3924 3925/3925/3925
f 3891/3891/3891 3925/3925/3925 3892/3892/3892
f 3892/3892/3892 3925/3925/3925 3926/3926/3926
f 3892/3892/3892 3926/3926/3926 3893/3893/3893
f 3893/3893/3893 3926/3926/3926 3927/3927/3927
f 3893/3893/3893 3927/3927/3927 3894/3894/3894
f 3895/3895/3895 3928/3928/3928 3929/3929/3929
f 3895/3895/3895 3929/3929/3929 3896/3896/3896
f 3896/3896/3896 3929/3929/3929 3930/3930/3930
f 3896/3896/3896 3930/3930/3930 3897/3897/3897
f 3897/3897/3897 3930/3930/3930 3931/3931/3931
f 3897/3897/3897 3931/3931/3931 3898/3898/3898
f 3898/3898/3898 3931/3931/3931 3932/3932/3932
f 3898/3898/3898 3932/3932/3932 3899/3899/3899
f 3899/3899/3899 3932/3932/3932 3933/3933/3933
f 3899/3899/3899 3933/3933/3933 3900/3900/3900
f 3900/3900/3900 3933/3933/3933 3934/3934/3934
f 3900/3900/3900 3934/3934/3934 3901/3901/3901
f 3901/3901/3901 3934/3934/3934 3935/3935/3935
f 3901/3901/3901 3935/3935/3935 3902/3902/3902
f 3902/3902/3902 3935/3935/3935 3936/3936/3936
f 3902/3902/3902 3936/3936/3936 3903/3903/3903
f 3903/3903/3903 3936/3936/3936 3937/3937/3937
f 3903/3903/3903 3937/3937/3937 3904/3904/3904
f 3904/3904/3904 3937/3937/3937 3938/3938/3938
f 3904/3904/3904 3938/3938/3938 3905/3905/3905
f 3905/3905/3905 3938/3938/3938 3939/3939/3939
f 3905/3905/3905 3939/3939/3939 3906/3906/3906
f 3906/3906/3906 3939/3939/3939 3940/3940/3940
f 3906/3906/3906 3940/3940/3940 3907/3907/3907
f 3907/3907/3907 3940/3940/3940 3941/3941/3941
f 3907/3907/3907 3941/3941/3941 3908/3908/3908
f 3908/3908/3908 3941/3941/3941 3942/3942/3942
f 3908/3908/3908 3942/3942/3942 3909/3909/3909
f 3909/3909/3909 3942/3942/3942 3943/3943/3943
f 3909/3909/3909 3943/3943/3943 3910/3910/3910
f 3910/3910/3910 3943/3943/3943 3944/3944/3944
f 3910/3910/3910 3944/3944/3944 3911/3911/3911
f 3911/3911/3911 3944/3944/3944 3945/3945/3945
f 3911/3911/3911 3945/3945/3945 3912/3912/3912
f 3912/3912/3912 3945/3945/3945 3946/3946/3946
f 3912/3912/3912 3946/3946/3946 3913/3913/3913
f 3913/3913/3913 3946/3946/3946 3947/3947/3947
f 3913/3913/3913 3947/3947/3947 3914/3914/3914
f 3914/3914/3914 3947/3947/3947 3948/3948/3948
f 3914/3914/3914 3948/3948/3948 3915/3915/3915
f 3915/3915/3915 3948/3948/3948 3949/3949/3949
f 3915/3915/3915 3949/3949/3949 3916/3916/3916
f 3916/3916/3916 3949/3949/3949 3950/3950/3950
f 3916/3916/3916 3950/3950/3950 3917/3917/3917
f 3917/3917/3917 3950/3950/3950 3951/3951/3951
f 3917/3917/3917 3951/3951/3951 3918/3918/3918
f 3918/3918/3918 3951/3951/3951 3952/3952/3952
f 3918/3918/3918 3952/3952/3952 3919/3919/3919
f 3919/3919/3919 3952/3952/3952 3953/3953/3953
f 3919/3919/3919 3953/3953/3953 3920/3920/3920
f 3920/3920/3920 3953/3953/3953 3954/3954/3954
f 3920/3920/3920 3954/3954/3954 3921/3921/3921
f 3921/3921/3921 3954/3954/3954 3955/3955/3955
f 3921/3921/3921 3955/3955/3955 3922/3922/3922
f 3922/3922/3922 3955/3955/3955 3956/3956/3956
f 3922/3922/3922 3956/3956/3956 3923/3923/3923
f 3923/3923/3923 3956/3956/3956 3957/3957/3957
f 3923/3923/3923 3957/3957/3957 3924/3924/3924
f 3924/3924/3924 3957/3957/3957 3958/3958/3958
f 3924/3924/3924 3958/3958/3958 3925/3925/3925
f 3925/3925/3925 3958/3958/3958 3959/3959/3959
f 3925/3925/3925 3959/3959/3959 3926/3926/3926
f 3926/3926/3926 3959/3959/3959 3960/3960/3960
f 3926/3926/3926 3960/3960/3960 3927/3927/3927
f 3928/3928/3928 3961/3961/3961 3962/3962/3962
f 3928/3928/3928 3962/3962/3962 3929/3929/3929
f 3929/3929/3929 3962/3962/3962 3963/3963/3963
f 3929/3929/3929 3963/3963/3963 3930/3930/3930
f 3930/3930/3930 3963/3963/3963 3964/3964/3964
f 3930/3930/3930 3964/3964/3964 3931/3931/3931
f 3931/3931/3931 3964/3964/3964 3965/3965/3965
f 3931/3931/3931 3965/3965/3965 3932/3932/3932
f 3932/3932/3932 3965/3965/3965 3966/3966/3966
f 3932/3932/3932 3966/3966/3966 3933/3933/3933
f 3933/3933/3933 3966/3966/3966 3967/3967/3967
f 3933/3933/3933 3967/3967/3967 3934/3934/3934
f 3934/3934/3934 3967/3967/3967 3968/3968/3968
f 3934/3934/3934 3968/3968/3968 3935/3935/3935
f 3935/3935/3935 3968/3968/3968 3969/3969/3969
f 3935/3935/3935 3969/3969/3969 3936/3936/3936
f 3936/3936/3936 3969/3969/3969 3970/3970/3970
f 3936/3936/3936 3970/3970/3970 3937/3937/3937
f 3937/3937/3937 3970/3970/3970 3971/3971/3971
f 3937/3937/3937 3971/3971/3971 3938/3938/3938
f 3938/3938/3938 3971/3971/3971 3972/3972/3972
f 3938/3938/3938 3972/3972/3972 3939/3939/3939
f 3939/3939/3939 3972/3972/3972 3973/3973/3973
f 3939/3939/3939 3973/3973/3973 3940/3940/3940
f 3940/3940/3940 3973/3973/3973 3974/3974/3974
f 3940/3940/3940 3974/3974/3974 3941/3941/3941
f 3941/3941/3941 3974/3974/3974 3975/3975/3975
f 3941/3941/3941 3975/3975/3975 3942/3942/3942
f 3942/3942/3942 3975/3975/3975 3976/3976/3976
f 3942/3942/3942 3976/3976/3976 3943/3943/3943
f 3943/3943/3943 3976/3976/3976 3977/3977/3977
f 3943/3943/3943 3977/3977/3977 3944/3944/3944
f 3944/3944/3944 3977/3977/3977 3978/3978/3978
f 3944/3944/3944 3978/3978/3978 3945/3945/3945
f 3945/3945/3945 3978/3978/3978 3979/3979/3979
f 3945/3945/3945 3979/3979/3979 3946/3946/3946
f 3946/3946/3946 3979/3979/3979 3980/3980/3980
f 3946/3946/3946 3980/3980/3980 3947/3947/3947
f 3947/3947/3947 3980/3980/3980 3981/3981/3981
f 3947/3947/3947 3981/3981/3981 3948/3948/3948
f 3948/3948/3948 3981/3981/3981 3982/3982/3982
f 3948/3948/3948 3982/3982/3982 3949/3949/3949
f 3949/3949/3949 3982/3982/3982 3983/3983/3983
f 3949/3949/3949 3983/3983/3983 3950/3950/3950
f 3950/3950/3950 3983/3983/3983 3984/3984/3984
f 3950/3950/3950 3984/3984/3984 3951/3951/3951
f 3951/3951/3951 3984/3984/3984 3985/3985/3985
f 3951/3951/3951 3985/3985/3985 3952/3952/3952
f 3952/3952/3952 3985/3985/3985 3986/3986/3986
f 3952/3952/3952 3986/3986/3986 3953/3953/3953
f 3953/3953/3953 3986/3986/3986 3987/3987/3987
f 3953/3953/3953 3987/3987/3987 3954/3954/3954
f 3954/3954/3954 3987/3987/3987 3988/3988/3988
f 3954/3954/3954 3988/3988/3988 3955/3955/3955
f 3955/3955/3955 3988/3988/3988 3989/3989/3989
f 3955/3955/3955 3989/3989/3989 3956/3956/3956
f 3956/3956/3956 3989/3989/3989 3990/3990/3990
f 3956/3956/3956 3990/3990/3990 3957/3957/3957
f 3957/3957/3957 3990/3990/3990 3991/3991/3991
f 3957/3957/3957 3991/3991/3991 3958/3958/3958
f 3958/3958/3958 3991/3991/3991 3992/3992/3992
f 3958/3958/3958 3992/3992/3992 3959/3959/3959
f 3959/3959/3959 3992/3992/3992 3993/3993/3993
f 3959/3959/3959 3993/3993/3993 3960/3960/3960
