# Melodia 3D Character Asset: SM_SirMelodious.obj
v 0.0000 1.3000 0.0000
v 0.0000 1.3000 0.0000
v 0.0000 1.3000 0.0000
v 0.0000 1.3000 0.0000
v 0.0000 1.3000 0.0000
v 0.0000 1.3000 0.0000
v 0.0000 1.3000 0.0000
v 0.0000 1.3000 0.0000
v 0.0000 1.3000 0.0000
v -0.0000 1.3000 0.0000
v -0.0000 1.3000 0.0000
v -0.0000 1.3000 0.0000
v -0.0000 1.3000 0.0000
v -0.0000 1.3000 0.0000
v -0.0000 1.3000 0.0000
v -0.0000 1.3000 0.0000
v -0.0000 1.3000 0.0000
v -0.0000 1.3000 -0.0000
v -0.0000 1.3000 -0.0000
v -0.0000 1.3000 -0.0000
v -0.0000 1.3000 -0.0000
v -0.0000 1.3000 -0.0000
v -0.0000 1.3000 -0.0000
v -0.0000 1.3000 -0.0000
v -0.0000 1.3000 -0.0000
v 0.0000 1.3000 -0.0000
v 0.0000 1.3000 -0.0000
v 0.0000 1.3000 -0.0000
v 0.0000 1.3000 -0.0000
v 0.0000 1.3000 -0.0000
v 0.0000 1.3000 -0.0000
v 0.0000 1.3000 -0.0000
v 0.0000 1.3000 -0.0000
v 0.0634 1.2947 0.0000
v 0.0622 1.2947 0.0148
v 0.0586 1.2947 0.0291
v 0.0527 1.2947 0.0423
v 0.0448 1.2947 0.0538
v 0.0352 1.2947 0.0632
v 0.0243 1.2947 0.0703
v 0.0124 1.2947 0.0746
v 0.0000 1.2947 0.0761
v -0.0124 1.2947 0.0746
v -0.0243 1.2947 0.0703
v -0.0352 1.2947 0.0632
v -0.0448 1.2947 0.0538
v -0.0527 1.2947 0.0423
v -0.0586 1.2947 0.0291
v -0.0622 1.2947 0.0148
v -0.0634 1.2947 0.0000
v -0.0622 1.2947 -0.0124
v -0.0586 1.2947 -0.0243
v -0.0527 1.2947 -0.0352
v -0.0448 1.2947 -0.0448
v -0.0352 1.2947 -0.0527
v -0.0243 1.2947 -0.0586
v -0.0124 1.2947 -0.0622
v -0.0000 1.2947 -0.0634
v 0.0124 1.2947 -0.0622
v 0.0243 1.2947 -0.0586
v 0.0352 1.2947 -0.0527
v 0.0448 1.2947 -0.0448
v 0.0527 1.2947 -0.0352
v 0.0586 1.2947 -0.0243
v 0.0622 1.2947 -0.0124
v 0.0634 1.2947 -0.0000
v 0.1293 1.2789 0.0000
v 0.1268 1.2789 0.0303
v 0.1194 1.2789 0.0594
v 0.1075 1.2789 0.0862
v 0.0914 1.2789 0.1097
v 0.0718 1.2789 0.1290
v 0.0495 1.2789 0.1433
v 0.0252 1.2789 0.1522
v 0.0000 1.2789 0.1551
v -0.0252 1.2789 0.1522
v -0.0495 1.2789 0.1433
v -0.0718 1.2789 0.1290
v -0.0914 1.2789 0.1097
v -0.1075 1.2789 0.0862
v -0.1194 1.2789 0.0594
v -0.1268 1.2789 0.0303
v -0.1293 1.2789 0.0000
v -0.1268 1.2789 -0.0252
v -0.1194 1.2789 -0.0495
v -0.1075 1.2789 -0.0718
v -0.0914 1.2789 -0.0914
v -0.0718 1.2789 -0.1075
v -0.0495 1.2789 -0.1194
v -0.0252 1.2789 -0.1268
v -0.0000 1.2789 -0.1293
v 0.0252 1.2789 -0.1268
v 0.0495 1.2789 -0.1194
v 0.0718 1.2789 -0.1075
v 0.0914 1.2789 -0.0914
v 0.1075 1.2789 -0.0718
v 0.1194 1.2789 -0.0495
v 0.1268 1.2789 -0.0252
v 0.1293 1.2789 -0.0000
v 0.1969 1.2526 0.0000
v 0.1931 1.2526 0.0461
v 0.1819 1.2526 0.0904
v 0.1637 1.2526 0.1313
v 0.1392 1.2526 0.1671
v 0.1094 1.2526 0.1964
v 0.0753 1.2526 0.2183
v 0.0384 1.2526 0.2317
v 0.0000 1.2526 0.2363
v -0.0384 1.2526 0.2317
v -0.0753 1.2526 0.2183
v -0.1094 1.2526 0.1964
v -0.1392 1.2526 0.1671
v -0.1637 1.2526 0.1313
v -0.1819 1.2526 0.0904
v -0.1931 1.2526 0.0461
v -0.1969 1.2526 0.0000
v -0.1931 1.2526 -0.0384
v -0.1819 1.2526 -0.0753
v -0.1637 1.2526 -0.1094
v -0.1392 1.2526 -0.1392
v -0.1094 1.2526 -0.1637
v -0.0753 1.2526 -0.1819
v -0.0384 1.2526 -0.1931
v -0.0000 1.2526 -0.1969
v 0.0384 1.2526 -0.1931
v 0.0753 1.2526 -0.1819
v 0.1094 1.2526 -0.1637
v 0.1392 1.2526 -0.1392
v 0.1637 1.2526 -0.1094
v 0.1819 1.2526 -0.0753
v 0.1931 1.2526 -0.0384
v 0.1969 1.2526 -0.0000
v 0.2653 1.2163 0.0000
v 0.2602 1.2163 0.0621
v 0.2451 1.2163 0.1218
v 0.2206 1.2163 0.1769
v 0.1876 1.2163 0.2251
v 0.1474 1.2163 0.2647
v 0.1015 1.2163 0.2941
v 0.0518 1.2163 0.3123
v 0.0000 1.2163 0.3184
v -0.0518 1.2163 0.3123
v -0.1015 1.2163 0.2941
v -0.1474 1.2163 0.2647
v -0.1876 1.2163 0.2251
v -0.2206 1.2163 0.1769
v -0.2451 1.2163 0.1218
v -0.2602 1.2163 0.0621
v -0.2653 1.2163 0.0000
v -0.2602 1.2163 -0.0518
v -0.2451 1.2163 -0.1015
v -0.2206 1.2163 -0.1474
v -0.1876 1.2163 -0.1876
v -0.1474 1.2163 -0.2206
v -0.1015 1.2163 -0.2451
v -0.0518 1.2163 -0.2602
v -0.0000 1.2163 -0.2653
v 0.0518 1.2163 -0.2602
v 0.1015 1.2163 -0.2451
v 0.1474 1.2163 -0.2206
v 0.1876 1.2163 -0.1876
v 0.2206 1.2163 -0.1474
v 0.2451 1.2163 -0.1015
v 0.2602 1.2163 -0.0518
v 0.2653 1.2163 -0.0000
v 0.3336 1.1701 0.0000
v 0.3272 1.1701 0.0781
v 0.3082 1.1701 0.1532
v 0.2774 1.1701 0.2224
v 0.2359 1.1701 0.2831
v 0.1854 1.1701 0.3329
v 0.1277 1.1701 0.3699
v 0.0651 1.1701 0.3927
v 0.0000 1.1701 0.4004
v -0.0651 1.1701 0.3927
v -0.1277 1.1701 0.3699
v -0.1854 1.1701 0.3329
v -0.2359 1.1701 0.2831
v -0.2774 1.1701 0.2224
v -0.3082 1.1701 0.1532
v -0.3272 1.1701 0.0781
v -0.3336 1.1701 0.0000
v -0.3272 1.1701 -0.0651
v -0.3082 1.1701 -0.1277
v -0.2774 1.1701 -0.1854
v -0.2359 1.1701 -0.2359
v -0.1854 1.1701 -0.2774
v -0.1277 1.1701 -0.3082
v -0.0651 1.1701 -0.3272
v -0.0000 1.1701 -0.3336
v 0.0651 1.1701 -0.3272
v 0.1277 1.1701 -0.3082
v 0.1854 1.1701 -0.2774
v 0.2359 1.1701 -0.2359
v 0.2774 1.1701 -0.1854
v 0.3082 1.1701 -0.1277
v 0.3272 1.1701 -0.0651
v 0.3336 1.1701 -0.0000
v 0.4010 1.1146 0.0000
v 0.3933 1.1146 0.0939
v 0.3705 1.1146 0.1841
v 0.3334 1.1146 0.2673
v 0.2835 1.1146 0.3402
v 0.2228 1.1146 0.4001
v 0.1535 1.1146 0.4446
v 0.0782 1.1146 0.4719
v 0.0000 1.1146 0.4812
v -0.0782 1.1146 0.4719
v -0.1535 1.1146 0.4446
v -0.2228 1.1146 0.4001
v -0.2835 1.1146 0.3402
v -0.3334 1.1146 0.2673
v -0.3705 1.1146 0.1841
v -0.3933 1.1146 0.0939
v -0.4010 1.1146 0.0000
v -0.3933 1.1146 -0.0782
v -0.3705 1.1146 -0.1535
v -0.3334 1.1146 -0.2228
v -0.2835 1.1146 -0.2835
v -0.2228 1.1146 -0.3334
v -0.1535 1.1146 -0.3705
v -0.0782 1.1146 -0.3933
v -0.0000 1.1146 -0.4010
v 0.0782 1.1146 -0.3933
v 0.1535 1.1146 -0.3705
v 0.2228 1.1146 -0.3334
v 0.2835 1.1146 -0.2835
v 0.3334 1.1146 -0.2228
v 0.3705 1.1146 -0.1535
v 0.3933 1.1146 -0.0782
v 0.4010 1.1146 -0.0000
v 0.4664 1.0503 0.0000
v 0.4574 1.0503 0.1092
v 0.4309 1.0503 0.2142
v 0.3878 1.0503 0.3109
v 0.3298 1.0503 0.3958
v 0.2591 1.0503 0.4654
v 0.1785 1.0503 0.5171
v 0.0910 1.0503 0.5489
v 0.0000 1.0503 0.5597
v -0.0910 1.0503 0.5489
v -0.1785 1.0503 0.5171
v -0.2591 1.0503 0.4654
v -0.3298 1.0503 0.3958
v -0.3878 1.0503 0.3109
v -0.4309 1.0503 0.2142
v -0.4574 1.0503 0.1092
v -0.4664 1.0503 0.0000
v -0.4574 1.0503 -0.0910
v -0.4309 1.0503 -0.1785
v -0.3878 1.0503 -0.2591
v -0.3298 1.0503 -0.3298
v -0.2591 1.0503 -0.3878
v -0.1785 1.0503 -0.4309
v -0.0910 1.0503 -0.4574
v -0.0000 1.0503 -0.4664
v 0.0910 1.0503 -0.4574
v 0.1785 1.0503 -0.4309
v 0.2591 1.0503 -0.3878
v 0.3298 1.0503 -0.3298
v 0.3878 1.0503 -0.2591
v 0.4309 1.0503 -0.1785
v 0.4574 1.0503 -0.0910
v 0.4664 1.0503 -0.0000
v 0.5290 0.9778 0.0000
v 0.5188 0.9778 0.1238
v 0.4887 0.9778 0.2429
v 0.4399 0.9778 0.3527
v 0.3741 0.9778 0.4489
v 0.2939 0.9778 0.5278
v 0.2024 0.9778 0.5865
v 0.1032 0.9778 0.6226
v 0.0000 0.9778 0.6348
v -0.1032 0.9778 0.6226
v -0.2024 0.9778 0.5865
v -0.2939 0.9778 0.5278
v -0.3741 0.9778 0.4489
v -0.4399 0.9778 0.3527
v -0.4887 0.9778 0.2429
v -0.5188 0.9778 0.1238
v -0.5290 0.9778 0.0000
v -0.5188 0.9778 -0.1032
v -0.4887 0.9778 -0.2024
v -0.4399 0.9778 -0.2939
v -0.3741 0.9778 -0.3741
v -0.2939 0.9778 -0.4399
v -0.2024 0.9778 -0.4887
v -0.1032 0.9778 -0.5188
v -0.0000 0.9778 -0.5290
v 0.1032 0.9778 -0.5188
v 0.2024 0.9778 -0.4887
v 0.2939 0.9778 -0.4399
v 0.3741 0.9778 -0.3741
v 0.4399 0.9778 -0.2939
v 0.4887 0.9778 -0.2024
v 0.5188 0.9778 -0.1032
v 0.5290 0.9778 -0.0000
v 0.5879 0.8978 0.0000
v 0.5766 0.8978 0.1376
v 0.5431 0.8978 0.2700
v 0.4888 0.8978 0.3919
v 0.4157 0.8978 0.4988
v 0.3266 0.8978 0.5866
v 0.2250 0.8978 0.6518
v 0.1147 0.8978 0.6919
v 0.0000 0.8978 0.7055
v -0.1147 0.8978 0.6919
v -0.2250 0.8978 0.6518
v -0.3266 0.8978 0.5866
v -0.4157 0.8978 0.4988
v -0.4888 0.8978 0.3919
v -0.5431 0.8978 0.2700
v -0.5766 0.8978 0.1376
v -0.5879 0.8978 0.0000
v -0.5766 0.8978 -0.1147
v -0.5431 0.8978 -0.2250
v -0.4888 0.8978 -0.3266
v -0.4157 0.8978 -0.4157
v -0.3266 0.8978 -0.4888
v -0.2250 0.8978 -0.5431
v -0.1147 0.8978 -0.5766
v -0.0000 0.8978 -0.5879
v 0.1147 0.8978 -0.5766
v 0.2250 0.8978 -0.5431
v 0.3266 0.8978 -0.4888
v 0.4157 0.8978 -0.4157
v 0.4888 0.8978 -0.3266
v 0.5431 0.8978 -0.2250
v 0.5766 0.8978 -0.1147
v 0.5879 0.8978 -0.0000
v 0.6422 0.8111 0.0000
v 0.6299 0.8111 0.1503
v 0.5933 0.8111 0.2949
v 0.5340 0.8111 0.4282
v 0.4541 0.8111 0.5449
v 0.3568 0.8111 0.6408
v 0.2458 0.8111 0.7120
v 0.1253 0.8111 0.7558
v 0.0000 0.8111 0.7707
v -0.1253 0.8111 0.7558
v -0.2458 0.8111 0.7120
v -0.3568 0.8111 0.6408
v -0.4541 0.8111 0.5449
v -0.5340 0.8111 0.4282
v -0.5933 0.8111 0.2949
v -0.6299 0.8111 0.1503
v -0.6422 0.8111 0.0000
v -0.6299 0.8111 -0.1253
v -0.5933 0.8111 -0.2458
v -0.5340 0.8111 -0.3568
v -0.4541 0.8111 -0.4541
v -0.3568 0.8111 -0.5340
v -0.2458 0.8111 -0.5933
v -0.1253 0.8111 -0.6299
v -0.0000 0.8111 -0.6422
v 0.1253 0.8111 -0.6299
v 0.2458 0.8111 -0.5933
v 0.3568 0.8111 -0.5340
v 0.4541 0.8111 -0.4541
v 0.5340 0.8111 -0.3568
v 0.5933 0.8111 -0.2458
v 0.6299 0.8111 -0.1253
v 0.6422 0.8111 -0.0000
v 0.6912 0.7185 0.0000
v 0.6779 0.7185 0.1618
v 0.6386 0.7185 0.3174
v 0.5747 0.7185 0.4608
v 0.4887 0.7185 0.5865
v 0.3840 0.7185 0.6896
v 0.2645 0.7185 0.7663
v 0.1348 0.7185 0.8135
v 0.0000 0.7185 0.8294
v -0.1348 0.7185 0.8135
v -0.2645 0.7185 0.7663
v -0.3840 0.7185 0.6896
v -0.4887 0.7185 0.5865
v -0.5747 0.7185 0.4608
v -0.6386 0.7185 0.3174
v -0.6779 0.7185 0.1618
v -0.6912 0.7185 0.0000
v -0.6779 0.7185 -0.1348
v -0.6386 0.7185 -0.2645
v -0.5747 0.7185 -0.3840
v -0.4887 0.7185 -0.4887
v -0.3840 0.7185 -0.5747
v -0.2645 0.7185 -0.6386
v -0.1348 0.7185 -0.6779
v -0.0000 0.7185 -0.6912
v 0.1348 0.7185 -0.6779
v 0.2645 0.7185 -0.6386
v 0.3840 0.7185 -0.5747
v 0.4887 0.7185 -0.4887
v 0.5747 0.7185 -0.3840
v 0.6386 0.7185 -0.2645
v 0.6779 0.7185 -0.1348
v 0.6912 0.7185 -0.0000
v 0.7341 0.6210 0.0000
v 0.7199 0.6210 0.1718
v 0.6782 0.6210 0.3371
v 0.6103 0.6210 0.4894
v 0.5191 0.6210 0.6229
v 0.4078 0.6210 0.7324
v 0.2809 0.6210 0.8138
v 0.1432 0.6210 0.8639
v 0.0000 0.6210 0.8809
v -0.1432 0.6210 0.8639
v -0.2809 0.6210 0.8138
v -0.4078 0.6210 0.7324
v -0.5191 0.6210 0.6229
v -0.6103 0.6210 0.4894
v -0.6782 0.6210 0.3371
v -0.7199 0.6210 0.1718
v -0.7341 0.6210 0.0000
v -0.7199 0.6210 -0.1432
v -0.6782 0.6210 -0.2809
v -0.6103 0.6210 -0.4078
v -0.5191 0.6210 -0.5191
v -0.4078 0.6210 -0.6103
v -0.2809 0.6210 -0.6782
v -0.1432 0.6210 -0.7199
v -0.0000 0.6210 -0.7341
v 0.1432 0.6210 -0.7199
v 0.2809 0.6210 -0.6782
v 0.4078 0.6210 -0.6103
v 0.5191 0.6210 -0.5191
v 0.6103 0.6210 -0.4078
v 0.6782 0.6210 -0.2809
v 0.7199 0.6210 -0.1432
v 0.7341 0.6210 -0.0000
v 0.7702 0.5193 0.0000
v 0.7554 0.5193 0.1803
v 0.7115 0.5193 0.3537
v 0.6404 0.5193 0.5135
v 0.5446 0.5193 0.6535
v 0.4279 0.5193 0.7684
v 0.2947 0.5193 0.8538
v 0.1503 0.5193 0.9064
v 0.0000 0.5193 0.9242
v -0.1503 0.5193 0.9064
v -0.2947 0.5193 0.8538
v -0.4279 0.5193 0.7684
v -0.5446 0.5193 0.6535
v -0.6404 0.5193 0.5135
v -0.7115 0.5193 0.3537
v -0.7554 0.5193 0.1803
v -0.7702 0.5193 0.0000
v -0.7554 0.5193 -0.1503
v -0.7115 0.5193 -0.2947
v -0.6404 0.5193 -0.4279
v -0.5446 0.5193 -0.5446
v -0.4279 0.5193 -0.6404
v -0.2947 0.5193 -0.7115
v -0.1503 0.5193 -0.7554
v -0.0000 0.5193 -0.7702
v 0.1503 0.5193 -0.7554
v 0.2947 0.5193 -0.7115
v 0.4279 0.5193 -0.6404
v 0.5446 0.5193 -0.5446
v 0.6404 0.5193 -0.4279
v 0.7115 0.5193 -0.2947
v 0.7554 0.5193 -0.1503
v 0.7702 0.5193 -0.0000
v 0.7989 0.4146 0.0000
v 0.7836 0.4146 0.1870
v 0.7381 0.4146 0.3669
v 0.6643 0.4146 0.5326
v 0.5649 0.4146 0.6779
v 0.4439 0.4146 0.7971
v 0.3057 0.4146 0.8857
v 0.1559 0.4146 0.9403
v 0.0000 0.4146 0.9587
v -0.1559 0.4146 0.9403
v -0.3057 0.4146 0.8857
v -0.4439 0.4146 0.7971
v -0.5649 0.4146 0.6779
v -0.6643 0.4146 0.5326
v -0.7381 0.4146 0.3669
v -0.7836 0.4146 0.1870
v -0.7989 0.4146 0.0000
v -0.7836 0.4146 -0.1559
v -0.7381 0.4146 -0.3057
v -0.6643 0.4146 -0.4439
v -0.5649 0.4146 -0.5649
v -0.4439 0.4146 -0.6643
v -0.3057 0.4146 -0.7381
v -0.1559 0.4146 -0.7836
v -0.0000 0.4146 -0.7989
v 0.1559 0.4146 -0.7836
v 0.3057 0.4146 -0.7381
v 0.4439 0.4146 -0.6643
v 0.5649 0.4146 -0.5649
v 0.6643 0.4146 -0.4439
v 0.7381 0.4146 -0.3057
v 0.7836 0.4146 -0.1559
v 0.7989 0.4146 -0.0000
v 0.8198 0.3078 0.0000
v 0.8041 0.3078 0.1919
v 0.7574 0.3078 0.3765
v 0.6817 0.3078 0.5466
v 0.5797 0.3078 0.6957
v 0.4555 0.3078 0.8180
v 0.3137 0.3078 0.9089
v 0.1599 0.3078 0.9649
v 0.0000 0.3078 0.9838
v -0.1599 0.3078 0.9649
v -0.3137 0.3078 0.9089
v -0.4555 0.3078 0.8180
v -0.5797 0.3078 0.6957
v -0.6817 0.3078 0.5466
v -0.7574 0.3078 0.3765
v -0.8041 0.3078 0.1919
v -0.8198 0.3078 0.0000
v -0.8041 0.3078 -0.1599
v -0.7574 0.3078 -0.3137
v -0.6817 0.3078 -0.4555
v -0.5797 0.3078 -0.5797
v -0.4555 0.3078 -0.6817
v -0.3137 0.3078 -0.7574
v -0.1599 0.3078 -0.8041
v -0.0000 0.3078 -0.8198
v 0.1599 0.3078 -0.8041
v 0.3137 0.3078 -0.7574
v 0.4555 0.3078 -0.6817
v 0.5797 0.3078 -0.5797
v 0.6817 0.3078 -0.4555
v 0.7574 0.3078 -0.3137
v 0.8041 0.3078 -0.1599
v 0.8198 0.3078 -0.0000
v 0.8325 0.2000 0.0000
v 0.8165 0.2000 0.1949
v 0.7691 0.2000 0.3823
v 0.6922 0.2000 0.5550
v 0.5887 0.2000 0.7064
v 0.4625 0.2000 0.8306
v 0.3186 0.2000 0.9230
v 0.1624 0.2000 0.9798
v 0.0000 0.2000 0.9990
v -0.1624 0.2000 0.9798
v -0.3186 0.2000 0.9230
v -0.4625 0.2000 0.8306
v -0.5887 0.2000 0.7064
v -0.6922 0.2000 0.5550
v -0.7691 0.2000 0.3823
v -0.8165 0.2000 0.1949
v -0.8325 0.2000 0.0000
v -0.8165 0.2000 -0.1624
v -0.7691 0.2000 -0.3186
v -0.6922 0.2000 -0.4625
v -0.5887 0.2000 -0.5887
v -0.4625 0.2000 -0.6922
v -0.3186 0.2000 -0.7691
v -0.1624 0.2000 -0.8165
v -0.0000 0.2000 -0.8325
v 0.1624 0.2000 -0.8165
v 0.3186 0.2000 -0.7691
v 0.4625 0.2000 -0.6922
v 0.5887 0.2000 -0.5887
v 0.6922 0.2000 -0.4625
v 0.7691 0.2000 -0.3186
v 0.8165 0.2000 -0.1624
v 0.8325 0.2000 -0.0000
v 0.8366 0.0922 0.0000
v 0.8206 0.0922 0.1959
v 0.7729 0.0922 0.3842
v 0.6956 0.0922 0.5578
v 0.5916 0.0922 0.7099
v 0.4648 0.0922 0.8348
v 0.3202 0.0922 0.9275
v 0.1632 0.0922 0.9847
v 0.0000 0.0922 1.0040
v -0.1632 0.0922 0.9847
v -0.3202 0.0922 0.9275
v -0.4648 0.0922 0.8348
v -0.5916 0.0922 0.7099
v -0.6956 0.0922 0.5578
v -0.7729 0.0922 0.3842
v -0.8206 0.0922 0.1959
v -0.8366 0.0922 0.0000
v -0.8206 0.0922 -0.1632
v -0.7729 0.0922 -0.3202
v -0.6956 0.0922 -0.4648
v -0.5916 0.0922 -0.5916
v -0.4648 0.0922 -0.6956
v -0.3202 0.0922 -0.7729
v -0.1632 0.0922 -0.8206
v -0.0000 0.0922 -0.8366
v 0.1632 0.0922 -0.8206
v 0.3202 0.0922 -0.7729
v 0.4648 0.0922 -0.6956
v 0.5916 0.0922 -0.5916
v 0.6956 0.0922 -0.4648
v 0.7729 0.0922 -0.3202
v 0.8206 0.0922 -0.1632
v 0.8366 0.0922 -0.0000
v 0.8320 -0.0146 0.0000
v 0.8160 -0.0146 0.1948
v 0.7687 -0.0146 0.3821
v 0.6918 -0.0146 0.5547
v 0.5883 -0.0146 0.7060
v 0.4622 -0.0146 0.8302
v 0.3184 -0.0146 0.9224
v 0.1623 -0.0146 0.9792
v 0.0000 -0.0146 0.9984
v -0.1623 -0.0146 0.9792
v -0.3184 -0.0146 0.9224
v -0.4622 -0.0146 0.8302
v -0.5883 -0.0146 0.7060
v -0.6918 -0.0146 0.5547
v -0.7687 -0.0146 0.3821
v -0.8160 -0.0146 0.1948
v -0.8320 -0.0146 0.0000
v -0.8160 -0.0146 -0.1623
v -0.7687 -0.0146 -0.3184
v -0.6918 -0.0146 -0.4622
v -0.5883 -0.0146 -0.5883
v -0.4622 -0.0146 -0.6918
v -0.3184 -0.0146 -0.7687
v -0.1623 -0.0146 -0.8160
v -0.0000 -0.0146 -0.8320
v 0.1623 -0.0146 -0.8160
v 0.3184 -0.0146 -0.7687
v 0.4622 -0.0146 -0.6918
v 0.5883 -0.0146 -0.5883
v 0.6918 -0.0146 -0.4622
v 0.7687 -0.0146 -0.3184
v 0.8160 -0.0146 -0.1623
v 0.8320 -0.0146 -0.0000
v 0.8186 -0.1193 0.0000
v 0.8029 -0.1193 0.1916
v 0.7563 -0.1193 0.3759
v 0.6806 -0.1193 0.5458
v 0.5788 -0.1193 0.6946
v 0.4548 -0.1193 0.8168
v 0.3133 -0.1193 0.9076
v 0.1597 -0.1193 0.9635
v 0.0000 -0.1193 0.9823
v -0.1597 -0.1193 0.9635
v -0.3133 -0.1193 0.9076
v -0.4548 -0.1193 0.8168
v -0.5788 -0.1193 0.6946
v -0.6806 -0.1193 0.5458
v -0.7563 -0.1193 0.3759
v -0.8029 -0.1193 0.1916
v -0.8186 -0.1193 0.0000
v -0.8029 -0.1193 -0.1597
v -0.7563 -0.1193 -0.3133
v -0.6806 -0.1193 -0.4548
v -0.5788 -0.1193 -0.5788
v -0.4548 -0.1193 -0.6806
v -0.3133 -0.1193 -0.7563
v -0.1597 -0.1193 -0.8029
v -0.0000 -0.1193 -0.8186
v 0.1597 -0.1193 -0.8029
v 0.3133 -0.1193 -0.7563
v 0.4548 -0.1193 -0.6806
v 0.5788 -0.1193 -0.5788
v 0.6806 -0.1193 -0.4548
v 0.7563 -0.1193 -0.3133
v 0.8029 -0.1193 -0.1597
v 0.8186 -0.1193 -0.0000
v 0.7964 -0.2210 0.0000
v 0.7811 -0.2210 0.1864
v 0.7358 -0.2210 0.3657
v 0.6622 -0.2210 0.5310
v 0.5631 -0.2210 0.6758
v 0.4425 -0.2210 0.7946
v 0.3048 -0.2210 0.8829
v 0.1554 -0.2210 0.9373
v 0.0000 -0.2210 0.9557
v -0.1554 -0.2210 0.9373
v -0.3048 -0.2210 0.8829
v -0.4425 -0.2210 0.7946
v -0.5631 -0.2210 0.6758
v -0.6622 -0.2210 0.5310
v -0.7358 -0.2210 0.3657
v -0.7811 -0.2210 0.1864
v -0.7964 -0.2210 0.0000
v -0.7811 -0.2210 -0.1554
v -0.7358 -0.2210 -0.3048
v -0.6622 -0.2210 -0.4425
v -0.5631 -0.2210 -0.5631
v -0.4425 -0.2210 -0.6622
v -0.3048 -0.2210 -0.7358
v -0.1554 -0.2210 -0.7811
v -0.0000 -0.2210 -0.7964
v 0.1554 -0.2210 -0.7811
v 0.3048 -0.2210 -0.7358
v 0.4425 -0.2210 -0.6622
v 0.5631 -0.2210 -0.5631
v 0.6622 -0.2210 -0.4425
v 0.7358 -0.2210 -0.3048
v 0.7811 -0.2210 -0.1554
v 0.7964 -0.2210 -0.0000
v 0.7656 -0.3185 0.0000
v 0.7509 -0.3185 0.1792
v 0.7073 -0.3185 0.3516
v 0.6366 -0.3185 0.5104
v 0.5414 -0.3185 0.6496
v 0.4253 -0.3185 0.7639
v 0.2930 -0.3185 0.8488
v 0.1494 -0.3185 0.9011
v 0.0000 -0.3185 0.9187
v -0.1494 -0.3185 0.9011
v -0.2930 -0.3185 0.8488
v -0.4253 -0.3185 0.7639
v -0.5414 -0.3185 0.6496
v -0.6366 -0.3185 0.5104
v -0.7073 -0.3185 0.3516
v -0.7509 -0.3185 0.1792
v -0.7656 -0.3185 0.0000
v -0.7509 -0.3185 -0.1494
v -0.7073 -0.3185 -0.2930
v -0.6366 -0.3185 -0.4253
v -0.5414 -0.3185 -0.5414
v -0.4253 -0.3185 -0.6366
v -0.2930 -0.3185 -0.7073
v -0.1494 -0.3185 -0.7509
v -0.0000 -0.3185 -0.7656
v 0.1494 -0.3185 -0.7509
v 0.2930 -0.3185 -0.7073
v 0.4253 -0.3185 -0.6366
v 0.5414 -0.3185 -0.5414
v 0.6366 -0.3185 -0.4253
v 0.7073 -0.3185 -0.2930
v 0.7509 -0.3185 -0.1494
v 0.7656 -0.3185 -0.0000
v 0.7264 -0.4111 0.0000
v 0.7124 -0.4111 0.1701
v 0.6711 -0.4111 0.3336
v 0.6040 -0.4111 0.4843
v 0.5136 -0.4111 0.6164
v 0.4036 -0.4111 0.7248
v 0.2780 -0.4111 0.8053
v 0.1417 -0.4111 0.8549
v 0.0000 -0.4111 0.8717
v -0.1417 -0.4111 0.8549
v -0.2780 -0.4111 0.8053
v -0.4036 -0.4111 0.7248
v -0.5136 -0.4111 0.6164
v -0.6040 -0.4111 0.4843
v -0.6711 -0.4111 0.3336
v -0.7124 -0.4111 0.1701
v -0.7264 -0.4111 0.0000
v -0.7124 -0.4111 -0.1417
v -0.6711 -0.4111 -0.2780
v -0.6040 -0.4111 -0.4036
v -0.5136 -0.4111 -0.5136
v -0.4036 -0.4111 -0.6040
v -0.2780 -0.4111 -0.6711
v -0.1417 -0.4111 -0.7124
v -0.0000 -0.4111 -0.7264
v 0.1417 -0.4111 -0.7124
v 0.2780 -0.4111 -0.6711
v 0.4036 -0.4111 -0.6040
v 0.5136 -0.4111 -0.5136
v 0.6040 -0.4111 -0.4036
v 0.6711 -0.4111 -0.2780
v 0.7124 -0.4111 -0.1417
v 0.7264 -0.4111 -0.0000
v 0.6792 -0.4978 0.0000
v 0.6661 -0.4978 0.1590
v 0.6275 -0.4978 0.3119
v 0.5647 -0.4978 0.4528
v 0.4803 -0.4978 0.5763
v 0.3773 -0.4978 0.6777
v 0.2599 -0.4978 0.7530
v 0.1325 -0.4978 0.7994
v 0.0000 -0.4978 0.8150
v -0.1325 -0.4978 0.7994
v -0.2599 -0.4978 0.7530
v -0.3773 -0.4978 0.6777
v -0.4803 -0.4978 0.5763
v -0.5647 -0.4978 0.4528
v -0.6275 -0.4978 0.3119
v -0.6661 -0.4978 0.1590
v -0.6792 -0.4978 0.0000
v -0.6661 -0.4978 -0.1325
v -0.6275 -0.4978 -0.2599
v -0.5647 -0.4978 -0.3773
v -0.4803 -0.4978 -0.4803
v -0.3773 -0.4978 -0.5647
v -0.2599 -0.4978 -0.6275
v -0.1325 -0.4978 -0.6661
v -0.0000 -0.4978 -0.6792
v 0.1325 -0.4978 -0.6661
v 0.2599 -0.4978 -0.6275
v 0.3773 -0.4978 -0.5647
v 0.4803 -0.4978 -0.4803
v 0.5647 -0.4978 -0.3773
v 0.6275 -0.4978 -0.2599
v 0.6661 -0.4978 -0.1325
v 0.6792 -0.4978 -0.0000
v 0.6245 -0.5778 0.0000
v 0.6125 -0.5778 0.1462
v 0.5769 -0.5778 0.2868
v 0.5192 -0.5778 0.4163
v 0.4416 -0.5778 0.5299
v 0.3469 -0.5778 0.6231
v 0.2390 -0.5778 0.6923
v 0.1218 -0.5778 0.7350
v 0.0000 -0.5778 0.7494
v -0.1218 -0.5778 0.7350
v -0.2390 -0.5778 0.6923
v -0.3469 -0.5778 0.6231
v -0.4416 -0.5778 0.5299
v -0.5192 -0.5778 0.4163
v -0.5769 -0.5778 0.2868
v -0.6125 -0.5778 0.1462
v -0.6245 -0.5778 0.0000
v -0.6125 -0.5778 -0.1218
v -0.5769 -0.5778 -0.2390
v -0.5192 -0.5778 -0.3469
v -0.4416 -0.5778 -0.4416
v -0.3469 -0.5778 -0.5192
v -0.2390 -0.5778 -0.5769
v -0.1218 -0.5778 -0.6125
v -0.0000 -0.5778 -0.6245
v 0.1218 -0.5778 -0.6125
v 0.2390 -0.5778 -0.5769
v 0.3469 -0.5778 -0.5192
v 0.4416 -0.5778 -0.4416
v 0.5192 -0.5778 -0.3469
v 0.5769 -0.5778 -0.2390
v 0.6125 -0.5778 -0.1218
v 0.6245 -0.5778 -0.0000
v 0.5628 -0.6503 0.0000
v 0.5519 -0.6503 0.1317
v 0.5199 -0.6503 0.2584
v 0.4679 -0.6503 0.3752
v 0.3979 -0.6503 0.4775
v 0.3127 -0.6503 0.5615
v 0.2154 -0.6503 0.6239
v 0.1098 -0.6503 0.6623
v 0.0000 -0.6503 0.6753
v -0.1098 -0.6503 0.6623
v -0.2154 -0.6503 0.6239
v -0.3127 -0.6503 0.5615
v -0.3979 -0.6503 0.4775
v -0.4679 -0.6503 0.3752
v -0.5199 -0.6503 0.2584
v -0.5519 -0.6503 0.1317
v -0.5628 -0.6503 0.0000
v -0.5519 -0.6503 -0.1098
v -0.5199 -0.6503 -0.2154
v -0.4679 -0.6503 -0.3127
v -0.3979 -0.6503 -0.3979
v -0.3127 -0.6503 -0.4679
v -0.2154 -0.6503 -0.5199
v -0.1098 -0.6503 -0.5519
v -0.0000 -0.6503 -0.5628
v 0.1098 -0.6503 -0.5519
v 0.2154 -0.6503 -0.5199
v 0.3127 -0.6503 -0.4679
v 0.3979 -0.6503 -0.3979
v 0.4679 -0.6503 -0.3127
v 0.5199 -0.6503 -0.2154
v 0.5519 -0.6503 -0.1098
v 0.5628 -0.6503 -0.0000
v 0.4947 -0.7146 0.0000
v 0.4852 -0.7146 0.1158
v 0.4571 -0.7146 0.2272
v 0.4114 -0.7146 0.3298
v 0.3498 -0.7146 0.4198
v 0.2749 -0.7146 0.4936
v 0.1893 -0.7146 0.5485
v 0.0965 -0.7146 0.5823
v 0.0000 -0.7146 0.5937
v -0.0965 -0.7146 0.5823
v -0.1893 -0.7146 0.5485
v -0.2749 -0.7146 0.4936
v -0.3498 -0.7146 0.4198
v -0.4114 -0.7146 0.3298
v -0.4571 -0.7146 0.2272
v -0.4852 -0.7146 0.1158
v -0.4947 -0.7146 0.0000
v -0.4852 -0.7146 -0.0965
v -0.4571 -0.7146 -0.1893
v -0.4114 -0.7146 -0.2749
v -0.3498 -0.7146 -0.3498
v -0.2749 -0.7146 -0.4114
v -0.1893 -0.7146 -0.4571
v -0.0965 -0.7146 -0.4852
v -0.0000 -0.7146 -0.4947
v 0.0965 -0.7146 -0.4852
v 0.1893 -0.7146 -0.4571
v 0.2749 -0.7146 -0.4114
v 0.3498 -0.7146 -0.3498
v 0.4114 -0.7146 -0.2749
v 0.4571 -0.7146 -0.1893
v 0.4852 -0.7146 -0.0965
v 0.4947 -0.7146 -0.0000
v 0.4211 -0.7701 0.0000
v 0.4131 -0.7701 0.0986
v 0.3891 -0.7701 0.1934
v 0.3502 -0.7701 0.2808
v 0.2978 -0.7701 0.3574
v 0.2340 -0.7701 0.4202
v 0.1612 -0.7701 0.4669
v 0.0822 -0.7701 0.4957
v 0.0000 -0.7701 0.5054
v -0.0822 -0.7701 0.4957
v -0.1612 -0.7701 0.4669
v -0.2340 -0.7701 0.4202
v -0.2978 -0.7701 0.3574
v -0.3502 -0.7701 0.2808
v -0.3891 -0.7701 0.1934
v -0.4131 -0.7701 0.0986
v -0.4211 -0.7701 0.0000
v -0.4131 -0.7701 -0.0822
v -0.3891 -0.7701 -0.1612
v -0.3502 -0.7701 -0.2340
v -0.2978 -0.7701 -0.2978
v -0.2340 -0.7701 -0.3502
v -0.1612 -0.7701 -0.3891
v -0.0822 -0.7701 -0.4131
v -0.0000 -0.7701 -0.4211
v 0.0822 -0.7701 -0.4131
v 0.1612 -0.7701 -0.3891
v 0.2340 -0.7701 -0.3502
v 0.2978 -0.7701 -0.2978
v 0.3502 -0.7701 -0.2340
v 0.3891 -0.7701 -0.1612
v 0.4131 -0.7701 -0.0822
v 0.4211 -0.7701 -0.0000
v 0.3428 -0.8163 0.0000
v 0.3362 -0.8163 0.0803
v 0.3167 -0.8163 0.1574
v 0.2850 -0.8163 0.2285
v 0.2424 -0.8163 0.2909
v 0.1904 -0.8163 0.3420
v 0.1312 -0.8163 0.3800
v 0.0669 -0.8163 0.4035
v 0.0000 -0.8163 0.4114
v -0.0669 -0.8163 0.4035
v -0.1312 -0.8163 0.3800
v -0.1904 -0.8163 0.3420
v -0.2424 -0.8163 0.2909
v -0.2850 -0.8163 0.2285
v -0.3167 -0.8163 0.1574
v -0.3362 -0.8163 0.0803
v -0.3428 -0.8163 0.0000
v -0.3362 -0.8163 -0.0669
v -0.3167 -0.8163 -0.1312
v -0.2850 -0.8163 -0.1904
v -0.2424 -0.8163 -0.2424
v -0.1904 -0.8163 -0.2850
v -0.1312 -0.8163 -0.3167
v -0.0669 -0.8163 -0.3362
v -0.0000 -0.8163 -0.3428
v 0.0669 -0.8163 -0.3362
v 0.1312 -0.8163 -0.3167
v 0.1904 -0.8163 -0.2850
v 0.2424 -0.8163 -0.2424
v 0.2850 -0.8163 -0.1904
v 0.3167 -0.8163 -0.1312
v 0.3362 -0.8163 -0.0669
v 0.3428 -0.8163 -0.0000
v 0.2606 -0.8526 0.0000
v 0.2556 -0.8526 0.0610
v 0.2407 -0.8526 0.1197
v 0.2167 -0.8526 0.1737
v 0.1842 -0.8526 0.2211
v 0.1448 -0.8526 0.2600
v 0.0997 -0.8526 0.2889
v 0.0508 -0.8526 0.3067
v 0.0000 -0.8526 0.3127
v -0.0508 -0.8526 0.3067
v -0.0997 -0.8526 0.2889
v -0.1448 -0.8526 0.2600
v -0.1842 -0.8526 0.2211
v -0.2167 -0.8526 0.1737
v -0.2407 -0.8526 0.1197
v -0.2556 -0.8526 0.0610
v -0.2606 -0.8526 0.0000
v -0.2556 -0.8526 -0.0508
v -0.2407 -0.8526 -0.0997
v -0.2167 -0.8526 -0.1448
v -0.1842 -0.8526 -0.1842
v -0.1448 -0.8526 -0.2167
v -0.0997 -0.8526 -0.2407
v -0.0508 -0.8526 -0.2556
v -0.0000 -0.8526 -0.2606
v 0.0508 -0.8526 -0.2556
v 0.0997 -0.8526 -0.2407
v 0.1448 -0.8526 -0.2167
v 0.1842 -0.8526 -0.1842
v 0.2167 -0.8526 -0.1448
v 0.2407 -0.8526 -0.0997
v 0.2556 -0.8526 -0.0508
v 0.2606 -0.8526 -0.0000
v 0.1754 -0.8789 0.0000
v 0.1720 -0.8789 0.0411
v 0.1620 -0.8789 0.0805
v 0.1458 -0.8789 0.1169
v 0.1240 -0.8789 0.1488
v 0.0974 -0.8789 0.1750
v 0.0671 -0.8789 0.1944
v 0.0342 -0.8789 0.2064
v 0.0000 -0.8789 0.2105
v -0.0342 -0.8789 0.2064
v -0.0671 -0.8789 0.1944
v -0.0974 -0.8789 0.1750
v -0.1240 -0.8789 0.1488
v -0.1458 -0.8789 0.1169
v -0.1620 -0.8789 0.0805
v -0.1720 -0.8789 0.0411
v -0.1754 -0.8789 0.0000
v -0.1720 -0.8789 -0.0342
v -0.1620 -0.8789 -0.0671
v -0.1458 -0.8789 -0.0974
v -0.1240 -0.8789 -0.1240
v -0.0974 -0.8789 -0.1458
v -0.0671 -0.8789 -0.1620
v -0.0342 -0.8789 -0.1720
v -0.0000 -0.8789 -0.1754
v 0.0342 -0.8789 -0.1720
v 0.0671 -0.8789 -0.1620
v 0.0974 -0.8789 -0.1458
v 0.1240 -0.8789 -0.1240
v 0.1458 -0.8789 -0.0974
v 0.1620 -0.8789 -0.0671
v 0.1720 -0.8789 -0.0342
v 0.1754 -0.8789 -0.0000
v 0.0882 -0.8947 0.0000
v 0.0865 -0.8947 0.0206
v 0.0815 -0.8947 0.0405
v 0.0733 -0.8947 0.0588
v 0.0624 -0.8947 0.0748
v 0.0490 -0.8947 0.0880
v 0.0337 -0.8947 0.0978
v 0.0172 -0.8947 0.1038
v 0.0000 -0.8947 0.1058
v -0.0172 -0.8947 0.1038
v -0.0337 -0.8947 0.0978
v -0.0490 -0.8947 0.0880
v -0.0624 -0.8947 0.0748
v -0.0733 -0.8947 0.0588
v -0.0815 -0.8947 0.0405
v -0.0865 -0.8947 0.0206
v -0.0882 -0.8947 0.0000
v -0.0865 -0.8947 -0.0172
v -0.0815 -0.8947 -0.0337
v -0.0733 -0.8947 -0.0490
v -0.0624 -0.8947 -0.0624
v -0.0490 -0.8947 -0.0733
v -0.0337 -0.8947 -0.0815
v -0.0172 -0.8947 -0.0865
v -0.0000 -0.8947 -0.0882
v 0.0172 -0.8947 -0.0865
v 0.0337 -0.8947 -0.0815
v 0.0490 -0.8947 -0.0733
v 0.0624 -0.8947 -0.0624
v 0.0733 -0.8947 -0.0490
v 0.0815 -0.8947 -0.0337
v 0.0865 -0.8947 -0.0172
v 0.0882 -0.8947 -0.0000
v 0.0000 -0.9000 0.0000
v 0.0000 -0.9000 0.0000
v 0.0000 -0.9000 0.0000
v 0.0000 -0.9000 0.0000
v 0.0000 -0.9000 0.0000
v 0.0000 -0.9000 0.0000
v 0.0000 -0.9000 0.0000
v 0.0000 -0.9000 0.0000
v 0.0000 -0.9000 0.0000
v -0.0000 -0.9000 0.0000
v -0.0000 -0.9000 0.0000
v -0.0000 -0.9000 0.0000
v -0.0000 -0.9000 0.0000
v -0.0000 -0.9000 0.0000
v -0.0000 -0.9000 0.0000
v -0.0000 -0.9000 0.0000
v -0.0000 -0.9000 0.0000
v -0.0000 -0.9000 -0.0000
v -0.0000 -0.9000 -0.0000
v -0.0000 -0.9000 -0.0000
v -0.0000 -0.9000 -0.0000
v -0.0000 -0.9000 -0.0000
v -0.0000 -0.9000 -0.0000
v -0.0000 -0.9000 -0.0000
v -0.0000 -0.9000 -0.0000
v 0.0000 -0.9000 -0.0000
v 0.0000 -0.9000 -0.0000
v 0.0000 -0.9000 -0.0000
v 0.0000 -0.9000 -0.0000
v 0.0000 -0.9000 -0.0000
v 0.0000 -0.9000 -0.0000
v 0.0000 -0.9000 -0.0000
v 0.0000 -0.9000 -0.0000
v 0.0000 1.2000 0.0000
v 0.8500 1.2000 0.0000
v 0.8337 1.2000 0.1658
v 0.7853 1.2000 0.3253
v 0.7067 1.2000 0.4722
v 0.6010 1.2000 0.6010
v 0.4722 1.2000 0.7067
v 0.3253 1.2000 0.7853
v 0.1658 1.2000 0.8337
v 0.0000 1.2000 0.8500
v -0.1658 1.2000 0.8337
v -0.3253 1.2000 0.7853
v -0.4722 1.2000 0.7067
v -0.6010 1.2000 0.6010
v -0.7067 1.2000 0.4722
v -0.7853 1.2000 0.3253
v -0.8337 1.2000 0.1658
v -0.8500 1.2000 0.0000
v -0.8337 1.2000 -0.1658
v -0.7853 1.2000 -0.3253
v -0.7067 1.2000 -0.4722
v -0.6010 1.2000 -0.6010
v -0.4722 1.2000 -0.7067
v -0.3253 1.2000 -0.7853
v -0.1658 1.2000 -0.8337
v -0.0000 1.2000 -0.8500
v 0.1658 1.2000 -0.8337
v 0.3253 1.2000 -0.7853
v 0.4722 1.2000 -0.7067
v 0.6010 1.2000 -0.6010
v 0.7067 1.2000 -0.4722
v 0.7853 1.2000 -0.3253
v 0.8337 1.2000 -0.1658
v 0.8500 1.2000 -0.0000
v 0.5500 1.2000 0.0000
v 0.5394 1.2000 0.1073
v 0.5081 1.2000 0.2105
v 0.4573 1.2000 0.3056
v 0.3889 1.2000 0.3889
v 0.3056 1.2000 0.4573
v 0.2105 1.2000 0.5081
v 0.1073 1.2000 0.5394
v 0.0000 1.2000 0.5500
v -0.1073 1.2000 0.5394
v -0.2105 1.2000 0.5081
v -0.3056 1.2000 0.4573
v -0.3889 1.2000 0.3889
v -0.4573 1.2000 0.3056
v -0.5081 1.2000 0.2105
v -0.5394 1.2000 0.1073
v -0.5500 1.2000 0.0000
v -0.5394 1.2000 -0.1073
v -0.5081 1.2000 -0.2105
v -0.4573 1.2000 -0.3056
v -0.3889 1.2000 -0.3889
v -0.3056 1.2000 -0.4573
v -0.2105 1.2000 -0.5081
v -0.1073 1.2000 -0.5394
v -0.0000 1.2000 -0.5500
v 0.1073 1.2000 -0.5394
v 0.2105 1.2000 -0.5081
v 0.3056 1.2000 -0.4573
v 0.3889 1.2000 -0.3889
v 0.4573 1.2000 -0.3056
v 0.5081 1.2000 -0.2105
v 0.5394 1.2000 -0.1073
v 0.5500 1.2000 -0.0000
v 0.5500 1.8500 0.0000
v 0.5394 1.8500 0.1073
v 0.5081 1.8500 0.2105
v 0.4573 1.8500 0.3056
v 0.3889 1.8500 0.3889
v 0.3056 1.8500 0.4573
v 0.2105 1.8500 0.5081
v 0.1073 1.8500 0.5394
v 0.0000 1.8500 0.5500
v -0.1073 1.8500 0.5394
v -0.2105 1.8500 0.5081
v -0.3056 1.8500 0.4573
v -0.3889 1.8500 0.3889
v -0.4573 1.8500 0.3056
v -0.5081 1.8500 0.2105
v -0.5394 1.8500 0.1073
v -0.5500 1.8500 0.0000
v -0.5394 1.8500 -0.1073
v -0.5081 1.8500 -0.2105
v -0.4573 1.8500 -0.3056
v -0.3889 1.8500 -0.3889
v -0.3056 1.8500 -0.4573
v -0.2105 1.8500 -0.5081
v -0.1073 1.8500 -0.5394
v -0.0000 1.8500 -0.5500
v 0.1073 1.8500 -0.5394
v 0.2105 1.8500 -0.5081
v 0.3056 1.8500 -0.4573
v 0.3889 1.8500 -0.3889
v 0.4573 1.8500 -0.3056
v 0.5081 1.8500 -0.2105
v 0.5394 1.8500 -0.1073
v 0.5500 1.8500 -0.0000
vt 0.0000 0.0000
vt 0.0312 0.0000
vt 0.0625 0.0000
vt 0.0938 0.0000
vt 0.1250 0.0000
vt 0.1562 0.0000
vt 0.1875 0.0000
vt 0.2188 0.0000
vt 0.2500 0.0000
vt 0.2812 0.0000
vt 0.3125 0.0000
vt 0.3438 0.0000
vt 0.3750 0.0000
vt 0.4062 0.0000
vt 0.4375 0.0000
vt 0.4688 0.0000
vt 0.5000 0.0000
vt 0.5312 0.0000
vt 0.5625 0.0000
vt 0.5938 0.0000
vt 0.6250 0.0000
vt 0.6562 0.0000
vt 0.6875 0.0000
vt 0.7188 0.0000
vt 0.7500 0.0000
vt 0.7812 0.0000
vt 0.8125 0.0000
vt 0.8438 0.0000
vt 0.8750 0.0000
vt 0.9062 0.0000
vt 0.9375 0.0000
vt 0.9688 0.0000
vt 1.0000 0.0000
vt 0.0000 0.0312
vt 0.0312 0.0312
vt 0.0625 0.0312
vt 0.0938 0.0312
vt 0.1250 0.0312
vt 0.1562 0.0312
vt 0.1875 0.0312
vt 0.2188 0.0312
vt 0.2500 0.0312
vt 0.2812 0.0312
vt 0.3125 0.0312
vt 0.3438 0.0312
vt 0.3750 0.0312
vt 0.4062 0.0312
vt 0.4375 0.0312
vt 0.4688 0.0312
vt 0.5000 0.0312
vt 0.5312 0.0312
vt 0.5625 0.0312
vt 0.5938 0.0312
vt 0.6250 0.0312
vt 0.6562 0.0312
vt 0.6875 0.0312
vt 0.7188 0.0312
vt 0.7500 0.0312
vt 0.7812 0.0312
vt 0.8125 0.0312
vt 0.8438 0.0312
vt 0.8750 0.0312
vt 0.9062 0.0312
vt 0.9375 0.0312
vt 0.9688 0.0312
vt 1.0000 0.0312
vt 0.0000 0.0625
vt 0.0312 0.0625
vt 0.0625 0.0625
vt 0.0938 0.0625
vt 0.1250 0.0625
vt 0.1562 0.0625
vt 0.1875 0.0625
vt 0.2188 0.0625
vt 0.2500 0.0625
vt 0.2812 0.0625
vt 0.3125 0.0625
vt 0.3438 0.0625
vt 0.3750 0.0625
vt 0.4062 0.0625
vt 0.4375 0.0625
vt 0.4688 0.0625
vt 0.5000 0.0625
vt 0.5312 0.0625
vt 0.5625 0.0625
vt 0.5938 0.0625
vt 0.6250 0.0625
vt 0.6562 0.0625
vt 0.6875 0.0625
vt 0.7188 0.0625
vt 0.7500 0.0625
vt 0.7812 0.0625
vt 0.8125 0.0625
vt 0.8438 0.0625
vt 0.8750 0.0625
vt 0.9062 0.0625
vt 0.9375 0.0625
vt 0.9688 0.0625
vt 1.0000 0.0625
vt 0.0000 0.0938
vt 0.0312 0.0938
vt 0.0625 0.0938
vt 0.0938 0.0938
vt 0.1250 0.0938
vt 0.1562 0.0938
vt 0.1875 0.0938
vt 0.2188 0.0938
vt 0.2500 0.0938
vt 0.2812 0.0938
vt 0.3125 0.0938
vt 0.3438 0.0938
vt 0.3750 0.0938
vt 0.4062 0.0938
vt 0.4375 0.0938
vt 0.4688 0.0938
vt 0.5000 0.0938
vt 0.5312 0.0938
vt 0.5625 0.0938
vt 0.5938 0.0938
vt 0.6250 0.0938
vt 0.6562 0.0938
vt 0.6875 0.0938
vt 0.7188 0.0938
vt 0.7500 0.0938
vt 0.7812 0.0938
vt 0.8125 0.0938
vt 0.8438 0.0938
vt 0.8750 0.0938
vt 0.9062 0.0938
vt 0.9375 0.0938
vt 0.9688 0.0938
vt 1.0000 0.0938
vt 0.0000 0.1250
vt 0.0312 0.1250
vt 0.0625 0.1250
vt 0.0938 0.1250
vt 0.1250 0.1250
vt 0.1562 0.1250
vt 0.1875 0.1250
vt 0.2188 0.1250
vt 0.2500 0.1250
vt 0.2812 0.1250
vt 0.3125 0.1250
vt 0.3438 0.1250
vt 0.3750 0.1250
vt 0.4062 0.1250
vt 0.4375 0.1250
vt 0.4688 0.1250
vt 0.5000 0.1250
vt 0.5312 0.1250
vt 0.5625 0.1250
vt 0.5938 0.1250
vt 0.6250 0.1250
vt 0.6562 0.1250
vt 0.6875 0.1250
vt 0.7188 0.1250
vt 0.7500 0.1250
vt 0.7812 0.1250
vt 0.8125 0.1250
vt 0.8438 0.1250
vt 0.8750 0.1250
vt 0.9062 0.1250
vt 0.9375 0.1250
vt 0.9688 0.1250
vt 1.0000 0.1250
vt 0.0000 0.1562
vt 0.0312 0.1562
vt 0.0625 0.1562
vt 0.0938 0.1562
vt 0.1250 0.1562
vt 0.1562 0.1562
vt 0.1875 0.1562
vt 0.2188 0.1562
vt 0.2500 0.1562
vt 0.2812 0.1562
vt 0.3125 0.1562
vt 0.3438 0.1562
vt 0.3750 0.1562
vt 0.4062 0.1562
vt 0.4375 0.1562
vt 0.4688 0.1562
vt 0.5000 0.1562
vt 0.5312 0.1562
vt 0.5625 0.1562
vt 0.5938 0.1562
vt 0.6250 0.1562
vt 0.6562 0.1562
vt 0.6875 0.1562
vt 0.7188 0.1562
vt 0.7500 0.1562
vt 0.7812 0.1562
vt 0.8125 0.1562
vt 0.8438 0.1562
vt 0.8750 0.1562
vt 0.9062 0.1562
vt 0.9375 0.1562
vt 0.9688 0.1562
vt 1.0000 0.1562
vt 0.0000 0.1875
vt 0.0312 0.1875
vt 0.0625 0.1875
vt 0.0938 0.1875
vt 0.1250 0.1875
vt 0.1562 0.1875
vt 0.1875 0.1875
vt 0.2188 0.1875
vt 0.2500 0.1875
vt 0.2812 0.1875
vt 0.3125 0.1875
vt 0.3438 0.1875
vt 0.3750 0.1875
vt 0.4062 0.1875
vt 0.4375 0.1875
vt 0.4688 0.1875
vt 0.5000 0.1875
vt 0.5312 0.1875
vt 0.5625 0.1875
vt 0.5938 0.1875
vt 0.6250 0.1875
vt 0.6562 0.1875
vt 0.6875 0.1875
vt 0.7188 0.1875
vt 0.7500 0.1875
vt 0.7812 0.1875
vt 0.8125 0.1875
vt 0.8438 0.1875
vt 0.8750 0.1875
vt 0.9062 0.1875
vt 0.9375 0.1875
vt 0.9688 0.1875
vt 1.0000 0.1875
vt 0.0000 0.2188
vt 0.0312 0.2188
vt 0.0625 0.2188
vt 0.0938 0.2188
vt 0.1250 0.2188
vt 0.1562 0.2188
vt 0.1875 0.2188
vt 0.2188 0.2188
vt 0.2500 0.2188
vt 0.2812 0.2188
vt 0.3125 0.2188
vt 0.3438 0.2188
vt 0.3750 0.2188
vt 0.4062 0.2188
vt 0.4375 0.2188
vt 0.4688 0.2188
vt 0.5000 0.2188
vt 0.5312 0.2188
vt 0.5625 0.2188
vt 0.5938 0.2188
vt 0.6250 0.2188
vt 0.6562 0.2188
vt 0.6875 0.2188
vt 0.7188 0.2188
vt 0.7500 0.2188
vt 0.7812 0.2188
vt 0.8125 0.2188
vt 0.8438 0.2188
vt 0.8750 0.2188
vt 0.9062 0.2188
vt 0.9375 0.2188
vt 0.9688 0.2188
vt 1.0000 0.2188
vt 0.0000 0.2500
vt 0.0312 0.2500
vt 0.0625 0.2500
vt 0.0938 0.2500
vt 0.1250 0.2500
vt 0.1562 0.2500
vt 0.1875 0.2500
vt 0.2188 0.2500
vt 0.2500 0.2500
vt 0.2812 0.2500
vt 0.3125 0.2500
vt 0.3438 0.2500
vt 0.3750 0.2500
vt 0.4062 0.2500
vt 0.4375 0.2500
vt 0.4688 0.2500
vt 0.5000 0.2500
vt 0.5312 0.2500
vt 0.5625 0.2500
vt 0.5938 0.2500
vt 0.6250 0.2500
vt 0.6562 0.2500
vt 0.6875 0.2500
vt 0.7188 0.2500
vt 0.7500 0.2500
vt 0.7812 0.2500
vt 0.8125 0.2500
vt 0.8438 0.2500
vt 0.8750 0.2500
vt 0.9062 0.2500
vt 0.9375 0.2500
vt 0.9688 0.2500
vt 1.0000 0.2500
vt 0.0000 0.2812
vt 0.0312 0.2812
vt 0.0625 0.2812
vt 0.0938 0.2812
vt 0.1250 0.2812
vt 0.1562 0.2812
vt 0.1875 0.2812
vt 0.2188 0.2812
vt 0.2500 0.2812
vt 0.2812 0.2812
vt 0.3125 0.2812
vt 0.3438 0.2812
vt 0.3750 0.2812
vt 0.4062 0.2812
vt 0.4375 0.2812
vt 0.4688 0.2812
vt 0.5000 0.2812
vt 0.5312 0.2812
vt 0.5625 0.2812
vt 0.5938 0.2812
vt 0.6250 0.2812
vt 0.6562 0.2812
vt 0.6875 0.2812
vt 0.7188 0.2812
vt 0.7500 0.2812
vt 0.7812 0.2812
vt 0.8125 0.2812
vt 0.8438 0.2812
vt 0.8750 0.2812
vt 0.9062 0.2812
vt 0.9375 0.2812
vt 0.9688 0.2812
vt 1.0000 0.2812
vt 0.0000 0.3125
vt 0.0312 0.3125
vt 0.0625 0.3125
vt 0.0938 0.3125
vt 0.1250 0.3125
vt 0.1562 0.3125
vt 0.1875 0.3125
vt 0.2188 0.3125
vt 0.2500 0.3125
vt 0.2812 0.3125
vt 0.3125 0.3125
vt 0.3438 0.3125
vt 0.3750 0.3125
vt 0.4062 0.3125
vt 0.4375 0.3125
vt 0.4688 0.3125
vt 0.5000 0.3125
vt 0.5312 0.3125
vt 0.5625 0.3125
vt 0.5938 0.3125
vt 0.6250 0.3125
vt 0.6562 0.3125
vt 0.6875 0.3125
vt 0.7188 0.3125
vt 0.7500 0.3125
vt 0.7812 0.3125
vt 0.8125 0.3125
vt 0.8438 0.3125
vt 0.8750 0.3125
vt 0.9062 0.3125
vt 0.9375 0.3125
vt 0.9688 0.3125
vt 1.0000 0.3125
vt 0.0000 0.3438
vt 0.0312 0.3438
vt 0.0625 0.3438
vt 0.0938 0.3438
vt 0.1250 0.3438
vt 0.1562 0.3438
vt 0.1875 0.3438
vt 0.2188 0.3438
vt 0.2500 0.3438
vt 0.2812 0.3438
vt 0.3125 0.3438
vt 0.3438 0.3438
vt 0.3750 0.3438
vt 0.4062 0.3438
vt 0.4375 0.3438
vt 0.4688 0.3438
vt 0.5000 0.3438
vt 0.5312 0.3438
vt 0.5625 0.3438
vt 0.5938 0.3438
vt 0.6250 0.3438
vt 0.6562 0.3438
vt 0.6875 0.3438
vt 0.7188 0.3438
vt 0.7500 0.3438
vt 0.7812 0.3438
vt 0.8125 0.3438
vt 0.8438 0.3438
vt 0.8750 0.3438
vt 0.9062 0.3438
vt 0.9375 0.3438
vt 0.9688 0.3438
vt 1.0000 0.3438
vt 0.0000 0.3750
vt 0.0312 0.3750
vt 0.0625 0.3750
vt 0.0938 0.3750
vt 0.1250 0.3750
vt 0.1562 0.3750
vt 0.1875 0.3750
vt 0.2188 0.3750
vt 0.2500 0.3750
vt 0.2812 0.3750
vt 0.3125 0.3750
vt 0.3438 0.3750
vt 0.3750 0.3750
vt 0.4062 0.3750
vt 0.4375 0.3750
vt 0.4688 0.3750
vt 0.5000 0.3750
vt 0.5312 0.3750
vt 0.5625 0.3750
vt 0.5938 0.3750
vt 0.6250 0.3750
vt 0.6562 0.3750
vt 0.6875 0.3750
vt 0.7188 0.3750
vt 0.7500 0.3750
vt 0.7812 0.3750
vt 0.8125 0.3750
vt 0.8438 0.3750
vt 0.8750 0.3750
vt 0.9062 0.3750
vt 0.9375 0.3750
vt 0.9688 0.3750
vt 1.0000 0.3750
vt 0.0000 0.4062
vt 0.0312 0.4062
vt 0.0625 0.4062
vt 0.0938 0.4062
vt 0.1250 0.4062
vt 0.1562 0.4062
vt 0.1875 0.4062
vt 0.2188 0.4062
vt 0.2500 0.4062
vt 0.2812 0.4062
vt 0.3125 0.4062
vt 0.3438 0.4062
vt 0.3750 0.4062
vt 0.4062 0.4062
vt 0.4375 0.4062
vt 0.4688 0.4062
vt 0.5000 0.4062
vt 0.5312 0.4062
vt 0.5625 0.4062
vt 0.5938 0.4062
vt 0.6250 0.4062
vt 0.6562 0.4062
vt 0.6875 0.4062
vt 0.7188 0.4062
vt 0.7500 0.4062
vt 0.7812 0.4062
vt 0.8125 0.4062
vt 0.8438 0.4062
vt 0.8750 0.4062
vt 0.9062 0.4062
vt 0.9375 0.4062
vt 0.9688 0.4062
vt 1.0000 0.4062
vt 0.0000 0.4375
vt 0.0312 0.4375
vt 0.0625 0.4375
vt 0.0938 0.4375
vt 0.1250 0.4375
vt 0.1562 0.4375
vt 0.1875 0.4375
vt 0.2188 0.4375
vt 0.2500 0.4375
vt 0.2812 0.4375
vt 0.3125 0.4375
vt 0.3438 0.4375
vt 0.3750 0.4375
vt 0.4062 0.4375
vt 0.4375 0.4375
vt 0.4688 0.4375
vt 0.5000 0.4375
vt 0.5312 0.4375
vt 0.5625 0.4375
vt 0.5938 0.4375
vt 0.6250 0.4375
vt 0.6562 0.4375
vt 0.6875 0.4375
vt 0.7188 0.4375
vt 0.7500 0.4375
vt 0.7812 0.4375
vt 0.8125 0.4375
vt 0.8438 0.4375
vt 0.8750 0.4375
vt 0.9062 0.4375
vt 0.9375 0.4375
vt 0.9688 0.4375
vt 1.0000 0.4375
vt 0.0000 0.4688
vt 0.0312 0.4688
vt 0.0625 0.4688
vt 0.0938 0.4688
vt 0.1250 0.4688
vt 0.1562 0.4688
vt 0.1875 0.4688
vt 0.2188 0.4688
vt 0.2500 0.4688
vt 0.2812 0.4688
vt 0.3125 0.4688
vt 0.3438 0.4688
vt 0.3750 0.4688
vt 0.4062 0.4688
vt 0.4375 0.4688
vt 0.4688 0.4688
vt 0.5000 0.4688
vt 0.5312 0.4688
vt 0.5625 0.4688
vt 0.5938 0.4688
vt 0.6250 0.4688
vt 0.6562 0.4688
vt 0.6875 0.4688
vt 0.7188 0.4688
vt 0.7500 0.4688
vt 0.7812 0.4688
vt 0.8125 0.4688
vt 0.8438 0.4688
vt 0.8750 0.4688
vt 0.9062 0.4688
vt 0.9375 0.4688
vt 0.9688 0.4688
vt 1.0000 0.4688
vt 0.0000 0.5000
vt 0.0312 0.5000
vt 0.0625 0.5000
vt 0.0938 0.5000
vt 0.1250 0.5000
vt 0.1562 0.5000
vt 0.1875 0.5000
vt 0.2188 0.5000
vt 0.2500 0.5000
vt 0.2812 0.5000
vt 0.3125 0.5000
vt 0.3438 0.5000
vt 0.3750 0.5000
vt 0.4062 0.5000
vt 0.4375 0.5000
vt 0.4688 0.5000
vt 0.5000 0.5000
vt 0.5312 0.5000
vt 0.5625 0.5000
vt 0.5938 0.5000
vt 0.6250 0.5000
vt 0.6562 0.5000
vt 0.6875 0.5000
vt 0.7188 0.5000
vt 0.7500 0.5000
vt 0.7812 0.5000
vt 0.8125 0.5000
vt 0.8438 0.5000
vt 0.8750 0.5000
vt 0.9062 0.5000
vt 0.9375 0.5000
vt 0.9688 0.5000
vt 1.0000 0.5000
vt 0.0000 0.5312
vt 0.0312 0.5312
vt 0.0625 0.5312
vt 0.0938 0.5312
vt 0.1250 0.5312
vt 0.1562 0.5312
vt 0.1875 0.5312
vt 0.2188 0.5312
vt 0.2500 0.5312
vt 0.2812 0.5312
vt 0.3125 0.5312
vt 0.3438 0.5312
vt 0.3750 0.5312
vt 0.4062 0.5312
vt 0.4375 0.5312
vt 0.4688 0.5312
vt 0.5000 0.5312
vt 0.5312 0.5312
vt 0.5625 0.5312
vt 0.5938 0.5312
vt 0.6250 0.5312
vt 0.6562 0.5312
vt 0.6875 0.5312
vt 0.7188 0.5312
vt 0.7500 0.5312
vt 0.7812 0.5312
vt 0.8125 0.5312
vt 0.8438 0.5312
vt 0.8750 0.5312
vt 0.9062 0.5312
vt 0.9375 0.5312
vt 0.9688 0.5312
vt 1.0000 0.5312
vt 0.0000 0.5625
vt 0.0312 0.5625
vt 0.0625 0.5625
vt 0.0938 0.5625
vt 0.1250 0.5625
vt 0.1562 0.5625
vt 0.1875 0.5625
vt 0.2188 0.5625
vt 0.2500 0.5625
vt 0.2812 0.5625
vt 0.3125 0.5625
vt 0.3438 0.5625
vt 0.3750 0.5625
vt 0.4062 0.5625
vt 0.4375 0.5625
vt 0.4688 0.5625
vt 0.5000 0.5625
vt 0.5312 0.5625
vt 0.5625 0.5625
vt 0.5938 0.5625
vt 0.6250 0.5625
vt 0.6562 0.5625
vt 0.6875 0.5625
vt 0.7188 0.5625
vt 0.7500 0.5625
vt 0.7812 0.5625
vt 0.8125 0.5625
vt 0.8438 0.5625
vt 0.8750 0.5625
vt 0.9062 0.5625
vt 0.9375 0.5625
vt 0.9688 0.5625
vt 1.0000 0.5625
vt 0.0000 0.5938
vt 0.0312 0.5938
vt 0.0625 0.5938
vt 0.0938 0.5938
vt 0.1250 0.5938
vt 0.1562 0.5938
vt 0.1875 0.5938
vt 0.2188 0.5938
vt 0.2500 0.5938
vt 0.2812 0.5938
vt 0.3125 0.5938
vt 0.3438 0.5938
vt 0.3750 0.5938
vt 0.4062 0.5938
vt 0.4375 0.5938
vt 0.4688 0.5938
vt 0.5000 0.5938
vt 0.5312 0.5938
vt 0.5625 0.5938
vt 0.5938 0.5938
vt 0.6250 0.5938
vt 0.6562 0.5938
vt 0.6875 0.5938
vt 0.7188 0.5938
vt 0.7500 0.5938
vt 0.7812 0.5938
vt 0.8125 0.5938
vt 0.8438 0.5938
vt 0.8750 0.5938
vt 0.9062 0.5938
vt 0.9375 0.5938
vt 0.9688 0.5938
vt 1.0000 0.5938
vt 0.0000 0.6250
vt 0.0312 0.6250
vt 0.0625 0.6250
vt 0.0938 0.6250
vt 0.1250 0.6250
vt 0.1562 0.6250
vt 0.1875 0.6250
vt 0.2188 0.6250
vt 0.2500 0.6250
vt 0.2812 0.6250
vt 0.3125 0.6250
vt 0.3438 0.6250
vt 0.3750 0.6250
vt 0.4062 0.6250
vt 0.4375 0.6250
vt 0.4688 0.6250
vt 0.5000 0.6250
vt 0.5312 0.6250
vt 0.5625 0.6250
vt 0.5938 0.6250
vt 0.6250 0.6250
vt 0.6562 0.6250
vt 0.6875 0.6250
vt 0.7188 0.6250
vt 0.7500 0.6250
vt 0.7812 0.6250
vt 0.8125 0.6250
vt 0.8438 0.6250
vt 0.8750 0.6250
vt 0.9062 0.6250
vt 0.9375 0.6250
vt 0.9688 0.6250
vt 1.0000 0.6250
vt 0.0000 0.6562
vt 0.0312 0.6562
vt 0.0625 0.6562
vt 0.0938 0.6562
vt 0.1250 0.6562
vt 0.1562 0.6562
vt 0.1875 0.6562
vt 0.2188 0.6562
vt 0.2500 0.6562
vt 0.2812 0.6562
vt 0.3125 0.6562
vt 0.3438 0.6562
vt 0.3750 0.6562
vt 0.4062 0.6562
vt 0.4375 0.6562
vt 0.4688 0.6562
vt 0.5000 0.6562
vt 0.5312 0.6562
vt 0.5625 0.6562
vt 0.5938 0.6562
vt 0.6250 0.6562
vt 0.6562 0.6562
vt 0.6875 0.6562
vt 0.7188 0.6562
vt 0.7500 0.6562
vt 0.7812 0.6562
vt 0.8125 0.6562
vt 0.8438 0.6562
vt 0.8750 0.6562
vt 0.9062 0.6562
vt 0.9375 0.6562
vt 0.9688 0.6562
vt 1.0000 0.6562
vt 0.0000 0.6875
vt 0.0312 0.6875
vt 0.0625 0.6875
vt 0.0938 0.6875
vt 0.1250 0.6875
vt 0.1562 0.6875
vt 0.1875 0.6875
vt 0.2188 0.6875
vt 0.2500 0.6875
vt 0.2812 0.6875
vt 0.3125 0.6875
vt 0.3438 0.6875
vt 0.3750 0.6875
vt 0.4062 0.6875
vt 0.4375 0.6875
vt 0.4688 0.6875
vt 0.5000 0.6875
vt 0.5312 0.6875
vt 0.5625 0.6875
vt 0.5938 0.6875
vt 0.6250 0.6875
vt 0.6562 0.6875
vt 0.6875 0.6875
vt 0.7188 0.6875
vt 0.7500 0.6875
vt 0.7812 0.6875
vt 0.8125 0.6875
vt 0.8438 0.6875
vt 0.8750 0.6875
vt 0.9062 0.6875
vt 0.9375 0.6875
vt 0.9688 0.6875
vt 1.0000 0.6875
vt 0.0000 0.7188
vt 0.0312 0.7188
vt 0.0625 0.7188
vt 0.0938 0.7188
vt 0.1250 0.7188
vt 0.1562 0.7188
vt 0.1875 0.7188
vt 0.2188 0.7188
vt 0.2500 0.7188
vt 0.2812 0.7188
vt 0.3125 0.7188
vt 0.3438 0.7188
vt 0.3750 0.7188
vt 0.4062 0.7188
vt 0.4375 0.7188
vt 0.4688 0.7188
vt 0.5000 0.7188
vt 0.5312 0.7188
vt 0.5625 0.7188
vt 0.5938 0.7188
vt 0.6250 0.7188
vt 0.6562 0.7188
vt 0.6875 0.7188
vt 0.7188 0.7188
vt 0.7500 0.7188
vt 0.7812 0.7188
vt 0.8125 0.7188
vt 0.8438 0.7188
vt 0.8750 0.7188
vt 0.9062 0.7188
vt 0.9375 0.7188
vt 0.9688 0.7188
vt 1.0000 0.7188
vt 0.0000 0.7500
vt 0.0312 0.7500
vt 0.0625 0.7500
vt 0.0938 0.7500
vt 0.1250 0.7500
vt 0.1562 0.7500
vt 0.1875 0.7500
vt 0.2188 0.7500
vt 0.2500 0.7500
vt 0.2812 0.7500
vt 0.3125 0.7500
vt 0.3438 0.7500
vt 0.3750 0.7500
vt 0.4062 0.7500
vt 0.4375 0.7500
vt 0.4688 0.7500
vt 0.5000 0.7500
vt 0.5312 0.7500
vt 0.5625 0.7500
vt 0.5938 0.7500
vt 0.6250 0.7500
vt 0.6562 0.7500
vt 0.6875 0.7500
vt 0.7188 0.7500
vt 0.7500 0.7500
vt 0.7812 0.7500
vt 0.8125 0.7500
vt 0.8438 0.7500
vt 0.8750 0.7500
vt 0.9062 0.7500
vt 0.9375 0.7500
vt 0.9688 0.7500
vt 1.0000 0.7500
vt 0.0000 0.7812
vt 0.0312 0.7812
vt 0.0625 0.7812
vt 0.0938 0.7812
vt 0.1250 0.7812
vt 0.1562 0.7812
vt 0.1875 0.7812
vt 0.2188 0.7812
vt 0.2500 0.7812
vt 0.2812 0.7812
vt 0.3125 0.7812
vt 0.3438 0.7812
vt 0.3750 0.7812
vt 0.4062 0.7812
vt 0.4375 0.7812
vt 0.4688 0.7812
vt 0.5000 0.7812
vt 0.5312 0.7812
vt 0.5625 0.7812
vt 0.5938 0.7812
vt 0.6250 0.7812
vt 0.6562 0.7812
vt 0.6875 0.7812
vt 0.7188 0.7812
vt 0.7500 0.7812
vt 0.7812 0.7812
vt 0.8125 0.7812
vt 0.8438 0.7812
vt 0.8750 0.7812
vt 0.9062 0.7812
vt 0.9375 0.7812
vt 0.9688 0.7812
vt 1.0000 0.7812
vt 0.0000 0.8125
vt 0.0312 0.8125
vt 0.0625 0.8125
vt 0.0938 0.8125
vt 0.1250 0.8125
vt 0.1562 0.8125
vt 0.1875 0.8125
vt 0.2188 0.8125
vt 0.2500 0.8125
vt 0.2812 0.8125
vt 0.3125 0.8125
vt 0.3438 0.8125
vt 0.3750 0.8125
vt 0.4062 0.8125
vt 0.4375 0.8125
vt 0.4688 0.8125
vt 0.5000 0.8125
vt 0.5312 0.8125
vt 0.5625 0.8125
vt 0.5938 0.8125
vt 0.6250 0.8125
vt 0.6562 0.8125
vt 0.6875 0.8125
vt 0.7188 0.8125
vt 0.7500 0.8125
vt 0.7812 0.8125
vt 0.8125 0.8125
vt 0.8438 0.8125
vt 0.8750 0.8125
vt 0.9062 0.8125
vt 0.9375 0.8125
vt 0.9688 0.8125
vt 1.0000 0.8125
vt 0.0000 0.8438
vt 0.0312 0.8438
vt 0.0625 0.8438
vt 0.0938 0.8438
vt 0.1250 0.8438
vt 0.1562 0.8438
vt 0.1875 0.8438
vt 0.2188 0.8438
vt 0.2500 0.8438
vt 0.2812 0.8438
vt 0.3125 0.8438
vt 0.3438 0.8438
vt 0.3750 0.8438
vt 0.4062 0.8438
vt 0.4375 0.8438
vt 0.4688 0.8438
vt 0.5000 0.8438
vt 0.5312 0.8438
vt 0.5625 0.8438
vt 0.5938 0.8438
vt 0.6250 0.8438
vt 0.6562 0.8438
vt 0.6875 0.8438
vt 0.7188 0.8438
vt 0.7500 0.8438
vt 0.7812 0.8438
vt 0.8125 0.8438
vt 0.8438 0.8438
vt 0.8750 0.8438
vt 0.9062 0.8438
vt 0.9375 0.8438
vt 0.9688 0.8438
vt 1.0000 0.8438
vt 0.0000 0.8750
vt 0.0312 0.8750
vt 0.0625 0.8750
vt 0.0938 0.8750
vt 0.1250 0.8750
vt 0.1562 0.8750
vt 0.1875 0.8750
vt 0.2188 0.8750
vt 0.2500 0.8750
vt 0.2812 0.8750
vt 0.3125 0.8750
vt 0.3438 0.8750
vt 0.3750 0.8750
vt 0.4062 0.8750
vt 0.4375 0.8750
vt 0.4688 0.8750
vt 0.5000 0.8750
vt 0.5312 0.8750
vt 0.5625 0.8750
vt 0.5938 0.8750
vt 0.6250 0.8750
vt 0.6562 0.8750
vt 0.6875 0.8750
vt 0.7188 0.8750
vt 0.7500 0.8750
vt 0.7812 0.8750
vt 0.8125 0.8750
vt 0.8438 0.8750
vt 0.8750 0.8750
vt 0.9062 0.8750
vt 0.9375 0.8750
vt 0.9688 0.8750
vt 1.0000 0.8750
vt 0.0000 0.9062
vt 0.0312 0.9062
vt 0.0625 0.9062
vt 0.0938 0.9062
vt 0.1250 0.9062
vt 0.1562 0.9062
vt 0.1875 0.9062
vt 0.2188 0.9062
vt 0.2500 0.9062
vt 0.2812 0.9062
vt 0.3125 0.9062
vt 0.3438 0.9062
vt 0.3750 0.9062
vt 0.4062 0.9062
vt 0.4375 0.9062
vt 0.4688 0.9062
vt 0.5000 0.9062
vt 0.5312 0.9062
vt 0.5625 0.9062
vt 0.5938 0.9062
vt 0.6250 0.9062
vt 0.6562 0.9062
vt 0.6875 0.9062
vt 0.7188 0.9062
vt 0.7500 0.9062
vt 0.7812 0.9062
vt 0.8125 0.9062
vt 0.8438 0.9062
vt 0.8750 0.9062
vt 0.9062 0.9062
vt 0.9375 0.9062
vt 0.9688 0.9062
vt 1.0000 0.9062
vt 0.0000 0.9375
vt 0.0312 0.9375
vt 0.0625 0.9375
vt 0.0938 0.9375
vt 0.1250 0.9375
vt 0.1562 0.9375
vt 0.1875 0.9375
vt 0.2188 0.9375
vt 0.2500 0.9375
vt 0.2812 0.9375
vt 0.3125 0.9375
vt 0.3438 0.9375
vt 0.3750 0.9375
vt 0.4062 0.9375
vt 0.4375 0.9375
vt 0.4688 0.9375
vt 0.5000 0.9375
vt 0.5312 0.9375
vt 0.5625 0.9375
vt 0.5938 0.9375
vt 0.6250 0.9375
vt 0.6562 0.9375
vt 0.6875 0.9375
vt 0.7188 0.9375
vt 0.7500 0.9375
vt 0.7812 0.9375
vt 0.8125 0.9375
vt 0.8438 0.9375
vt 0.8750 0.9375
vt 0.9062 0.9375
vt 0.9375 0.9375
vt 0.9688 0.9375
vt 1.0000 0.9375
vt 0.0000 0.9688
vt 0.0312 0.9688
vt 0.0625 0.9688
vt 0.0938 0.9688
vt 0.1250 0.9688
vt 0.1562 0.9688
vt 0.1875 0.9688
vt 0.2188 0.9688
vt 0.2500 0.9688
vt 0.2812 0.9688
vt 0.3125 0.9688
vt 0.3438 0.9688
vt 0.3750 0.9688
vt 0.4062 0.9688
vt 0.4375 0.9688
vt 0.4688 0.9688
vt 0.5000 0.9688
vt 0.5312 0.9688
vt 0.5625 0.9688
vt 0.5938 0.9688
vt 0.6250 0.9688
vt 0.6562 0.9688
vt 0.6875 0.9688
vt 0.7188 0.9688
vt 0.7500 0.9688
vt 0.7812 0.9688
vt 0.8125 0.9688
vt 0.8438 0.9688
vt 0.8750 0.9688
vt 0.9062 0.9688
vt 0.9375 0.9688
vt 0.9688 0.9688
vt 1.0000 0.9688
vt 0.0000 1.0000
vt 0.0312 1.0000
vt 0.0625 1.0000
vt 0.0938 1.0000
vt 0.1250 1.0000
vt 0.1562 1.0000
vt 0.1875 1.0000
vt 0.2188 1.0000
vt 0.2500 1.0000
vt 0.2812 1.0000
vt 0.3125 1.0000
vt 0.3438 1.0000
vt 0.3750 1.0000
vt 0.4062 1.0000
vt 0.4375 1.0000
vt 0.4688 1.0000
vt 0.5000 1.0000
vt 0.5312 1.0000
vt 0.5625 1.0000
vt 0.5938 1.0000
vt 0.6250 1.0000
vt 0.6562 1.0000
vt 0.6875 1.0000
vt 0.7188 1.0000
vt 0.7500 1.0000
vt 0.7812 1.0000
vt 0.8125 1.0000
vt 0.8438 1.0000
vt 0.8750 1.0000
vt 0.9062 1.0000
vt 0.9375 1.0000
vt 0.9688 1.0000
vt 1.0000 1.0000
vt 0.5000 0.5000
vt 1.0000 0.5000
vt 0.9904 0.5975
vt 0.9619 0.6913
vt 0.9157 0.7778
vt 0.8536 0.8536
vt 0.7778 0.9157
vt 0.6913 0.9619
vt 0.5975 0.9904
vt 0.5000 1.0000
vt 0.4025 0.9904
vt 0.3087 0.9619
vt 0.2222 0.9157
vt 0.1464 0.8536
vt 0.0843 0.7778
vt 0.0381 0.6913
vt 0.0096 0.5975
vt 0.0000 0.5000
vt 0.0096 0.4025
vt 0.0381 0.3087
vt 0.0843 0.2222
vt 0.1464 0.1464
vt 0.2222 0.0843
vt 0.3087 0.0381
vt 0.4025 0.0096
vt 0.5000 0.0000
vt 0.5975 0.0096
vt 0.6913 0.0381
vt 0.7778 0.0843
vt 0.8536 0.1464
vt 0.9157 0.2222
vt 0.9619 0.3087
vt 0.9904 0.4025
vt 1.0000 0.5000
vt 0.0000 0.0000
vt 0.0312 0.0000
vt 0.0625 0.0000
vt 0.0938 0.0000
vt 0.1250 0.0000
vt 0.1562 0.0000
vt 0.1875 0.0000
vt 0.2188 0.0000
vt 0.2500 0.0000
vt 0.2812 0.0000
vt 0.3125 0.0000
vt 0.3438 0.0000
vt 0.3750 0.0000
vt 0.4062 0.0000
vt 0.4375 0.0000
vt 0.4688 0.0000
vt 0.5000 0.0000
vt 0.5312 0.0000
vt 0.5625 0.0000
vt 0.5938 0.0000
vt 0.6250 0.0000
vt 0.6562 0.0000
vt 0.6875 0.0000
vt 0.7188 0.0000
vt 0.7500 0.0000
vt 0.7812 0.0000
vt 0.8125 0.0000
vt 0.8438 0.0000
vt 0.8750 0.0000
vt 0.9062 0.0000
vt 0.9375 0.0000
vt 0.9688 0.0000
vt 1.0000 0.0000
vt 0.0000 1.0000
vt 0.0312 1.0000
vt 0.0625 1.0000
vt 0.0938 1.0000
vt 0.1250 1.0000
vt 0.1562 1.0000
vt 0.1875 1.0000
vt 0.2188 1.0000
vt 0.2500 1.0000
vt 0.2812 1.0000
vt 0.3125 1.0000
vt 0.3438 1.0000
vt 0.3750 1.0000
vt 0.4062 1.0000
vt 0.4375 1.0000
vt 0.4688 1.0000
vt 0.5000 1.0000
vt 0.5312 1.0000
vt 0.5625 1.0000
vt 0.5938 1.0000
vt 0.6250 1.0000
vt 0.6562 1.0000
vt 0.6875 1.0000
vt 0.7188 1.0000
vt 0.7500 1.0000
vt 0.7812 1.0000
vt 0.8125 1.0000
vt 0.8438 1.0000
vt 0.8750 1.0000
vt 0.9062 1.0000
vt 0.9375 1.0000
vt 0.9688 1.0000
vt 1.0000 1.0000
vn 0.0000 1.0000 0.0000
vn 0.0000 1.0000 0.0000
vn 0.0000 1.0000 0.0000
vn 0.0000 1.0000 0.0000
vn 0.0000 1.0000 0.0000
vn 0.0000 1.0000 0.0000
vn 0.0000 1.0000 0.0000
vn 0.0000 1.0000 0.0000
vn 0.0000 1.0000 0.0000
vn -0.0000 1.0000 0.0000
vn -0.0000 1.0000 0.0000
vn -0.0000 1.0000 0.0000
vn -0.0000 1.0000 0.0000
vn -0.0000 1.0000 0.0000
vn -0.0000 1.0000 0.0000
vn -0.0000 1.0000 0.0000
vn -0.0000 1.0000 0.0000
vn -0.0000 1.0000 -0.0000
vn -0.0000 1.0000 -0.0000
vn -0.0000 1.0000 -0.0000
vn -0.0000 1.0000 -0.0000
vn -0.0000 1.0000 -0.0000
vn -0.0000 1.0000 -0.0000
vn -0.0000 1.0000 -0.0000
vn -0.0000 1.0000 -0.0000
vn 0.0000 1.0000 -0.0000
vn 0.0000 1.0000 -0.0000
vn 0.0000 1.0000 -0.0000
vn 0.0000 1.0000 -0.0000
vn 0.0000 1.0000 -0.0000
vn 0.0000 1.0000 -0.0000
vn 0.0000 1.0000 -0.0000
vn 0.0000 1.0000 -0.0000
vn 0.0578 0.9983 0.0000
vn 0.0567 0.9983 0.0135
vn 0.0534 0.9982 0.0265
vn 0.0480 0.9981 0.0385
vn 0.0409 0.9980 0.0490
vn 0.0321 0.9978 0.0576
vn 0.0221 0.9977 0.0640
vn 0.0113 0.9976 0.0680
vn 0.0000 0.9976 0.0693
vn -0.0113 0.9976 0.0680
vn -0.0221 0.9977 0.0640
vn -0.0321 0.9978 0.0576
vn -0.0409 0.9980 0.0490
vn -0.0480 0.9981 0.0385
vn -0.0534 0.9982 0.0265
vn -0.0567 0.9983 0.0135
vn -0.0578 0.9983 0.0000
vn -0.0567 0.9983 -0.0113
vn -0.0534 0.9983 -0.0221
vn -0.0481 0.9983 -0.0321
vn -0.0409 0.9983 -0.0409
vn -0.0321 0.9983 -0.0481
vn -0.0221 0.9983 -0.0534
vn -0.0113 0.9983 -0.0567
vn -0.0000 0.9983 -0.0578
vn 0.0113 0.9983 -0.0567
vn 0.0221 0.9983 -0.0534
vn 0.0321 0.9983 -0.0481
vn 0.0409 0.9983 -0.0409
vn 0.0481 0.9983 -0.0321
vn 0.0534 0.9983 -0.0221
vn 0.0567 0.9983 -0.0113
vn 0.0578 0.9983 -0.0000
vn 0.1190 0.9929 0.0000
vn 0.1167 0.9928 0.0279
vn 0.1099 0.9924 0.0546
vn 0.0988 0.9919 0.0792
vn 0.0840 0.9914 0.1008
vn 0.0660 0.9908 0.1185
vn 0.0454 0.9903 0.1316
vn 0.0231 0.9899 0.1396
vn 0.0000 0.9898 0.1423
vn -0.0231 0.9899 0.1396
vn -0.0454 0.9903 0.1316
vn -0.0660 0.9908 0.1185
vn -0.0840 0.9914 0.1008
vn -0.0988 0.9919 0.0792
vn -0.1099 0.9924 0.0546
vn -0.1167 0.9928 0.0279
vn -0.1190 0.9929 0.0000
vn -0.1167 0.9929 -0.0232
vn -0.1099 0.9929 -0.0455
vn -0.0989 0.9929 -0.0661
vn -0.0841 0.9929 -0.0841
vn -0.0661 0.9929 -0.0989
vn -0.0455 0.9929 -0.1099
vn -0.0232 0.9929 -0.1167
vn -0.0000 0.9929 -0.1190
vn 0.0232 0.9929 -0.1167
vn 0.0455 0.9929 -0.1099
vn 0.0661 0.9929 -0.0989
vn 0.0841 0.9929 -0.0841
vn 0.0989 0.9929 -0.0661
vn 0.1099 0.9929 -0.0455
vn 0.1167 0.9929 -0.0232
vn 0.1190 0.9929 -0.0000
vn 0.1839 0.9830 0.0000
vn 0.1803 0.9827 0.0430
vn 0.1697 0.9819 0.0843
vn 0.1525 0.9807 0.1223
vn 0.1295 0.9793 0.1554
vn 0.1016 0.9779 0.1825
vn 0.0699 0.9768 0.2025
vn 0.0356 0.9760 0.2149
vn 0.0000 0.9757 0.2190
vn -0.0356 0.9760 0.2149
vn -0.0699 0.9768 0.2025
vn -0.1016 0.9779 0.1825
vn -0.1295 0.9793 0.1554
vn -0.1525 0.9807 0.1223
vn -0.1697 0.9819 0.0843
vn -0.1803 0.9827 0.0430
vn -0.1839 0.9830 0.0000
vn -0.1803 0.9830 -0.0359
vn -0.1699 0.9830 -0.0704
vn -0.1529 0.9830 -0.1021
vn -0.1300 0.9830 -0.1300
vn -0.1021 0.9830 -0.1529
vn -0.0704 0.9830 -0.1699
vn -0.0359 0.9830 -0.1803
vn -0.0000 0.9830 -0.1839
vn 0.0359 0.9830 -0.1803
vn 0.0704 0.9830 -0.1699
vn 0.1021 0.9830 -0.1529
vn 0.1300 0.9830 -0.1300
vn 0.1529 0.9830 -0.1021
vn 0.1699 0.9830 -0.0704
vn 0.1803 0.9830 -0.0359
vn 0.1839 0.9830 -0.0000
vn 0.2526 0.9676 0.0000
vn 0.2476 0.9671 0.0591
vn 0.2329 0.9656 0.1158
vn 0.2091 0.9634 0.1677
vn 0.1774 0.9609 0.2128
vn 0.1390 0.9583 0.2496
vn 0.0955 0.9562 0.2767
vn 0.0486 0.9548 0.2934
vn 0.0000 0.9543 0.2989
vn -0.0486 0.9548 0.2934
vn -0.0955 0.9562 0.2767
vn -0.1390 0.9583 0.2496
vn -0.1774 0.9609 0.2128
vn -0.2091 0.9634 0.1677
vn -0.2329 0.9656 0.1158
vn -0.2476 0.9671 0.0591
vn -0.2526 0.9676 0.0000
vn -0.2477 0.9676 -0.0493
vn -0.2334 0.9676 -0.0967
vn -0.2100 0.9676 -0.1403
vn -0.1786 0.9676 -0.1786
vn -0.1403 0.9676 -0.2100
vn -0.0967 0.9676 -0.2334
vn -0.0493 0.9676 -0.2477
vn -0.0000 0.9676 -0.2526
vn 0.0493 0.9676 -0.2477
vn 0.0967 0.9676 -0.2334
vn 0.1403 0.9676 -0.2100
vn 0.1786 0.9676 -0.1786
vn 0.2100 0.9676 -0.1403
vn 0.2334 0.9676 -0.0967
vn 0.2477 0.9676 -0.0493
vn 0.2526 0.9676 -0.0000
vn 0.3252 0.9456 0.0000
vn 0.3187 0.9448 0.0761
vn 0.2995 0.9424 0.1488
vn 0.2685 0.9389 0.2153
vn 0.2273 0.9348 0.2728
vn 0.1778 0.9308 0.3194
vn 0.1221 0.9274 0.3536
vn 0.0621 0.9252 0.3745
vn 0.0000 0.9244 0.3815
vn -0.0621 0.9252 0.3745
vn -0.1221 0.9274 0.3536
vn -0.1778 0.9308 0.3194
vn -0.2273 0.9348 0.2728
vn -0.2685 0.9389 0.2153
vn -0.2995 0.9424 0.1488
vn -0.3187 0.9448 0.0761
vn -0.3252 0.9456 0.0000
vn -0.3190 0.9456 -0.0634
vn -0.3005 0.9456 -0.1245
vn -0.2704 0.9456 -0.1807
vn -0.2300 0.9456 -0.2300
vn -0.1807 0.9456 -0.2704
vn -0.1245 0.9456 -0.3005
vn -0.0634 0.9456 -0.3190
vn -0.0000 0.9456 -0.3252
vn 0.0634 0.9456 -0.3190
vn 0.1245 0.9456 -0.3005
vn 0.1807 0.9456 -0.2704
vn 0.2300 0.9456 -0.2300
vn 0.2704 0.9456 -0.1807
vn 0.3005 0.9456 -0.1245
vn 0.3190 0.9456 -0.0634
vn 0.3252 0.9456 -0.0000
vn 0.4015 0.9158 0.0000
vn 0.3933 0.9146 0.0939
vn 0.3691 0.9111 0.1834
vn 0.3303 0.9060 0.2648
vn 0.2790 0.9000 0.3348
vn 0.2178 0.8942 0.3912
vn 0.1492 0.8893 0.4323
vn 0.0758 0.8861 0.4572
vn 0.0000 0.8850 0.4656
vn -0.0758 0.8861 0.4572
vn -0.1492 0.8893 0.4323
vn -0.2178 0.8942 0.3912
vn -0.2790 0.9000 0.3348
vn -0.3303 0.9060 0.2648
vn -0.3691 0.9111 0.1834
vn -0.3933 0.9146 0.0939
vn -0.4015 0.9158 0.0000
vn -0.3938 0.9158 -0.0783
vn -0.3710 0.9158 -0.1537
vn -0.3339 0.9158 -0.2231
vn -0.2839 0.9158 -0.2839
vn -0.2231 0.9158 -0.3339
vn -0.1537 0.9158 -0.3710
vn -0.0783 0.9158 -0.3938
vn -0.0000 0.9158 -0.4015
vn 0.0783 0.9158 -0.3938
vn 0.1537 0.9158 -0.3710
vn 0.2231 0.9158 -0.3339
vn 0.2839 0.9158 -0.2839
vn 0.3339 0.9158 -0.2231
vn 0.3710 0.9158 -0.1537
vn 0.3938 0.9158 -0.0783
vn 0.4015 0.9158 -0.0000
vn 0.4809 0.8768 0.0000
vn 0.4708 0.8751 0.1124
vn 0.4410 0.8703 0.2192
vn 0.3937 0.8633 0.3157
vn 0.3317 0.8553 0.3981
vn 0.2583 0.8475 0.4638
vn 0.1765 0.8410 0.5114
vn 0.0895 0.8368 0.5402
vn 0.0000 0.8353 0.5498
vn -0.0895 0.8368 0.5402
vn -0.1765 0.8410 0.5114
vn -0.2583 0.8475 0.4638
vn -0.3317 0.8553 0.3981
vn -0.3937 0.8633 0.3157
vn -0.4410 0.8703 0.2192
vn -0.4708 0.8751 0.1124
vn -0.4809 0.8768 0.0000
vn -0.4717 0.8768 -0.0938
vn -0.4443 0.8768 -0.1840
vn -0.3999 0.8768 -0.2672
vn -0.3401 0.8768 -0.3401
vn -0.2672 0.8768 -0.3999
vn -0.1840 0.8768 -0.4443
vn -0.0938 0.8768 -0.4717
vn -0.0000 0.8768 -0.4809
vn 0.0938 0.8768 -0.4717
vn 0.1840 0.8768 -0.4443
vn 0.2672 0.8768 -0.3999
vn 0.3401 0.8768 -0.3401
vn 0.3999 0.8768 -0.2672
vn 0.4443 0.8768 -0.1840
vn 0.4717 0.8768 -0.0938
vn 0.4809 0.8768 -0.0000
vn 0.5624 0.8269 0.0000
vn 0.5501 0.8247 0.1313
vn 0.5144 0.8186 0.2557
vn 0.4579 0.8097 0.3671
vn 0.3845 0.7995 0.4614
vn 0.2984 0.7898 0.5359
vn 0.2035 0.7818 0.5895
vn 0.1030 0.7765 0.6216
vn 0.0000 0.7747 0.6323
vn -0.1030 0.7765 0.6216
vn -0.2035 0.7818 0.5895
vn -0.2984 0.7898 0.5359
vn -0.3845 0.7995 0.4614
vn -0.4579 0.8097 0.3671
vn -0.5144 0.8186 0.2557
vn -0.5501 0.8247 0.1313
vn -0.5624 0.8269 0.0000
vn -0.5516 0.8269 -0.1097
vn -0.5196 0.8269 -0.2152
vn -0.4676 0.8269 -0.3124
vn -0.3977 0.8269 -0.3977
vn -0.3124 0.8269 -0.4676
vn -0.2152 0.8269 -0.5196
vn -0.1097 0.8269 -0.5516
vn -0.0000 0.8269 -0.5624
vn 0.1097 0.8269 -0.5516
vn 0.2152 0.8269 -0.5196
vn 0.3124 0.8269 -0.4676
vn 0.3977 0.8269 -0.3977
vn 0.4676 0.8269 -0.3124
vn 0.5196 0.8269 -0.2152
vn 0.5516 0.8269 -0.1097
vn 0.5624 0.8269 -0.0000
vn 0.6443 0.7648 0.0000
vn 0.6297 0.7621 0.1503
vn 0.5874 0.7548 0.2920
vn 0.5212 0.7441 0.4179
vn 0.4361 0.7321 0.5233
vn 0.3373 0.7206 0.6057
vn 0.2293 0.7113 0.6644
vn 0.1159 0.7053 0.6993
vn 0.0000 0.7033 0.7109
vn -0.1159 0.7053 0.6993
vn -0.2293 0.7113 0.6644
vn -0.3373 0.7206 0.6057
vn -0.4361 0.7321 0.5233
vn -0.5212 0.7441 0.4179
vn -0.5874 0.7548 0.2920
vn -0.6297 0.7621 0.1503
vn -0.6443 0.7648 0.0000
vn -0.6319 0.7648 -0.1257
vn -0.5952 0.7648 -0.2466
vn -0.5357 0.7648 -0.3579
vn -0.4556 0.7648 -0.4556
vn -0.3579 0.7648 -0.5357
vn -0.2466 0.7648 -0.5952
vn -0.1257 0.7648 -0.6319
vn -0.0000 0.7648 -0.6443
vn 0.1257 0.7648 -0.6319
vn 0.2466 0.7648 -0.5952
vn 0.3579 0.7648 -0.5357
vn 0.4556 0.7648 -0.4556
vn 0.5357 0.7648 -0.3579
vn 0.5952 0.7648 -0.2466
vn 0.6319 0.7648 -0.1257
vn 0.6443 0.7648 -0.0000
vn 0.7244 0.6894 0.0000
vn 0.7074 0.6863 0.1689
vn 0.6582 0.6780 0.3272
vn 0.5820 0.6660 0.4666
vn 0.4850 0.6527 0.5820
vn 0.3737 0.6402 0.6712
vn 0.2534 0.6301 0.7340
vn 0.1278 0.6236 0.7712
vn 0.0000 0.6213 0.7835
vn -0.1278 0.6236 0.7712
vn -0.2534 0.6301 0.7340
vn -0.3737 0.6402 0.6712
vn -0.4850 0.6527 0.5820
vn -0.5820 0.6660 0.4666
vn -0.6582 0.6780 0.3272
vn -0.7074 0.6863 0.1689
vn -0.7244 0.6894 0.0000
vn -0.7105 0.6894 -0.1413
vn -0.6693 0.6894 -0.2772
vn -0.6023 0.6894 -0.4025
vn -0.5122 0.6894 -0.5122
vn -0.4025 0.6894 -0.6023
vn -0.2772 0.6894 -0.6693
vn -0.1413 0.6894 -0.7105
vn -0.0000 0.6894 -0.7244
vn 0.1413 0.6894 -0.7105
vn 0.2772 0.6894 -0.6693
vn 0.4025 0.6894 -0.6023
vn 0.5122 0.6894 -0.5122
vn 0.6023 0.6894 -0.4025
vn 0.6693 0.6894 -0.2772
vn 0.7105 0.6894 -0.1413
vn 0.7244 0.6894 -0.0000
vn 0.7999 0.6001 0.0000
vn 0.7804 0.5969 0.1863
vn 0.7242 0.5881 0.3600
vn 0.6380 0.5756 0.5115
vn 0.5296 0.5619 0.6355
vn 0.4066 0.5491 0.7302
vn 0.2749 0.5388 0.7963
vn 0.1384 0.5323 0.8351
vn 0.0000 0.5301 0.8479
vn -0.1384 0.5323 0.8351
vn -0.2749 0.5388 0.7963
vn -0.4066 0.5491 0.7302
vn -0.5296 0.5619 0.6355
vn -0.6380 0.5756 0.5115
vn -0.7242 0.5881 0.3600
vn -0.7804 0.5969 0.1863
vn -0.7999 0.6001 0.0000
vn -0.7845 0.6001 -0.1561
vn -0.7390 0.6001 -0.3061
vn -0.6651 0.6001 -0.4444
vn -0.5656 0.6001 -0.5656
vn -0.4444 0.6001 -0.6651
vn -0.3061 0.6001 -0.7390
vn -0.1561 0.6001 -0.7845
vn -0.0000 0.6001 -0.7999
vn 0.1561 0.6001 -0.7845
vn 0.3061 0.6001 -0.7390
vn 0.4444 0.6001 -0.6651
vn 0.5656 0.6001 -0.5656
vn 0.6651 0.6001 -0.4444
vn 0.7390 0.6001 -0.3061
vn 0.7845 0.6001 -0.1561
vn 0.7999 0.6001 -0.0000
vn 0.8675 0.4975 0.0000
vn 0.8455 0.4944 0.2018
vn 0.7827 0.4858 0.3890
vn 0.6870 0.4738 0.5509
vn 0.5682 0.4608 0.6818
vn 0.4347 0.4488 0.7808
vn 0.2931 0.4393 0.8492
vn 0.1474 0.4332 0.8891
vn 0.0000 0.4312 0.9023
vn -0.1474 0.4332 0.8891
vn -0.2931 0.4393 0.8492
vn -0.4347 0.4488 0.7808
vn -0.5682 0.4608 0.6818
vn -0.6870 0.4738 0.5509
vn -0.7827 0.4858 0.3890
vn -0.8455 0.4944 0.2018
vn -0.8675 0.4975 0.0000
vn -0.8508 0.4975 -0.1692
vn -0.8014 0.4975 -0.3320
vn -0.7213 0.4975 -0.4819
vn -0.6134 0.4975 -0.6134
vn -0.4819 0.4975 -0.7213
vn -0.3320 0.4975 -0.8014
vn -0.1692 0.4975 -0.8508
vn -0.0000 0.4975 -0.8675
vn 0.1692 0.4975 -0.8508
vn 0.3320 0.4975 -0.8014
vn 0.4819 0.4975 -0.7213
vn 0.6134 0.4975 -0.6134
vn 0.7213 0.4975 -0.4819
vn 0.8014 0.4975 -0.3320
vn 0.8508 0.4975 -0.1692
vn 0.8675 0.4975 -0.0000
vn 0.9238 0.3830 0.0000
vn 0.8996 0.3803 0.2147
vn 0.8309 0.3729 0.4130
vn 0.7271 0.3626 0.5830
vn 0.5994 0.3514 0.7192
vn 0.4573 0.3413 0.8212
vn 0.3076 0.3333 0.8912
vn 0.1545 0.3283 0.9319
vn 0.0000 0.3266 0.9452
vn -0.1545 0.3283 0.9319
vn -0.3076 0.3333 0.8912
vn -0.4573 0.3413 0.8212
vn -0.5994 0.3514 0.7192
vn -0.7271 0.3626 0.5830
vn -0.8309 0.3729 0.4130
vn -0.8996 0.3803 0.2147
vn -0.9238 0.3830 0.0000
vn -0.9060 0.3830 -0.1802
vn -0.8534 0.3830 -0.3535
vn -0.7681 0.3830 -0.5132
vn -0.6532 0.3830 -0.6532
vn -0.5132 0.3830 -0.7681
vn -0.3535 0.3830 -0.8534
vn -0.1802 0.3830 -0.9060
vn -0.0000 0.3830 -0.9238
vn 0.1802 0.3830 -0.9060
vn 0.3535 0.3830 -0.8534
vn 0.5132 0.3830 -0.7681
vn 0.6532 0.3830 -0.6532
vn 0.7681 0.3830 -0.5132
vn 0.8534 0.3830 -0.3535
vn 0.9060 0.3830 -0.1802
vn 0.9238 0.3830 -0.0000
vn 0.9658 0.2594 0.0000
vn 0.9399 0.2574 0.2243
vn 0.8666 0.2520 0.4307
vn 0.7565 0.2444 0.6066
vn 0.6221 0.2363 0.7465
vn 0.4736 0.2290 0.8505
vn 0.3181 0.2232 0.9214
vn 0.1595 0.2197 0.9624
vn 0.0000 0.2184 0.9759
vn -0.1595 0.2197 0.9624
vn -0.3181 0.2232 0.9214
vn -0.4736 0.2290 0.8505
vn -0.6221 0.2363 0.7465
vn -0.7565 0.2444 0.6066
vn -0.8666 0.2520 0.4307
vn -0.9399 0.2574 0.2243
vn -0.9658 0.2594 0.0000
vn -0.9472 0.2594 -0.1884
vn -0.8923 0.2594 -0.3696
vn -0.8030 0.2594 -0.5366
vn -0.6829 0.2594 -0.6829
vn -0.5366 0.2594 -0.8030
vn -0.3696 0.2594 -0.8923
vn -0.1884 0.2594 -0.9472
vn -0.0000 0.2594 -0.9658
vn 0.1884 0.2594 -0.9472
vn 0.3696 0.2594 -0.8923
vn 0.5366 0.2594 -0.8030
vn 0.6829 0.2594 -0.6829
vn 0.8030 0.2594 -0.5366
vn 0.8923 0.2594 -0.3696
vn 0.9472 0.2594 -0.1884
vn 0.9658 0.2594 -0.0000
vn 0.9915 0.1304 0.0000
vn 0.9645 0.1293 0.2302
vn 0.8883 0.1264 0.4415
vn 0.7743 0.1225 0.6208
vn 0.6357 0.1182 0.7628
vn 0.4833 0.1144 0.8680
vn 0.3243 0.1114 0.9394
vn 0.1625 0.1096 0.9806
vn 0.0000 0.1089 0.9940
vn -0.1625 0.1096 0.9806
vn -0.3243 0.1114 0.9394
vn -0.4833 0.1144 0.8680
vn -0.6357 0.1182 0.7628
vn -0.7743 0.1225 0.6208
vn -0.8883 0.1264 0.4415
vn -0.9645 0.1293 0.2302
vn -0.9915 0.1304 0.0000
vn -0.9724 0.1304 -0.1934
vn -0.9160 0.1304 -0.3794
vn -0.8244 0.1304 -0.5508
vn -0.7011 0.1304 -0.7011
vn -0.5508 0.1304 -0.8244
vn -0.3794 0.1304 -0.9160
vn -0.1934 0.1304 -0.9724
vn -0.0000 0.1304 -0.9915
vn 0.1934 0.1304 -0.9724
vn 0.3794 0.1304 -0.9160
vn 0.5508 0.1304 -0.8244
vn 0.7011 0.1304 -0.7011
vn 0.8244 0.1304 -0.5508
vn 0.9160 0.1304 -0.3794
vn 0.9724 0.1304 -0.1934
vn 0.9915 0.1304 -0.0000
vn 1.0000 0.0000 0.0000
vn 0.9727 0.0000 0.2322
vn 0.8955 0.0000 0.4451
vn 0.7802 0.0000 0.6256
vn 0.6402 0.0000 0.7682
vn 0.4865 0.0000 0.8737
vn 0.3263 0.0000 0.9453
vn 0.1635 0.0000 0.9865
vn 0.0000 0.0000 1.0000
vn -0.1635 0.0000 0.9865
vn -0.3263 0.0000 0.9453
vn -0.4865 0.0000 0.8737
vn -0.6402 0.0000 0.7682
vn -0.7802 0.0000 0.6256
vn -0.8955 0.0000 0.4451
vn -0.9727 0.0000 0.2322
vn -1.0000 0.0000 0.0000
vn -0.9808 0.0000 -0.1951
vn -0.9239 0.0000 -0.3827
vn -0.8315 0.0000 -0.5556
vn -0.7071 0.0000 -0.7071
vn -0.5556 0.0000 -0.8315
vn -0.3827 0.0000 -0.9239
vn -0.1951 0.0000 -0.9808
vn -0.0000 0.0000 -1.0000
vn 0.1951 0.0000 -0.9808
vn 0.3827 0.0000 -0.9239
vn 0.5556 0.0000 -0.8315
vn 0.7071 0.0000 -0.7071
vn 0.8315 0.0000 -0.5556
vn 0.9239 0.0000 -0.3827
vn 0.9808 0.0000 -0.1951
vn 1.0000 0.0000 -0.0000
vn 0.9918 -0.1278 0.0000
vn 0.9648 -0.1268 0.2303
vn 0.8886 -0.1239 0.4417
vn 0.7745 -0.1200 0.6210
vn 0.6359 -0.1159 0.7630
vn 0.4834 -0.1121 0.8682
vn 0.3243 -0.1092 0.9396
vn 0.1626 -0.1074 0.9808
vn 0.0000 -0.1068 0.9943
vn -0.1626 -0.1074 0.9808
vn -0.3243 -0.1092 0.9396
vn -0.4834 -0.1121 0.8682
vn -0.6359 -0.1159 0.7630
vn -0.7745 -0.1200 0.6210
vn -0.8886 -0.1239 0.4417
vn -0.9648 -0.1268 0.2303
vn -0.9918 -0.1278 0.0000
vn -0.9727 -0.1278 -0.1935
vn -0.9163 -0.1278 -0.3795
vn -0.8246 -0.1278 -0.5510
vn -0.7013 -0.1278 -0.7013
vn -0.5510 -0.1278 -0.8246
vn -0.3795 -0.1278 -0.9163
vn -0.1935 -0.1278 -0.9727
vn -0.0000 -0.1278 -0.9918
vn 0.1935 -0.1278 -0.9727
vn 0.3795 -0.1278 -0.9163
vn 0.5510 -0.1278 -0.8246
vn 0.7013 -0.1278 -0.7013
vn 0.8246 -0.1278 -0.5510
vn 0.9163 -0.1278 -0.3795
vn 0.9727 -0.1278 -0.1935
vn 0.9918 -0.1278 -0.0000
vn 0.9683 -0.2498 0.0000
vn 0.9423 -0.2478 0.2249
vn 0.8687 -0.2425 0.4318
vn 0.7583 -0.2352 0.6080
vn 0.6234 -0.2274 0.7481
vn 0.4745 -0.2203 0.8522
vn 0.3187 -0.2148 0.9232
vn 0.1598 -0.2113 0.9643
vn 0.0000 -0.2101 0.9777
vn -0.1598 -0.2113 0.9643
vn -0.3187 -0.2148 0.9232
vn -0.4745 -0.2203 0.8522
vn -0.6234 -0.2274 0.7481
vn -0.7583 -0.2352 0.6080
vn -0.8687 -0.2425 0.4318
vn -0.9423 -0.2478 0.2249
vn -0.9683 -0.2498 0.0000
vn -0.9497 -0.2498 -0.1889
vn -0.8946 -0.2498 -0.3706
vn -0.8051 -0.2498 -0.5380
vn -0.6847 -0.2498 -0.6847
vn -0.5380 -0.2498 -0.8051
vn -0.3706 -0.2498 -0.8946
vn -0.1889 -0.2498 -0.9497
vn -0.0000 -0.2498 -0.9683
vn 0.1889 -0.2498 -0.9497
vn 0.3706 -0.2498 -0.8946
vn 0.5380 -0.2498 -0.8051
vn 0.6847 -0.2498 -0.6847
vn 0.8051 -0.2498 -0.5380
vn 0.8946 -0.2498 -0.3706
vn 0.9497 -0.2498 -0.1889
vn 0.9683 -0.2498 -0.0000
vn 0.9316 -0.3634 0.0000
vn 0.9072 -0.3608 0.2165
vn 0.8376 -0.3536 0.4163
vn 0.7326 -0.3437 0.5874
vn 0.6036 -0.3330 0.7244
vn 0.4604 -0.3232 0.8268
vn 0.3096 -0.3156 0.8970
vn 0.1554 -0.3108 0.9377
vn 0.0000 -0.3091 0.9510
vn -0.1554 -0.3108 0.9377
vn -0.3096 -0.3156 0.8970
vn -0.4604 -0.3232 0.8268
vn -0.6036 -0.3330 0.7244
vn -0.7326 -0.3437 0.5874
vn -0.8376 -0.3536 0.4163
vn -0.9072 -0.3608 0.2165
vn -0.9316 -0.3634 0.0000
vn -0.9137 -0.3634 -0.1818
vn -0.8607 -0.3634 -0.3565
vn -0.7746 -0.3634 -0.5176
vn -0.6588 -0.3634 -0.6588
vn -0.5176 -0.3634 -0.7746
vn -0.3565 -0.3634 -0.8607
vn -0.1818 -0.3634 -0.9137
vn -0.0000 -0.3634 -0.9316
vn 0.1818 -0.3634 -0.9137
vn 0.3565 -0.3634 -0.8607
vn 0.5176 -0.3634 -0.7746
vn 0.6588 -0.3634 -0.6588
vn 0.7746 -0.3634 -0.5176
vn 0.8607 -0.3634 -0.3565
vn 0.9137 -0.3634 -0.1818
vn 0.9316 -0.3634 -0.0000
vn 0.8841 -0.4673 0.0000
vn 0.8615 -0.4643 0.2056
vn 0.7970 -0.4560 0.3961
vn 0.6989 -0.4443 0.5604
vn 0.5775 -0.4317 0.6930
vn 0.4415 -0.4200 0.7929
vn 0.2975 -0.4109 0.8618
vn 0.1495 -0.4051 0.9020
vn 0.0000 -0.4031 0.9152
vn -0.1495 -0.4051 0.9020
vn -0.2975 -0.4109 0.8618
vn -0.4415 -0.4200 0.7929
vn -0.5775 -0.4317 0.6930
vn -0.6989 -0.4443 0.5604
vn -0.7970 -0.4560 0.3961
vn -0.8615 -0.4643 0.2056
vn -0.8841 -0.4673 0.0000
vn -0.8671 -0.4673 -0.1725
vn -0.8168 -0.4673 -0.3383
vn -0.7351 -0.4673 -0.4912
vn -0.6252 -0.4673 -0.6252
vn -0.4912 -0.4673 -0.7351
vn -0.3383 -0.4673 -0.8168
vn -0.1725 -0.4673 -0.8671
vn -0.0000 -0.4673 -0.8841
vn 0.1725 -0.4673 -0.8671
vn 0.3383 -0.4673 -0.8168
vn 0.4912 -0.4673 -0.7351
vn 0.6252 -0.4673 -0.6252
vn 0.7351 -0.4673 -0.4912
vn 0.8168 -0.4673 -0.3383
vn 0.8671 -0.4673 -0.1725
vn 0.8841 -0.4673 -0.0000
vn 0.8280 -0.5608 0.0000
vn 0.8074 -0.5576 0.1927
vn 0.7486 -0.5488 0.3721
vn 0.6585 -0.5364 0.5280
vn 0.5457 -0.5227 0.6549
vn 0.4184 -0.5101 0.7515
vn 0.2826 -0.5001 0.8186
vn 0.1422 -0.4937 0.8579
vn 0.0000 -0.4915 0.8709
vn -0.1422 -0.4937 0.8579
vn -0.2826 -0.5001 0.8186
vn -0.4184 -0.5101 0.7515
vn -0.5457 -0.5227 0.6549
vn -0.6585 -0.5364 0.5280
vn -0.7486 -0.5488 0.3721
vn -0.8074 -0.5576 0.1927
vn -0.8280 -0.5608 0.0000
vn -0.8121 -0.5608 -0.1615
vn -0.7649 -0.5608 -0.3168
vn -0.6884 -0.5608 -0.4600
vn -0.5855 -0.5608 -0.5855
vn -0.4600 -0.5608 -0.6884
vn -0.3168 -0.5608 -0.7649
vn -0.1615 -0.5608 -0.8121
vn -0.0000 -0.5608 -0.8280
vn 0.1615 -0.5608 -0.8121
vn 0.3168 -0.5608 -0.7649
vn 0.4600 -0.5608 -0.6884
vn 0.5855 -0.5608 -0.5855
vn 0.6884 -0.5608 -0.4600
vn 0.7649 -0.5608 -0.3168
vn 0.8121 -0.5608 -0.1615
vn 0.8280 -0.5608 -0.0000
vn 0.7652 -0.6438 0.0000
vn 0.7469 -0.6406 0.1783
vn 0.6940 -0.6320 0.3450
vn 0.6124 -0.6196 0.4910
vn 0.5093 -0.6059 0.6111
vn 0.3917 -0.5931 0.7034
vn 0.2651 -0.5829 0.7681
vn 0.1336 -0.5763 0.8062
vn 0.0000 -0.5741 0.8188
vn -0.1336 -0.5763 0.8062
vn -0.2651 -0.5829 0.7681
vn -0.3917 -0.5931 0.7034
vn -0.5093 -0.6059 0.6111
vn -0.6124 -0.6196 0.4910
vn -0.6940 -0.6320 0.3450
vn -0.7469 -0.6406 0.1783
vn -0.7652 -0.6438 0.0000
vn -0.7505 -0.6438 -0.1493
vn -0.7070 -0.6438 -0.2928
vn -0.6362 -0.6438 -0.4251
vn -0.5411 -0.6438 -0.5411
vn -0.4251 -0.6438 -0.6362
vn -0.2928 -0.6438 -0.7070
vn -0.1493 -0.6438 -0.7505
vn -0.0000 -0.6438 -0.7652
vn 0.1493 -0.6438 -0.7505
vn 0.2928 -0.6438 -0.7070
vn 0.4251 -0.6438 -0.6362
vn 0.5411 -0.6438 -0.5411
vn 0.6362 -0.6438 -0.4251
vn 0.7070 -0.6438 -0.2928
vn 0.7505 -0.6438 -0.1493
vn 0.7652 -0.6438 -0.0000
vn 0.6975 -0.7166 0.0000
vn 0.6813 -0.7137 0.1626
vn 0.6345 -0.7056 0.3154
vn 0.5617 -0.6940 0.4504
vn 0.4687 -0.6811 0.5625
vn 0.3617 -0.6688 0.6495
vn 0.2454 -0.6589 0.7110
vn 0.1239 -0.6526 0.7475
vn 0.0000 -0.6504 0.7596
vn -0.1239 -0.6526 0.7475
vn -0.2454 -0.6589 0.7110
vn -0.3617 -0.6688 0.6495
vn -0.4687 -0.6811 0.5625
vn -0.5617 -0.6940 0.4504
vn -0.6345 -0.7056 0.3154
vn -0.6813 -0.7137 0.1626
vn -0.6975 -0.7166 0.0000
vn -0.6841 -0.7166 -0.1361
vn -0.6444 -0.7166 -0.2669
vn -0.5799 -0.7166 -0.3875
vn -0.4932 -0.7166 -0.4932
vn -0.3875 -0.7166 -0.5799
vn -0.2669 -0.7166 -0.6444
vn -0.1361 -0.7166 -0.6841
vn -0.0000 -0.7166 -0.6975
vn 0.1361 -0.7166 -0.6841
vn 0.2669 -0.7166 -0.6444
vn 0.3875 -0.7166 -0.5799
vn 0.4932 -0.7166 -0.4932
vn 0.5799 -0.7166 -0.3875
vn 0.6444 -0.7166 -0.2669
vn 0.6841 -0.7166 -0.1361
vn 0.6975 -0.7166 -0.0000
vn 0.6260 -0.7798 0.0000
vn 0.6120 -0.7772 0.1461
vn 0.5712 -0.7701 0.2839
vn 0.5072 -0.7598 0.4067
vn 0.4247 -0.7482 0.5097
vn 0.3288 -0.7371 0.5904
vn 0.2237 -0.7280 0.6480
vn 0.1131 -0.7222 0.6824
vn 0.0000 -0.7202 0.6938
vn -0.1131 -0.7222 0.6824
vn -0.2237 -0.7280 0.6480
vn -0.3288 -0.7371 0.5904
vn -0.4247 -0.7482 0.5097
vn -0.5072 -0.7598 0.4067
vn -0.5712 -0.7701 0.2839
vn -0.6120 -0.7772 0.1461
vn -0.6260 -0.7798 0.0000
vn -0.6140 -0.7798 -0.1221
vn -0.5784 -0.7798 -0.2396
vn -0.5205 -0.7798 -0.3478
vn -0.4427 -0.7798 -0.4427
vn -0.3478 -0.7798 -0.5205
vn -0.2396 -0.7798 -0.5784
vn -0.1221 -0.7798 -0.6140
vn -0.0000 -0.7798 -0.6260
vn 0.1221 -0.7798 -0.6140
vn 0.2396 -0.7798 -0.5784
vn 0.3478 -0.7798 -0.5205
vn 0.4427 -0.7798 -0.4427
vn 0.5205 -0.7798 -0.3478
vn 0.5784 -0.7798 -0.2396
vn 0.6140 -0.7798 -0.1221
vn 0.6260 -0.7798 -0.0000
vn 0.5519 -0.8339 0.0000
vn 0.5399 -0.8318 0.1289
vn 0.5050 -0.8258 0.2510
vn 0.4497 -0.8172 0.3606
vn 0.3778 -0.8073 0.4534
vn 0.2933 -0.7978 0.5268
vn 0.2001 -0.7899 0.5796
vn 0.1013 -0.7849 0.6113
vn 0.0000 -0.7831 0.6219
vn -0.1013 -0.7849 0.6113
vn -0.2001 -0.7899 0.5796
vn -0.2933 -0.7978 0.5268
vn -0.3778 -0.8073 0.4534
vn -0.4497 -0.8172 0.3606
vn -0.5050 -0.8258 0.2510
vn -0.5399 -0.8318 0.1289
vn -0.5519 -0.8339 0.0000
vn -0.5413 -0.8339 -0.1077
vn -0.5099 -0.8339 -0.2112
vn -0.4589 -0.8339 -0.3066
vn -0.3903 -0.8339 -0.3903
vn -0.3066 -0.8339 -0.4589
vn -0.2112 -0.8339 -0.5099
vn -0.1077 -0.8339 -0.5413
vn -0.0000 -0.8339 -0.5519
vn 0.1077 -0.8339 -0.5413
vn 0.2112 -0.8339 -0.5099
vn 0.3066 -0.8339 -0.4589
vn 0.3903 -0.8339 -0.3903
vn 0.4589 -0.8339 -0.3066
vn 0.5099 -0.8339 -0.2112
vn 0.5413 -0.8339 -0.1077
vn 0.5519 -0.8339 -0.0000
vn 0.4758 -0.8796 0.0000
vn 0.4658 -0.8779 0.1112
vn 0.4364 -0.8732 0.2169
vn 0.3897 -0.8663 0.3124
vn 0.3284 -0.8584 0.3940
vn 0.2557 -0.8508 0.4592
vn 0.1748 -0.8444 0.5064
vn 0.0887 -0.8402 0.5349
vn 0.0000 -0.8388 0.5445
vn -0.0887 -0.8402 0.5349
vn -0.1748 -0.8444 0.5064
vn -0.2557 -0.8508 0.4592
vn -0.3284 -0.8584 0.3940
vn -0.3897 -0.8663 0.3124
vn -0.4364 -0.8732 0.2169
vn -0.4658 -0.8779 0.1112
vn -0.4758 -0.8796 0.0000
vn -0.4666 -0.8796 -0.0928
vn -0.4396 -0.8796 -0.1821
vn -0.3956 -0.8796 -0.2643
vn -0.3364 -0.8796 -0.3364
vn -0.2643 -0.8796 -0.3956
vn -0.1821 -0.8796 -0.4396
vn -0.0928 -0.8796 -0.4666
vn -0.0000 -0.8796 -0.4758
vn 0.0928 -0.8796 -0.4666
vn 0.1821 -0.8796 -0.4396
vn 0.2643 -0.8796 -0.3956
vn 0.3364 -0.8796 -0.3364
vn 0.3956 -0.8796 -0.2643
vn 0.4396 -0.8796 -0.1821
vn 0.4666 -0.8796 -0.0928
vn 0.4758 -0.8796 -0.0000
vn 0.3982 -0.9173 0.0000
vn 0.3900 -0.9161 0.0931
vn 0.3660 -0.9126 0.1819
vn 0.3276 -0.9076 0.2627
vn 0.2768 -0.9017 0.3322
vn 0.2161 -0.8959 0.3881
vn 0.1480 -0.8911 0.4289
vn 0.0752 -0.8880 0.4537
vn 0.0000 -0.8869 0.4620
vn -0.0752 -0.8880 0.4537
vn -0.1480 -0.8911 0.4289
vn -0.2161 -0.8959 0.3881
vn -0.2768 -0.9017 0.3322
vn -0.3276 -0.9076 0.2627
vn -0.3660 -0.9126 0.1819
vn -0.3900 -0.9161 0.0931
vn -0.3982 -0.9173 0.0000
vn -0.3906 -0.9173 -0.0777
vn -0.3679 -0.9173 -0.1524
vn -0.3311 -0.9173 -0.2212
vn -0.2816 -0.9173 -0.2816
vn -0.2212 -0.9173 -0.3311
vn -0.1524 -0.9173 -0.3679
vn -0.0777 -0.9173 -0.3906
vn -0.0000 -0.9173 -0.3982
vn 0.0777 -0.9173 -0.3906
vn 0.1524 -0.9173 -0.3679
vn 0.2212 -0.9173 -0.3311
vn 0.2816 -0.9173 -0.2816
vn 0.3311 -0.9173 -0.2212
vn 0.3679 -0.9173 -0.1524
vn 0.3906 -0.9173 -0.0777
vn 0.3982 -0.9173 -0.0000
vn 0.3196 -0.9475 0.0000
vn 0.3132 -0.9467 0.0748
vn 0.2943 -0.9444 0.1463
vn 0.2639 -0.9410 0.2116
vn 0.2235 -0.9371 0.2682
vn 0.1749 -0.9332 0.3141
vn 0.1200 -0.9299 0.3477
vn 0.0610 -0.9277 0.3683
vn 0.0000 -0.9269 0.3752
vn -0.0610 -0.9277 0.3683
vn -0.1200 -0.9299 0.3477
vn -0.1749 -0.9332 0.3141
vn -0.2235 -0.9371 0.2682
vn -0.2639 -0.9410 0.2116
vn -0.2943 -0.9444 0.1463
vn -0.3132 -0.9467 0.0748
vn -0.3196 -0.9475 0.0000
vn -0.3135 -0.9475 -0.0624
vn -0.2953 -0.9475 -0.1223
vn -0.2658 -0.9475 -0.1776
vn -0.2260 -0.9475 -0.2260
vn -0.1776 -0.9475 -0.2658
vn -0.1223 -0.9475 -0.2953
vn -0.0624 -0.9475 -0.3135
vn -0.0000 -0.9475 -0.3196
vn 0.0624 -0.9475 -0.3135
vn 0.1223 -0.9475 -0.2953
vn 0.1776 -0.9475 -0.2658
vn 0.2260 -0.9475 -0.2260
vn 0.2658 -0.9475 -0.1776
vn 0.2953 -0.9475 -0.1223
vn 0.3135 -0.9475 -0.0624
vn 0.3196 -0.9475 -0.0000
vn 0.2403 -0.9707 0.0000
vn 0.2356 -0.9702 0.0562
vn 0.2216 -0.9689 0.1101
vn 0.1990 -0.9669 0.1596
vn 0.1688 -0.9646 0.2026
vn 0.1323 -0.9623 0.2377
vn 0.0910 -0.9603 0.2636
vn 0.0463 -0.9591 0.2794
vn 0.0000 -0.9586 0.2847
vn -0.0463 -0.9591 0.2794
vn -0.0910 -0.9603 0.2636
vn -0.1323 -0.9623 0.2377
vn -0.1688 -0.9646 0.2026
vn -0.1990 -0.9669 0.1596
vn -0.2216 -0.9689 0.1101
vn -0.2356 -0.9702 0.0562
vn -0.2403 -0.9707 0.0000
vn -0.2357 -0.9707 -0.0469
vn -0.2220 -0.9707 -0.0920
vn -0.1998 -0.9707 -0.1335
vn -0.1699 -0.9707 -0.1699
vn -0.1335 -0.9707 -0.1998
vn -0.0920 -0.9707 -0.2220
vn -0.0469 -0.9707 -0.2357
vn -0.0000 -0.9707 -0.2403
vn 0.0469 -0.9707 -0.2357
vn 0.0920 -0.9707 -0.2220
vn 0.1335 -0.9707 -0.1998
vn 0.1699 -0.9707 -0.1699
vn 0.1998 -0.9707 -0.1335
vn 0.2220 -0.9707 -0.0920
vn 0.2357 -0.9707 -0.0469
vn 0.2403 -0.9707 -0.0000
vn 0.1604 -0.9870 0.0000
vn 0.1573 -0.9868 0.0376
vn 0.1481 -0.9862 0.0736
vn 0.1332 -0.9853 0.1068
vn 0.1131 -0.9843 0.1358
vn 0.0888 -0.9832 0.1595
vn 0.0611 -0.9823 0.1770
vn 0.0311 -0.9817 0.1878
vn 0.0000 -0.9815 0.1915
vn -0.0311 -0.9817 0.1878
vn -0.0611 -0.9823 0.1770
vn -0.0888 -0.9832 0.1595
vn -0.1131 -0.9843 0.1358
vn -0.1332 -0.9853 0.1068
vn -0.1481 -0.9862 0.0736
vn -0.1573 -0.9868 0.0376
vn -0.1604 -0.9870 0.0000
vn -0.1574 -0.9870 -0.0313
vn -0.1482 -0.9870 -0.0614
vn -0.1334 -0.9870 -0.0891
vn -0.1135 -0.9870 -0.1135
vn -0.0891 -0.9870 -0.1334
vn -0.0614 -0.9870 -0.1482
vn -0.0313 -0.9870 -0.1574
vn -0.0000 -0.9870 -0.1604
vn 0.0313 -0.9870 -0.1574
vn 0.0614 -0.9870 -0.1482
vn 0.0891 -0.9870 -0.1334
vn 0.1135 -0.9870 -0.1135
vn 0.1334 -0.9870 -0.0891
vn 0.1482 -0.9870 -0.0614
vn 0.1574 -0.9870 -0.0313
vn 0.1604 -0.9870 -0.0000
vn 0.0803 -0.9968 0.0000
vn 0.0788 -0.9967 0.0188
vn 0.0742 -0.9966 0.0369
vn 0.0667 -0.9963 0.0535
vn 0.0567 -0.9961 0.0681
vn 0.0446 -0.9958 0.0800
vn 0.0307 -0.9956 0.0889
vn 0.0156 -0.9954 0.0944
vn 0.0000 -0.9954 0.0962
vn -0.0156 -0.9954 0.0944
vn -0.0307 -0.9956 0.0889
vn -0.0446 -0.9958 0.0800
vn -0.0567 -0.9961 0.0681
vn -0.0667 -0.9963 0.0535
vn -0.0742 -0.9966 0.0369
vn -0.0788 -0.9967 0.0188
vn -0.0803 -0.9968 0.0000
vn -0.0788 -0.9968 -0.0157
vn -0.0742 -0.9968 -0.0307
vn -0.0668 -0.9968 -0.0446
vn -0.0568 -0.9968 -0.0568
vn -0.0446 -0.9968 -0.0668
vn -0.0307 -0.9968 -0.0742
vn -0.0157 -0.9968 -0.0788
vn -0.0000 -0.9968 -0.0803
vn 0.0157 -0.9968 -0.0788
vn 0.0307 -0.9968 -0.0742
vn 0.0446 -0.9968 -0.0668
vn 0.0568 -0.9968 -0.0568
vn 0.0668 -0.9968 -0.0446
vn 0.0742 -0.9968 -0.0307
vn 0.0788 -0.9968 -0.0157
vn 0.0803 -0.9968 -0.0000
vn 0.0000 -1.0000 0.0000
vn 0.0000 -1.0000 0.0000
vn 0.0000 -1.0000 0.0000
vn 0.0000 -1.0000 0.0000
vn 0.0000 -1.0000 0.0000
vn 0.0000 -1.0000 0.0000
vn 0.0000 -1.0000 0.0000
vn 0.0000 -1.0000 0.0000
vn 0.0000 -1.0000 0.0000
vn -0.0000 -1.0000 0.0000
vn -0.0000 -1.0000 0.0000
vn -0.0000 -1.0000 0.0000
vn -0.0000 -1.0000 0.0000
vn -0.0000 -1.0000 0.0000
vn -0.0000 -1.0000 0.0000
vn -0.0000 -1.0000 0.0000
vn -0.0000 -1.0000 0.0000
vn -0.0000 -1.0000 -0.0000
vn -0.0000 -1.0000 -0.0000
vn -0.0000 -1.0000 -0.0000
vn -0.0000 -1.0000 -0.0000
vn -0.0000 -1.0000 -0.0000
vn -0.0000 -1.0000 -0.0000
vn -0.0000 -1.0000 -0.0000
vn -0.0000 -1.0000 -0.0000
vn 0.0000 -1.0000 -0.0000
vn 0.0000 -1.0000 -0.0000
vn 0.0000 -1.0000 -0.0000
vn 0.0000 -1.0000 -0.0000
vn 0.0000 -1.0000 -0.0000
vn 0.0000 -1.0000 -0.0000
vn 0.0000 -1.0000 -0.0000
vn 0.0000 -1.0000 -0.0000
vn 0.0000 1.0000 0.0000
vn 0.0000 1.0000 0.0000
vn 0.0000 1.0000 0.0000
vn 0.0000 1.0000 0.0000
vn 0.0000 1.0000 0.0000
vn 0.0000 1.0000 0.0000
vn 0.0000 1.0000 0.0000
vn 0.0000 1.0000 0.0000
vn 0.0000 1.0000 0.0000
vn 0.0000 1.0000 0.0000
vn 0.0000 1.0000 0.0000
vn 0.0000 1.0000 0.0000
vn 0.0000 1.0000 0.0000
vn 0.0000 1.0000 0.0000
vn 0.0000 1.0000 0.0000
vn 0.0000 1.0000 0.0000
vn 0.0000 1.0000 0.0000
vn 0.0000 1.0000 0.0000
vn 0.0000 1.0000 0.0000
vn 0.0000 1.0000 0.0000
vn 0.0000 1.0000 0.0000
vn 0.0000 1.0000 0.0000
vn 0.0000 1.0000 0.0000
vn 0.0000 1.0000 0.0000
vn 0.0000 1.0000 0.0000
vn 0.0000 1.0000 0.0000
vn 0.0000 1.0000 0.0000
vn 0.0000 1.0000 0.0000
vn 0.0000 1.0000 0.0000
vn 0.0000 1.0000 0.0000
vn 0.0000 1.0000 0.0000
vn 0.0000 1.0000 0.0000
vn 0.0000 1.0000 0.0000
vn 0.0000 1.0000 0.0000
vn 1.0000 0.0000 0.0000
vn 0.9808 0.0000 0.1951
vn 0.9239 0.0000 0.3827
vn 0.8315 0.0000 0.5556
vn 0.7071 0.0000 0.7071
vn 0.5556 0.0000 0.8315
vn 0.3827 0.0000 0.9239
vn 0.1951 0.0000 0.9808
vn 0.0000 0.0000 1.0000
vn -0.1951 0.0000 0.9808
vn -0.3827 0.0000 0.9239
vn -0.5556 0.0000 0.8315
vn -0.7071 0.0000 0.7071
vn -0.8315 0.0000 0.5556
vn -0.9239 0.0000 0.3827
vn -0.9808 0.0000 0.1951
vn -1.0000 0.0000 0.0000
vn -0.9808 0.0000 -0.1951
vn -0.9239 0.0000 -0.3827
vn -0.8315 0.0000 -0.5556
vn -0.7071 0.0000 -0.7071
vn -0.5556 0.0000 -0.8315
vn -0.3827 0.0000 -0.9239
vn -0.1951 0.0000 -0.9808
vn -0.0000 0.0000 -1.0000
vn 0.1951 0.0000 -0.9808
vn 0.3827 0.0000 -0.9239
vn 0.5556 0.0000 -0.8315
vn 0.7071 0.0000 -0.7071
vn 0.8315 0.0000 -0.5556
vn 0.9239 0.0000 -0.3827
vn 0.9808 0.0000 -0.1951
vn 1.0000 0.0000 -0.0000
vn 1.0000 0.0000 0.0000
vn 0.9808 0.0000 0.1951
vn 0.9239 0.0000 0.3827
vn 0.8315 0.0000 0.5556
vn 0.7071 0.0000 0.7071
vn 0.5556 0.0000 0.8315
vn 0.3827 0.0000 0.9239
vn 0.1951 0.0000 0.9808
vn 0.0000 0.0000 1.0000
vn -0.1951 0.0000 0.9808
vn -0.3827 0.0000 0.9239
vn -0.5556 0.0000 0.8315
vn -0.7071 0.0000 0.7071
vn -0.8315 0.0000 0.5556
vn -0.9239 0.0000 0.3827
vn -0.9808 0.0000 0.1951
vn -1.0000 0.0000 0.0000
vn -0.9808 0.0000 -0.1951
vn -0.9239 0.0000 -0.3827
vn -0.8315 0.0000 -0.5556
vn -0.7071 0.0000 -0.7071
vn -0.5556 0.0000 -0.8315
vn -0.3827 0.0000 -0.9239
vn -0.1951 0.0000 -0.9808
vn -0.0000 0.0000 -1.0000
vn 0.1951 0.0000 -0.9808
vn 0.3827 0.0000 -0.9239
vn 0.5556 0.0000 -0.8315
vn 0.7071 0.0000 -0.7071
vn 0.8315 0.0000 -0.5556
vn 0.9239 0.0000 -0.3827
vn 0.9808 0.0000 -0.1951
vn 1.0000 0.0000 -0.0000
f 1/1/1 34/34/34 35/35/35
f 1/1/1 35/35/35 2/2/2
f 2/2/2 35/35/35 36/36/36
f 2/2/2 36/36/36 3/3/3
f 3/3/3 36/36/36 37/37/37
f 3/3/3 37/37/37 4/4/4
f 4/4/4 37/37/37 38/38/38
f 4/4/4 38/38/38 5/5/5
f 5/5/5 38/38/38 39/39/39
f 5/5/5 39/39/39 6/6/6
f 6/6/6 39/39/39 40/40/40
f 6/6/6 40/40/40 7/7/7
f 7/7/7 40/40/40 41/41/41
f 7/7/7 41/41/41 8/8/8
f 8/8/8 41/41/41 42/42/42
f 8/8/8 42/42/42 9/9/9
f 9/9/9 42/42/42 43/43/43
f 9/9/9 43/43/43 10/10/10
f 10/10/10 43/43/43 44/44/44
f 10/10/10 44/44/44 11/11/11
f 11/11/11 44/44/44 45/45/45
f 11/11/11 45/45/45 12/12/12
f 12/12/12 45/45/45 46/46/46
f 12/12/12 46/46/46 13/13/13
f 13/13/13 46/46/46 47/47/47
f 13/13/13 47/47/47 14/14/14
f 14/14/14 47/47/47 48/48/48
f 14/14/14 48/48/48 15/15/15
f 15/15/15 48/48/48 49/49/49
f 15/15/15 49/49/49 16/16/16
f 16/16/16 49/49/49 50/50/50
f 16/16/16 50/50/50 17/17/17
f 17/17/17 50/50/50 51/51/51
f 17/17/17 51/51/51 18/18/18
f 18/18/18 51/51/51 52/52/52
f 18/18/18 52/52/52 19/19/19
f 19/19/19 52/52/52 53/53/53
f 19/19/19 53/53/53 20/20/20
f 20/20/20 53/53/53 54/54/54
f 20/20/20 54/54/54 21/21/21
f 21/21/21 54/54/54 55/55/55
f 21/21/21 55/55/55 22/22/22
f 22/22/22 55/55/55 56/56/56
f 22/22/22 56/56/56 23/23/23
f 23/23/23 56/56/56 57/57/57
f 23/23/23 57/57/57 24/24/24
f 24/24/24 57/57/57 58/58/58
f 24/24/24 58/58/58 25/25/25
f 25/25/25 58/58/58 59/59/59
f 25/25/25 59/59/59 26/26/26
f 26/26/26 59/59/59 60/60/60
f 26/26/26 60/60/60 27/27/27
f 27/27/27 60/60/60 61/61/61
f 27/27/27 61/61/61 28/28/28
f 28/28/28 61/61/61 62/62/62
f 28/28/28 62/62/62 29/29/29
f 29/29/29 62/62/62 63/63/63
f 29/29/29 63/63/63 30/30/30
f 30/30/30 63/63/63 64/64/64
f 30/30/30 64/64/64 31/31/31
f 31/31/31 64/64/64 65/65/65
f 31/31/31 65/65/65 32/32/32
f 32/32/32 65/65/65 66/66/66
f 32/32/32 66/66/66 33/33/33
f 34/34/34 67/67/67 68/68/68
f 34/34/34 68/68/68 35/35/35
f 35/35/35 68/68/68 69/69/69
f 35/35/35 69/69/69 36/36/36
f 36/36/36 69/69/69 70/70/70
f 36/36/36 70/70/70 37/37/37
f 37/37/37 70/70/70 71/71/71
f 37/37/37 71/71/71 38/38/38
f 38/38/38 71/71/71 72/72/72
f 38/38/38 72/72/72 39/39/39
f 39/39/39 72/72/72 73/73/73
f 39/39/39 73/73/73 40/40/40
f 40/40/40 73/73/73 74/74/74
f 40/40/40 74/74/74 41/41/41
f 41/41/41 74/74/74 75/75/75
f 41/41/41 75/75/75 42/42/42
f 42/42/42 75/75/75 76/76/76
f 42/42/42 76/76/76 43/43/43
f 43/43/43 76/76/76 77/77/77
f 43/43/43 77/77/77 44/44/44
f 44/44/44 77/77/77 78/78/78
f 44/44/44 78/78/78 45/45/45
f 45/45/45 78/78/78 79/79/79
f 45/45/45 79/79/79 46/46/46
f 46/46/46 79/79/79 80/80/80
f 46/46/46 80/80/80 47/47/47
f 47/47/47 80/80/80 81/81/81
f 47/47/47 81/81/81 48/48/48
f 48/48/48 81/81/81 82/82/82
f 48/48/48 82/82/82 49/49/49
f 49/49/49 82/82/82 83/83/83
f 49/49/49 83/83/83 50/50/50
f 50/50/50 83/83/83 84/84/84
f 50/50/50 84/84/84 51/51/51
f 51/51/51 84/84/84 85/85/85
f 51/51/51 85/85/85 52/52/52
f 52/52/52 85/85/85 86/86/86
f 52/52/52 86/86/86 53/53/53
f 53/53/53 86/86/86 87/87/87
f 53/53/53 87/87/87 54/54/54
f 54/54/54 87/87/87 88/88/88
f 54/54/54 88/88/88 55/55/55
f 55/55/55 88/88/88 89/89/89
f 55/55/55 89/89/89 56/56/56
f 56/56/56 89/89/89 90/90/90
f 56/56/56 90/90/90 57/57/57
f 57/57/57 90/90/90 91/91/91
f 57/57/57 91/91/91 58/58/58
f 58/58/58 91/91/91 92/92/92
f 58/58/58 92/92/92 59/59/59
f 59/59/59 92/92/92 93/93/93
f 59/59/59 93/93/93 60/60/60
f 60/60/60 93/93/93 94/94/94
f 60/60/60 94/94/94 61/61/61
f 61/61/61 94/94/94 95/95/95
f 61/61/61 95/95/95 62/62/62
f 62/62/62 95/95/95 96/96/96
f 62/62/62 96/96/96 63/63/63
f 63/63/63 96/96/96 97/97/97
f 63/63/63 97/97/97 64/64/64
f 64/64/64 97/97/97 98/98/98
f 64/64/64 98/98/98 65/65/65
f 65/65/65 98/98/98 99/99/99
f 65/65/65 99/99/99 66/66/66
f 67/67/67 100/100/100 101/101/101
f 67/67/67 101/101/101 68/68/68
f 68/68/68 101/101/101 102/102/102
f 68/68/68 102/102/102 69/69/69
f 69/69/69 102/102/102 103/103/103
f 69/69/69 103/103/103 70/70/70
f 70/70/70 103/103/103 104/104/104
f 70/70/70 104/104/104 71/71/71
f 71/71/71 104/104/104 105/105/105
f 71/71/71 105/105/105 72/72/72
f 72/72/72 105/105/105 106/106/106
f 72/72/72 106/106/106 73/73/73
f 73/73/73 106/106/106 107/107/107
f 73/73/73 107/107/107 74/74/74
f 74/74/74 107/107/107 108/108/108
f 74/74/74 108/108/108 75/75/75
f 75/75/75 108/108/108 109/109/109
f 75/75/75 109/109/109 76/76/76
f 76/76/76 109/109/109 110/110/110
f 76/76/76 110/110/110 77/77/77
f 77/77/77 110/110/110 111/111/111
f 77/77/77 111/111/111 78/78/78
f 78/78/78 111/111/111 112/112/112
f 78/78/78 112/112/112 79/79/79
f 79/79/79 112/112/112 113/113/113
f 79/79/79 113/113/113 80/80/80
f 80/80/80 113/113/113 114/114/114
f 80/80/80 114/114/114 81/81/81
f 81/81/81 114/114/114 115/115/115
f 81/81/81 115/115/115 82/82/82
f 82/82/82 115/115/115 116/116/116
f 82/82/82 116/116/116 83/83/83
f 83/83/83 116/116/116 117/117/117
f 83/83/83 117/117/117 84/84/84
f 84/84/84 117/117/117 118/118/118
f 84/84/84 118/118/118 85/85/85
f 85/85/85 118/118/118 119/119/119
f 85/85/85 119/119/119 86/86/86
f 86/86/86 119/119/119 120/120/120
f 86/86/86 120/120/120 87/87/87
f 87/87/87 120/120/120 121/121/121
f 87/87/87 121/121/121 88/88/88
f 88/88/88 121/121/121 122/122/122
f 88/88/88 122/122/122 89/89/89
f 89/89/89 122/122/122 123/123/123
f 89/89/89 123/123/123 90/90/90
f 90/90/90 123/123/123 124/124/124
f 90/90/90 124/124/124 91/91/91
f 91/91/91 124/124/124 125/125/125
f 91/91/91 125/125/125 92/92/92
f 92/92/92 125/125/125 126/126/126
f 92/92/92 126/126/126 93/93/93
f 93/93/93 126/126/126 127/127/127
f 93/93/93 127/127/127 94/94/94
f 94/94/94 127/127/127 128/128/128
f 94/94/94 128/128/128 95/95/95
f 95/95/95 128/128/128 129/129/129
f 95/95/95 129/129/129 96/96/96
f 96/96/96 129/129/129 130/130/130
f 96/96/96 130/130/130 97/97/97
f 97/97/97 130/130/130 131/131/131
f 97/97/97 131/131/131 98/98/98
f 98/98/98 131/131/131 132/132/132
f 98/98/98 132/132/132 99/99/99
f 100/100/100 133/133/133 134/134/134
f 100/100/100 134/134/134 101/101/101
f 101/101/101 134/134/134 135/135/135
f 101/101/101 135/135/135 102/102/102
f 102/102/102 135/135/135 136/136/136
f 102/102/102 136/136/136 103/103/103
f 103/103/103 136/136/136 137/137/137
f 103/103/103 137/137/137 104/104/104
f 104/104/104 137/137/137 138/138/138
f 104/104/104 138/138/138 105/105/105
f 105/105/105 138/138/138 139/139/139
f 105/105/105 139/139/139 106/106/106
f 106/106/106 139/139/139 140/140/140
f 106/106/106 140/140/140 107/107/107
f 107/107/107 140/140/140 141/141/141
f 107/107/107 141/141/141 108/108/108
f 108/108/108 141/141/141 142/142/142
f 108/108/108 142/142/142 109/109/109
f 109/109/109 142/142/142 143/143/143
f 109/109/109 143/143/143 110/110/110
f 110/110/110 143/143/143 144/144/144
f 110/110/110 144/144/144 111/111/111
f 111/111/111 144/144/144 145/145/145
f 111/111/111 145/145/145 112/112/112
f 112/112/112 145/145/145 146/146/146
f 112/112/112 146/146/146 113/113/113
f 113/113/113 146/146/146 147/147/147
f 113/113/113 147/147/147 114/114/114
f 114/114/114 147/147/147 148/148/148
f 114/114/114 148/148/148 115/115/115
f 115/115/115 148/148/148 149/149/149
f 115/115/115 149/149/149 116/116/116
f 116/116/116 149/149/149 150/150/150
f 116/116/116 150/150/150 117/117/117
f 117/117/117 150/150/150 151/151/151
f 117/117/117 151/151/151 118/118/118
f 118/118/118 151/151/151 152/152/152
f 118/118/118 152/152/152 119/119/119
f 119/119/119 152/152/152 153/153/153
f 119/119/119 153/153/153 120/120/120
f 120/120/120 153/153/153 154/154/154
f 120/120/120 154/154/154 121/121/121
f 121/121/121 154/154/154 155/155/155
f 121/121/121 155/155/155 122/122/122
f 122/122/122 155/155/155 156/156/156
f 122/122/122 156/156/156 123/123/123
f 123/123/123 156/156/156 157/157/157
f 123/123/123 157/157/157 124/124/124
f 124/124/124 157/157/157 158/158/158
f 124/124/124 158/158/158 125/125/125
f 125/125/125 158/158/158 159/159/159
f 125/125/125 159/159/159 126/126/126
f 126/126/126 159/159/159 160/160/160
f 126/126/126 160/160/160 127/127/127
f 127/127/127 160/160/160 161/161/161
f 127/127/127 161/161/161 128/128/128
f 128/128/128 161/161/161 162/162/162
f 128/128/128 162/162/162 129/129/129
f 129/129/129 162/162/162 163/163/163
f 129/129/129 163/163/163 130/130/130
f 130/130/130 163/163/163 164/164/164
f 130/130/130 164/164/164 131/131/131
f 131/131/131 164/164/164 165/165/165
f 131/131/131 165/165/165 132/132/132
f 133/133/133 166/166/166 167/167/167
f 133/133/133 167/167/167 134/134/134
f 134/134/134 167/167/167 168/168/168
f 134/134/134 168/168/168 135/135/135
f 135/135/135 168/168/168 169/169/169
f 135/135/135 169/169/169 136/136/136
f 136/136/136 169/169/169 170/170/170
f 136/136/136 170/170/170 137/137/137
f 137/137/137 170/170/170 171/171/171
f 137/137/137 171/171/171 138/138/138
f 138/138/138 171/171/171 172/172/172
f 138/138/138 172/172/172 139/139/139
f 139/139/139 172/172/172 173/173/173
f 139/139/139 173/173/173 140/140/140
f 140/140/140 173/173/173 174/174/174
f 140/140/140 174/174/174 141/141/141
f 141/141/141 174/174/174 175/175/175
f 141/141/141 175/175/175 142/142/142
f 142/142/142 175/175/175 176/176/176
f 142/142/142 176/176/176 143/143/143
f 143/143/143 176/176/176 177/177/177
f 143/143/143 177/177/177 144/144/144
f 144/144/144 177/177/177 178/178/178
f 144/144/144 178/178/178 145/145/145
f 145/145/145 178/178/178 179/179/179
f 145/145/145 179/179/179 146/146/146
f 146/146/146 179/179/179 180/180/180
f 146/146/146 180/180/180 147/147/147
f 147/147/147 180/180/180 181/181/181
f 147/147/147 181/181/181 148/148/148
f 148/148/148 181/181/181 182/182/182
f 148/148/148 182/182/182 149/149/149
f 149/149/149 182/182/182 183/183/183
f 149/149/149 183/183/183 150/150/150
f 150/150/150 183/183/183 184/184/184
f 150/150/150 184/184/184 151/151/151
f 151/151/151 184/184/184 185/185/185
f 151/151/151 185/185/185 152/152/152
f 152/152/152 185/185/185 186/186/186
f 152/152/152 186/186/186 153/153/153
f 153/153/153 186/186/186 187/187/187
f 153/153/153 187/187/187 154/154/154
f 154/154/154 187/187/187 188/188/188
f 154/154/154 188/188/188 155/155/155
f 155/155/155 188/188/188 189/189/189
f 155/155/155 189/189/189 156/156/156
f 156/156/156 189/189/189 190/190/190
f 156/156/156 190/190/190 157/157/157
f 157/157/157 190/190/190 191/191/191
f 157/157/157 191/191/191 158/158/158
f 158/158/158 191/191/191 192/192/192
f 158/158/158 192/192/192 159/159/159
f 159/159/159 192/192/192 193/193/193
f 159/159/159 193/193/193 160/160/160
f 160/160/160 193/193/193 194/194/194
f 160/160/160 194/194/194 161/161/161
f 161/161/161 194/194/194 195/195/195
f 161/161/161 195/195/195 162/162/162
f 162/162/162 195/195/195 196/196/196
f 162/162/162 196/196/196 163/163/163
f 163/163/163 196/196/196 197/197/197
f 163/163/163 197/197/197 164/164/164
f 164/164/164 197/197/197 198/198/198
f 164/164/164 198/198/198 165/165/165
f 166/166/166 199/199/199 200/200/200
f 166/166/166 200/200/200 167/167/167
f 167/167/167 200/200/200 201/201/201
f 167/167/167 201/201/201 168/168/168
f 168/168/168 201/201/201 202/202/202
f 168/168/168 202/202/202 169/169/169
f 169/169/169 202/202/202 203/203/203
f 169/169/169 203/203/203 170/170/170
f 170/170/170 203/203/203 204/204/204
f 170/170/170 204/204/204 171/171/171
f 171/171/171 204/204/204 205/205/205
f 171/171/171 205/205/205 172/172/172
f 172/172/172 205/205/205 206/206/206
f 172/172/172 206/206/206 173/173/173
f 173/173/173 206/206/206 207/207/207
f 173/173/173 207/207/207 174/174/174
f 174/174/174 207/207/207 208/208/208
f 174/174/174 208/208/208 175/175/175
f 175/175/175 208/208/208 209/209/209
f 175/175/175 209/209/209 176/176/176
f 176/176/176 209/209/209 210/210/210
f 176/176/176 210/210/210 177/177/177
f 177/177/177 210/210/210 211/211/211
f 177/177/177 211/211/211 178/178/178
f 178/178/178 211/211/211 212/212/212
f 178/178/178 212/212/212 179/179/179
f 179/179/179 212/212/212 213/213/213
f 179/179/179 213/213/213 180/180/180
f 180/180/180 213/213/213 214/214/214
f 180/180/180 214/214/214 181/181/181
f 181/181/181 214/214/214 215/215/215
f 181/181/181 215/215/215 182/182/182
f 182/182/182 215/215/215 216/216/216
f 182/182/182 216/216/216 183/183/183
f 183/183/183 216/216/216 217/217/217
f 183/183/183 217/217/217 184/184/184
f 184/184/184 217/217/217 218/218/218
f 184/184/184 218/218/218 185/185/185
f 185/185/185 218/218/218 219/219/219
f 185/185/185 219/219/219 186/186/186
f 186/186/186 219/219/219 220/220/220
f 186/186/186 220/220/220 187/187/187
f 187/187/187 220/220/220 221/221/221
f 187/187/187 221/221/221 188/188/188
f 188/188/188 221/221/221 222/222/222
f 188/188/188 222/222/222 189/189/189
f 189/189/189 222/222/222 223/223/223
f 189/189/189 223/223/223 190/190/190
f 190/190/190 223/223/223 224/224/224
f 190/190/190 224/224/224 191/191/191
f 191/191/191 224/224/224 225/225/225
f 191/191/191 225/225/225 192/192/192
f 192/192/192 225/225/225 226/226/226
f 192/192/192 226/226/226 193/193/193
f 193/193/193 226/226/226 227/227/227
f 193/193/193 227/227/227 194/194/194
f 194/194/194 227/227/227 228/228/228
f 194/194/194 228/228/228 195/195/195
f 195/195/195 228/228/228 229/229/229
f 195/195/195 229/229/229 196/196/196
f 196/196/196 229/229/229 230/230/230
f 196/196/196 230/230/230 197/197/197
f 197/197/197 230/230/230 231/231/231
f 197/197/197 231/231/231 198/198/198
f 199/199/199 232/232/232 233/233/233
f 199/199/199 233/233/233 200/200/200
f 200/200/200 233/233/233 234/234/234
f 200/200/200 234/234/234 201/201/201
f 201/201/201 234/234/234 235/235/235
f 201/201/201 235/235/235 202/202/202
f 202/202/202 235/235/235 236/236/236
f 202/202/202 236/236/236 203/203/203
f 203/203/203 236/236/236 237/237/237
f 203/203/203 237/237/237 204/204/204
f 204/204/204 237/237/237 238/238/238
f 204/204/204 238/238/238 205/205/205
f 205/205/205 238/238/238 239/239/239
f 205/205/205 239/239/239 206/206/206
f 206/206/206 239/239/239 240/240/240
f 206/206/206 240/240/240 207/207/207
f 207/207/207 240/240/240 241/241/241
f 207/207/207 241/241/241 208/208/208
f 208/208/208 241/241/241 242/242/242
f 208/208/208 242/242/242 209/209/209
f 209/209/209 242/242/242 243/243/243
f 209/209/209 243/243/243 210/210/210
f 210/210/210 243/243/243 244/244/244
f 210/210/210 244/244/244 211/211/211
f 211/211/211 244/244/244 245/245/245
f 211/211/211 245/245/245 212/212/212
f 212/212/212 245/245/245 246/246/246
f 212/212/212 246/246/246 213/213/213
f 213/213/213 246/246/246 247/247/247
f 213/213/213 247/247/247 214/214/214
f 214/214/214 247/247/247 248/248/248
f 214/214/214 248/248/248 215/215/215
f 215/215/215 248/248/248 249/249/249
f 215/215/215 249/249/249 216/216/216
f 216/216/216 249/249/249 250/250/250
f 216/216/216 250/250/250 217/217/217
f 217/217/217 250/250/250 251/251/251
f 217/217/217 251/251/251 218/218/218
f 218/218/218 251/251/251 252/252/252
f 218/218/218 252/252/252 219/219/219
f 219/219/219 252/252/252 253/253/253
f 219/219/219 253/253/253 220/220/220
f 220/220/220 253/253/253 254/254/254
f 220/220/220 254/254/254 221/221/221
f 221/221/221 254/254/254 255/255/255
f 221/221/221 255/255/255 222/222/222
f 222/222/222 255/255/255 256/256/256
f 222/222/222 256/256/256 223/223/223
f 223/223/223 256/256/256 257/257/257
f 223/223/223 257/257/257 224/224/224
f 224/224/224 257/257/257 258/258/258
f 224/224/224 258/258/258 225/225/225
f 225/225/225 258/258/258 259/259/259
f 225/225/225 259/259/259 226/226/226
f 226/226/226 259/259/259 260/260/260
f 226/226/226 260/260/260 227/227/227
f 227/227/227 260/260/260 261/261/261
f 227/227/227 261/261/261 228/228/228
f 228/228/228 261/261/261 262/262/262
f 228/228/228 262/262/262 229/229/229
f 229/229/229 262/262/262 263/263/263
f 229/229/229 263/263/263 230/230/230
f 230/230/230 263/263/263 264/264/264
f 230/230/230 264/264/264 231/231/231
f 232/232/232 265/265/265 266/266/266
f 232/232/232 266/266/266 233/233/233
f 233/233/233 266/266/266 267/267/267
f 233/233/233 267/267/267 234/234/234
f 234/234/234 267/267/267 268/268/268
f 234/234/234 268/268/268 235/235/235
f 235/235/235 268/268/268 269/269/269
f 235/235/235 269/269/269 236/236/236
f 236/236/236 269/269/269 270/270/270
f 236/236/236 270/270/270 237/237/237
f 237/237/237 270/270/270 271/271/271
f 237/237/237 271/271/271 238/238/238
f 238/238/238 271/271/271 272/272/272
f 238/238/238 272/272/272 239/239/239
f 239/239/239 272/272/272 273/273/273
f 239/239/239 273/273/273 240/240/240
f 240/240/240 273/273/273 274/274/274
f 240/240/240 274/274/274 241/241/241
f 241/241/241 274/274/274 275/275/275
f 241/241/241 275/275/275 242/242/242
f 242/242/242 275/275/275 276/276/276
f 242/242/242 276/276/276 243/243/243
f 243/243/243 276/276/276 277/277/277
f 243/243/243 277/277/277 244/244/244
f 244/244/244 277/277/277 278/278/278
f 244/244/244 278/278/278 245/245/245
f 245/245/245 278/278/278 279/279/279
f 245/245/245 279/279/279 246/246/246
f 246/246/246 279/279/279 280/280/280
f 246/246/246 280/280/280 247/247/247
f 247/247/247 280/280/280 281/281/281
f 247/247/247 281/281/281 248/248/248
f 248/248/248 281/281/281 282/282/282
f 248/248/248 282/282/282 249/249/249
f 249/249/249 282/282/282 283/283/283
f 249/249/249 283/283/283 250/250/250
f 250/250/250 283/283/283 284/284/284
f 250/250/250 284/284/284 251/251/251
f 251/251/251 284/284/284 285/285/285
f 251/251/251 285/285/285 252/252/252
f 252/252/252 285/285/285 286/286/286
f 252/252/252 286/286/286 253/253/253
f 253/253/253 286/286/286 287/287/287
f 253/253/253 287/287/287 254/254/254
f 254/254/254 287/287/287 288/288/288
f 254/254/254 288/288/288 255/255/255
f 255/255/255 288/288/288 289/289/289
f 255/255/255 289/289/289 256/256/256
f 256/256/256 289/289/289 290/290/290
f 256/256/256 290/290/290 257/257/257
f 257/257/257 290/290/290 291/291/291
f 257/257/257 291/291/291 258/258/258
f 258/258/258 291/291/291 292/292/292
f 258/258/258 292/292/292 259/259/259
f 259/259/259 292/292/292 293/293/293
f 259/259/259 293/293/293 260/260/260
f 260/260/260 293/293/293 294/294/294
f 260/260/260 294/294/294 261/261/261
f 261/261/261 294/294/294 295/295/295
f 261/261/261 295/295/295 262/262/262
f 262/262/262 295/295/295 296/296/296
f 262/262/262 296/296/296 263/263/263
f 263/263/263 296/296/296 297/297/297
f 263/263/263 297/297/297 264/264/264
f 265/265/265 298/298/298 299/299/299
f 265/265/265 299/299/299 266/266/266
f 266/266/266 299/299/299 300/300/300
f 266/266/266 300/300/300 267/267/267
f 267/267/267 300/300/300 301/301/301
f 267/267/267 301/301/301 268/268/268
f 268/268/268 301/301/301 302/302/302
f 268/268/268 302/302/302 269/269/269
f 269/269/269 302/302/302 303/303/303
f 269/269/269 303/303/303 270/270/270
f 270/270/270 303/303/303 304/304/304
f 270/270/270 304/304/304 271/271/271
f 271/271/271 304/304/304 305/305/305
f 271/271/271 305/305/305 272/272/272
f 272/272/272 305/305/305 306/306/306
f 272/272/272 306/306/306 273/273/273
f 273/273/273 306/306/306 307/307/307
f 273/273/273 307/307/307 274/274/274
f 274/274/274 307/307/307 308/308/308
f 274/274/274 308/308/308 275/275/275
f 275/275/275 308/308/308 309/309/309
f 275/275/275 309/309/309 276/276/276
f 276/276/276 309/309/309 310/310/310
f 276/276/276 310/310/310 277/277/277
f 277/277/277 310/310/310 311/311/311
f 277/277/277 311/311/311 278/278/278
f 278/278/278 311/311/311 312/312/312
f 278/278/278 312/312/312 279/279/279
f 279/279/279 312/312/312 313/313/313
f 279/279/279 313/313/313 280/280/280
f 280/280/280 313/313/313 314/314/314
f 280/280/280 314/314/314 281/281/281
f 281/281/281 314/314/314 315/315/315
f 281/281/281 315/315/315 282/282/282
f 282/282/282 315/315/315 316/316/316
f 282/282/282 316/316/316 283/283/283
f 283/283/283 316/316/316 317/317/317
f 283/283/283 317/317/317 284/284/284
f 284/284/284 317/317/317 318/318/318
f 284/284/284 318/318/318 285/285/285
f 285/285/285 318/318/318 319/319/319
f 285/285/285 319/319/319 286/286/286
f 286/286/286 319/319/319 320/320/320
f 286/286/286 320/320/320 287/287/287
f 287/287/287 320/320/320 321/321/321
f 287/287/287 321/321/321 288/288/288
f 288/288/288 321/321/321 322/322/322
f 288/288/288 322/322/322 289/289/289
f 289/289/289 322/322/322 323/323/323
f 289/289/289 323/323/323 290/290/290
f 290/290/290 323/323/323 324/324/324
f 290/290/290 324/324/324 291/291/291
f 291/291/291 324/324/324 325/325/325
f 291/291/291 325/325/325 292/292/292
f 292/292/292 325/325/325 326/326/326
f 292/292/292 326/326/326 293/293/293
f 293/293/293 326/326/326 327/327/327
f 293/293/293 327/327/327 294/294/294
f 294/294/294 327/327/327 328/328/328
f 294/294/294 328/328/328 295/295/295
f 295/295/295 328/328/328 329/329/329
f 295/295/295 329/329/329 296/296/296
f 296/296/296 329/329/329 330/330/330
f 296/296/296 330/330/330 297/297/297
f 298/298/298 331/331/331 332/332/332
f 298/298/298 332/332/332 299/299/299
f 299/299/299 332/332/332 333/333/333
f 299/299/299 333/333/333 300/300/300
f 300/300/300 333/333/333 334/334/334
f 300/300/300 334/334/334 301/301/301
f 301/301/301 334/334/334 335/335/335
f 301/301/301 335/335/335 302/302/302
f 302/302/302 335/335/335 336/336/336
f 302/302/302 336/336/336 303/303/303
f 303/303/303 336/336/336 337/337/337
f 303/303/303 337/337/337 304/304/304
f 304/304/304 337/337/337 338/338/338
f 304/304/304 338/338/338 305/305/305
f 305/305/305 338/338/338 339/339/339
f 305/305/305 339/339/339 306/306/306
f 306/306/306 339/339/339 340/340/340
f 306/306/306 340/340/340 307/307/307
f 307/307/307 340/340/340 341/341/341
f 307/307/307 341/341/341 308/308/308
f 308/308/308 341/341/341 342/342/342
f 308/308/308 342/342/342 309/309/309
f 309/309/309 342/342/342 343/343/343
f 309/309/309 343/343/343 310/310/310
f 310/310/310 343/343/343 344/344/344
f 310/310/310 344/344/344 311/311/311
f 311/311/311 344/344/344 345/345/345
f 311/311/311 345/345/345 312/312/312
f 312/312/312 345/345/345 346/346/346
f 312/312/312 346/346/346 313/313/313
f 313/313/313 346/346/346 347/347/347
f 313/313/313 347/347/347 314/314/314
f 314/314/314 347/347/347 348/348/348
f 314/314/314 348/348/348 315/315/315
f 315/315/315 348/348/348 349/349/349
f 315/315/315 349/349/349 316/316/316
f 316/316/316 349/349/349 350/350/350
f 316/316/316 350/350/350 317/317/317
f 317/317/317 350/350/350 351/351/351
f 317/317/317 351/351/351 318/318/318
f 318/318/318 351/351/351 352/352/352
f 318/318/318 352/352/352 319/319/319
f 319/319/319 352/352/352 353/353/353
f 319/319/319 353/353/353 320/320/320
f 320/320/320 353/353/353 354/354/354
f 320/320/320 354/354/354 321/321/321
f 321/321/321 354/354/354 355/355/355
f 321/321/321 355/355/355 322/322/322
f 322/322/322 355/355/355 356/356/356
f 322/322/322 356/356/356 323/323/323
f 323/323/323 356/356/356 357/357/357
f 323/323/323 357/357/357 324/324/324
f 324/324/324 357/357/357 358/358/358
f 324/324/324 358/358/358 325/325/325
f 325/325/325 358/358/358 359/359/359
f 325/325/325 359/359/359 326/326/326
f 326/326/326 359/359/359 360/360/360
f 326/326/326 360/360/360 327/327/327
f 327/327/327 360/360/360 361/361/361
f 327/327/327 361/361/361 328/328/328
f 328/328/328 361/361/361 362/362/362
f 328/328/328 362/362/362 329/329/329
f 329/329/329 362/362/362 363/363/363
f 329/329/329 363/363/363 330/330/330
f 331/331/331 364/364/364 365/365/365
f 331/331/331 365/365/365 332/332/332
f 332/332/332 365/365/365 366/366/366
f 332/332/332 366/366/366 333/333/333
f 333/333/333 366/366/366 367/367/367
f 333/333/333 367/367/367 334/334/334
f 334/334/334 367/367/367 368/368/368
f 334/334/334 368/368/368 335/335/335
f 335/335/335 368/368/368 369/369/369
f 335/335/335 369/369/369 336/336/336
f 336/336/336 369/369/369 370/370/370
f 336/336/336 370/370/370 337/337/337
f 337/337/337 370/370/370 371/371/371
f 337/337/337 371/371/371 338/338/338
f 338/338/338 371/371/371 372/372/372
f 338/338/338 372/372/372 339/339/339
f 339/339/339 372/372/372 373/373/373
f 339/339/339 373/373/373 340/340/340
f 340/340/340 373/373/373 374/374/374
f 340/340/340 374/374/374 341/341/341
f 341/341/341 374/374/374 375/375/375
f 341/341/341 375/375/375 342/342/342
f 342/342/342 375/375/375 376/376/376
f 342/342/342 376/376/376 343/343/343
f 343/343/343 376/376/376 377/377/377
f 343/343/343 377/377/377 344/344/344
f 344/344/344 377/377/377 378/378/378
f 344/344/344 378/378/378 345/345/345
f 345/345/345 378/378/378 379/379/379
f 345/345/345 379/379/379 346/346/346
f 346/346/346 379/379/379 380/380/380
f 346/346/346 380/380/380 347/347/347
f 347/347/347 380/380/380 381/381/381
f 347/347/347 381/381/381 348/348/348
f 348/348/348 381/381/381 382/382/382
f 348/348/348 382/382/382 349/349/349
f 349/349/349 382/382/382 383/383/383
f 349/349/349 383/383/383 350/350/350
f 350/350/350 383/383/383 384/384/384
f 350/350/350 384/384/384 351/351/351
f 351/351/351 384/384/384 385/385/385
f 351/351/351 385/385/385 352/352/352
f 352/352/352 385/385/385 386/386/386
f 352/352/352 386/386/386 353/353/353
f 353/353/353 386/386/386 387/387/387
f 353/353/353 387/387/387 354/354/354
f 354/354/354 387/387/387 388/388/388
f 354/354/354 388/388/388 355/355/355
f 355/355/355 388/388/388 389/389/389
f 355/355/355 389/389/389 356/356/356
f 356/356/356 389/389/389 390/390/390
f 356/356/356 390/390/390 357/357/357
f 357/357/357 390/390/390 391/391/391
f 357/357/357 391/391/391 358/358/358
f 358/358/358 391/391/391 392/392/392
f 358/358/358 392/392/392 359/359/359
f 359/359/359 392/392/392 393/393/393
f 359/359/359 393/393/393 360/360/360
f 360/360/360 393/393/393 394/394/394
f 360/360/360 394/394/394 361/361/361
f 361/361/361 394/394/394 395/395/395
f 361/361/361 395/395/395 362/362/362
f 362/362/362 395/395/395 396/396/396
f 362/362/362 396/396/396 363/363/363
f 364/364/364 397/397/397 398/398/398
f 364/364/364 398/398/398 365/365/365
f 365/365/365 398/398/398 399/399/399
f 365/365/365 399/399/399 366/366/366
f 366/366/366 399/399/399 400/400/400
f 366/366/366 400/400/400 367/367/367
f 367/367/367 400/400/400 401/401/401
f 367/367/367 401/401/401 368/368/368
f 368/368/368 401/401/401 402/402/402
f 368/368/368 402/402/402 369/369/369
f 369/369/369 402/402/402 403/403/403
f 369/369/369 403/403/403 370/370/370
f 370/370/370 403/403/403 404/404/404
f 370/370/370 404/404/404 371/371/371
f 371/371/371 404/404/404 405/405/405
f 371/371/371 405/405/405 372/372/372
f 372/372/372 405/405/405 406/406/406
f 372/372/372 406/406/406 373/373/373
f 373/373/373 406/406/406 407/407/407
f 373/373/373 407/407/407 374/374/374
f 374/374/374 407/407/407 408/408/408
f 374/374/374 408/408/408 375/375/375
f 375/375/375 408/408/408 409/409/409
f 375/375/375 409/409/409 376/376/376
f 376/376/376 409/409/409 410/410/410
f 376/376/376 410/410/410 377/377/377
f 377/377/377 410/410/410 411/411/411
f 377/377/377 411/411/411 378/378/378
f 378/378/378 411/411/411 412/412/412
f 378/378/378 412/412/412 379/379/379
f 379/379/379 412/412/412 413/413/413
f 379/379/379 413/413/413 380/380/380
f 380/380/380 413/413/413 414/414/414
f 380/380/380 414/414/414 381/381/381
f 381/381/381 414/414/414 415/415/415
f 381/381/381 415/415/415 382/382/382
f 382/382/382 415/415/415 416/416/416
f 382/382/382 416/416/416 383/383/383
f 383/383/383 416/416/416 417/417/417
f 383/383/383 417/417/417 384/384/384
f 384/384/384 417/417/417 418/418/418
f 384/384/384 418/418/418 385/385/385
f 385/385/385 418/418/418 419/419/419
f 385/385/385 419/419/419 386/386/386
f 386/386/386 419/419/419 420/420/420
f 386/386/386 420/420/420 387/387/387
f 387/387/387 420/420/420 421/421/421
f 387/387/387 421/421/421 388/388/388
f 388/388/388 421/421/421 422/422/422
f 388/388/388 422/422/422 389/389/389
f 389/389/389 422/422/422 423/423/423
f 389/389/389 423/423/423 390/390/390
f 390/390/390 423/423/423 424/424/424
f 390/390/390 424/424/424 391/391/391
f 391/391/391 424/424/424 425/425/425
f 391/391/391 425/425/425 392/392/392
f 392/392/392 425/425/425 426/426/426
f 392/392/392 426/426/426 393/393/393
f 393/393/393 426/426/426 427/427/427
f 393/393/393 427/427/427 394/394/394
f 394/394/394 427/427/427 428/428/428
f 394/394/394 428/428/428 395/395/395
f 395/395/395 428/428/428 429/429/429
f 395/395/395 429/429/429 396/396/396
f 397/397/397 430/430/430 431/431/431
f 397/397/397 431/431/431 398/398/398
f 398/398/398 431/431/431 432/432/432
f 398/398/398 432/432/432 399/399/399
f 399/399/399 432/432/432 433/433/433
f 399/399/399 433/433/433 400/400/400
f 400/400/400 433/433/433 434/434/434
f 400/400/400 434/434/434 401/401/401
f 401/401/401 434/434/434 435/435/435
f 401/401/401 435/435/435 402/402/402
f 402/402/402 435/435/435 436/436/436
f 402/402/402 436/436/436 403/403/403
f 403/403/403 436/436/436 437/437/437
f 403/403/403 437/437/437 404/404/404
f 404/404/404 437/437/437 438/438/438
f 404/404/404 438/438/438 405/405/405
f 405/405/405 438/438/438 439/439/439
f 405/405/405 439/439/439 406/406/406
f 406/406/406 439/439/439 440/440/440
f 406/406/406 440/440/440 407/407/407
f 407/407/407 440/440/440 441/441/441
f 407/407/407 441/441/441 408/408/408
f 408/408/408 441/441/441 442/442/442
f 408/408/408 442/442/442 409/409/409
f 409/409/409 442/442/442 443/443/443
f 409/409/409 443/443/443 410/410/410
f 410/410/410 443/443/443 444/444/444
f 410/410/410 444/444/444 411/411/411
f 411/411/411 444/444/444 445/445/445
f 411/411/411 445/445/445 412/412/412
f 412/412/412 445/445/445 446/446/446
f 412/412/412 446/446/446 413/413/413
f 413/413/413 446/446/446 447/447/447
f 413/413/413 447/447/447 414/414/414
f 414/414/414 447/447/447 448/448/448
f 414/414/414 448/448/448 415/415/415
f 415/415/415 448/448/448 449/449/449
f 415/415/415 449/449/449 416/416/416
f 416/416/416 449/449/449 450/450/450
f 416/416/416 450/450/450 417/417/417
f 417/417/417 450/450/450 451/451/451
f 417/417/417 451/451/451 418/418/418
f 418/418/418 451/451/451 452/452/452
f 418/418/418 452/452/452 419/419/419
f 419/419/419 452/452/452 453/453/453
f 419/419/419 453/453/453 420/420/420
f 420/420/420 453/453/453 454/454/454
f 420/420/420 454/454/454 421/421/421
f 421/421/421 454/454/454 455/455/455
f 421/421/421 455/455/455 422/422/422
f 422/422/422 455/455/455 456/456/456
f 422/422/422 456/456/456 423/423/423
f 423/423/423 456/456/456 457/457/457
f 423/423/423 457/457/457 424/424/424
f 424/424/424 457/457/457 458/458/458
f 424/424/424 458/458/458 425/425/425
f 425/425/425 458/458/458 459/459/459
f 425/425/425 459/459/459 426/426/426
f 426/426/426 459/459/459 460/460/460
f 426/426/426 460/460/460 427/427/427
f 427/427/427 460/460/460 461/461/461
f 427/427/427 461/461/461 428/428/428
f 428/428/428 461/461/461 462/462/462
f 428/428/428 462/462/462 429/429/429
f 430/430/430 463/463/463 464/464/464
f 430/430/430 464/464/464 431/431/431
f 431/431/431 464/464/464 465/465/465
f 431/431/431 465/465/465 432/432/432
f 432/432/432 465/465/465 466/466/466
f 432/432/432 466/466/466 433/433/433
f 433/433/433 466/466/466 467/467/467
f 433/433/433 467/467/467 434/434/434
f 434/434/434 467/467/467 468/468/468
f 434/434/434 468/468/468 435/435/435
f 435/435/435 468/468/468 469/469/469
f 435/435/435 469/469/469 436/436/436
f 436/436/436 469/469/469 470/470/470
f 436/436/436 470/470/470 437/437/437
f 437/437/437 470/470/470 471/471/471
f 437/437/437 471/471/471 438/438/438
f 438/438/438 471/471/471 472/472/472
f 438/438/438 472/472/472 439/439/439
f 439/439/439 472/472/472 473/473/473
f 439/439/439 473/473/473 440/440/440
f 440/440/440 473/473/473 474/474/474
f 440/440/440 474/474/474 441/441/441
f 441/441/441 474/474/474 475/475/475
f 441/441/441 475/475/475 442/442/442
f 442/442/442 475/475/475 476/476/476
f 442/442/442 476/476/476 443/443/443
f 443/443/443 476/476/476 477/477/477
f 443/443/443 477/477/477 444/444/444
f 444/444/444 477/477/477 478/478/478
f 444/444/444 478/478/478 445/445/445
f 445/445/445 478/478/478 479/479/479
f 445/445/445 479/479/479 446/446/446
f 446/446/446 479/479/479 480/480/480
f 446/446/446 480/480/480 447/447/447
f 447/447/447 480/480/480 481/481/481
f 447/447/447 481/481/481 448/448/448
f 448/448/448 481/481/481 482/482/482
f 448/448/448 482/482/482 449/449/449
f 449/449/449 482/482/482 483/483/483
f 449/449/449 483/483/483 450/450/450
f 450/450/450 483/483/483 484/484/484
f 450/450/450 484/484/484 451/451/451
f 451/451/451 484/484/484 485/485/485
f 451/451/451 485/485/485 452/452/452
f 452/452/452 485/485/485 486/486/486
f 452/452/452 486/486/486 453/453/453
f 453/453/453 486/486/486 487/487/487
f 453/453/453 487/487/487 454/454/454
f 454/454/454 487/487/487 488/488/488
f 454/454/454 488/488/488 455/455/455
f 455/455/455 488/488/488 489/489/489
f 455/455/455 489/489/489 456/456/456
f 456/456/456 489/489/489 490/490/490
f 456/456/456 490/490/490 457/457/457
f 457/457/457 490/490/490 491/491/491
f 457/457/457 491/491/491 458/458/458
f 458/458/458 491/491/491 492/492/492
f 458/458/458 492/492/492 459/459/459
f 459/459/459 492/492/492 493/493/493
f 459/459/459 493/493/493 460/460/460
f 460/460/460 493/493/493 494/494/494
f 460/460/460 494/494/494 461/461/461
f 461/461/461 494/494/494 495/495/495
f 461/461/461 495/495/495 462/462/462
f 463/463/463 496/496/496 497/497/497
f 463/463/463 497/497/497 464/464/464
f 464/464/464 497/497/497 498/498/498
f 464/464/464 498/498/498 465/465/465
f 465/465/465 498/498/498 499/499/499
f 465/465/465 499/499/499 466/466/466
f 466/466/466 499/499/499 500/500/500
f 466/466/466 500/500/500 467/467/467
f 467/467/467 500/500/500 501/501/501
f 467/467/467 501/501/501 468/468/468
f 468/468/468 501/501/501 502/502/502
f 468/468/468 502/502/502 469/469/469
f 469/469/469 502/502/502 503/503/503
f 469/469/469 503/503/503 470/470/470
f 470/470/470 503/503/503 504/504/504
f 470/470/470 504/504/504 471/471/471
f 471/471/471 504/504/504 505/505/505
f 471/471/471 505/505/505 472/472/472
f 472/472/472 505/505/505 506/506/506
f 472/472/472 506/506/506 473/473/473
f 473/473/473 506/506/506 507/507/507
f 473/473/473 507/507/507 474/474/474
f 474/474/474 507/507/507 508/508/508
f 474/474/474 508/508/508 475/475/475
f 475/475/475 508/508/508 509/509/509
f 475/475/475 509/509/509 476/476/476
f 476/476/476 509/509/509 510/510/510
f 476/476/476 510/510/510 477/477/477
f 477/477/477 510/510/510 511/511/511
f 477/477/477 511/511/511 478/478/478
f 478/478/478 511/511/511 512/512/512
f 478/478/478 512/512/512 479/479/479
f 479/479/479 512/512/512 513/513/513
f 479/479/479 513/513/513 480/480/480
f 480/480/480 513/513/513 514/514/514
f 480/480/480 514/514/514 481/481/481
f 481/481/481 514/514/514 515/515/515
f 481/481/481 515/515/515 482/482/482
f 482/482/482 515/515/515 516/516/516
f 482/482/482 516/516/516 483/483/483
f 483/483/483 516/516/516 517/517/517
f 483/483/483 517/517/517 484/484/484
f 484/484/484 517/517/517 518/518/518
f 484/484/484 518/518/518 485/485/485
f 485/485/485 518/518/518 519/519/519
f 485/485/485 519/519/519 486/486/486
f 486/486/486 519/519/519 520/520/520
f 486/486/486 520/520/520 487/487/487
f 487/487/487 520/520/520 521/521/521
f 487/487/487 521/521/521 488/488/488
f 488/488/488 521/521/521 522/522/522
f 488/488/488 522/522/522 489/489/489
f 489/489/489 522/522/522 523/523/523
f 489/489/489 523/523/523 490/490/490
f 490/490/490 523/523/523 524/524/524
f 490/490/490 524/524/524 491/491/491
f 491/491/491 524/524/524 525/525/525
f 491/491/491 525/525/525 492/492/492
f 492/492/492 525/525/525 526/526/526
f 492/492/492 526/526/526 493/493/493
f 493/493/493 526/526/526 527/527/527
f 493/493/493 527/527/527 494/494/494
f 494/494/494 527/527/527 528/528/528
f 494/494/494 528/528/528 495/495/495
f 496/496/496 529/529/529 530/530/530
f 496/496/496 530/530/530 497/497/497
f 497/497/497 530/530/530 531/531/531
f 497/497/497 531/531/531 498/498/498
f 498/498/498 531/531/531 532/532/532
f 498/498/498 532/532/532 499/499/499
f 499/499/499 532/532/532 533/533/533
f 499/499/499 533/533/533 500/500/500
f 500/500/500 533/533/533 534/534/534
f 500/500/500 534/534/534 501/501/501
f 501/501/501 534/534/534 535/535/535
f 501/501/501 535/535/535 502/502/502
f 502/502/502 535/535/535 536/536/536
f 502/502/502 536/536/536 503/503/503
f 503/503/503 536/536/536 537/537/537
f 503/503/503 537/537/537 504/504/504
f 504/504/504 537/537/537 538/538/538
f 504/504/504 538/538/538 505/505/505
f 505/505/505 538/538/538 539/539/539
f 505/505/505 539/539/539 506/506/506
f 506/506/506 539/539/539 540/540/540
f 506/506/506 540/540/540 507/507/507
f 507/507/507 540/540/540 541/541/541
f 507/507/507 541/541/541 508/508/508
f 508/508/508 541/541/541 542/542/542
f 508/508/508 542/542/542 509/509/509
f 509/509/509 542/542/542 543/543/543
f 509/509/509 543/543/543 510/510/510
f 510/510/510 543/543/543 544/544/544
f 510/510/510 544/544/544 511/511/511
f 511/511/511 544/544/544 545/545/545
f 511/511/511 545/545/545 512/512/512
f 512/512/512 545/545/545 546/546/546
f 512/512/512 546/546/546 513/513/513
f 513/513/513 546/546/546 547/547/547
f 513/513/513 547/547/547 514/514/514
f 514/514/514 547/547/547 548/548/548
f 514/514/514 548/548/548 515/515/515
f 515/515/515 548/548/548 549/549/549
f 515/515/515 549/549/549 516/516/516
f 516/516/516 549/549/549 550/550/550
f 516/516/516 550/550/550 517/517/517
f 517/517/517 550/550/550 551/551/551
f 517/517/517 551/551/551 518/518/518
f 518/518/518 551/551/551 552/552/552
f 518/518/518 552/552/552 519/519/519
f 519/519/519 552/552/552 553/553/553
f 519/519/519 553/553/553 520/520/520
f 520/520/520 553/553/553 554/554/554
f 520/520/520 554/554/554 521/521/521
f 521/521/521 554/554/554 555/555/555
f 521/521/521 555/555/555 522/522/522
f 522/522/522 555/555/555 556/556/556
f 522/522/522 556/556/556 523/523/523
f 523/523/523 556/556/556 557/557/557
f 523/523/523 557/557/557 524/524/524
f 524/524/524 557/557/557 558/558/558
f 524/524/524 558/558/558 525/525/525
f 525/525/525 558/558/558 559/559/559
f 525/525/525 559/559/559 526/526/526
f 526/526/526 559/559/559 560/560/560
f 526/526/526 560/560/560 527/527/527
f 527/527/527 560/560/560 561/561/561
f 527/527/527 561/561/561 528/528/528
f 529/529/529 562/562/562 563/563/563
f 529/529/529 563/563/563 530/530/530
f 530/530/530 563/563/563 564/564/564
f 530/530/530 564/564/564 531/531/531
f 531/531/531 564/564/564 565/565/565
f 531/531/531 565/565/565 532/532/532
f 532/532/532 565/565/565 566/566/566
f 532/532/532 566/566/566 533/533/533
f 533/533/533 566/566/566 567/567/567
f 533/533/533 567/567/567 534/534/534
f 534/534/534 567/567/567 568/568/568
f 534/534/534 568/568/568 535/535/535
f 535/535/535 568/568/568 569/569/569
f 535/535/535 569/569/569 536/536/536
f 536/536/536 569/569/569 570/570/570
f 536/536/536 570/570/570 537/537/537
f 537/537/537 570/570/570 571/571/571
f 537/537/537 571/571/571 538/538/538
f 538/538/538 571/571/571 572/572/572
f 538/538/538 572/572/572 539/539/539
f 539/539/539 572/572/572 573/573/573
f 539/539/539 573/573/573 540/540/540
f 540/540/540 573/573/573 574/574/574
f 540/540/540 574/574/574 541/541/541
f 541/541/541 574/574/574 575/575/575
f 541/541/541 575/575/575 542/542/542
f 542/542/542 575/575/575 576/576/576
f 542/542/542 576/576/576 543/543/543
f 543/543/543 576/576/576 577/577/577
f 543/543/543 577/577/577 544/544/544
f 544/544/544 577/577/577 578/578/578
f 544/544/544 578/578/578 545/545/545
f 545/545/545 578/578/578 579/579/579
f 545/545/545 579/579/579 546/546/546
f 546/546/546 579/579/579 580/580/580
f 546/546/546 580/580/580 547/547/547
f 547/547/547 580/580/580 581/581/581
f 547/547/547 581/581/581 548/548/548
f 548/548/548 581/581/581 582/582/582
f 548/548/548 582/582/582 549/549/549
f 549/549/549 582/582/582 583/583/583
f 549/549/549 583/583/583 550/550/550
f 550/550/550 583/583/583 584/584/584
f 550/550/550 584/584/584 551/551/551
f 551/551/551 584/584/584 585/585/585
f 551/551/551 585/585/585 552/552/552
f 552/552/552 585/585/585 586/586/586
f 552/552/552 586/586/586 553/553/553
f 553/553/553 586/586/586 587/587/587
f 553/553/553 587/587/587 554/554/554
f 554/554/554 587/587/587 588/588/588
f 554/554/554 588/588/588 555/555/555
f 555/555/555 588/588/588 589/589/589
f 555/555/555 589/589/589 556/556/556
f 556/556/556 589/589/589 590/590/590
f 556/556/556 590/590/590 557/557/557
f 557/557/557 590/590/590 591/591/591
f 557/557/557 591/591/591 558/558/558
f 558/558/558 591/591/591 592/592/592
f 558/558/558 592/592/592 559/559/559
f 559/559/559 592/592/592 593/593/593
f 559/559/559 593/593/593 560/560/560
f 560/560/560 593/593/593 594/594/594
f 560/560/560 594/594/594 561/561/561
f 562/562/562 595/595/595 596/596/596
f 562/562/562 596/596/596 563/563/563
f 563/563/563 596/596/596 597/597/597
f 563/563/563 597/597/597 564/564/564
f 564/564/564 597/597/597 598/598/598
f 564/564/564 598/598/598 565/565/565
f 565/565/565 598/598/598 599/599/599
f 565/565/565 599/599/599 566/566/566
f 566/566/566 599/599/599 600/600/600
f 566/566/566 600/600/600 567/567/567
f 567/567/567 600/600/600 601/601/601
f 567/567/567 601/601/601 568/568/568
f 568/568/568 601/601/601 602/602/602
f 568/568/568 602/602/602 569/569/569
f 569/569/569 602/602/602 603/603/603
f 569/569/569 603/603/603 570/570/570
f 570/570/570 603/603/603 604/604/604
f 570/570/570 604/604/604 571/571/571
f 571/571/571 604/604/604 605/605/605
f 571/571/571 605/605/605 572/572/572
f 572/572/572 605/605/605 606/606/606
f 572/572/572 606/606/606 573/573/573
f 573/573/573 606/606/606 607/607/607
f 573/573/573 607/607/607 574/574/574
f 574/574/574 607/607/607 608/608/608
f 574/574/574 608/608/608 575/575/575
f 575/575/575 608/608/608 609/609/609
f 575/575/575 609/609/609 576/576/576
f 576/576/576 609/609/609 610/610/610
f 576/576/576 610/610/610 577/577/577
f 577/577/577 610/610/610 611/611/611
f 577/577/577 611/611/611 578/578/578
f 578/578/578 611/611/611 612/612/612
f 578/578/578 612/612/612 579/579/579
f 579/579/579 612/612/612 613/613/613
f 579/579/579 613/613/613 580/580/580
f 580/580/580 613/613/613 614/614/614
f 580/580/580 614/614/614 581/581/581
f 581/581/581 614/614/614 615/615/615
f 581/581/581 615/615/615 582/582/582
f 582/582/582 615/615/615 616/616/616
f 582/582/582 616/616/616 583/583/583
f 583/583/583 616/616/616 617/617/617
f 583/583/583 617/617/617 584/584/584
f 584/584/584 617/617/617 618/618/618
f 584/584/584 618/618/618 585/585/585
f 585/585/585 618/618/618 619/619/619
f 585/585/585 619/619/619 586/586/586
f 586/586/586 619/619/619 620/620/620
f 586/586/586 620/620/620 587/587/587
f 587/587/587 620/620/620 621/621/621
f 587/587/587 621/621/621 588/588/588
f 588/588/588 621/621/621 622/622/622
f 588/588/588 622/622/622 589/589/589
f 589/589/589 622/622/622 623/623/623
f 589/589/589 623/623/623 590/590/590
f 590/590/590 623/623/623 624/624/624
f 590/590/590 624/624/624 591/591/591
f 591/591/591 624/624/624 625/625/625
f 591/591/591 625/625/625 592/592/592
f 592/592/592 625/625/625 626/626/626
f 592/592/592 626/626/626 593/593/593
f 593/593/593 626/626/626 627/627/627
f 593/593/593 627/627/627 594/594/594
f 595/595/595 628/628/628 629/629/629
f 595/595/595 629/629/629 596/596/596
f 596/596/596 629/629/629 630/630/630
f 596/596/596 630/630/630 597/597/597
f 597/597/597 630/630/630 631/631/631
f 597/597/597 631/631/631 598/598/598
f 598/598/598 631/631/631 632/632/632
f 598/598/598 632/632/632 599/599/599
f 599/599/599 632/632/632 633/633/633
f 599/599/599 633/633/633 600/600/600
f 600/600/600 633/633/633 634/634/634
f 600/600/600 634/634/634 601/601/601
f 601/601/601 634/634/634 635/635/635
f 601/601/601 635/635/635 602/602/602
f 602/602/602 635/635/635 636/636/636
f 602/602/602 636/636/636 603/603/603
f 603/603/603 636/636/636 637/637/637
f 603/603/603 637/637/637 604/604/604
f 604/604/604 637/637/637 638/638/638
f 604/604/604 638/638/638 605/605/605
f 605/605/605 638/638/638 639/639/639
f 605/605/605 639/639/639 606/606/606
f 606/606/606 639/639/639 640/640/640
f 606/606/606 640/640/640 607/607/607
f 607/607/607 640/640/640 641/641/641
f 607/607/607 641/641/641 608/608/608
f 608/608/608 641/641/641 642/642/642
f 608/608/608 642/642/642 609/609/609
f 609/609/609 642/642/642 643/643/643
f 609/609/609 643/643/643 610/610/610
f 610/610/610 643/643/643 644/644/644
f 610/610/610 644/644/644 611/611/611
f 611/611/611 644/644/644 645/645/645
f 611/611/611 645/645/645 612/612/612
f 612/612/612 645/645/645 646/646/646
f 612/612/612 646/646/646 613/613/613
f 613/613/613 646/646/646 647/647/647
f 613/613/613 647/647/647 614/614/614
f 614/614/614 647/647/647 648/648/648
f 614/614/614 648/648/648 615/615/615
f 615/615/615 648/648/648 649/649/649
f 615/615/615 649/649/649 616/616/616
f 616/616/616 649/649/649 650/650/650
f 616/616/616 650/650/650 617/617/617
f 617/617/617 650/650/650 651/651/651
f 617/617/617 651/651/651 618/618/618
f 618/618/618 651/651/651 652/652/652
f 618/618/618 652/652/652 619/619/619
f 619/619/619 652/652/652 653/653/653
f 619/619/619 653/653/653 620/620/620
f 620/620/620 653/653/653 654/654/654
f 620/620/620 654/654/654 621/621/621
f 621/621/621 654/654/654 655/655/655
f 621/621/621 655/655/655 622/622/622
f 622/622/622 655/655/655 656/656/656
f 622/622/622 656/656/656 623/623/623
f 623/623/623 656/656/656 657/657/657
f 623/623/623 657/657/657 624/624/624
f 624/624/624 657/657/657 658/658/658
f 624/624/624 658/658/658 625/625/625
f 625/625/625 658/658/658 659/659/659
f 625/625/625 659/659/659 626/626/626
f 626/626/626 659/659/659 660/660/660
f 626/626/626 660/660/660 627/627/627
f 628/628/628 661/661/661 662/662/662
f 628/628/628 662/662/662 629/629/629
f 629/629/629 662/662/662 663/663/663
f 629/629/629 663/663/663 630/630/630
f 630/630/630 663/663/663 664/664/664
f 630/630/630 664/664/664 631/631/631
f 631/631/631 664/664/664 665/665/665
f 631/631/631 665/665/665 632/632/632
f 632/632/632 665/665/665 666/666/666
f 632/632/632 666/666/666 633/633/633
f 633/633/633 666/666/666 667/667/667
f 633/633/633 667/667/667 634/634/634
f 634/634/634 667/667/667 668/668/668
f 634/634/634 668/668/668 635/635/635
f 635/635/635 668/668/668 669/669/669
f 635/635/635 669/669/669 636/636/636
f 636/636/636 669/669/669 670/670/670
f 636/636/636 670/670/670 637/637/637
f 637/637/637 670/670/670 671/671/671
f 637/637/637 671/671/671 638/638/638
f 638/638/638 671/671/671 672/672/672
f 638/638/638 672/672/672 639/639/639
f 639/639/639 672/672/672 673/673/673
f 639/639/639 673/673/673 640/640/640
f 640/640/640 673/673/673 674/674/674
f 640/640/640 674/674/674 641/641/641
f 641/641/641 674/674/674 675/675/675
f 641/641/641 675/675/675 642/642/642
f 642/642/642 675/675/675 676/676/676
f 642/642/642 676/676/676 643/643/643
f 643/643/643 676/676/676 677/677/677
f 643/643/643 677/677/677 644/644/644
f 644/644/644 677/677/677 678/678/678
f 644/644/644 678/678/678 645/645/645
f 645/645/645 678/678/678 679/679/679
f 645/645/645 679/679/679 646/646/646
f 646/646/646 679/679/679 680/680/680
f 646/646/646 680/680/680 647/647/647
f 647/647/647 680/680/680 681/681/681
f 647/647/647 681/681/681 648/648/648
f 648/648/648 681/681/681 682/682/682
f 648/648/648 682/682/682 649/649/649
f 649/649/649 682/682/682 683/683/683
f 649/649/649 683/683/683 650/650/650
f 650/650/650 683/683/683 684/684/684
f 650/650/650 684/684/684 651/651/651
f 651/651/651 684/684/684 685/685/685
f 651/651/651 685/685/685 652/652/652
f 652/652/652 685/685/685 686/686/686
f 652/652/652 686/686/686 653/653/653
f 653/653/653 686/686/686 687/687/687
f 653/653/653 687/687/687 654/654/654
f 654/654/654 687/687/687 688/688/688
f 654/654/654 688/688/688 655/655/655
f 655/655/655 688/688/688 689/689/689
f 655/655/655 689/689/689 656/656/656
f 656/656/656 689/689/689 690/690/690
f 656/656/656 690/690/690 657/657/657
f 657/657/657 690/690/690 691/691/691
f 657/657/657 691/691/691 658/658/658
f 658/658/658 691/691/691 692/692/692
f 658/658/658 692/692/692 659/659/659
f 659/659/659 692/692/692 693/693/693
f 659/659/659 693/693/693 660/660/660
f 661/661/661 694/694/694 695/695/695
f 661/661/661 695/695/695 662/662/662
f 662/662/662 695/695/695 696/696/696
f 662/662/662 696/696/696 663/663/663
f 663/663/663 696/696/696 697/697/697
f 663/663/663 697/697/697 664/664/664
f 664/664/664 697/697/697 698/698/698
f 664/664/664 698/698/698 665/665/665
f 665/665/665 698/698/698 699/699/699
f 665/665/665 699/699/699 666/666/666
f 666/666/666 699/699/699 700/700/700
f 666/666/666 700/700/700 667/667/667
f 667/667/667 700/700/700 701/701/701
f 667/667/667 701/701/701 668/668/668
f 668/668/668 701/701/701 702/702/702
f 668/668/668 702/702/702 669/669/669
f 669/669/669 702/702/702 703/703/703
f 669/669/669 703/703/703 670/670/670
f 670/670/670 703/703/703 704/704/704
f 670/670/670 704/704/704 671/671/671
f 671/671/671 704/704/704 705/705/705
f 671/671/671 705/705/705 672/672/672
f 672/672/672 705/705/705 706/706/706
f 672/672/672 706/706/706 673/673/673
f 673/673/673 706/706/706 707/707/707
f 673/673/673 707/707/707 674/674/674
f 674/674/674 707/707/707 708/708/708
f 674/674/674 708/708/708 675/675/675
f 675/675/675 708/708/708 709/709/709
f 675/675/675 709/709/709 676/676/676
f 676/676/676 709/709/709 710/710/710
f 676/676/676 710/710/710 677/677/677
f 677/677/677 710/710/710 711/711/711
f 677/677/677 711/711/711 678/678/678
f 678/678/678 711/711/711 712/712/712
f 678/678/678 712/712/712 679/679/679
f 679/679/679 712/712/712 713/713/713
f 679/679/679 713/713/713 680/680/680
f 680/680/680 713/713/713 714/714/714
f 680/680/680 714/714/714 681/681/681
f 681/681/681 714/714/714 715/715/715
f 681/681/681 715/715/715 682/682/682
f 682/682/682 715/715/715 716/716/716
f 682/682/682 716/716/716 683/683/683
f 683/683/683 716/716/716 717/717/717
f 683/683/683 717/717/717 684/684/684
f 684/684/684 717/717/717 718/718/718
f 684/684/684 718/718/718 685/685/685
f 685/685/685 718/718/718 719/719/719
f 685/685/685 719/719/719 686/686/686
f 686/686/686 719/719/719 720/720/720
f 686/686/686 720/720/720 687/687/687
f 687/687/687 720/720/720 721/721/721
f 687/687/687 721/721/721 688/688/688
f 688/688/688 721/721/721 722/722/722
f 688/688/688 722/722/722 689/689/689
f 689/689/689 722/722/722 723/723/723
f 689/689/689 723/723/723 690/690/690
f 690/690/690 723/723/723 724/724/724
f 690/690/690 724/724/724 691/691/691
f 691/691/691 724/724/724 725/725/725
f 691/691/691 725/725/725 692/692/692
f 692/692/692 725/725/725 726/726/726
f 692/692/692 726/726/726 693/693/693
f 694/694/694 727/727/727 728/728/728
f 694/694/694 728/728/728 695/695/695
f 695/695/695 728/728/728 729/729/729
f 695/695/695 729/729/729 696/696/696
f 696/696/696 729/729/729 730/730/730
f 696/696/696 730/730/730 697/697/697
f 697/697/697 730/730/730 731/731/731
f 697/697/697 731/731/731 698/698/698
f 698/698/698 731/731/731 732/732/732
f 698/698/698 732/732/732 699/699/699
f 699/699/699 732/732/732 733/733/733
f 699/699/699 733/733/733 700/700/700
f 700/700/700 733/733/733 734/734/734
f 700/700/700 734/734/734 701/701/701
f 701/701/701 734/734/734 735/735/735
f 701/701/701 735/735/735 702/702/702
f 702/702/702 735/735/735 736/736/736
f 702/702/702 736/736/736 703/703/703
f 703/703/703 736/736/736 737/737/737
f 703/703/703 737/737/737 704/704/704
f 704/704/704 737/737/737 738/738/738
f 704/704/704 738/738/738 705/705/705
f 705/705/705 738/738/738 739/739/739
f 705/705/705 739/739/739 706/706/706
f 706/706/706 739/739/739 740/740/740
f 706/706/706 740/740/740 707/707/707
f 707/707/707 740/740/740 741/741/741
f 707/707/707 741/741/741 708/708/708
f 708/708/708 741/741/741 742/742/742
f 708/708/708 742/742/742 709/709/709
f 709/709/709 742/742/742 743/743/743
f 709/709/709 743/743/743 710/710/710
f 710/710/710 743/743/743 744/744/744
f 710/710/710 744/744/744 711/711/711
f 711/711/711 744/744/744 745/745/745
f 711/711/711 745/745/745 712/712/712
f 712/712/712 745/745/745 746/746/746
f 712/712/712 746/746/746 713/713/713
f 713/713/713 746/746/746 747/747/747
f 713/713/713 747/747/747 714/714/714
f 714/714/714 747/747/747 748/748/748
f 714/714/714 748/748/748 715/715/715
f 715/715/715 748/748/748 749/749/749
f 715/715/715 749/749/749 716/716/716
f 716/716/716 749/749/749 750/750/750
f 716/716/716 750/750/750 717/717/717
f 717/717/717 750/750/750 751/751/751
f 717/717/717 751/751/751 718/718/718
f 718/718/718 751/751/751 752/752/752
f 718/718/718 752/752/752 719/719/719
f 719/719/719 752/752/752 753/753/753
f 719/719/719 753/753/753 720/720/720
f 720/720/720 753/753/753 754/754/754
f 720/720/720 754/754/754 721/721/721
f 721/721/721 754/754/754 755/755/755
f 721/721/721 755/755/755 722/722/722
f 722/722/722 755/755/755 756/756/756
f 722/722/722 756/756/756 723/723/723
f 723/723/723 756/756/756 757/757/757
f 723/723/723 757/757/757 724/724/724
f 724/724/724 757/757/757 758/758/758
f 724/724/724 758/758/758 725/725/725
f 725/725/725 758/758/758 759/759/759
f 725/725/725 759/759/759 726/726/726
f 727/727/727 760/760/760 761/761/761
f 727/727/727 761/761/761 728/728/728
f 728/728/728 761/761/761 762/762/762
f 728/728/728 762/762/762 729/729/729
f 729/729/729 762/762/762 763/763/763
f 729/729/729 763/763/763 730/730/730
f 730/730/730 763/763/763 764/764/764
f 730/730/730 764/764/764 731/731/731
f 731/731/731 764/764/764 765/765/765
f 731/731/731 765/765/765 732/732/732
f 732/732/732 765/765/765 766/766/766
f 732/732/732 766/766/766 733/733/733
f 733/733/733 766/766/766 767/767/767
f 733/733/733 767/767/767 734/734/734
f 734/734/734 767/767/767 768/768/768
f 734/734/734 768/768/768 735/735/735
f 735/735/735 768/768/768 769/769/769
f 735/735/735 769/769/769 736/736/736
f 736/736/736 769/769/769 770/770/770
f 736/736/736 770/770/770 737/737/737
f 737/737/737 770/770/770 771/771/771
f 737/737/737 771/771/771 738/738/738
f 738/738/738 771/771/771 772/772/772
f 738/738/738 772/772/772 739/739/739
f 739/739/739 772/772/772 773/773/773
f 739/739/739 773/773/773 740/740/740
f 740/740/740 773/773/773 774/774/774
f 740/740/740 774/774/774 741/741/741
f 741/741/741 774/774/774 775/775/775
f 741/741/741 775/775/775 742/742/742
f 742/742/742 775/775/775 776/776/776
f 742/742/742 776/776/776 743/743/743
f 743/743/743 776/776/776 777/777/777
f 743/743/743 777/777/777 744/744/744
f 744/744/744 777/777/777 778/778/778
f 744/744/744 778/778/778 745/745/745
f 745/745/745 778/778/778 779/779/779
f 745/745/745 779/779/779 746/746/746
f 746/746/746 779/779/779 780/780/780
f 746/746/746 780/780/780 747/747/747
f 747/747/747 780/780/780 781/781/781
f 747/747/747 781/781/781 748/748/748
f 748/748/748 781/781/781 782/782/782
f 748/748/748 782/782/782 749/749/749
f 749/749/749 782/782/782 783/783/783
f 749/749/749 783/783/783 750/750/750
f 750/750/750 783/783/783 784/784/784
f 750/750/750 784/784/784 751/751/751
f 751/751/751 784/784/784 785/785/785
f 751/751/751 785/785/785 752/752/752
f 752/752/752 785/785/785 786/786/786
f 752/752/752 786/786/786 753/753/753
f 753/753/753 786/786/786 787/787/787
f 753/753/753 787/787/787 754/754/754
f 754/754/754 787/787/787 788/788/788
f 754/754/754 788/788/788 755/755/755
f 755/755/755 788/788/788 789/789/789
f 755/755/755 789/789/789 756/756/756
f 756/756/756 789/789/789 790/790/790
f 756/756/756 790/790/790 757/757/757
f 757/757/757 790/790/790 791/791/791
f 757/757/757 791/791/791 758/758/758
f 758/758/758 791/791/791 792/792/792
f 758/758/758 792/792/792 759/759/759
f 760/760/760 793/793/793 794/794/794
f 760/760/760 794/794/794 761/761/761
f 761/761/761 794/794/794 795/795/795
f 761/761/761 795/795/795 762/762/762
f 762/762/762 795/795/795 796/796/796
f 762/762/762 796/796/796 763/763/763
f 763/763/763 796/796/796 797/797/797
f 763/763/763 797/797/797 764/764/764
f 764/764/764 797/797/797 798/798/798
f 764/764/764 798/798/798 765/765/765
f 765/765/765 798/798/798 799/799/799
f 765/765/765 799/799/799 766/766/766
f 766/766/766 799/799/799 800/800/800
f 766/766/766 800/800/800 767/767/767
f 767/767/767 800/800/800 801/801/801
f 767/767/767 801/801/801 768/768/768
f 768/768/768 801/801/801 802/802/802
f 768/768/768 802/802/802 769/769/769
f 769/769/769 802/802/802 803/803/803
f 769/769/769 803/803/803 770/770/770
f 770/770/770 803/803/803 804/804/804
f 770/770/770 804/804/804 771/771/771
f 771/771/771 804/804/804 805/805/805
f 771/771/771 805/805/805 772/772/772
f 772/772/772 805/805/805 806/806/806
f 772/772/772 806/806/806 773/773/773
f 773/773/773 806/806/806 807/807/807
f 773/773/773 807/807/807 774/774/774
f 774/774/774 807/807/807 808/808/808
f 774/774/774 808/808/808 775/775/775
f 775/775/775 808/808/808 809/809/809
f 775/775/775 809/809/809 776/776/776
f 776/776/776 809/809/809 810/810/810
f 776/776/776 810/810/810 777/777/777
f 777/777/777 810/810/810 811/811/811
f 777/777/777 811/811/811 778/778/778
f 778/778/778 811/811/811 812/812/812
f 778/778/778 812/812/812 779/779/779
f 779/779/779 812/812/812 813/813/813
f 779/779/779 813/813/813 780/780/780
f 780/780/780 813/813/813 814/814/814
f 780/780/780 814/814/814 781/781/781
f 781/781/781 814/814/814 815/815/815
f 781/781/781 815/815/815 782/782/782
f 782/782/782 815/815/815 816/816/816
f 782/782/782 816/816/816 783/783/783
f 783/783/783 816/816/816 817/817/817
f 783/783/783 817/817/817 784/784/784
f 784/784/784 817/817/817 818/818/818
f 784/784/784 818/818/818 785/785/785
f 785/785/785 818/818/818 819/819/819
f 785/785/785 819/819/819 786/786/786
f 786/786/786 819/819/819 820/820/820
f 786/786/786 820/820/820 787/787/787
f 787/787/787 820/820/820 821/821/821
f 787/787/787 821/821/821 788/788/788
f 788/788/788 821/821/821 822/822/822
f 788/788/788 822/822/822 789/789/789
f 789/789/789 822/822/822 823/823/823
f 789/789/789 823/823/823 790/790/790
f 790/790/790 823/823/823 824/824/824
f 790/790/790 824/824/824 791/791/791
f 791/791/791 824/824/824 825/825/825
f 791/791/791 825/825/825 792/792/792
f 793/793/793 826/826/826 827/827/827
f 793/793/793 827/827/827 794/794/794
f 794/794/794 827/827/827 828/828/828
f 794/794/794 828/828/828 795/795/795
f 795/795/795 828/828/828 829/829/829
f 795/795/795 829/829/829 796/796/796
f 796/796/796 829/829/829 830/830/830
f 796/796/796 830/830/830 797/797/797
f 797/797/797 830/830/830 831/831/831
f 797/797/797 831/831/831 798/798/798
f 798/798/798 831/831/831 832/832/832
f 798/798/798 832/832/832 799/799/799
f 799/799/799 832/832/832 833/833/833
f 799/799/799 833/833/833 800/800/800
f 800/800/800 833/833/833 834/834/834
f 800/800/800 834/834/834 801/801/801
f 801/801/801 834/834/834 835/835/835
f 801/801/801 835/835/835 802/802/802
f 802/802/802 835/835/835 836/836/836
f 802/802/802 836/836/836 803/803/803
f 803/803/803 836/836/836 837/837/837
f 803/803/803 837/837/837 804/804/804
f 804/804/804 837/837/837 838/838/838
f 804/804/804 838/838/838 805/805/805
f 805/805/805 838/838/838 839/839/839
f 805/805/805 839/839/839 806/806/806
f 806/806/806 839/839/839 840/840/840
f 806/806/806 840/840/840 807/807/807
f 807/807/807 840/840/840 841/841/841
f 807/807/807 841/841/841 808/808/808
f 808/808/808 841/841/841 842/842/842
f 808/808/808 842/842/842 809/809/809
f 809/809/809 842/842/842 843/843/843
f 809/809/809 843/843/843 810/810/810
f 810/810/810 843/843/843 844/844/844
f 810/810/810 844/844/844 811/811/811
f 811/811/811 844/844/844 845/845/845
f 811/811/811 845/845/845 812/812/812
f 812/812/812 845/845/845 846/846/846
f 812/812/812 846/846/846 813/813/813
f 813/813/813 846/846/846 847/847/847
f 813/813/813 847/847/847 814/814/814
f 814/814/814 847/847/847 848/848/848
f 814/814/814 848/848/848 815/815/815
f 815/815/815 848/848/848 849/849/849
f 815/815/815 849/849/849 816/816/816
f 816/816/816 849/849/849 850/850/850
f 816/816/816 850/850/850 817/817/817
f 817/817/817 850/850/850 851/851/851
f 817/817/817 851/851/851 818/818/818
f 818/818/818 851/851/851 852/852/852
f 818/818/818 852/852/852 819/819/819
f 819/819/819 852/852/852 853/853/853
f 819/819/819 853/853/853 820/820/820
f 820/820/820 853/853/853 854/854/854
f 820/820/820 854/854/854 821/821/821
f 821/821/821 854/854/854 855/855/855
f 821/821/821 855/855/855 822/822/822
f 822/822/822 855/855/855 856/856/856
f 822/822/822 856/856/856 823/823/823
f 823/823/823 856/856/856 857/857/857
f 823/823/823 857/857/857 824/824/824
f 824/824/824 857/857/857 858/858/858
f 824/824/824 858/858/858 825/825/825
f 826/826/826 859/859/859 860/860/860
f 826/826/826 860/860/860 827/827/827
f 827/827/827 860/860/860 861/861/861
f 827/827/827 861/861/861 828/828/828
f 828/828/828 861/861/861 862/862/862
f 828/828/828 862/862/862 829/829/829
f 829/829/829 862/862/862 863/863/863
f 829/829/829 863/863/863 830/830/830
f 830/830/830 863/863/863 864/864/864
f 830/830/830 864/864/864 831/831/831
f 831/831/831 864/864/864 865/865/865
f 831/831/831 865/865/865 832/832/832
f 832/832/832 865/865/865 866/866/866
f 832/832/832 866/866/866 833/833/833
f 833/833/833 866/866/866 867/867/867
f 833/833/833 867/867/867 834/834/834
f 834/834/834 867/867/867 868/868/868
f 834/834/834 868/868/868 835/835/835
f 835/835/835 868/868/868 869/869/869
f 835/835/835 869/869/869 836/836/836
f 836/836/836 869/869/869 870/870/870
f 836/836/836 870/870/870 837/837/837
f 837/837/837 870/870/870 871/871/871
f 837/837/837 871/871/871 838/838/838
f 838/838/838 871/871/871 872/872/872
f 838/838/838 872/872/872 839/839/839
f 839/839/839 872/872/872 873/873/873
f 839/839/839 873/873/873 840/840/840
f 840/840/840 873/873/873 874/874/874
f 840/840/840 874/874/874 841/841/841
f 841/841/841 874/874/874 875/875/875
f 841/841/841 875/875/875 842/842/842
f 842/842/842 875/875/875 876/876/876
f 842/842/842 876/876/876 843/843/843
f 843/843/843 876/876/876 877/877/877
f 843/843/843 877/877/877 844/844/844
f 844/844/844 877/877/877 878/878/878
f 844/844/844 878/878/878 845/845/845
f 845/845/845 878/878/878 879/879/879
f 845/845/845 879/879/879 846/846/846
f 846/846/846 879/879/879 880/880/880
f 846/846/846 880/880/880 847/847/847
f 847/847/847 880/880/880 881/881/881
f 847/847/847 881/881/881 848/848/848
f 848/848/848 881/881/881 882/882/882
f 848/848/848 882/882/882 849/849/849
f 849/849/849 882/882/882 883/883/883
f 849/849/849 883/883/883 850/850/850
f 850/850/850 883/883/883 884/884/884
f 850/850/850 884/884/884 851/851/851
f 851/851/851 884/884/884 885/885/885
f 851/851/851 885/885/885 852/852/852
f 852/852/852 885/885/885 886/886/886
f 852/852/852 886/886/886 853/853/853
f 853/853/853 886/886/886 887/887/887
f 853/853/853 887/887/887 854/854/854
f 854/854/854 887/887/887 888/888/888
f 854/854/854 888/888/888 855/855/855
f 855/855/855 888/888/888 889/889/889
f 855/855/855 889/889/889 856/856/856
f 856/856/856 889/889/889 890/890/890
f 856/856/856 890/890/890 857/857/857
f 857/857/857 890/890/890 891/891/891
f 857/857/857 891/891/891 858/858/858
f 859/859/859 892/892/892 893/893/893
f 859/859/859 893/893/893 860/860/860
f 860/860/860 893/893/893 894/894/894
f 860/860/860 894/894/894 861/861/861
f 861/861/861 894/894/894 895/895/895
f 861/861/861 895/895/895 862/862/862
f 862/862/862 895/895/895 896/896/896
f 862/862/862 896/896/896 863/863/863
f 863/863/863 896/896/896 897/897/897
f 863/863/863 897/897/897 864/864/864
f 864/864/864 897/897/897 898/898/898
f 864/864/864 898/898/898 865/865/865
f 865/865/865 898/898/898 899/899/899
f 865/865/865 899/899/899 866/866/866
f 866/866/866 899/899/899 900/900/900
f 866/866/866 900/900/900 867/867/867
f 867/867/867 900/900/900 901/901/901
f 867/867/867 901/901/901 868/868/868
f 868/868/868 901/901/901 902/902/902
f 868/868/868 902/902/902 869/869/869
f 869/869/869 902/902/902 903/903/903
f 869/869/869 903/903/903 870/870/870
f 870/870/870 903/903/903 904/904/904
f 870/870/870 904/904/904 871/871/871
f 871/871/871 904/904/904 905/905/905
f 871/871/871 905/905/905 872/872/872
f 872/872/872 905/905/905 906/906/906
f 872/872/872 906/906/906 873/873/873
f 873/873/873 906/906/906 907/907/907
f 873/873/873 907/907/907 874/874/874
f 874/874/874 907/907/907 908/908/908
f 874/874/874 908/908/908 875/875/875
f 875/875/875 908/908/908 909/909/909
f 875/875/875 909/909/909 876/876/876
f 876/876/876 909/909/909 910/910/910
f 876/876/876 910/910/910 877/877/877
f 877/877/877 910/910/910 911/911/911
f 877/877/877 911/911/911 878/878/878
f 878/878/878 911/911/911 912/912/912
f 878/878/878 912/912/912 879/879/879
f 879/879/879 912/912/912 913/913/913
f 879/879/879 913/913/913 880/880/880
f 880/880/880 913/913/913 914/914/914
f 880/880/880 914/914/914 881/881/881
f 881/881/881 914/914/914 915/915/915
f 881/881/881 915/915/915 882/882/882
f 882/882/882 915/915/915 916/916/916
f 882/882/882 916/916/916 883/883/883
f 883/883/883 916/916/916 917/917/917
f 883/883/883 917/917/917 884/884/884
f 884/884/884 917/917/917 918/918/918
f 884/884/884 918/918/918 885/885/885
f 885/885/885 918/918/918 919/919/919
f 885/885/885 919/919/919 886/886/886
f 886/886/886 919/919/919 920/920/920
f 886/886/886 920/920/920 887/887/887
f 887/887/887 920/920/920 921/921/921
f 887/887/887 921/921/921 888/888/888
f 888/888/888 921/921/921 922/922/922
f 888/888/888 922/922/922 889/889/889
f 889/889/889 922/922/922 923/923/923
f 889/889/889 923/923/923 890/890/890
f 890/890/890 923/923/923 924/924/924
f 890/890/890 924/924/924 891/891/891
f 892/892/892 925/925/925 926/926/926
f 892/892/892 926/926/926 893/893/893
f 893/893/893 926/926/926 927/927/927
f 893/893/893 927/927/927 894/894/894
f 894/894/894 927/927/927 928/928/928
f 894/894/894 928/928/928 895/895/895
f 895/895/895 928/928/928 929/929/929
f 895/895/895 929/929/929 896/896/896
f 896/896/896 929/929/929 930/930/930
f 896/896/896 930/930/930 897/897/897
f 897/897/897 930/930/930 931/931/931
f 897/897/897 931/931/931 898/898/898
f 898/898/898 931/931/931 932/932/932
f 898/898/898 932/932/932 899/899/899
f 899/899/899 932/932/932 933/933/933
f 899/899/899 933/933/933 900/900/900
f 900/900/900 933/933/933 934/934/934
f 900/900/900 934/934/934 901/901/901
f 901/901/901 934/934/934 935/935/935
f 901/901/901 935/935/935 902/902/902
f 902/902/902 935/935/935 936/936/936
f 902/902/902 936/936/936 903/903/903
f 903/903/903 936/936/936 937/937/937
f 903/903/903 937/937/937 904/904/904
f 904/904/904 937/937/937 938/938/938
f 904/904/904 938/938/938 905/905/905
f 905/905/905 938/938/938 939/939/939
f 905/905/905 939/939/939 906/906/906
f 906/906/906 939/939/939 940/940/940
f 906/906/906 940/940/940 907/907/907
f 907/907/907 940/940/940 941/941/941
f 907/907/907 941/941/941 908/908/908
f 908/908/908 941/941/941 942/942/942
f 908/908/908 942/942/942 909/909/909
f 909/909/909 942/942/942 943/943/943
f 909/909/909 943/943/943 910/910/910
f 910/910/910 943/943/943 944/944/944
f 910/910/910 944/944/944 911/911/911
f 911/911/911 944/944/944 945/945/945
f 911/911/911 945/945/945 912/912/912
f 912/912/912 945/945/945 946/946/946
f 912/912/912 946/946/946 913/913/913
f 913/913/913 946/946/946 947/947/947
f 913/913/913 947/947/947 914/914/914
f 914/914/914 947/947/947 948/948/948
f 914/914/914 948/948/948 915/915/915
f 915/915/915 948/948/948 949/949/949
f 915/915/915 949/949/949 916/916/916
f 916/916/916 949/949/949 950/950/950
f 916/916/916 950/950/950 917/917/917
f 917/917/917 950/950/950 951/951/951
f 917/917/917 951/951/951 918/918/918
f 918/918/918 951/951/951 952/952/952
f 918/918/918 952/952/952 919/919/919
f 919/919/919 952/952/952 953/953/953
f 919/919/919 953/953/953 920/920/920
f 920/920/920 953/953/953 954/954/954
f 920/920/920 954/954/954 921/921/921
f 921/921/921 954/954/954 955/955/955
f 921/921/921 955/955/955 922/922/922
f 922/922/922 955/955/955 956/956/956
f 922/922/922 956/956/956 923/923/923
f 923/923/923 956/956/956 957/957/957
f 923/923/923 957/957/957 924/924/924
f 925/925/925 958/958/958 959/959/959
f 925/925/925 959/959/959 926/926/926
f 926/926/926 959/959/959 960/960/960
f 926/926/926 960/960/960 927/927/927
f 927/927/927 960/960/960 961/961/961
f 927/927/927 961/961/961 928/928/928
f 928/928/928 961/961/961 962/962/962
f 928/928/928 962/962/962 929/929/929
f 929/929/929 962/962/962 963/963/963
f 929/929/929 963/963/963 930/930/930
f 930/930/930 963/963/963 964/964/964
f 930/930/930 964/964/964 931/931/931
f 931/931/931 964/964/964 965/965/965
f 931/931/931 965/965/965 932/932/932
f 932/932/932 965/965/965 966/966/966
f 932/932/932 966/966/966 933/933/933
f 933/933/933 966/966/966 967/967/967
f 933/933/933 967/967/967 934/934/934
f 934/934/934 967/967/967 968/968/968
f 934/934/934 968/968/968 935/935/935
f 935/935/935 968/968/968 969/969/969
f 935/935/935 969/969/969 936/936/936
f 936/936/936 969/969/969 970/970/970
f 936/936/936 970/970/970 937/937/937
f 937/937/937 970/970/970 971/971/971
f 937/937/937 971/971/971 938/938/938
f 938/938/938 971/971/971 972/972/972
f 938/938/938 972/972/972 939/939/939
f 939/939/939 972/972/972 973/973/973
f 939/939/939 973/973/973 940/940/940
f 940/940/940 973/973/973 974/974/974
f 940/940/940 974/974/974 941/941/941
f 941/941/941 974/974/974 975/975/975
f 941/941/941 975/975/975 942/942/942
f 942/942/942 975/975/975 976/976/976
f 942/942/942 976/976/976 943/943/943
f 943/943/943 976/976/976 977/977/977
f 943/943/943 977/977/977 944/944/944
f 944/944/944 977/977/977 978/978/978
f 944/944/944 978/978/978 945/945/945
f 945/945/945 978/978/978 979/979/979
f 945/945/945 979/979/979 946/946/946
f 946/946/946 979/979/979 980/980/980
f 946/946/946 980/980/980 947/947/947
f 947/947/947 980/980/980 981/981/981
f 947/947/947 981/981/981 948/948/948
f 948/948/948 981/981/981 982/982/982
f 948/948/948 982/982/982 949/949/949
f 949/949/949 982/982/982 983/983/983
f 949/949/949 983/983/983 950/950/950
f 950/950/950 983/983/983 984/984/984
f 950/950/950 984/984/984 951/951/951
f 951/951/951 984/984/984 985/985/985
f 951/951/951 985/985/985 952/952/952
f 952/952/952 985/985/985 986/986/986
f 952/952/952 986/986/986 953/953/953
f 953/953/953 986/986/986 987/987/987
f 953/953/953 987/987/987 954/954/954
f 954/954/954 987/987/987 988/988/988
f 954/954/954 988/988/988 955/955/955
f 955/955/955 988/988/988 989/989/989
f 955/955/955 989/989/989 956/956/956
f 956/956/956 989/989/989 990/990/990
f 956/956/956 990/990/990 957/957/957
f 958/958/958 991/991/991 992/992/992
f 958/958/958 992/992/992 959/959/959
f 959/959/959 992/992/992 993/993/993
f 959/959/959 993/993/993 960/960/960
f 960/960/960 993/993/993 994/994/994
f 960/960/960 994/994/994 961/961/961
f 961/961/961 994/994/994 995/995/995
f 961/961/961 995/995/995 962/962/962
f 962/962/962 995/995/995 996/996/996
f 962/962/962 996/996/996 963/963/963
f 963/963/963 996/996/996 997/997/997
f 963/963/963 997/997/997 964/964/964
f 964/964/964 997/997/997 998/998/998
f 964/964/964 998/998/998 965/965/965
f 965/965/965 998/998/998 999/999/999
f 965/965/965 999/999/999 966/966/966
f 966/966/966 999/999/999 1000/1000/1000
f 966/966/966 1000/1000/1000 967/967/967
f 967/967/967 1000/1000/1000 1001/1001/1001
f 967/967/967 1001/1001/1001 968/968/968
f 968/968/968 1001/1001/1001 1002/1002/1002
f 968/968/968 1002/1002/1002 969/969/969
f 969/969/969 1002/1002/1002 1003/1003/1003
f 969/969/969 1003/1003/1003 970/970/970
f 970/970/970 1003/1003/1003 1004/1004/1004
f 970/970/970 1004/1004/1004 971/971/971
f 971/971/971 1004/1004/1004 1005/1005/1005
f 971/971/971 1005/1005/1005 972/972/972
f 972/972/972 1005/1005/1005 1006/1006/1006
f 972/972/972 1006/1006/1006 973/973/973
f 973/973/973 1006/1006/1006 1007/1007/1007
f 973/973/973 1007/1007/1007 974/974/974
f 974/974/974 1007/1007/1007 1008/1008/1008
f 974/974/974 1008/1008/1008 975/975/975
f 975/975/975 1008/1008/1008 1009/1009/1009
f 975/975/975 1009/1009/1009 976/976/976
f 976/976/976 1009/1009/1009 1010/1010/1010
f 976/976/976 1010/1010/1010 977/977/977
f 977/977/977 1010/1010/1010 1011/1011/1011
f 977/977/977 1011/1011/1011 978/978/978
f 978/978/978 1011/1011/1011 1012/1012/1012
f 978/978/978 1012/1012/1012 979/979/979
f 979/979/979 1012/1012/1012 1013/1013/1013
f 979/979/979 1013/1013/1013 980/980/980
f 980/980/980 1013/1013/1013 1014/1014/1014
f 980/980/980 1014/1014/1014 981/981/981
f 981/981/981 1014/1014/1014 1015/1015/1015
f 981/981/981 1015/1015/1015 982/982/982
f 982/982/982 1015/1015/1015 1016/1016/1016
f 982/982/982 1016/1016/1016 983/983/983
f 983/983/983 1016/1016/1016 1017/1017/1017
f 983/983/983 1017/1017/1017 984/984/984
f 984/984/984 1017/1017/1017 1018/1018/1018
f 984/984/984 1018/1018/1018 985/985/985
f 985/985/985 1018/1018/1018 1019/1019/1019
f 985/985/985 1019/1019/1019 986/986/986
f 986/986/986 1019/1019/1019 1020/1020/1020
f 986/986/986 1020/1020/1020 987/987/987
f 987/987/987 1020/1020/1020 1021/1021/1021
f 987/987/987 1021/1021/1021 988/988/988
f 988/988/988 1021/1021/1021 1022/1022/1022
f 988/988/988 1022/1022/1022 989/989/989
f 989/989/989 1022/1022/1022 1023/1023/1023
f 989/989/989 1023/1023/1023 990/990/990
f 991/991/991 1024/1024/1024 1025/1025/1025
f 991/991/991 1025/1025/1025 992/992/992
f 992/992/992 1025/1025/1025 1026/1026/1026
f 992/992/992 1026/1026/1026 993/993/993
f 993/993/993 1026/1026/1026 1027/1027/1027
f 993/993/993 1027/1027/1027 994/994/994
f 994/994/994 1027/1027/1027 1028/1028/1028
f 994/994/994 1028/1028/1028 995/995/995
f 995/995/995 1028/1028/1028 1029/1029/1029
f 995/995/995 1029/1029/1029 996/996/996
f 996/996/996 1029/1029/1029 1030/1030/1030
f 996/996/996 1030/1030/1030 997/997/997
f 997/997/997 1030/1030/1030 1031/1031/1031
f 997/997/997 1031/1031/1031 998/998/998
f 998/998/998 1031/1031/1031 1032/1032/1032
f 998/998/998 1032/1032/1032 999/999/999
f 999/999/999 1032/1032/1032 1033/1033/1033
f 999/999/999 1033/1033/1033 1000/1000/1000
f 1000/1000/1000 1033/1033/1033 1034/1034/1034
f 1000/1000/1000 1034/1034/1034 1001/1001/1001
f 1001/1001/1001 1034/1034/1034 1035/1035/1035
f 1001/1001/1001 1035/1035/1035 1002/1002/1002
f 1002/1002/1002 1035/1035/1035 1036/1036/1036
f 1002/1002/1002 1036/1036/1036 1003/1003/1003
f 1003/1003/1003 1036/1036/1036 1037/1037/1037
f 1003/1003/1003 1037/1037/1037 1004/1004/1004
f 1004/1004/1004 1037/1037/1037 1038/1038/1038
f 1004/1004/1004 1038/1038/1038 1005/1005/1005
f 1005/1005/1005 1038/1038/1038 1039/1039/1039
f 1005/1005/1005 1039/1039/1039 1006/1006/1006
f 1006/1006/1006 1039/1039/1039 1040/1040/1040
f 1006/1006/1006 1040/1040/1040 1007/1007/1007
f 1007/1007/1007 1040/1040/1040 1041/1041/1041
f 1007/1007/1007 1041/1041/1041 1008/1008/1008
f 1008/1008/1008 1041/1041/1041 1042/1042/1042
f 1008/1008/1008 1042/1042/1042 1009/1009/1009
f 1009/1009/1009 1042/1042/1042 1043/1043/1043
f 1009/1009/1009 1043/1043/1043 1010/1010/1010
f 1010/1010/1010 1043/1043/1043 1044/1044/1044
f 1010/1010/1010 1044/1044/1044 1011/1011/1011
f 1011/1011/1011 1044/1044/1044 1045/1045/1045
f 1011/1011/1011 1045/1045/1045 1012/1012/1012
f 1012/1012/1012 1045/1045/1045 1046/1046/1046
f 1012/1012/1012 1046/1046/1046 1013/1013/1013
f 1013/1013/1013 1046/1046/1046 1047/1047/1047
f 1013/1013/1013 1047/1047/1047 1014/1014/1014
f 1014/1014/1014 1047/1047/1047 1048/1048/1048
f 1014/1014/1014 1048/1048/1048 1015/1015/1015
f 1015/1015/1015 1048/1048/1048 1049/1049/1049
f 1015/1015/1015 1049/1049/1049 1016/1016/1016
f 1016/1016/1016 1049/1049/1049 1050/1050/1050
f 1016/1016/1016 1050/1050/1050 1017/1017/1017
f 1017/1017/1017 1050/1050/1050 1051/1051/1051
f 1017/1017/1017 1051/1051/1051 1018/1018/1018
f 1018/1018/1018 1051/1051/1051 1052/1052/1052
f 1018/1018/1018 1052/1052/1052 1019/1019/1019
f 1019/1019/1019 1052/1052/1052 1053/1053/1053
f 1019/1019/1019 1053/1053/1053 1020/1020/1020
f 1020/1020/1020 1053/1053/1053 1054/1054/1054
f 1020/1020/1020 1054/1054/1054 1021/1021/1021
f 1021/1021/1021 1054/1054/1054 1055/1055/1055
f 1021/1021/1021 1055/1055/1055 1022/1022/1022
f 1022/1022/1022 1055/1055/1055 1056/1056/1056
f 1022/1022/1022 1056/1056/1056 1023/1023/1023
f 1024/1024/1024 1057/1057/1057 1058/1058/1058
f 1024/1024/1024 1058/1058/1058 1025/1025/1025
f 1025/1025/1025 1058/1058/1058 1059/1059/1059
f 1025/1025/1025 1059/1059/1059 1026/1026/1026
f 1026/1026/1026 1059/1059/1059 1060/1060/1060
f 1026/1026/1026 1060/1060/1060 1027/1027/1027
f 1027/1027/1027 1060/1060/1060 1061/1061/1061
f 1027/1027/1027 1061/1061/1061 1028/1028/1028
f 1028/1028/1028 1061/1061/1061 1062/1062/1062
f 1028/1028/1028 1062/1062/1062 1029/1029/1029
f 1029/1029/1029 1062/1062/1062 1063/1063/1063
f 1029/1029/1029 1063/1063/1063 1030/1030/1030
f 1030/1030/1030 1063/1063/1063 1064/1064/1064
f 1030/1030/1030 1064/1064/1064 1031/1031/1031
f 1031/1031/1031 1064/1064/1064 1065/1065/1065
f 1031/1031/1031 1065/1065/1065 1032/1032/1032
f 1032/1032/1032 1065/1065/1065 1066/1066/1066
f 1032/1032/1032 1066/1066/1066 1033/1033/1033
f 1033/1033/1033 1066/1066/1066 1067/1067/1067
f 1033/1033/1033 1067/1067/1067 1034/1034/1034
f 1034/1034/1034 1067/1067/1067 1068/1068/1068
f 1034/1034/1034 1068/1068/1068 1035/1035/1035
f 1035/1035/1035 1068/1068/1068 1069/1069/1069
f 1035/1035/1035 1069/1069/1069 1036/1036/1036
f 1036/1036/1036 1069/1069/1069 1070/1070/1070
f 1036/1036/1036 1070/1070/1070 1037/1037/1037
f 1037/1037/1037 1070/1070/1070 1071/1071/1071
f 1037/1037/1037 1071/1071/1071 1038/1038/1038
f 1038/1038/1038 1071/1071/1071 1072/1072/1072
f 1038/1038/1038 1072/1072/1072 1039/1039/1039
f 1039/1039/1039 1072/1072/1072 1073/1073/1073
f 1039/1039/1039 1073/1073/1073 1040/1040/1040
f 1040/1040/1040 1073/1073/1073 1074/1074/1074
f 1040/1040/1040 1074/1074/1074 1041/1041/1041
f 1041/1041/1041 1074/1074/1074 1075/1075/1075
f 1041/1041/1041 1075/1075/1075 1042/1042/1042
f 1042/1042/1042 1075/1075/1075 1076/1076/1076
f 1042/1042/1042 1076/1076/1076 1043/1043/1043
f 1043/1043/1043 1076/1076/1076 1077/1077/1077
f 1043/1043/1043 1077/1077/1077 1044/1044/1044
f 1044/1044/1044 1077/1077/1077 1078/1078/1078
f 1044/1044/1044 1078/1078/1078 1045/1045/1045
f 1045/1045/1045 1078/1078/1078 1079/1079/1079
f 1045/1045/1045 1079/1079/1079 1046/1046/1046
f 1046/1046/1046 1079/1079/1079 1080/1080/1080
f 1046/1046/1046 1080/1080/1080 1047/1047/1047
f 1047/1047/1047 1080/1080/1080 1081/1081/1081
f 1047/1047/1047 1081/1081/1081 1048/1048/1048
f 1048/1048/1048 1081/1081/1081 1082/1082/1082
f 1048/1048/1048 1082/1082/1082 1049/1049/1049
f 1049/1049/1049 1082/1082/1082 1083/1083/1083
f 1049/1049/1049 1083/1083/1083 1050/1050/1050
f 1050/1050/1050 1083/1083/1083 1084/1084/1084
f 1050/1050/1050 1084/1084/1084 1051/1051/1051
f 1051/1051/1051 1084/1084/1084 1085/1085/1085
f 1051/1051/1051 1085/1085/1085 1052/1052/1052
f 1052/1052/1052 1085/1085/1085 1086/1086/1086
f 1052/1052/1052 1086/1086/1086 1053/1053/1053
f 1053/1053/1053 1086/1086/1086 1087/1087/1087
f 1053/1053/1053 1087/1087/1087 1054/1054/1054
f 1054/1054/1054 1087/1087/1087 1088/1088/1088
f 1054/1054/1054 1088/1088/1088 1055/1055/1055
f 1055/1055/1055 1088/1088/1088 1089/1089/1089
f 1055/1055/1055 1089/1089/1089 1056/1056/1056
f 1090/1090/1090 1091/1091/1091 1092/1092/1092
f 1090/1090/1090 1092/1092/1092 1093/1093/1093
f 1090/1090/1090 1093/1093/1093 1094/1094/1094
f 1090/1090/1090 1094/1094/1094 1095/1095/1095
f 1090/1090/1090 1095/1095/1095 1096/1096/1096
f 1090/1090/1090 1096/1096/1096 1097/1097/1097
f 1090/1090/1090 1097/1097/1097 1098/1098/1098
f 1090/1090/1090 1098/1098/1098 1099/1099/1099
f 1090/1090/1090 1099/1099/1099 1100/1100/1100
f 1090/1090/1090 1100/1100/1100 1101/1101/1101
f 1090/1090/1090 1101/1101/1101 1102/1102/1102
f 1090/1090/1090 1102/1102/1102 1103/1103/1103
f 1090/1090/1090 1103/1103/1103 1104/1104/1104
f 1090/1090/1090 1104/1104/1104 1105/1105/1105
f 1090/1090/1090 1105/1105/1105 1106/1106/1106
f 1090/1090/1090 1106/1106/1106 1107/1107/1107
f 1090/1090/1090 1107/1107/1107 1108/1108/1108
f 1090/1090/1090 1108/1108/1108 1109/1109/1109
f 1090/1090/1090 1109/1109/1109 1110/1110/1110
f 1090/1090/1090 1110/1110/1110 1111/1111/1111
f 1090/1090/1090 1111/1111/1111 1112/1112/1112
f 1090/1090/1090 1112/1112/1112 1113/1113/1113
f 1090/1090/1090 1113/1113/1113 1114/1114/1114
f 1090/1090/1090 1114/1114/1114 1115/1115/1115
f 1090/1090/1090 1115/1115/1115 1116/1116/1116
f 1090/1090/1090 1116/1116/1116 1117/1117/1117
f 1090/1090/1090 1117/1117/1117 1118/1118/1118
f 1090/1090/1090 1118/1118/1118 1119/1119/1119
f 1090/1090/1090 1119/1119/1119 1120/1120/1120
f 1090/1090/1090 1120/1120/1120 1121/1121/1121
f 1090/1090/1090 1121/1121/1121 1122/1122/1122
f 1090/1090/1090 1122/1122/1122 1123/1123/1123
f 1124/1124/1124 1157/1157/1157 1158/1158/1158
f 1124/1124/1124 1158/1158/1158 1125/1125/1125
f 1125/1125/1125 1158/1158/1158 1159/1159/1159
f 1125/1125/1125 1159/1159/1159 1126/1126/1126
f 1126/1126/1126 1159/1159/1159 1160/1160/1160
f 1126/1126/1126 1160/1160/1160 1127/1127/1127
f 1127/1127/1127 1160/1160/1160 1161/1161/1161
f 1127/1127/1127 1161/1161/1161 1128/1128/1128
f 1128/1128/1128 1161/1161/1161 1162/1162/1162
f 1128/1128/1128 1162/1162/1162 1129/1129/1129
f 1129/1129/1129 1162/1162/1162 1163/1163/1163
f 1129/1129/1129 1163/1163/1163 1130/1130/1130
f 1130/1130/1130 1163/1163/1163 1164/1164/1164
f 1130/1130/1130 1164/1164/1164 1131/1131/1131
f 1131/1131/1131 1164/1164/1164 1165/1165/1165
f 1131/1131/1131 1165/1165/1165 1132/1132/1132
f 1132/1132/1132 1165/1165/1165 1166/1166/1166
f 1132/1132/1132 1166/1166/1166 1133/1133/1133
f 1133/1133/1133 1166/1166/1166 1167/1167/1167
f 1133/1133/1133 1167/1167/1167 1134/1134/1134
f 1134/1134/1134 1167/1167/1167 1168/1168/1168
f 1134/1134/1134 1168/1168/1168 1135/1135/1135
f 1135/1135/1135 1168/1168/1168 1169/1169/1169
f 1135/1135/1135 1169/1169/1169 1136/1136/1136
f 1136/1136/1136 1169/1169/1169 1170/1170/1170
f 1136/1136/1136 1170/1170/1170 1137/1137/1137
f 1137/1137/1137 1170/1170/1170 1171/1171/1171
f 1137/1137/1137 1171/1171/1171 1138/1138/1138
f 1138/1138/1138 1171/1171/1171 1172/1172/1172
f 1138/1138/1138 1172/1172/1172 1139/1139/1139
f 1139/1139/1139 1172/1172/1172 1173/1173/1173
f 1139/1139/1139 1173/1173/1173 1140/1140/1140
f 1140/1140/1140 1173/1173/1173 1174/1174/1174
f 1140/1140/1140 1174/1174/1174 1141/1141/1141
f 1141/1141/1141 1174/1174/1174 1175/1175/1175
f 1141/1141/1141 1175/1175/1175 1142/1142/1142
f 1142/1142/1142 1175/1175/1175 1176/1176/1176
f 1142/1142/1142 1176/1176/1176 1143/1143/1143
f 1143/1143/1143 1176/1176/1176 1177/1177/1177
f 1143/1143/1143 1177/1177/1177 1144/1144/1144
f 1144/1144/1144 1177/1177/1177 1178/1178/1178
f 1144/1144/1144 1178/1178/1178 1145/1145/1145
f 1145/1145/1145 1178/1178/1178 1179/1179/1179
f 1145/1145/1145 1179/1179/1179 1146/1146/1146
f 1146/1146/1146 1179/1179/1179 1180/1180/1180
f 1146/1146/1146 1180/1180/1180 1147/1147/1147
f 1147/1147/1147 1180/1180/1180 1181/1181/1181
f 1147/1147/1147 1181/1181/1181 1148/1148/1148
f 1148/1148/1148 1181/1181/1181 1182/1182/1182
f 1148/1148/1148 1182/1182/1182 1149/1149/1149
f 1149/1149/1149 1182/1182/1182 1183/1183/1183
f 1149/1149/1149 1183/1183/1183 1150/1150/1150
f 1150/1150/1150 1183/1183/1183 1184/1184/1184
f 1150/1150/1150 1184/1184/1184 1151/1151/1151
f 1151/1151/1151 1184/1184/1184 1185/1185/1185
f 1151/1151/1151 1185/1185/1185 1152/1152/1152
f 1152/1152/1152 1185/1185/1185 1186/1186/1186
f 1152/1152/1152 1186/1186/1186 1153/1153/1153
f 1153/1153/1153 1186/1186/1186 1187/1187/1187
f 1153/1153/1153 1187/1187/1187 1154/1154/1154
f 1154/1154/1154 1187/1187/1187 1188/1188/1188
f 1154/1154/1154 1188/1188/1188 1155/1155/1155
f 1155/1155/1155 1188/1188/1188 1189/1189/1189
f 1155/1155/1155 1189/1189/1189 1156/1156/1156
